process_id,machine,qty_order,total_output,customer,formula_id,product_code,order_id,total_time,time_start,time_end,output_percent,loss,loss_percent,purging,resin,remarks,screw_config,feed_rate,rpm,screen_size,operator,supervisor,materials,temperature,purge_duration,outputs,output_per_hour,production_id,total_input,lot_number,createdBy,updatedBy,resin_quantity,encoded_on,machine_start,machine_off
296,8,50,58.6200,GILVAN PACKAGING CORPORATION,15187,OA7922E,39204,0.75,"{'"2024-07-08 15:25:00'"}","{'"2024-07-08 16:10:00'"}",97.8304,1.3,2.1696,OA8984E,LDPE(HMI),"",STD,10,300,40/40,Aldrin Villacrusis,Julius Fundano,"{'"L14'": 1.925, '"L38'": 2.75, '"O55'": 3.96, '"W33'": 1.1219999999999999, '"Y98'": 2.75, '"K910'": 23.243000000000002, '"6626AK'": 4.28, '"QCEXCESS'": 0.64, '"LL53 POWDER'": 19.25}","{180,180,180,180,180,170,170,170,170,170,180,180}",90,{58.62},78.16,91545,59.92,"{7628AK,7629AK}",,,8,2024-11-05,2024-07-08 15:25:00,2024-07-08 16:10:00
297,8,50,59.2100,GILVAN PACKAGING CORPORATION,14808,RA15449E,37305,0.92,"{'"2024-07-08 12:45:00'",'"2024-07-08 13:00:00'"}","{'"2024-07-08 13:00:00'",'"2024-07-08 13:40:00'"}",99.5963,0.24,0.4037,OA7922E,LDPE(HMI),"",STD,10,300,40/40,Edsel Mangarin,Julius Fundano,"{'"L14'": 3.85, '"L38'": 1.65, '"LL31'": 45.507, '"R115'": 1.1, '"R117'": 2.893, '"6629AK'": 4.45}","{170,170,170,170,160,160,160,160,160,150,150,150}",105,"{12,47.21}",64.3587,91547,59.45,"{7630AK,7631AK}",,,9,2024-11-05,2024-07-08 12:45:00,2024-07-08 13:40:00
298,8,50,55.7000,"ZELLER PLASTIK PHILIPPINES, INC.",12114,RA9068E,39337,1.0,"{'"2024-07-08 10:15:00'"}","{'"2024-07-08 11:15:00'"}",98.1152,1.07,1.8848,RA15449E,LDPE(HMI),"",STD,8,280,40/40,Edsel Mangarin,Julius Fundano,"{'"C19'": 0.00165, '"L28'": 2.75, '"L37'": 2.75, '"K907'": 5.5, '"R115'": 0.32999999999999996, '"R119'": 0.1375, '"39-2909AI'": 1.77, '"PP6 POWDER'": 43.53085}","{200,200,180,180,180,180,180,180,180,200,200,0}",90,{55.7},55.7,91569,56.77,"{7634AK,7635AK}",,,10,2024-11-05,2024-07-08 10:15:00,2024-07-08 11:15:00
441,9,5000,5000.0000,"PACKAGEWORLD, INC.",15433,WA12282E,39460,70.42,"{'"2024-07-31 18:00:00'",'"2024-08-01 07:35:00'",'"2024-08-01 18:00:00'",'"2024-08-02 07:30:00'",'"2024-08-05 12:30:00'",'"2024-08-05 13:00:00'",'"2024-08-05 19:30:00'",'"2024-08-05 22:00:00'",'"2024-08-06 06:00:00'",'"2024-08-06 18:00:00'",'"2024-08-07 06:00:00'"}","{'"2024-07-31 22:00:00'",'"2024-08-01 18:00:00'",'"2024-08-01 20:00:00'",'"2024-08-02 18:00:00'",'"2024-08-05 13:00:00'",'"2024-08-05 16:00:00'",'"2024-08-05 22:00:00'",'"2024-08-06 06:00:00'",'"2024-08-06 18:00:00'",'"2024-08-07 06:00:00'",'"2024-08-07 11:30:00'"}",100.0,0.0,0.0,WA12282E,RUBBER,"1. CONTAMINATED NG BLACK ANG PELLETS KAYA BINAGSAK  24 NG LDPE 3kgs.
2. 8/5/2024 STAND BY EXT. 9 Z9, OVER HIGH TEMP. - SET 150 REACH 160 602; Z5 SET 160 REACH 185
3. 8/6/2024 14:00 PROD. STOP, @15:30 RESUME; 16:00 PROD. STOP, @16:30 RESUME
4. 16:00-18:20 UNDER MAINTENANCE @19:30 PROD. RESUME",STANDARD,20,380,60/60,Arnel Rosario,Julius Fundano,"{'"AO8'": 5.0, '"AO9'": 5.0, '"LL36'": 1250.0, '"LL38'": 2390.0, '"LL66'": 1200.0, '"WA15071E(5085AK)'": 150.0}","{160,160,160,160,150,150,150,150,150,160,160}",0,"{260,700,136,675,25,180,170,545,700,1104,505}",71.0026,92001,5000.0,{8796AK-8815AK},,,0,2024-11-09,2024-07-31 18:00:00,2024-08-07 11:30:00
548,8,1000,500.0000,"EVEREST PLASTIC CONTAINERS IND., INC.",13078,MA4737E,39542,16.75,"{'"2024-08-14 11:15:00'",'"2024-08-14 18:00:00'"}","{'"2024-08-14 18:00:00'",'"2024-08-15 04:00:00'"}",49.2126,516.0,50.7874,DA15377E,LDPE(HMI),"1. OVER FLOW ON FEEDER PORT; RPM - 400-350, FEED RATE - 7-5.8
2. PRODUCTION CUT 500
3. 02:00-03:00 STANDBY FOR BREAKTIME",STANDARD,5.8,350,40/40,Aldrin Villacrusis,Julius Fundano,"{'"C12'": 0.406, '"L28'": 30.45, '"L37'": 30.45, '"O55'": 0.609, '"P26'": 65.975, '"P27'": 81.2, '"P28'": 136.01, '"Y98'": 35.525, '"K907'": 101.5, '"LL31'": 532.875, '"9500AI'": 0.81, '"QCEXCESS'": 0.19}","{160,160,160,160,160,160,160,160,150,150,150,150}",90,"{215,285}",29.8507,92213,1016.0,"{9445AK-9484AK,9485AK}",,,7,2024-11-14,2024-08-14 11:15:00,2024-08-15 04:00:00
549,8,150,148.4600,CDC MANUFACTURING CORP.,0,DA15377E,39547,1.75,"{'"2024-08-15 05:30:00'",'"2024-08-15 06:00:00'"}","{'"2024-08-15 06:00:00'",'"2024-08-15 07:15:00'"}",98.9074,1.64,1.0926,YA5993E,LDPE(HMI),"",STANDARD,10,280,40/40,Arjie Galgo,Julius Fundano,"{'"C19'": 0.02, '"L28'": 2.5, '"L37'": 2.62675, '"L38'": 1.2525, '"V50'": 0.012525, '"W33'": 13.509, '"Y98'": 0.18262499999999998, '"K907'": 24.5631, '"LL12'": 27.377499999999998, '"5824AI'": 7.7, '"5825AI'": 42.3, '"9517AJ-9518AJ'": 28.06}","{170,170,170,170,160,160,160,160,160,160,150,150}",105,"{40,108.46}",84.8343,92270,150.1,"{9543AK,9573AK-9574AK}",,,10,2024-11-14,2024-08-15 05:30:00,2024-08-15 07:15:00
550,8,750,750.6200,EVERGOOD PLASTIC INDUSTRY INC.,15480,YA5993E,39540,10.5,"{'"2024-08-15 09:00:00'",'"2024-08-15 18:00:00'"}","{'"2024-08-15 18:00:00'",'"2024-08-15 19:30:00'"}",98.7658,9.38,1.2342,BA17051E,LDPE(HMI),"OVERFLOW ON FEEDER PORT; RPM - 400-430, FEEDRATE - 15-12",STANDARD,12,430,40/40,Aldrin Villacrusis,Julius Fundano,"{'"L28'": 38.0, '"L37'": 26.6, '"O56'": 11.78, '"W33'": 95.76, '"K907'": 219.26, '"LL31'": 266.0, '"Y120'": 102.6}","{170,170,170,170,160,160,160,160,160,160,170,170}",120,"{645,105.62}",71.4876,92229,760.0,"{9489AK-9502AK,9503AK,9504AK}",,,12,2024-11-14,2024-08-15 09:00:00,2024-08-15 19:30:00
551,8,10,9.3600,"PHIL-TOP INDUSTRIES, INC.",15491,BA17051E,39558,0.33,"{'"2024-08-15 21:30:00'"}","{'"2024-08-15 21:50:00'"}",93.6,0.64,6.4,GA16968E,LDPE(HMI),"",STANDARD,5,200,40/40,Arjie Galgo,Julius Fundano,"{'"B78'": 0.006, '"B81'": 0.1, '"C19'": 0.0025, '"L28'": 0.5, '"L37'": 0.5, '"W35'": 2.0, '"K907'": 3.3915, '"LL12'": 3.5}","{170,170,170,170,170,170,160,160,160,160,150,150}",105,{9.36},28.3636,92275,10.0,{9584AK},,,8,2024-11-14,2024-08-15 21:30:00,2024-08-15 21:50:00
552,8,50,47.8000,"PHIL-TOP INDUSTRIES, INC.",0,GA16968E,39455,0.97,"{'"2024-08-15 23:52:00'"}","{'"2024-08-16 00:50:00'"}",99.7496,0.12,0.2504,GA17168E,LDPE(HMI),"",STANDARD,10,300,40/40,Arjie Galgo,Julius Fundano,"{'"G39'": 0.005664, '"L37'": 0.21785, '"L38'": 0.21785, '"W35'": 0.8714, '"B108'": 0.052284, '"K907'": 1.459595, '"LL12'": 1.52495, '"9107AK'": 43.57}","{170,170,170,170,170,170,160,160,160,160,150,150}",10,{47.8},49.2784,92263,47.92,{9569AK},,,7,2024-11-14,2024-08-15 23:52:00,2024-08-16 00:50:00
553,8,10,8.6200,"PHIL-TOP INDUSTRIES, INC.",15490,GA16968E,39557,0.28,"{'"2024-08-15 23:35:00'"}","{'"2024-08-15 23:52:00'"}",86.2,1.38,13.8,NO PURGING,LDPE(HMI),"",STANDARD,5,200,40/40,Arjie Galgo,Julius Fundano,"{'"G39'": 0.013, '"L28'": 0.5, '"L37'": 0.5, '"W35'": 2.0, '"Y98'": 0.02, '"B108'": 0.12, '"K907'": 3.347, '"LL12'": 3.5}","{170,170,170,170,170,170,160,160,160,160,150,150}",0,{8.62},30.7857,92276,10.0,{9585AK},,,0,2024-11-14,2024-08-15 23:35:00,2024-08-15 23:52:00
554,8,125,130.8100,CDC MANUFACTURING CORP.,0,GA17168E,39524,1.77,"{'"2024-08-16 03:20:00'"}","{'"2024-08-16 05:06:00'"}",99.5434,0.6,0.4566,OA8984E,LDPE(HMI),LMI WITH DIESEL,STANDARD,15,350,40/40,Arjie Galgo,Julius Fundano,"{'"L28'": 0.325, '"Y98'": 1.9375, '"9073AK'": 50.0, '"9074AK'": 50.0, '"9075AK'": 29.15}","{170,170,170,170,170,170,160,160,160,160,150,150}",119,{130.81},73.904,92267,131.41,"{9570AK-9571AK,9572AK}",,,13,2024-11-14,2024-08-16 03:20:00,2024-08-16 05:06:00
783,8,100,102.4000,GENSTAR MANUFACTURING CORP.,0,YA13953E,39848,1.42,"{'"2024-10-18 08:15:00'"}","{'"2024-10-18 09:40:00'"}",99.961,0.04,0.039,YA12705E,LDPE(HMI),"",STANDARD,10,300,40/40,Arjie Galgo,Julius Fundano,"{'"3000AL-3002AL'": 102.44}","{170,170,170,170,160,160,160,160,150,150,150,150}",90,{102.4},72.1127,93380,102.44,{3017AL},,,8,2024-12-05,2024-10-18 08:15:00,2024-10-18 09:40:00
784,6,3,2.9000,SAN MIGUEL YAMAMURA PACKAGING CORPORATION,15693,BA15965E,39850,1.27,"{'"2024-10-19 09:12:00'"}","{'"2024-10-19 10:28:00'"}",48.3333,3.1,51.6667,NO PURGING,LDPE(HMI),"",STANDARD,10,400,-,Jowie Vasquez,Julius Fundano,"{'"B89'": 0.54, '"L28'": 0.3, '"L37'": 0.42, '"LL6'": 2.1, '"W33'": 0.09, '"K907'": 2.496, '"R122'": 0.054}",{},0,{2.9},2.2835,93397,6.0,"{2592AL,2592AL}",,,0,2024-12-05,2024-10-19 09:12:00,2024-10-19 10:28:00
785,1,75,73.5000,TERUMO (PHILS.) CORPORATION,0,GA14433E,39757,2.83,"{'"2024-10-18 00:10:00'"}","{'"2024-10-18 03:00:00'"}",97.3381,2.01,2.6619,NO PURGING,PP,3mm x 3mm Pellet size,STANDARD,85,250,40/40,Edsel Mangarin,Julius Fundano,"{'"W8'": 0.10542, '"G22'": 0.10542, '"1717AL-1719AL'": 75.3}","{180,200,180,180,180,180,180,180,0,0}",0,{73.5},25.9717,93316,75.51,{2352AL-2354AL},,,0,2024-12-05,2024-10-18 00:10:00,2024-10-18 03:00:00
786,8,750,742.2300,In House,15558,WA3827E,39872,20.92,"{'"2024-10-17 09:30:00'"}","{'"2024-10-18 06:25:00'"}",98.964,7.77,1.036,YA13953E,HDPE(HMI),"* 5.3KGS. CRUSHED OVERSIZE
* 05:00-06:00 BREAKTIME",STANDARD,8,300,40/40,Aldrin Villacrusis,Julius Fundano,"{'"B81'": 0.3675, '"L37'": 14.700000000000001, '"W33'": 110.25, '"B101'": 2.5725000000000002, '"K907'": 305.76, '"1793AL'": 15.0, '"LL48 POWDER'": 301.35}","{200,200,200,180,180,180,180,180,180,180,180,180}",110,{742.23},35.4794,93379,750.0,"{2167AL-2168AL,2564AL-2568AL}",,,9,2024-12-05,2024-10-17 19:30:00,2024-10-18 06:25:00
787,8,500,489.0000,"ZELLER PLASTIK PHILIPPINES, INC.",15671,WA14068E,39858,6.83,"{'"2024-10-17 12:40:00'",'"2024-10-17 18:00:00'"}","{'"2024-10-17 18:00:00'",'"2024-10-17 19:30:00'"}",94.9515,26.0,5.0485,WA3827E,HDPE(HMI),10KGS. CRUSHED OVERSIZE,STANDARD,7.6,280,40/40,Arnel Rosario,Julius Fundano,"{'"B81'": 0.2575, '"L37'": 10.3, '"W33'": 77.25, '"B101'": 1.8025, '"K907'": 214.24, '"LL48 POWDER'": 211.15}","{200,200,180,180,180,180,170,170,170,170,180,180}",0,"{380,109}",71.5959,93311,515.0,"{2338AL-2342AL,2343AL}",,,0,2024-12-05,2024-10-17 12:40:00,2024-10-17 19:30:00
788,8,200,198.8900,"EVEREST PLASTIC CONTAINERS IND., INC.",0,BA9159E,39816,2.17,"{'"2024-10-17 06:40:00'"}","{'"2024-10-17 08:50:00'"}",99.44,1.12,0.56,BA4756E,LDPE(HMI),"",STANDARD,12,380,40/40,Arnel Rosario,Julius Fundano,"{'"B107'": 0.0078, '"2131AL-2132AL'": 200.0}","{170,170,170,170,160,160,160,160,150,150,160,160}",120,{198.89},91.6544,93352,200.01,{2511AL-2514AL},,,13,2024-12-05,2024-10-17 06:40:00,2024-10-17 08:50:00
789,8,250,227.7100,EVERGOOD PLASTIC INDUSTRY INC.,0,BA4756E,39827,4.17,"{'"2024-10-17 00:55:00'"}","{'"2024-10-17 05:05:00'"}",89.2945,27.3,10.7055,BA9159E,LDPE(HMI),"* 03:00-04:00 BREAKTIME
* BA4756E NAIWAN NA ISANG SAKO LOT# 2364AL @10:20-10:40 NA NA-ITAKBO",STANDARD,10,380,40/40,Aldrin Villacrusis,Julius Fundano,"{'"L28'": 0.22923, '"V42'": 0.040752, '"V49'": 0.040752, '"2079AL-2084AL'": 254.7}","{170,170,170,170,170,160,160,160,160,160,150,150}",95,{227.71},54.6067,93351,255.01,{2360AL-2364AL},,,8,2024-12-05,2024-10-17 00:55:00,2024-10-17 05:05:00
790,8,25,24.3800,EVERGOOD PLASTIC INDUSTRY INC.,0,BA4756E,39827,0.33,"{'"2024-10-17 10:20:00'"}","{'"2024-10-17 10:40:00'"}",97.52,0.62,2.48,WA14068E,LDPE(HMI),"",STANDARD,10,380,40/40,Arnel Rosario,Julius Fundano,"{'"L28'": 0.22923, '"V42'": 0.040752, '"V49'": 0.040752, '"2079AL-2084AL'": 254.7}","{170,170,170,170,170,160,160,160,160,160,150,150}",120,{24.38},73.8788,93351,25.0,{2360AL-2364AL},,,9,2024-12-05,2024-10-17 10:20:00,2024-10-17 10:40:00
791,3,100,103.1500,SAN MIGUEL YAMAMURA PACKAGING CORPORATION,15692,RA16846E,39851,1.5,"{'"2024-10-15 08:00:00'"}","{'"2024-10-15 09:30:00'"}",96.4019,3.85,3.5981,RA12739E,HDPE(HMI),"",STANDARD,8.3,28,40/40,Arnel Rosario,Julius Fundano,"{'"C19'": 0.0642, '"L28'": 5.35, '"L37'": 7.49, '"LL6'": 37.45, '"W35'": 0.21400000000000002, '"K907'": 47.8718, '"R117'": 3.745, '"R122'": 4.8149999999999995}","{150,130,130,140,140,150,150}",90,{103.15},68.7667,93293,107.0,"{2301AL,2302AL,2303AL}",,,5,2024-12-05,2024-10-15 08:00:00,2024-10-15 09:30:00
792,8,50,46.3000,H&E MANUFACTURING CORPORATION,12727,GA2595E,39776,1.92,"{'"2024-10-16 21:00:00'"}","{'"2024-10-16 22:55:00'"}",92.6,3.7,7.4,BA4756E,PET,"* 109-113 PPG
* LMI WITH DIESEL",STANDARD,8.6,200,40/40,Aldrin Villacrusis,Julius Fundano,"{'"B93'": 0.83125, '"Y121'": 0.21375, '"4084AK'": 2.5, '"LL60(POWDER)'": 46.455}","{220,220,220,220,220,220,220,220,220,220,225,225}",120,{46.3},24.1146,93355,50.0,{2515AL-2516AL},,,12,2024-12-05,2024-10-16 21:00:00,2024-10-16 22:55:00
794,3,250,254.3100,EVERGOOD PLASTIC INDUSTRY INC.,0,BA3925E,39826,3.33,"{'"2024-10-14 15:10:00'"}","{'"2024-10-14 18:30:00'"}",99.069,2.39,0.931,RA16846E,LDPE(HMI),"",STANDARD,8.6,25,40/40,Arnel Rosario,Julius Fundano,"{'"2073AL-2076AL'": 163.0, '"2077AL-2078AL'": 93.7}","{150,130,130,140,140,150,150}",120,{254.31},76.3694,93315,256.7,{2347AL-2351AL},,,9,2024-12-05,2024-10-14 15:10:00,2024-10-14 08:30:00
795,3,500,509.3100,"EVEREST PLASTIC CONTAINERS IND., INC.",15716,RA4665E,39892,7.0,"{'"2024-10-21 17:40:00'",'"2024-10-21 18:00:00'"}","{'"2024-10-21 18:00:00'",'"2024-10-22 00:40:00'"}",98.8951,5.69,1.1049,RA5277E,LDPE(HMI),05:00-06:00 BREAKTIME,STANDARD,12,38,40/40,Arnel Rosario,Julius Fundano,"{'"L28'": 25.75, '"L37'": 25.75, '"W33'": 10.3, '"K907'": 146.981, '"LL31'": 257.5, '"R103'": 22.145, '"R117'": 0.309, '"R124'": 26.265}","{150,130,130,140,140,150,150}",90,"{20,489.31}",72.7586,93462,515.0,"{2725AL-2734AL,2735AL}",,,5,2024-12-05,2024-10-21 17:40:00,2024-10-22 00:40:00
796,5,500,506.5200,"STARKSON PACKAGING, INC.",12024,UA8910E,39909,6.33,"{'"2024-10-22 21:20:00'"}","{'"2024-10-23 03:40:00'"}",98.3534,8.48,1.6466,WA15190E,RUBBER,"* 03:40-05:00 FOR PURGING
* 05:00-06:00 BREAKTIME
* CHANGE F-RATE FROM 12-13; RPM FROM 250-280
* HINDI NA MATAASAN DAHIL TUMATAAS ANG AMPHERE RATE, NAG ALARM 
* 6.52KGS. OVER SIZE",STANDARD,13,25,60/60,Arnel Rosario,Julius Fundano,"{'"LL6'": 257.5, '"LL36'": 257.5}","{170,170,170,170,160,160,160,160,160,150,150}",152,{506.52},80.019,93490,515.0,"{2817AL-2820AL,2821AL}",,,8,2024-12-05,2024-10-22 21:20:00,2024-10-23 03:40:00
308,8,300,280.4400,"MOLDEX PRODUCTS, INC.",15383,BA2103E,39403,3.0,"{'"2024-07-22 10:40:00'"}","{'"2024-07-22 13:40:00'"}",107.4895,-19.54,-7.4895,BA12068E,LDPE(HMI),CHANGE PEL. 1-3,STD,20,380,60/60,Roselie Mapandi,Julius Fundano,"{'"AO8'": 0.275, '"AO9'": 0.275, '"L37'": 13.75, '"L38'": 13.75, '"W35'": 13.75, '"B106'": 13.2, '"B107'": 13.2, '"11-2622AD'": 2.71, '"5QCEXCESS'": 0.96, '"13-QCEXCESS'": 1.27, '"FG-QCEXCESS'": 5.96, '"LL48 POWDER'": 181.8}","{180,180,180,180,180,180,180,180,180,160,140,140}",120,{280.44},93.48,91822,260.9,"{8191AK,8499AK-8506AK,8507AK}",,,8,2024-11-05,2024-07-22 10:40:00,2024-07-22 13:40:00
309,8,50,56.5000,Incon Industrial Corporation,12618,MA13810E,39339,1.25,"{'"2024-07-06 21:55:00'"}","{'"2024-07-06 23:10:00'"}",98.0222,1.14,1.9778,BA14304E,LDPE(HMI),"",STD,7,250,40/40,Arjie Galgo,Julius Fundano,"{'"C12'": 0.035, '"L14'": 2.5, '"L28'": 2.5, '"O57'": 0.0425, '"P26'": 4.1, '"P27'": 5.0, '"P28'": 4.0, '"Y98'": 0.325, '"K907'": 5.0, '"FG-5672AK'": 7.64, '"PP6(POWDER)'": 26.4975}","{180,200,180,180,180,180,180,180,180,180,180,180}",90,{56.5},45.2,91567,57.64,"{7632AK,7633AK}",,,10,2024-11-05,2024-07-06 21:55:00,2024-07-06 23:10:00
444,5,125,196.6700,CDC MANUFACTURING CORP.,15461,GA17168E,39524,2.92,"{'"2024-08-20 21:40:00'"}","{'"2024-08-21 00:35:00'"}",98.6259,2.74,1.3741,GA17119E,LDPE(HMI),"",STANDARD,20,380,40/40,Roselie Mapandi,Julius Fundano,"{'"G39'": 3.3801249999999996, '"L28'": 2.180125, '"L37'": 3.430125, '"L38'": 1.25, '"W35'": 4.41556, '"Y98'": 1.75, '"K907'": 25.22072, '"LL12'": 26.975845, '"9572AK'": 18.31, '"9570AK-9572AK'": 112.5}","{170,170,170,170,170,170,160,160,160,150,150}",85,{196.67},67.3527,92341,199.41,"{9744AK-9746AK,9747AK,9748AK}",,,7,2024-11-09,2024-08-20 21:40:00,2024-08-21 00:35:00
445,5,420.48,416.0000,METRO CONTAINER CORPORATION,0,GA17119E,39553,7.0,"{'"2024-08-20 02:00:00'",'"2024-08-21 06:00:00'"}","{'"2024-08-20 06:00:00'",'"2024-08-21 09:00:00'"}",98.9322,4.49,1.0678,GA8074E,LDPE(HMI),8/21/2024 @06:00 KUMUKULAY SA TUBIG,STANDARD,20,380,40/40,Roselie Mapandi,Julius Fundano,"{'"L28'": 2.9434299999999998, '"L37'": 2.10245, '"Y98'": 6.6437420000000005, '"K907'": 12.278307999999999, '"LL12'": 18.08107, '"9582AK'": 18.44, '"9575AK-9582AK'": 360.0}","{170,170,170,170,170,170,160,160,160,150,150}",180,"{210,206}",59.4286,92357,420.49,"{9761AK-9768AK,9769AK}",,,12,2024-11-09,2024-08-20 02:00:00,2024-08-21 09:00:00
446,5,100,100.0000,"GLOBAL KONTEINER MANUFACTURING, INC.",0,GA8074E,39577,1.2,"{'"2024-08-21 11:00:00'"}","{'"2024-08-21 12:12:00'"}",99.7407,0.26,0.2593,GA14271E,LDPE(HMI),"",STANDARD,10,380,40/40,Edsel Mangarin,Julius Fundano,"{'"G22'": 0.062, '"L38'": 0.2, '"8319AK-8322AK'": 100.0}","{170,170,170,170,170,170,160,160,160,150,150}",0,{100},83.3333,92323,100.26,{9717AK-9718AK},,,0,2024-11-09,2024-08-21 11:00:00,2024-08-21 12:12:00
28,1,150,159.7700,EVERGOOD PLASTIC INDUSTRY INC.,14873,KA4595E,39121,6.5,"{'"2024-05-27 08:30:00'",'"2024-05-27 13:00:00'"}","{'"2024-05-27 13:00:00'",'"2024-05-27 15:00:00'"}",99.6259,160.37,100,IA5758E,LDPE(HMI),"",STANDARD,80,350,40/40,ARJIE GALGO & ALDRIN VILLACRUSIS,-,"{'"L14'": 4.65, '"L38'": 4.65, '"V50'": 0.0775, '"K907'": 51.305, '"LL31'": 93.0, '"R115'": 0.3875, '"R119'": 0.9299999999999999, '"FG-2795AK'": 5.37}","{120,140,150,150,150,150,150,150,150,150}",81,"{109,50.77}",24.58,91011,160.37,"{6162AK-6163AK,6164AK,6165AK}",,,,,,
30,1,50,49.4400,EASTERN INTERNATIONAL PLASTIC PACKAGING CORPORATION,15139,GA8074E,39128,2,"{'"2024-05-27 18:15:00'"}","{'"2024-05-27 20:15:00'"}",98.88,50,100,DA7892E,LDPE(HMI),"",STANDARD,100,380,40/40,ALDRIN VILLACRUSIS,-,"{'"W8'": 1.0, '"G39'": 0.38, '"L14'": 4.0, '"L38'": 4.0, '"K910'": 22.34, '"LL12'": 17.5, '"Y117'": 0.78}","{140,150,150,150,150,150,150,150,140,140}",45,{49.44},24.72,91016,50,{6168AK},,,,,,
32,1,53.45,52.8000,Incon Industrial Corporation,0,KA8595E,39083,2.17,"{'"2024-05-28 18:30:00'"}","{'"2024-05-28 20:40:00'"}",98.7839,53.45,100,KA14303E,PP,TEMP LESS 10 DEGREES,STANDARD,7,260,40/40,ALDRIN VILLACRUSIS,-,"{'"6169AK'": 25.0, '"6170AK'": 28.45}","{160,180,160,160,160,160,160,160,160,160}",130,{52.8},24.3318,91067,53.45,{6294AK},,,,,,
33,1,250,255.7600,"PHIL-TOP INDUSTRIES, INC.",15108,KA14303E,39143,11.75,"{'"2024-05-30 08:15:00'",'"2024-05-31 13:00:00'"}","{'"2024-05-30 13:00:00'",'"2024-05-31 20:00:00'"}",98.8865,2.88,1.1135,YA15776E,LDPE(HMI),"",STANDARD,100,350,40/40,ARJIE GALGO & ALDRIN VILLACRUSIS,-,"{'"L14'": 14.28, '"L38'": 12.75, '"W33'": 26.265, '"K907'": 102.3825, '"LL31'": 89.25, '"R115'": 1.9125, '"R119'": 8.16, '"5-3349AK'": 3.64}","{120,140,150,150,150,150,150,150,150,150}",60,"{102,153.76}",21.7668,91090,258.64,"{6335AK-6338AK,6339AK,6340AK}",,,,,,
447,5,50,49.0000,EASTERN INTERNATIONAL PLASTIC PACKAGING CORPORATION,12514,GA8074E,39577,0.58,"{'"2024-08-21 12:20:00'"}","{'"2024-08-21 12:55:00'"}",98.0,1.0,2.0,GA14271E,LDPE(HMI),"",STANDARD,160,380,40/40,Edsel Mangarin,Julius Fundano,"{'"W8'": 1.0, '"G22'": 0.38, '"L28'": 4.0, '"L37'": 4.0, '"K907'": 22.32, '"LL12'": 17.5, '"Y117'": 0.8}","{170,170,170,170,170,170,160,160,160,150,150}",85,{49},84.4828,92324,50.0,{9719AK},,,10,2024-11-09,2024-08-21 12:20:00,2024-08-21 12:55:00
286,3,525,505.3800,EASTERN INTERNATIONAL PLASTIC PACKAGING CORPORATION,15357,VA4086E,39440,8.5,"{'"2024-07-29 15:00:00'",'"2024-07-29 18:00:00'"}","{'"2024-07-29 18:00:00'",'"2024-07-29 23:30:00'"}",98.132,9.62,1.868,RA15101E,LDPE(HMI),03:00 - Standby,STANDARD,9.5,25,40/40,Joel Miras,Julius Fundano,"{'"W8'": 11.33, '"L37'": 25.75, '"LL6'": 198.172, '"V50'": 21.63, '"B106'": 0.618, '"FM27'": 51.5, '"K910'": 206.0}","{150,150,150,150,150,130,130}",120,"{175,330.38}",59.4565,91896,515.0,"{8658AK-8677AK,8678AK}",,,9,2024-11-05,2024-07-29 15:00:00,2024-07-30 01:30:00
665,8,200,192.7800,In House,15558,WA3827E,39729,2.75,"{'"2024-09-25 03:00:00'"}","{'"2024-09-25 05:45:00'"}",96.39,7.22,3.61,YA16164E,HDPE(HMI),"",STANDARD,8,300,40/40,Arnel Rosario,Julius Fundano,"{'"B81'": 0.1, '"L37'": 4.0, '"W33'": 30.0, '"B101'": 0.7, '"K907'": 83.2, '"LL48 POWDER'": 82.0}","{200,200,200,180,180,180,180,180,180,180,180,180}",15,{192.78},70.1018,92876,200.0,{1216AL-1217AL},,,12,2024-11-25,2024-09-25 03:00:00,2024-09-25 05:45:00
152,8,150,159.2600,"EVEREST PLASTIC CONTAINERS IND., INC.",15702,OA11689E,39864,3.17,"{'"2024-10-15 23:40:00'"}","{'"2024-10-16 02:50:00'"}",98.5276,2.38,1.4724,KA4595E,PP,"",STANDARD,9,240,40/40,Aldrin Villacrusis,Julius Fundano,"{'"FY5'": 1.56, '"L37'": 7.8, '"FO23'": 8.58, '"K907'": 15.6, '"9-9998AJ'": 0.65, '"33-2686AK'": 1.11, '"33-4929AK'": 3.88, '"PP11 POWDER'": 122.46000000000001}","{180,180,180,180,180,180,180,180,180,180,180,180}",80,{159.26},50.2397,93343,161.64,"{2504AL-2508AL,2509AL}",,,9,2024-10-24,2000-01-01 00:00:00,2000-01-01 00:00:00
153,8,250,241.3000,GENSTAR MANUFACTURING CORP.,15295,GA12411E,39137,4.67,"{'"2024-05-29 12:35:00'",'"2024-05-29 13:00:00'"}","{'"2024-05-29 13:00:00'",'"2024-05-29 17:15:00'"}",96.52,8.7,3.48,WA3827E,PP,"",STANDARD,18,350,40/40,Edsel Mangarin,Julius Fundano,"{'"C19'": 0.8, '"G39'": 15.0, '"L14'": 8.75, '"L38'": 12.5, '"Y98'": 21.75, '"B107'": 10.0, '"K907'": 81.2, '"PP14 POWDER'": 100.0}","{200,200,180,180,180,180,180,180,180,180,180,180}",145,"{13,228.3}",51.6702,91064,250.0,{6274AK-6283AK},,,18,2024-10-25,2024-05-29 12:35:00,2024-05-29 17:15:00
154,8,250,260.0000,GENSTAR MANUFACTURING CORP.,15294,GA12411E,39137,4.95,"{'"2024-05-29 07:30:00'"}","{'"2024-05-29 12:27:00'"}",99.2139,2.06,0.7861,NO PURGING,PP,"",STANDARD,18,350,40/40,Roselie Mapandi,Julius Fundano,"{'"B78'": 10.2, '"C19'": 0.816, '"G39'": 15.3, '"L14'": 8.925, '"L38'": 12.75, '"Y98'": 22.185, '"K907'": 82.824, '"FG-1733AK'": 7.06, '"PP7 POWDER'": 102.0}","{180,200,200,180,180,180,180,180,180,180,200,200}",8,{260},52.5253,91066,262.06,"{6284AK-6292AK,6293AK}",,,0,2024-10-25,2024-05-29 07:30:00,2024-05-29 12:27:00
156,8,250,259.9000,EVERGOOD PLASTIC INDUSTRY INC.,15014,GA4952E,39129,3.33,"{'"2024-05-28 08:30:00'"}","{'"2024-05-28 11:50:00'"}",98.9228,2.83,1.0772,GA16415E,LDPE(HMI),"",STANDARD,13,380,40/40,Roselie Mapandi,Julius Fundano,"{'"G39'": 18.46, '"L14'": 10.4, '"L38'": 10.4, '"W33'": 12.844000000000001, '"K907'": 107.406, '"LL12'": 91.0, '"Y120'": 9.49, '"28-4858AK'": 2.73}","{170,170,170,170,160,160,160,160,160,160,150,150}",120,{259.9},78.048,91027,262.73,"{6180AK-6183AK,6184AK,6185AK}",,,12,2024-10-25,2024-05-28 08:30:00,2024-05-28 11:50:00
157,8,175,181.3200,"STAR PLASTIC PRODUCTS, INC.",15685,WA13183E,39846,2.25,"{'"2024-10-14 08:00:00'"}","{'"2024-10-14 10:15:00'"}",98.9576,1.91,1.0424,WA15190E,LDPE(HMI),"",STANDARD,8,280,40/40,Roselie Mapandi,Julius Fundano,"{'"B81'": 0.534, '"L28'": 3.56, '"L37'": 3.56, '"LL6'": 48.06, '"W35'": 39.16, '"K907'": 83.126, '"FG-7743AK'": 5.23}","{180,100,110,110,170,160,160,160,160,180,180,180}",86,{181.32},80.5867,93269,183.23,"{2273AL,2274AL}",,,10,2024-10-25,2000-01-01 00:00:00,2000-01-01 00:00:00
159,8,50,56.1000,"ZELLER PLASTIK PHILIPPINES, INC.",15699,GA3693E,39859,1.17,"{'"2024-10-16 14:30:00'"}","{'"2024-10-16 15:40:00'"}",97.7352,1.3,2.2648,GA6607E,PP,"",STANDARD,9,300,40/40,Arjie Galgo,Julius Fundano,"{'"W8'": 3.6399999999999997, '"G22'": 0.0338, '"L28'": 1.56, '"L37'": 1.56, '"Y72'": 0.1248, '"K907'": 10.4, '"Y118'": 4.68, '"FG-7197AK'": 5.4, '"PP11 POWDER'": 30.0014}","{180,200,180,180,180,180,180,180,180,180,180,180}",90,{56.1},47.9487,93322,57.4,"{2165AL,2166AL}",,,5,2024-10-25,2000-01-01 00:00:00,2000-01-01 00:00:00
160,8,100,100.6000,H&E MANUFACTURING CORPORATION,15704,GA6607E,39866,2.12,"{'"2024-10-16 17:10:00'",'"2024-10-16 18:00:00'"}","{'"2024-10-16 18:00:00'",'"2024-10-16 19:17:00'"}",99.1426,0.87,0.8574,GA6607E,PP,"",STANDARD,9,280,40/40,ARJIE/ALDRIN,Julius Fundano,"{'"G22'": 0.9810000000000001, '"L28'": 4.5, '"L37'": 4.5, '"P26'": 10.8, '"W33'": 1.215, '"K907'": 9.0, '"Y117'": 5.22, '"11-8011AK'": 4.0, '"FG-7718AK'": 6.8, '"4-QCEXCESS'": 0.67, '"PP11 POWDER'": 53.784}","{180,180,180,180,180,180,180,180,180,180,180,180}",0,"{36,64.6}",47.4528,93383,101.47,"{2521AL,2570AL,2571AL}",,,0,2024-10-25,2000-01-01 00:00:00,2000-01-01 00:00:00
299,8,50,56.8000,H&E MANUFACTURING CORPORATION,15342,GA6607E,39345,1.17,"{'"2024-07-08 21:45:00'",'"2024-07-09 07:00:00'"}","{'"2024-07-08 22:00:00'",'"2024-07-09 07:55:00'"}",97.9986,1.16,2.0014,KA8595E,LDPE(HMI),"",STD,150,280,40/40,Roselie Mapandi,Julius Fundano,"{'"G22'": 0.5668, '"L14'": 2.6, '"L38'": 2.6, '"P26'": 6.24, '"W33'": 0.702, '"K907'": 5.2, '"Y117'": 3.016, '"FG-4458AK'": 5.96, '"PP14 POWDER'": 31.075200000000002}","{180,200,180,180,180,180,180,180,180,180,180,0}",125,"{10,46.8}",48.547,91574,57.96,"{7717AK,7718AK}",,,7,2024-11-05,2024-07-08 21:45:00,2024-07-09 07:55:00
300,8,250,70.0000,"PHIL-TOP INDUSTRIES, INC.",0,BA15494E,39265,1.0,"{'"2024-07-03 21:00:00'"}","{'"2024-07-03 22:00:00'"}",28.6065,174.7,71.3935,GA15496E,LDPE(HMI),"",STD,10,280,40/40,Roselie Mapandi,Julius Fundano,"{'"C19'": 0.058596, '"L38'": 0.4883, '"7382AK'": 44.15, '"7378AK-7381AK'": 200.0}","{170,170,160,160,160,150,150,150,150,150,150,150}",105,{70},70.0,91516,244.7,"{7548AK-7551AK,7552AK}",,,9,2024-11-05,2024-07-03 21:00:00,2024-07-04 08:35:00
666,5,500,502.5000,Allied Packaging Corporation,15607,WA16245E,39743,5.12,"{'"2024-09-24 08:03:00'"}","{'"2024-09-24 13:10:00'"}",98.2789,8.8,1.7211,WA151590E,LDPE(HMI),"",STANDARD,10,380,40/40,Joel Miras,Julius Fundano,"{'"W8'": 285.6, '"B81'": 0.51, '"L28'": 10.2, '"L37'": 25.5, '"K907'": 76.5, '"LL12'": 111.69, '"18-0355AK'": 1.3}","{170,170,170,170,170,170,160,160,160,150,150}",120,{502.5},98.1445,92902,511.3,"{1338AL-1345AL,1346AL}",,,11,2024-11-25,2024-09-24 08:03:00,2024-09-24 13:10:00
54,3,173.02,171.0500,"ZELLER PLASTIK PHILIPPINES, INC.",0,BA3435E,39046,3.42,"{'"2024-05-13 20:30:00'",'"2024-05-14 06:25:00'"}","{'"2024-05-13 21:00:00'",'"2024-05-14 09:20:00'"}",98.8614,1.97,1.1386,VA3010E,LDPE(HMI),"",STANDARD,6.7,20,40/40,Arjie Galgo,Julius Fundano,"{'"B78'": 0.051909000000000004, '"L14'": 0.5190899999999999, '"L38'": 0.5190899999999999, '"PP4'": 11.577611, '"K907'": 3.4606000000000003, '"5527AK'": 15.9, '"5522AK-5523AK'": 50.0, '"5524AK-5527AK'": 91.0}","{180,200,180,180,180,180,180}",120,"{25,146.05}",50.0146,90898,173.02,"{5841AK-5844AK,5845AK-5846AK,5847AK}",,,9,2024-08-24,,
78,5,100,96.1000,Allied Packaging Corporation,11717,WA2677E,39554,2.42,"{'"2024-08-15 18:40:00'"}","{'"2024-08-15 21:05:00'"}",96.1,3.9,3.9,NO PURGING,PET,"",STANDARD,5,200,60/60,Roselie Mapandi,Julius Fundano,"{'"A7'": 1.5, '"W8'": 50.0, '"B35'": 0.06, '"LL60(POWDER)'": 48.44}","{230,230,230,230,230,230,230,230,220,220,220,220}",0,{96.1},39.7107,92285,100,{9586AK},,,0,2024-10-12,,
47,1,50,57.6400,Incon Industrial Corporation,15138,MA13810E,39057,3.17,"{'"2024-05-10 13:20:00'",'"2024-05-10 15:20:00'"}","{'"2024-05-10 14:00:00'",'"2024-05-10 17:50:00'"}",98.1608,1.08,1.8392,GA13854E,PP,"OVERFLOW ON FEEDER PORT 
RPM: 400
FEEDRATE: 70",STANDARD,70,400,40/40,Aldrin Villacrusis,Julius Fundano,"{'"C19'": 0.03975, '"L14'": 2.65, '"L38'": 2.65, '"O57'": 0.04505000000000001, '"P26'": 4.346, '"P27'": 5.3, '"P28'": 4.24, '"PP4'": 28.084699999999998, '"Y98'": 0.34450000000000003, '"K910'": 5.3, '"FG-4132AK'": 5.72}","{180,200,180,180,180,180,180,180,180,180}",120,"{12,45.64}",18.183,90850,58.72,"{5671AK,5672AK}",,,0,2024-08-21,2024-05-10 13:20:00,2024-05-10 17:50:00
55,3,50,55.0000,"EVEREST PLASTIC CONTAINERS IND., INC.",15274,VA3010E,39065,1.17,"{'"2024-05-14 11:20:00'"}","{'"2024-05-14 12:30:00'"}",96.9847,1.71,3.0153,TA16900E,LDPE(HMI),"",STANDARD,8.3,25,40/40,Arnel Rosario,Julius Fundano,"{'"W8'": 1.749, '"B37'": 7.208, '"L14'": 2.65, '"L38'": 2.65, '"LL6'": 18.55, '"V40'": 0.34450000000000003, '"V42'": 0.34450000000000003, '"K910'": 19.503999999999998, '"14-8225AF'": 3.45, '"28-VA3010E'": 0.26}","{150,130,130,150,150,150,150}",120,{55},47.0085,90878,56.71,"{5813AK,5814AK}",,,16,2024-08-24,,
301,8,775,772.8000,In House,14819,GA4921E,39319,13.33,"{'"2024-07-04 20:10:00'",'"2024-07-05 06:00:00'"}","{'"2024-07-04 06:00:00'",'"2024-07-05 06:50:00'"}",98.9767,7.99,1.0233,GA1225E,LDPE(HMI),NO OVER SIZE,STD,15,350,40/40,Arjie Galgo,Julius Fundano,"{'"G39'": 4.2625, '"L14'": 23.25, '"L38'": 23.25, '"W33'": 69.3625, '"K907'": 234.05, '"LL31'": 387.5, '"Y118'": 7.75, '"Y120'": 25.575, '"FG-5870AK'": 5.79}","{180,180,170,170,170,160,160,160,160,160,160,160}",90,"{708,64.8}",57.9745,91522,780.79,"{7563AK-7577AK,7578AK}",,,0,2024-11-05,2024-07-04 20:10:00,2024-07-05 06:50:00
302,8,250,299.5600,"PHIL-TOP INDUSTRIES, INC.",0,GA15496E,39264,3.67,"{'"2024-07-04 10:20:00'"}","{'"2024-07-04 14:00:00'"}",99.1264,2.64,0.8736,GA4254E,LDPE(HMI),"15:45-16:30 - UNDER MAINTENANCE, HINDI UMAANDAR ANG SIEVER",STD,10,250,40/40,Aldrin Villacrusis,Julius Fundano,"{'"C19'": 0.090666, '"G39'": 0.045333, '"L14'": 1.05777, '"L38'": 1.5111, '"W33'": 9.82215, '"K907'": 11.695914, '"LL12'": 5.999067, '"7372AK-7377AK'": 271.98}","{170,170,170,170,160,160,160,160,160,160,150,150}",150,{299.56},81.624,91517,302.2,{7553AK-7558AK},,,3,2024-11-05,2024-07-04 10:20:00,2024-07-04 14:00:00
303,8,25,24.9000,SAN MIGUEL YAMAMURA PACKAGING CORPORATION,15267,GA1225E,39219,0.33,"{'"2024-07-05 08:20:00'"}","{'"2024-07-05 08:40:00'"}",99.6,0.1,0.4,IA15764E,LDPE(HMI),"",STD,6.7,400,40/40,Aldrin Villacrusis,Julius Fundano,"{'"C19'": 0.0215, '"G34'": 0.575, '"L14'": 0.75, '"L38'": 0.75, '"LL6'": 8.75, '"W33'": 0.44, '"K910'": 13.2135, '"Y124'": 0.5}","{200,200,200,200,170,170,170,170,170,170,170,170}",105,{24.9},75.4545,91518,25.0,{7517AK},,,9,2024-11-05,2024-07-05 08:20:00,2024-07-05 08:40:00
304,8,50,55.3000,I TUNG PLASTIC MOULD ENGINEERING COMPANY,14920,IA15764E,39314,0.67,"{'"2024-07-05 10:25:00'"}","{'"2024-07-05 11:05:00'"}",98.4687,0.86,1.5313,TA15557E,LDPE(HMI),"",STD,10,280,40/40,Aldrin Villacrusis,Julius Fundano,"{'"C19'": 0.475, '"I24'": 3.5, '"L14'": 1.75, '"L38'": 2.5, '"W33'": 0.5, '"K907'": 23.05, '"LL12'": 17.5, '"Y116'": 0.725, '"FG-1815AK'": 6.16}","{170,170,170,170,160,160,160,160,160,160,150,150}",115,{55.3},82.5373,91529,56.16,"{7618AK,7619AK}",,,0,2024-11-05,2024-07-05 10:25:00,2024-07-05 11:05:00
305,8,200,209.1100,I TUNG PLASTIC MOULD ENGINEERING COMPANY,15244,TA15557E,39313,2.67,"{'"2024-07-05 13:00:00'"}","{'"2024-07-05 15:40:00'"}",98.7206,2.71,1.2794,YA5124E,LDPE(HMI),"",STD,10,250,40/40,Aldrin Villacrusis,Julius Fundano,"{'"C19'": 3.3000000000000003, '"L14'": 7.0, '"L38'": 10.0, '"LL6'": 70.0, '"W33'": 22.400000000000002, '"K910'": 87.14, '"Y116'": 0.15999999999999998, '"FG-4289AK'": 5.72, '"FG-5253AK'": 6.1}","{170,170,170,170,170,170,160,160,160,160,160,160}",120,{209.11},78.3184,91532,211.82,"{7620AK-7622AK,7623AK,7624AK}",,,11,2024-11-05,2024-07-05 13:00:00,2024-07-05 15:40:00
281,8,750,750.0000,"ZELLER PLASTIK PHILIPPINES, INC.",15406,WA14068E,39431,10.58,"{'"2024-07-28 05:40:00'",'"2024-07-29 07:00:00'"}","{'"2024-07-28 06:00:00'",'"2024-07-29 17:15:00'"}",98.6842,10.0,1.3158,WA3827E,LDPE(HMI),"",STANDARD,8.5,280,40/40,Aldrin Villacrusis,Julius Fundano,"{'"B81'": 0.38, '"L37'": 15.2, '"W33'": 114.0, '"B101'": 2.66, '"K907'": 316.15999999999997, '"LL48'": 155.8, '"LL48 POWDER'": 155.8}","{200,200,200,200,180,180,180,180,180,180,180,180}",0,"{20,730}",70.8885,91884,760.0,"{8638AK-8644AK,8645AK}",,,0,2024-11-05,2024-07-28 05:40:00,2024-07-29 17:15:00
282,8,250,244.2200,Amazon Mfg. Corp.,15409,BA7924E,39437,3.83,"{'"2024-07-27 17:25:00'",'"2024-07-27 18:00:00'"}","{'"2024-07-27 18:00:00'",'"2024-07-27 21:15:00'"}",97.688,5.78,2.312,BA7883E,LDPE(HMI),"1. OVER FLOW ON FEEDER PORT
2. RPM - 380-350 @ F-RATE - 9.5-8.3
3. LUMALAKI/ LUMILIIT ANG STRAND",STANDARD,8.3,340,40/40,Arjie Galgo,Julius Fundano,"{'"L37'": 8.75, '"L38'": 12.5, '"LB2'": 37.5, '"W33'": 11.2, '"B107'": 1.0, '"B108'": 32.5, '"K907'": 96.55, '"LL48 POWDER'": 50.0}","{200,200,200,200,180,180,180,180,180,180,190,190}",115,"{25,219.22}",63.765,91889,250.0,{8651AK-8655AK},,,8,2024-11-05,2024-07-27 17:25:00,2024-07-27 21:15:00
448,5,350,351.9500,"PHIL-TOP INDUSTRIES, INC.",14012,GA14271E,39581,5.25,"{'"2024-08-21 14:30:00'",'"2024-08-21 18:00:00'"}","{'"2024-08-21 18:00:00'",'"2024-08-21 19:45:00'"}",99.1408,3.05,0.8592,KA14303E,LDPE(HMI),"",STANDARD,20,380,40/40,Edsel Mangarin,Julius Fundano,"{'"W8'": 81.65, '"G39'": 1.775, '"L28'": 17.75, '"L37'": 19.880000000000003, '"K907'": 102.595, '"LL12'": 124.25, '"Y107'": 7.1}","{170,170,170,170,170,170,160,160,160,150,150}",165,"{235,116.95}",67.0381,92330,355.0,"{9723AK-9728AK,9729AK}",,,37,2024-11-09,2024-08-21 14:30:00,2024-08-21 19:45:00
64,6,8,8.4200,"PHIL-TOP INDUSTRIES, INC.",0,GA16968E,39557,1.92,"{'"2024-08-14 14:21:00'"}","{'"2024-08-14 16:16:00'"}",97.2286,0.24,2.7714,no purging,LDPE(HMI),"",STANDARD,10,400,0,Jowie Vasquez,Julius Fundano,"{'"G39'": 0.0012, '"L38'": 0.043, '"Y98'": 0.0031, '"9585AK'": 8.62}","{170,170,160,160,160,0,160}",0,{8.42},4.3854,92312,8.66,{9672AK},,,0,2024-09-27,,
79,5,150,153.2000,CEBU HIQ MANUFACTURING CORPORATION,15496,WA2127E,39572,1.67,"{'"2024-08-19 08:50:00'"}","{'"2024-08-19 10:30:00'"}",96.5343,5.5,3.4657,MA7758E,LDPE(HMI),"",STANDARD,10,300,60/60,Edsel Mangarin,Julius Fundano,"{'"W8'": 72.85, '"B81'": 0.0775, '"L28'": 3.1, '"L37'": 3.1, '"K907'": 37.1225, '"LL12'": 38.75, '"FG-6167AK'": 3.7}","{170,170,170,170,160,160,160,160,160,150,150}",110,{153.2},91.7365,92317,158.7,"{9676AK,9677AK}",,,0,2024-10-12,,
306,8,375,381.6800,EVERGOOD PLASTIC INDUSTRY INC.,15246,YA5124E,39316,5.33,"{'"2024-07-05 17:40:00'",'"2024-07-05 18:00:00'"}","{'"2024-07-05 18:00:00'",'"2024-07-05 23:00:00'"}",99.1377,3.32,0.8623,YA16192E,LDPE(HMI),"",STD,12,380,40/40,Aldrin Villacrusis,Julius Fundano,"{'"L14'": 18.865, '"L38'": 11.55, '"LL6'": 134.75, '"O56'": 5.5440000000000005, '"W33'": 46.2, '"K910'": 129.668, '"Y120'": 38.423}","{180,170,170,170,170,160,160,160,160,160,150,150}",90,"{20,361.68}",71.6098,91527,385.0,"{7610AK-7616AK,7617AK}",,,6,2024-11-05,2024-07-05 17:40:00,2024-07-05 23:00:00
307,8,1550,1537.2000,ARC REFRESHMENTS CORPORATION,14834,YA16192E,39315,19.42,"{'"2024-07-06 00:30:00'",'"2024-07-06 06:00:00'",'"2024-07-06 18:00:00'"}","{'"2024-07-06 06:00:00'",'"2024-07-06 18:00:00'",'"2024-07-06 19:55:00'"}",99.1742,12.8,0.8258,YA16192E,LDPE(HMI),LMI WITH DIESEL,STD,12,350,40/40,Arjie Galgo,Julius Fundano,"{'"L14'": 46.5, '"L38'": 46.5, '"O46'": 18.6, '"W33'": 46.5, '"K907'": 535.06, '"LL12'": 542.5, '"R115'": 4.34, '"Y122'": 310.0}","{170,170,170,170,170,170,160,160,160,160,150,150}",120,"{375,1010,152.2}",79.1555,91523,1550.0,{7579AK-7609AK},,,10,2024-11-05,2024-07-06 00:30:00,2024-07-06 19:55:00
60,3,844.35,828.3500,"EVEREST PLASTIC CONTAINERS IND., INC.",0,IA5758E,39075,11.42,"{'"2024-05-16 09:30:00'",'"2024-05-16 13:00:00'",'"2024-05-16 18:10:00'"}","{'"2024-05-16 13:00:00'",'"2024-05-16 18:05:00'",'"2024-05-16 21:00:00'"}",98.1051,16.0,1.8949,MA5180E,LDPE(HMI),"",STANDARD,90,28,60/60,Joel Miras,Julius Fundano,"{'"C19'": 3.29818, '"I24'": 38.808125000000004, '"L14'": 22.253296, '"L38'": 31.75636, '"Y98'": 4.367999999999999, '"K910'": 306.384, '"LL31'": 230.483263, '"7367AJ'": 23.05, '"7377AJ'": 25.0, '"6641AJ;6797AJ'": 17.96, '"6795AJ-6797AJ'": 141.0}","{150,110,110,140,140,150,150}",60,"{252,370,206.35}",72.535,90920,844.35,"{5896AK-5906AK,5907AK,5908AK,5909AK,5910AK-5912AK,5913AK}",,,12,2024-08-30,,
290,8,125,135.4100,"EVEREST PLASTIC CONTAINERS IND., INC.",15408,BA16765E,39439,1.75,"{'"2024-07-27 13:40:00'"}","{'"2024-07-27 15:25:00'"}",99.0346,1.32,0.9654,BA7924E,LDPE(HMI),"",STANDARD,10,300,40/40,Arjie Galgo,Julius Fundano,"{'"G39'": 0.247, '"L37'": 6.5, '"L38'": 6.5, '"LL6'": 45.5, '"W35'": 8.775, '"B107'": 7.279999999999999, '"B108'": 3.6399999999999997, '"K910'": 51.55799999999999, '"FG-6479AK'": 6.73}","{200,200,170,170,160,160,160,160,160,160,150,150}",120,{135.41},77.3771,91888,136.73,"{8648AK-8649AK,8650AK}",,,9,2024-11-05,2024-07-27 13:40:00,2024-07-27 15:25:00
450,5,100,96.2000,SAN MIGUEL YAMAMURA PACKAGING CORPORATION,15508,BA7861E,39592,1.67,"{'"2024-08-22 11:20:00'"}","{'"2024-08-22 13:00:00'"}",96.2,3.8,3.8,BA15197E,LDPE(HMI),"HINDI NABAGSAK, UMAAPAW SA FEEDER PORT; CHANGE RPM FROM 380-400",STANDARD,20,380,40/40,Edsel Mangarin,Julius Fundano,"{'"L37'": 6.0, '"LB2'": 15.0, '"V50'": 0.28, '"B107'": 1.1, '"B108'": 17.5, '"K907'": 40.12, '"LL12'": 20.0}","{170,170,170,170,170,170,160,160,160,150,150}",120,{96.2},57.6048,92380,100.0,{9808AK-9809AK},,,13,2024-11-09,2024-08-22 11:20:00,2024-08-22 13:00:00
291,8,50,54.7700,"ZELLER PLASTIK PHILIPPINES, INC.",15403,GA8613E,39434,1.17,"{'"2024-07-27 11:00:00'"}","{'"2024-07-27 12:10:00'"}",96.4261,2.03,3.5739,BA16765E,LDPE(HMI),VACUUM ON,STANDARD,8,300,40/40,Arjie Galgo,Julius Fundano,"{'"W8'": 0.53, '"G22'": 0.013250000000000001, '"L37'": 1.5899999999999999, '"L38'": 1.5899999999999999, '"K907'": 10.6, '"Y107'": 0.022789999999999998, '"16-1396AH'": 3.8, '"PP7 POWDER'": 38.65396}","{180,200,180,180,180,180,180,180,180,180,180,180}",90,{54.77},46.812,91874,56.8,"{8603AK,8604AK}",,,7,2024-11-05,2024-07-27 11:00:00,2024-07-27 12:10:00
284,8,50,53.0000,"ZELLER PLASTIK PHILIPPINES, INC.",15404,KA9077E,39435,1.0,"{'"2024-07-27 03:00:00'"}","{'"2024-07-27 04:00:00'"}",94.5078,3.08,5.4922,OA3552E,LDPE(HMI),02:00-03:00 BREAKTIME,STANDARD,9,250,40/40,Aldrin Villacrusis,Julius Fundano,"{'"L37'": 2.5, '"L38'": 2.5, '"V50'": 0.35, '"K907'": 5.0, '"R115'": 0.02, '"FG-0153AK'": 6.08, '"PP14 POWDER'": 39.63}","{180,200,180,180,180,180,180,180,180,180,180,180}",60,{53},53.0,91877,56.08,"{8600AK,8601AK}",,,5,2024-11-05,2024-07-27 03:00:00,2024-07-27 04:00:00
287,3,250,252.6000,"PHIL-TOP INDUSTRIES, INC.",14781,BA16130E,39261,3.67,"{'"2024-06-25 13:10:00'"}","{'"2024-06-25 16:50:00'"}",98.5372,3.75,1.4628,BA3925E,LDPE(HMI),"",STANDARD,8.5,22,40/40,Arnel Rosario,Julius Fundano,"{'"B78'": 0.6885, '"L14'": 12.75, '"L38'": 12.75, '"P26'": 12.75, '"K907'": 76.5, '"LL12'": 139.5615, '"25-1760AK'": 1.35}","{160,130,130,150,150,150,150}",92,{252.6},68.8283,91376,256.35,"{7024AK-7027AK,7028AK,7029AK}",,,13,2024-11-05,2024-06-25 13:10:00,2024-06-25 16:50:00
71,8,50,52.8000,"ZELLER PLASTIK PHILIPPINES, INC.",0,GA8613E,39434,1.08,"{'"2024-08-01 04:40:00'"}","{'"2024-08-01 05:45:00'"}",95.9651,2.22,4.0349,GA6246E,PP,"",STANDARD,9,300,40/40,Arjie Galgo,Julius Fundano,"{'"W8'": 0.13692500000000002, '"G22'": 0.005477, '"L38'": 0.10954, '"8603AK'": 25.0, '"8604AK'": 29.77}","{180,200,180,180,180,180,180,180,180,180,180,180}",95,{52.8},48.8889,91979,55.02,"{8847AK,8848AK}",,,5,2024-10-07,,
161,8,250,258.6000,EVERGOOD PLASTIC INDUSTRY INC.,15290,DA10063E,39131,2.17,"{'"2024-05-27 19:50:00'"}","{'"2024-05-27 22:00:00'"}",98.488,3.97,1.512,GA4952E,LDPE(HMI),"",STANDARD,12,380,40/40,Edsel Mangarin,Julius Fundano,"{'"C19'": 0.039999999999999994, '"L14'": 7.0, '"L38'": 10.0, '"O46'": 7.6000000000000005, '"W33'": 20.8, '"K907'": 79.76, '"LL12'": 70.0, '"Y122'": 4.8, '"1298AJ'": 50.0, '"34-1519AJ'": 3.69, '"FG-1505AJ'": 8.88}","{170,170,170,170,170,160,160,160,160,150,150,150}",150,{258.6},119.1705,91038,262.57,"{6216AK-6219AK,6220AK,6221AK}",,,9,2024-10-25,2024-05-27 19:50:00,2024-05-27 22:00:00
162,8,250,258.5000,EVERGOOD PLASTIC INDUSTRY INC.,15147,DA5176E,39130,3.0,"{'"2024-05-27 15:40:00'"}","{'"2024-05-27 18:40:00'"}",99.0497,2.48,0.9503,DA10063E,LDPE(HMI),"",STANDARD,12,380,40/40,Edsel Mangarin,Julius Fundano,"{'"W8'": 59.04, '"C19'": 0.08610000000000001, '"I24'": 1.353, '"L14'": 8.61, '"L38'": 12.3, '"Y98'": 1.968, '"K910'": 76.54289999999999, '"LL31'": 86.1, '"34-4198AK'": 1.1, '"FG-3370AK'": 13.88}","{170,170,170,170,160,160,160,160,160,160,160,160}",60,{258.5},86.1667,91030,260.98,"{6186AK-6189AK,6190AK,6191AK}",,,13,2024-10-25,2024-05-27 15:40:00,2024-05-27 18:40:00
163,8,200,205.8000,"PHIL-TOP INDUSTRIES, INC.",15291,DA16760E,39127,2.47,"{'"2024-05-27 12:10:00'",'"2024-05-27 13:00:00'"}","{'"2024-05-27 13:00:00'",'"2024-05-27 14:38:00'"}",98.9423,2.2,1.0577,DA5176E,LDPE(HMI),"",STANDARD,20,380,40/40,Edsel Mangarin,Julius Fundano,"{'"C19'": 0.312, '"I24'": 1.248, '"L14'": 10.4, '"L38'": 10.4, '"W35'": 45.76, '"Y98'": 1.04, '"K907'": 66.03999999999999, '"LL12'": 72.8}","{170,170,170,170,170,170,160,160,160,150,150,150}",62,"{75,130.8}",83.3198,91048,208.0,"{6247AK-6249AK,6250AK,6251AK}",,,13,2024-10-25,2024-05-27 12:10:00,2024-05-27 14:38:00
164,8,200,203.6000,"PHIL-TOP INDUSTRIES, INC.",15292,TA16761E,39125,2.67,"{'"2024-05-27 08:00:00'"}","{'"2024-05-27 10:40:00'"}",97.8846,4.4,2.1154,DA16760E,LDPE(HMI),"",STANDARD,20,380,40/40,Roselie Mapandi,Julius Fundano,"{'"C19'": 0.624, '"I24'": 1.04, '"L14'": 10.4, '"L38'": 10.4, '"W35'": 20.8, '"K907'": 91.78, '"LL12'": 72.8, '"Y116'": 0.156}","{170,170,170,170,170,170,160,160,160,150,150,0}",90,{203.6},76.2547,91045,208.0,"{6242AK-6244AK,6245AK,6246AK}",,,9,2024-10-25,2024-05-27 08:00:00,2024-05-27 10:40:00
165,8,125,132.1800,CEBU HIQ MANUFACTURING CORPORATION,15023,BA6822E,39124,1.92,"{'"2024-05-25 20:05:00'"}","{'"2024-05-25 22:00:00'"}",98.989,1.35,1.011,TA16761E,LDPE(HMI),"",STANDARD,12,380,40/40,Arjie Galgo,Julius Fundano,"{'"W8'": 9.1, '"L14'": 4.55, '"L38'": 6.5, '"B101'": 7.54, '"B106'": 0.7150000000000001, '"K907'": 56.095, '"LL12'": 45.5, '"21-1141AK'": 3.53}","{180,180,180,170,170,170,160,160,160,160,180,180}",120,{132.18},68.8438,91024,133.53,"{6177AK-6178AK,6179AK}",,,9,2024-10-25,2024-05-25 20:05:00,2024-05-25 22:00:00
166,8,10,10.0000,H&E MANUFACTURING CORPORATION,15705,GA6607E,39866,0.22,"{'"2024-10-16 19:17:00'"}","{'"2024-10-16 19:30:00'"}",100.0,0.0,0.0,GA2595E,PP,"",STANDARD,9,280,40/40,Aldrin Villacrusis,Julius Fundano,"{'"G34'": 0.109, '"L28'": 0.5, '"L37'": 0.5, '"P26'": 1.2, '"W33'": 0.135, '"K907'": 1.0, '"Y117'": 0.58, '"PP11 POWDER'": 5.976}","{180,200,180,180,180,180,180,180,180,180,180,180}",30,{10},45.4545,93366,10.0,{2522AL},,,9,2024-10-25,2000-01-01 00:00:00,2000-01-01 00:00:00
292,8,100,58.4500,"ZELLER PLASTIK PHILIPPINES, INC.",15402,GA4440E,39433,1.25,"{'"2024-07-27 08:15:00'"}","{'"2024-07-27 09:30:00'"}",167.0,-23.45,-67.0,GA8613E,PP,"",STANDARD,9,300,40/40,Arjie Galgo,Julius Fundano,"{'"W8'": 0.030000000000000002, '"G22'": 0.168, '"L37'": 3.0, '"Y118'": 1.8, '"PP7 POWDER'": 29.997500000000002}","{180,200,180,180,180,180,180,180,180,180,180,180}",120,{58.45},46.76,91886,35.0,"{8646AK,8647AK}",,,5,2024-11-05,2024-07-27 08:15:00,2024-07-27 09:30:00
310,8,100,98.5000,"PREMIER CREATIVE PACKAGING, INC.",15432,GA14397E,39458,2.0,"{'"2024-07-31 05:20:00'",'"2024-07-31 06:00:00'"}","{'"2024-07-31 06:00:00'",'"2024-07-31 07:20:00'"}",98.5,1.5,1.5,GA14271E,LDPE(HMI),KONTI LANG BUMABAGSAK,STD,18,400,40/40,Arjie Galgo,Julius Fundano,"{'"C19'": 0.06, '"G39'": 6.0, '"L37'": 3.5, '"L38'": 5.0, '"W33'": 1.7, '"B107'": 0.5, '"K907'": 42.54, '"LL12'": 35.0, '"Y119'": 5.7}","{170,170,170,170,160,160,160,160,160,160,150,150}",120,"{28,70.5}",49.25,91960,100.0,{8836AK-8837AK},,,11,2024-11-05,2024-07-31 05:20:00,2024-07-31 07:20:00
451,5,250,247.0000,MAXEY DEVELOPMENT CORPORATION,15502,BA15197E,39584,3.0,"{'"2024-08-22 15:00:00'"}","{'"2024-08-22 18:00:00'"}",98.8,3.0,1.2,BA2091E,LDPE(HMI),"",STANDARD,20,340,60/60,Edsel Mangarin,Julius Fundano,"{'"L28'": 12.5, '"L37'": 8.75, '"V50'": 0.325, '"W33'": 50.0, '"B107'": 10.0, '"K907'": 80.925, '"LL12'": 87.5}","{170,170,170,170,170,170,160,160,160,150,150}",120,{247},82.3333,92342,250.0,{9749AK-9753AK},,,9,2024-11-09,2024-08-22 15:00:00,2024-08-22 18:00:00
452,5,250,257.6000,CEBU HIQ MANUFACTURING CORPORATION,15498,BA2091E,39574,3.5,"{'"2024-08-22 20:00:00'"}","{'"2024-08-22 23:30:00'"}",99.0769,2.4,0.9231,BA16168E,LDPE(HMI),"",STANDARD,250,400,60/60,Roselie Mapandi,Julius Fundano,"{'"W8'": 4.42, '"L28'": 13.0, '"L37'": 9.1, '"LB2'": 39.0, '"LL6'": 121.264, '"B107'": 0.416, '"B108'": 33.8, '"K907'": 39.0}","{170,170,150,130,160,160,160,150,150,150,150}",120,{257.6},73.6,92368,260.0,"{9790AK-9793AK,9794AK,9795AK}",,,10,2024-11-09,2024-08-22 20:00:00,2024-08-22 23:30:00
158,8,250,252.5800,EVERGOOD PLASTIC INDUSTRY INC.,15638,KA4595E,39855,3.25,"{'"2024-10-16 05:20:00'",'"2024-10-16 06:00:00'"}","{'"2024-10-16 06:00:00'",'"2024-10-16 08:35:00'"}",98.2802,4.42,1.7198,GA13854E,LDPE(HMI),VACUUM ON,STANDARD,12,300,40/40,Arjie Galgo,Julius Fundano,"{'"L28'": 7.71, '"L37'": 7.71, '"V50'": 0.1285, '"K907'": 85.06700000000001, '"LL31'": 154.2, '"R115'": 0.6425, '"R119'": 1.5419999999999998}","{170,170,170,170,160,160,160,160,150,150,150,150}",115,"{50,202.58}",77.7169,93303,257.0,"{2316AL-2319AL,2320AL,2321AL}",,,9,2024-10-25,2000-01-01 00:00:00,2000-01-01 00:00:00
85,3,100,94.1700,SAN MIGUEL YAMAMURA PACKAGING CORPORATION,15231,CA8905E,38989,2.67,"{'"2024-05-03 11:20:00'"}","{'"2024-05-03 14:00:00'"}",94.17,5.83,5.83,CA1578E,LDPE(HMI),"",STANDARD,3.4,9,40,Arnel Rosario,Julius Fundano,"{'"J5'": 10.0, '"C19'": 4.6, '"C30'": 45.0, '"L14'": 2.8, '"LB1'": 15.0, '"K910'": 15.0, '"LL31'": 7.6}","{150,150,150,150,150,95,125}",60,{94.17},35.2697,90706,100,{5090AK-5091AK},,,5,2024-10-15,,
86,3,250,254.1000,"EVEREST PLASTIC CONTAINERS IND., INC.",15249,CA1578E,39009,4.22,"{'"2024-05-03 16:35:00'",'"2024-05-03 18:00:00'"}","{'"2024-05-03 18:00:00'",'"2024-05-03 20:48:00'"}",98.4731,3.94,1.5269,KA2871E,LDPE(HMI),"",STANDARD,8.3,25,40/40,Arnel Rosario,Julius Fundano,"{'"C19'": 25.5, '"L14'": 8.925, '"L38'": 12.75, '"LL6'": 114.75, '"K910'": 93.075, '"15-1624AK'": 3.04}","{150,140,140,150,150,150,150}",122,"{80,174.1}",60.2133,90766,258.04,"{5346AK-5349AK,5351AK,5350AK}",,,8,2024-10-15,,
168,8,725,710.1000,Everbright Net & Twine,15232,BA4140E,39118,10.33,"{'"2024-05-24 19:00:00'",'"2024-05-25 06:10:00'",'"2024-05-25 13:00:00'"}","{'"2024-05-24 22:00:00'",'"2024-05-25 13:00:00'",'"2024-05-25 13:30:00'"}",97.9448,14.9,2.0552,BA12013E,LDPE(HMI),"**LMI w/ DIESEL
**Matagal ang linis dahil makapit ang kulay ng BA4140E",STANDARD,18,380,60/60,Arjie Galgo,Julius Fundano,"{'"L14'": 29.0, '"L38'": 29.0, '"LB2'": 108.75, '"LL6'": 352.64, '"V40'": 1.305, '"V42'": 1.305, '"B106'": 15.225, '"B107'": 115.275, '"K910'": 72.5}","{180,180,180,170,170,160,160,160,160,160,180,180}",140,"{204,472,34.1}",68.7415,91006,725.0,{6113AK-6141AK},,,18,2024-10-26,2024-05-24 19:00:00,2024-05-25 13:30:00
169,8,60,59.0000,"PREMIER CREATIVE PACKAGING, INC.",15282,BA16168E,39092,0.83,"{'"2024-05-24 16:40:00'"}","{'"2024-05-24 17:30:00'"}",98.3333,1.0,1.6667,BA4140E,LDPE(HMI),"",STANDARD,8,300,40/40,Arjie Galgo,Julius Fundano,"{'"C19'": 0.006, '"L14'": 3.0, '"L38'": 3.0, '"LL6'": 21.0, '"W33'": 12.0, '"B101'": 0.51, '"B107'": 0.084, '"K910'": 20.4}","{170,170,170,170,160,160,160,160,160,180,180,180}",90,{59},71.0843,90996,60.0,"{6040AK,6041AK}",,,6,2024-10-26,2024-05-24 16:40:00,2024-05-24 17:30:00
170,8,100,100.0000,"PREMIER CREATIVE PACKAGING, INC.",15281,BA16168E,39092,1.42,"{'"2024-05-24 15:15:00'"}","{'"2024-05-24 16:40:00'"}",100.0,0.0,0.0,40/40,LDPE(HMI),"",STANDARD,8,300,40/40,Arjie Galgo,Julius Fundano,"{'"B78'": 0.14, '"C19'": 0.01, '"L14'": 5.0, '"L38'": 5.0, '"LL6'": 35.0, '"W33'": 20.0, '"B101'": 0.85, '"K910'": 34.0}","{170,170,170,170,160,160,160,160,160,180,180,180}",0,{100},70.4225,90994,100.0,{6038AK-6039AK},,,0,2024-10-26,2024-05-24 15:15:00,2024-05-24 16:40:00
171,8,198.74,198.2700,"PREMIER CREATIVE PACKAGING, INC.",0,BA16168E,39092,2.75,"{'"2024-05-24 12:30:00'",'"2024-05-24 13:00:00'"}","{'"2024-05-24 13:00:00'",'"2024-05-24 15:15:00'"}",99.7585,0.48,0.2415,BA16168E,LDPE(HMI),"",STANDARD,8,300,40/40,Aldrin Villacrusis,Julius Fundano,"{'"C19'": 0.019823, '"L38'": 0.495575, '"5996AK(1-6)'": 150.0, '"5996AK(7-8)'": 48.23}","{170,170,170,170,160,160,160,160,160,180,180,180}",0,"{35,163.27}",72.0982,90993,198.75,"{6034AK-6036AK,6037AK}",,,0,2024-10-26,2024-05-24 12:30:00,2024-05-24 15:15:00
172,8,78,77.5500,"EVEREST PLASTIC CONTAINERS IND., INC.",0,MA4737E,39090,1.5,"{'"2024-05-24 09:10:00'"}","{'"2024-05-24 10:40:00'"}",99.4231,0.45,0.5769,BA16188E,LDPE(HMI),"",STANDARD,8,280,40/40,Aldrin Villacrusis,Julius Fundano,"{'"C19'": 0.0165, '"L38'": 0.1125, '"LL31'": 2.8725, '"5956AK-5958AK'": 75.0}","{160,160,160,160,160,160,160,160,150,150,150,150}",110,{77.55},51.7,90991,78.0,{6031AK-6033AK},,,8,2024-10-28,2024-05-24 09:10:00,2024-05-24 10:40:00
453,5,125,134.5800,"PREMIER CREATIVE PACKAGING, INC.",15501,BA16168E,39583,1.5,"{'"2024-08-22 01:30:00'"}","{'"2024-08-22 03:00:00'"}",99.6889,0.42,0.3111,BA14304E,LDPE(HMI),"",STANDARD,25,400,40/40,Roselie Mapandi,Julius Fundano,"{'"C19'": 0.0085, '"L28'": 4.25, '"L37'": 4.25, '"LL6'": 29.75, '"W33'": 17.0, '"B101'": 0.3445, '"B107'": 0.11900000000000001, '"K907'": 28.883, '"6490AK(3,5)'": 50.0}","{170,170,170,170,170,170,160,160,160,150,150}",60,{134.58},89.72,92338,135,"{9741AK-9742AK,9743AK}",,,33,2024-11-09,2024-08-22 01:30:00,2025-08-22 03:00:00
555,8,150,159.5500,"EVEREST PLASTIC CONTAINERS IND., INC.",0,OA8984E,39519,2.08,"{'"2024-08-16 07:05:00'"}","{'"2024-08-16 09:10:00'"}",99.6814,0.51,0.3186,GA17119E,LDPE(HMI),"",STANDARD,10,280,40/40,Aldrin Villacrusis,Julius Fundano,"{'"L37'": 0.266858, '"L38'": 0.381225, '"LL6'": 2.668575, '"O60'": 0.487968, '"W33'": 0.76245, '"K907'": 3.004053, '"9208AK-9210AK'": 152.49}","{170,170,170,170,160,160,160,160,160,160,150,150}",110,{159.55},76.7067,92292,160.06,{9593AK-9595AK},,,13,2024-11-14,2024-08-16 07:05:00,2024-08-16 09:10:00
580,8,150,159.3000,EVERGOOD PLASTIC INDUSTRY INC.,0,DA5176E,39564,2.75,"{'"2024-08-28 02:15:00'"}","{'"2024-08-28 05:00:00'"}",99.308,1.11,0.692,WA3827E,LDPE(HMI),03:00-04:00 STANDBY FOR BREAKTIME,STANDARD,10,350,40/40,Aldrin Villacrusis,Julius Fundano,"{'"W8'": 0.757834, '"L28'": 0.5, '"L38'": 0.2849, '"Y98'": 0.184564, '"LL31'": 1.703702, '"9588AK-9589AK'": 100.0, '"9590AK-9591AK'": 56.98}","{170,170,170,170,160,160,160,160,150,150,150,150}",90,{159.3},57.9273,92401,160.41,"{9893AK-9894AK,9895AK-9896AK}",,,7,2024-11-15,2024-08-28 02:15:00,2024-08-28 05:00:00
294,8,125,132.1500,"EVEREST PLASTIC CONTAINERS IND., INC.",15209,OA8984E,39325,2.08,"{'"2024-07-08 17:40:00'"}","{'"2024-07-08 19:45:00'"}",98.3405,2.23,1.6595,GA6607E,LDPE(HMI),"1. OVER FLOW ON FEEDER
2. RPM - 400-430 @ FEEDRATE - 12-10.5",STANDARD,10.5,430,40/40,Aldrin Villacrusis,Julius Fundano,"{'"L14'": 4.48, '"L38'": 6.4, '"LL6'": 44.8, '"O56'": 8.128, '"W33'": 12.8, '"K910'": 50.432, '"R130'": 0.96, '"FG-5873AK'": 6.38}","{180,180,170,170,170,170,170,170,170,170,150,150}",120,{132.15},63.5337,91576,134.38,"{7719AK-7720AK,7721AK}",,,11,2024-11-05,2024-07-08 17:40:00,2024-07-08 19:45:00
458,3,325,326.0000,EASTERN INTERNATIONAL PLASTIC PACKAGING CORPORATION,15377,SA7726E,39459,5.75,"{'"2024-08-01 08:00:00'"}","{'"2024-08-01 13:45:00'"}",97.3134,9.0,2.6866,BA7924E,LDPE(HMI),"HINDI MABILISAN, UMAAPAW SA FEEDER PORT/ VACUUM PORT",STANDARD,6,24,40/40,Edsel Mangarin,Julius Fundano,"{'"C19'": 0.8039999999999999, '"L37'": 11.725, '"L38'": 16.75, '"T22'": 18.425, '"B107'": 0.11725, '"K907'": 169.92875, '"LL12'": 117.25}","{160,120,130,130,120,140,150}",90,{326},56.6957,91944,335.0,"{8784AK-8789AK,8790AK}",,,8,2024-11-11,2024-08-01 08:00:00,2024-08-01 13:45:00
459,3,5300,5252.4500,SAN MIGUEL YAMAMURA PACKAGING CORPORATION,15470,RA12739E,39532,77.75,"{'"2024-08-10 11:30:00'",'"2024-08-10 18:00:00'",'"2024-08-12 07:00:00'",'"2024-08-12 18:00:00'",'"2024-08-13 06:00:00'",'"2024-08-13 18:00:00'",'"2024-08-14 06:00:00'"}","{'"2024-08-10 18:00:00'",'"2024-08-11 06:00:00'",'"2024-08-12 18:00:00'",'"2024-08-13 06:00:00'",'"2024-08-13 18:00:00'",'"2024-08-14 06:00:00'",'"2024-08-14 18:15:00'"}",99.1028,47.55,0.8972,RA7886E,LDPE(HMI),"",STANDARD,10,28,40/40,Arnel Rosario,Julius Fundano,"{'"L28'": 106.0, '"L37'": 424.0, '"LL6'": 1855.0, '"V50'": 26.5, '"K907'": 2559.9, '"R122'": 116.6, '"R129'": 212.0}","{160,130,130,150,150,150,160}",95,"{450,775,775,775,845,770,862.45}",67.5556,92193,5300.0,{9211AK-9316AK},,,10,2024-11-11,2024-08-10 11:30:00,2024-08-14 18:15:00
295,8,75,79.6700,"EVEREST PLASTIC CONTAINERS IND., INC.",0,BA9159E,39300,1.0,"{'"2024-07-09 15:00:00'"}","{'"2024-07-09 16:00:00'"}",99.5875,0.33,0.4125,YA12128E,LDPE(HMI),"",STANDARD,12,380,40/40,Arnel Rosario,Julius Fundano,"{'"B78'": 0.04, '"L14'": 0.704, '"L38'": 1.0, '"W35'": 0.8, '"K910'": 10.456, '"LL12'": 7.0, '"3205AJ'": 24.0, '"7324AK'": 36.0}","{170,170,170,170,160,160,160,150,150,150,160,160}",0,{79.67},79.67,91591,80.0,"{7772AK,7773AK}",,,7,2024-11-05,2024-07-09 15:00:00,2024-07-09 16:00:00
315,8,50,56.0000,"ZELLER PLASTIK PHILIPPINES, INC.",15340,BA4520E,39338,1.0,"{'"2024-07-08 07:45:00'"}","{'"2024-07-08 08:45:00'"}",169.7484,-23.01,-69.7484,NO PURGING,LDPE(HMI),"",STANDARD,8,260,40/40,Edsel Mangarin,Julius Fundano,"{'"B37'": 0.1276, '"L14'": 1.74, '"L38'": 1.74, '"B106'": 0.1392, '"K907'": 5.8, '"PP14 POWDER'": 23.445}","{200,200,180,180,180,180,180,180,180,180,200,200}",90,{56},56.0,91554,32.99,"{7625AK,7626AK}",,,8,2024-11-06,2024-07-08 07:45:00,2024-07-08 08:45:00
316,8,250,299.8100,"PHIL-TOP INDUSTRIES, INC.",0,BA14304E,39268,4.92,"{'"2024-07-07 00:40:00'"}","{'"2024-07-07 05:35:00'"}",99.9367,0.19,0.0633,BA4520E,LDPE(HMI),"",STANDARD,10,380,40/40,Arjie Galgo,Julius Fundano,"{'"G39'": 0.048, '"L14'": 1.5, '"L38'": 1.5, '"LL31'": 26.952, '"7403AK-7408AK'": 270.0}","{180,180,180,170,170,170,160,160,160,160,160,160}",25,{299.81},60.937,91589,300.0,{7766AK-7771AK},,,9,2024-11-06,2024-07-07 00:40:00,2024-07-07 05:35:00
317,5,1500,1483.5400,"PREMIER CREATIVE PACKAGING, INC.",15175,WA13000E,39342,17.75,"{'"2024-07-06 19:00:00'",'"2024-07-08 06:40:00'",'"2024-07-08 13:00:00'"}","{'"2024-07-06 22:00:00'",'"2024-07-08 13:00:00'",'"2024-07-08 21:25:00'"}",98.9027,16.46,1.0973,WA11678E,LDPE(HMI),"",STANDARD,10,380,40/40,Roselie Mapandi,Julius Fundano,"{'"B81'": 0.45, '"L14'": 30.0, '"L38'": 30.0, '"LL6'": 375.0, '"W33'": 570.0, '"K910'": 494.55}","{170,170,170,170,160,160,160,160,160,150,150,150}",120,"{252,525,706.54}",83.5797,91579,1500.0,{7726AK-7740AK},,,7,2024-11-06,2024-07-06 19:00:00,2024-07-08 21:25:00
318,8,500,662.0000,EASTERN INTERNATIONAL PLASTIC PACKAGING CORPORATION,15214,VA4086E,39310,9.17,"{'"2024-07-03 09:50:00'",'"2024-07-03 13:00:00'"}","{'"2024-07-03 13:00:00'",'"2024-07-03 19:00:00'"}",98.0741,13.0,1.9259,BA15494E,LDPE(HMI),"",STANDARD,12,280,40/40,Roselie Mapandi,Julius Fundano,"{'"W8'": 11.88, '"L14'": 27.0, '"LL6'": 207.792, '"V50'": 22.68, '"B106'": 0.648, '"FM27'": 54.0, '"K910'": 216.0, '"0150AJ,0340AJ'": 135.0}","{180,180,170,170,170,170,160,160,160,160,170,170}",120,"{227,435}",72.1919,91510,675.0,{7518AK-7544AK},,,8,2024-11-06,2024-07-03 09:50:00,2024-07-03 19:00:00
454,3,350,359.1000,Amazon Mfg. Corp.,15436,BA7924E,39437,5.0,"{'"2024-08-01 15:15:00'",'"2024-08-01 20:00:00'"}","{'"2024-08-01 18:00:00'",'"2024-08-01 22:15:00'"}",98.3836,5.9,1.6164,BA7924E,LDPE(HMI),"",STANDARD,8.5,30,40/40,Edsel Mangarin,Julius Fundano,"{'"L37'": 12.775, '"L38'": 18.25, '"LB2'": 54.75, '"W33'": 16.352, '"B107'": 1.46, '"B108'": 37.96, '"K907'": 150.453, '"LL48 POWDER'": 73.0}","{170,150,130,140,140,150,170}",0,"{190,169.1}",71.82,91983,365.0,"{8850AK-8856AK,8857AK}",,,0,2024-11-11,2024-08-01 15:15:00,2024-08-01 22:15:00
455,3,305.57,302.5700,Amazon Mfg. Corp.,0,BA7924E,39437,5.42,"{'"2024-08-01 22:15:00'"}","{'"2024-08-02 03:40:00'"}",99.1123,2.71,0.8877,BA17039E,LDPE(HMI),"",STANDARD,8.5,28,40/40,Arnel Rosario,Julius Fundano,"{'"L37'": 2.13696, '"L38'": 3.0528, '"B107'": 0.30528, '"K907'": 24.4224, '"8655AK'": 44.22, '"LL48 POWDER'": 31.13856, '"8651AK-8654AK'": 200.0}","{150,130,130,140,140,150,150}",90,{302.57},55.8247,91985,305.28,"{8858AK-8862AK,8863AK}",,,6,2024-11-11,2024-08-01 22:15:00,2024-08-02 03:40:00
456,3,160,156.0000,"ROWELL LITHOGRAPHY & METAL CLOSURE, INC.",15441,BA17039E,6458,4.67,"{'"2024-08-02 05:10:00'",'"2024-08-02 06:00:00'"}","{'"2024-08-02 06:00:00'",'"2024-08-02 09:50:00'"}",97.5,4.0,2.5,TA15569E,LDPE(HMI),"HINDI MABILISAN, PANGIT ANG PUTOL MAY MAHAHABA",STANDARD,30,30,60/60,Arnel Rosario,Julius Fundano,"{'"G39'": 0.24, '"B107'": 0.96, '"LL38'": 158.8}","{150,150,150,150,140,130,130}",120,"{40,116}",33.4047,92025,160.0,"{8866AK,8867AK,8951AK-8954AK}",,,13,2024-11-11,2024-08-02 05:10:00,2024-08-02 09:50:00
457,3,50,63.3000,"PHIL-TOP INDUSTRIES, INC.",0,TA15569E,39457,2207.0,"{'"2024-08-02 11:50:00'"}","{'"2024-05-02 12:50:00'"}",95.3313,3.1,4.6687,CA8905E,LDPE(HMI),"",STANDARD,12,30,40/40,Arnel Rosario,Julius Fundano,"{'"C19'": 0.0332, '"L37'": 0.57768, '"L38'": 0.83, '"W33'": 2.656, '"K907'": 6.64, '"LL12'": 5.86312, '"8780AK'": 49.8}","{170,140,140,140,140,150,150}",120,{63.3},0.0287,92022,66.4,"{8949AK,8950AK}",,,12,2024-11-11,2024-08-02 11:50:00,2024-08-02 12:50:00
277,8,50,103.3400,"GLOBAL KONTEINER MANUFACTURING, INC.",12514,GA8074E,39399,1.25,"{'"2024-07-31 01:35:00'"}","{'"2024-07-31 02:50:00'"}",98.419,1.66,1.581,GA14397E,LDPE(HMI),BREAKTIME - 03:00-04:00,STANDARD,12,400,40/40,Arjie Galgo,Julius Fundano,"{'"W8'": 2.1, '"G22'": 0.798, '"L28'": 8.4, '"L37'": 8.4, '"K907'": 46.872, '"LL12'": 36.75, '"Y117'": 1.6800000000000002}","{170,170,170,170,160,160,160,160,160,150,150,150}",80,{103.34},82.672,91975,105.0,"{8843AK,8844AK}",,,4,2024-11-05,2024-07-31 01:35:00,2024-07-31 02:50:00
276,8,250,254.0000,EASTERN INTERNATIONAL PLASTIC PACKAGING CORPORATION,12514,GA8074E,39452,3.08,"{'"2024-07-30 22:30:00'"}","{'"2024-07-31 01:35:00'"}",99.6078,1.0,0.3922,GA8074E,LDPE(HMI),"",STANDARD,12,300,40/40,Arjie Galgo,Julius Fundano,"{'"W8'": 5.1, '"G22'": 1.938, '"L28'": 20.4, '"L37'": 20.4, '"K907'": 113.832, '"LL12'": 89.25, '"Y117'": 4.08}","{170,170,170,170,160,160,160,160,160,150,150,150}",60,{254},82.4675,91965,255.0,"{8775AK-8778AK,8779AK}",,,0,2024-11-05,2024-07-30 22:30:00,2024-07-31 01:35:00
279,8,250,239.2300,In House,15347,WA3827E,39441,3.75,"{'"2024-07-29 17:15:00'",'"2024-07-29 18:00:00'"}","{'"2024-07-29 18:00:00'",'"2024-07-29 21:00:00'"}",95.692,10.77,4.308,DA16760E,LDPE(HMI),"1. HINDI NABAGSAK ANG COMPOUNDED
2. OVER FLOW ON FEEDER
3. CHANGE F-RATE - 8.5-7.2 @ RPM - 350-410",STANDARD,7.2,410,40/40,Aldrin Villacrusis,Julius Fundano,"{'"B81'": 0.125, '"L37'": 5.0, '"W33'": 37.5, '"B101'": 0.875, '"K907'": 104.0, '"LL48'": 51.25, '"LL48 POWDER'": 51.25}","{200,200,200,200,180,180,180,180,180,180,180,180}",110,"{48,191.23}",63.7947,91878,250.0,"{8605AK-8606AK,8607AK}",,,9,2024-11-05,2024-07-29 17:15:00,2024-07-29 21:00:00
280,8,55,54.1100,"PHIL-TOP INDUSTRIES, INC.",15430,GA16968E,39455,0.93,"{'"2024-07-30 03:54:00'"}","{'"2024-07-30 04:50:00'"}",98.3818,0.89,1.6182,BA17051E,LDPE(HMI),STAND BY FOR BREAKTIME 02:00-03:00,STANDARD,9,300,40/40,Arjie Galgo,Julius Fundano,"{'"G39'": 0.0715, '"L37'": 2.75, '"L38'": 2.75, '"W35'": 11.0, '"Y98'": 0.11, '"B108'": 0.66, '"K907'": 18.4085, '"LL12'": 19.25}","{170,170,170,170,170,170,160,160,160,160,150,150}",705,{54.11},58.1828,91945,55.0,{8791AK},,,7,2024-11-05,2024-07-30 03:54:00,2024-07-31 04:50:00
319,8,25,28.8100,"ZELLER PLASTIK PHILIPPINES, INC.",14262,YA3504E,39252,0.58,"{'"2024-07-02 12:45:00'"}","{'"2024-07-02 13:20:00'"}",96.0333,1.19,3.9667,TA11781E,LDPE(HMI),"",STANDARD,10,280,40/40,Aldrin Villacrusis,Julius Fundano,"{'"W8'": 3.15, '"L19'": 0.9, '"L28'": 0.9, '"O57'": 0.039, '"PP4'": 17.721, '"Y98'": 1.29, '"K907'": 6.0}","{200,200,180,180,180,180,180,180,180,180,190,190}",90,{28.81},49.6724,91503,30.0,{7513AK},,,9,2024-11-06,2024-07-02 12:45:00,2024-07-02 13:20:00
323,3,550,555.1900,H&E MANUFACTURING CORPORATION,15418,OA2469E,39451,7.88,"{'"2024-07-30 20:37:00'"}","{'"2024-07-31 04:30:00'"}",98.8586,6.41,1.1414,BA7924E,LDPE(HMI),"1. CHANGE FEDERATE - 15/12; RPM - 28
2. OVER FLOW ON VENT PORT
3. 01:00 STANDBY FOR BREAKTIME",STANDARD,12,28,40/40,Arnel Rosario,Julius Fundano,"{'"L37'": 19.495, '"L38'": 27.85, '"O46'": 76.08619999999999, '"W33'": 18.5481, '"K907'": 147.66070000000002, '"LL12'": 194.95, '"Y122'": 72.41, '"FG-9-6389AK'": 4.6}","{150,130,130,150,150,150,150}",120,{555.19},70.4556,91936,561.6,"{8763AK-8773AK,8774AK}",,,13,2024-11-06,2024-07-30 20:37:00,2024-07-31 04:30:00
324,5,25,26.8000,"GLOBAL COMPAK, INC.",15442,WA2123E,39444,0.42,"{'"2024-07-31 12:35:00'"}","{'"2024-07-31 13:00:00'"}",89.3333,3.2,10.6667,NO PURGING,LDPE(HMI),"",STANDARD,10,300,60/60,Edsel Mangarin,Julius Fundano,"{'"W8'": 15.0, '"AO8'": 0.03, '"AO9'": 0.03, '"L37'": 0.6, '"L38'": 0.6, '"K907'": 3.0, '"PP11'": 10.74}","{180,200,180,180,180,180,180,180,180,180}",0,{26.8},63.8095,92000,30.0,{8849AK},,,0,2024-11-06,2024-07-31 12:35:00,2024-07-31 13:00:00
325,5,100,108.4000,SANICON MANUFACTURING CORP.,15422,WA16299E,39453,1.5,"{'"2024-07-31 06:00:00'"}","{'"2024-07-31 07:30:00'"}",98.4381,1.72,1.5619,WA2123E,LDPE(HMI),07/31/2024 WAITING FOR COMPOUNDED,STANDARD,10,380,40/40,Edsel Mangarin,Julius Fundano,"{'"B81'": 0.0388, '"L37'": 4.85, '"L38'": 4.85, '"LL6'": 33.95, '"W33'": 16.49, '"K910'": 36.8212, '"6354AK'": 7.96, '"FG-7202AK'": 5.16}","{180,180,170,170,170,170,160,160,160,180,180}",90,{108.4},72.2667,91940,110.12,{8781AK},,,6,2024-11-06,2024-07-31 06:00:00,2024-07-31 07:30:00
3,1,50,53.3600,"PHIL-TOP INDUSTRIES, INC.",0,TA16761E,39125,2,"{'"2024-06-01 07:00:00'"}","{'"2024-06-01 09:00:00'"}",99.2744,0.39,0.7256,DA5176E,LDPE(HMI),"",STANDARD,80,400,40/40,NONOY,JULIUS,"{'"C19'": 0.02412, '"L38'": 0.134, '"6245AK-6246AK'": 53.6}","{120,140,150,150,150,150,150,150,140,140}",60,{53.36},26.68,91135,53.75,{6408AK},,,,,,
5,3,250,247.4200,EVERGOOD PLASTIC INDUSTRY INC.,15393,KA4595E,39410,3.83,"{'"2024-08-10 06:00:00'"}","{'"2024-08-10 09:50:00'"}",98.968,2.58,1.032,RA12739E,LDPE(HMI),"",STANDARD,8,25,40/40,ARNEL ROSARIO,JULLIUS FUNDANO,"{'"L37'": 6.0, '"L38'": 6.0, '"V50'": 0.1, '"K907'": 66.2, '"LL31'": 120.0, '"R119'": 1.2, '"R129'": 0.5}","{150,130,130,140,140,150,150}",100,{247.42},64.6005,91810,250,{8200AK-8203AK},,,,,,
278,8,200,207.0000,"PHIL-TOP INDUSTRIES, INC.",15416,DA16760E,39447,2.53,"{'"2024-07-29 22:50:00'"}","{'"2024-07-30 01:22:00'"}",99.2615,1.54,0.7385,GA16968E,LDPE(HMI),"",STANDARD,10,300,40/40,Arjie Galgo,Julius Fundano,"{'"C19'": 0.34509999999999996, '"I24'": 1.218, '"L37'": 10.15, '"L38'": 10.15, '"W35'": 44.66, '"Y98'": 1.0150000000000001, '"K907'": 64.4119, '"LL12'": 71.05, '"FG-6424AK'": 5.54}","{170,170,170,170,160,160,160,160,150,150,150,150}",152,{207},81.8182,91912,208.54,"{8707AK-8709AK,8710AK,8711AK}",,,7,2024-11-05,2024-07-29 22:50:00,2024-07-29 01:22:00
17,5,175,197.0600,"GLOBAL COMPAK, INC.",15465,WA13400E,39438,2.75,"{'"2024-08-09 08:55:00'"}","{'"2024-08-09 11:40:00'"}",98.53,2.94,1.47,WA3827E,LDPE(HMI),"",STANDARD,20,380,40/40,ARNEL ROSARIO,JULLIUS FORDANO,"{'"B81'": 0.05, '"L37'": 2.0, '"L38'": 2.0, '"W35'": 47.0, '"K907'": 23.95, '"LL12'": 25.0, '"8656AK'": 100.0}","{170,170,170,170,170,180,180,180,150,160,160}",165,{197.06},71.6582,92176,200,{9328AK-9329AK},,,,,,
19,5,175,171.5200,"STAR PLASTIC PRODUCTS, INC.",15455,WA13183E,39518,2.25,"{'"2024-08-07 07:20:00'"}","{'"2024-08-07 09:35:00'"}",98.0114,3.48,1.9886,WA17108E,LDPE(HMI),"",STANDARD,8,280,40/40,NONOY,JULIUS,"{'"B81'": 0.525, '"L37'": 3.5, '"L38'": 3.5, '"W33'": 38.5, '"K907'": 81.725, '"LL12'": 47.25}","{150,150,150,150,150,130,130}",85,{171.52},76.2311,92094,175,"{8834AK,8835AK}",,,,,,
9,8,100,102.0800,In House,0,GA4952E,39533,2,"{'"2024-08-10 12:00:00'"}","{'"2024-08-10 14:00:00'"}",98.9147,103.2,100,IA16062E,LDPE(HMI),Nagpuputol kapag mababa ang RPM 300-350 rate 7,STANDARD,13,380,40/40,ARJIE GALGO,JULLIUS FORDANO,"{'"6486AK'": 25.8, '"6487AK'": 25.8, '"6488AK'": 25.8, '"6489AK'": 25.8}","{180,180,180,180,180,180,180,180,180,180,180,180}",120,{102.08},51.04,92174,103.2,{9326AK},,,,,,
13,8,550,555.0000,CYBERMANN INDUSTRIAL CORPORATION,15457,MA7758E,39522,9.17,"{'"2024-08-08 06:30:00'",'"2024-08-08 13:30:00'"}","{'"2024-08-08 13:00:00'",'"2024-08-08 16:10:00'"}",98.8776,6.3,1.1224,MA7758E,PP,"",STANDARD,11,300,40/40,ARJIE GALGO & ALDRIN VILLACRUSIS,JULLIUS FORDANO,"{'"C19'": 1.008, '"L28'": 28.0, '"L37'": 19.6, '"O55'": 0.56, '"P26'": 36.4, '"P28'": 72.8, '"Y98'": 16.8, '"K907'": 56.0, '"QCEXCESS'": 1.3, '"PP6 POWDER'": 328.832}","{180,200,180,180,180,180,180,180,180,180,180,180}",0,"{373,182}",60.5234,92121,561.3,"{9041AK-9061AK,9062AK}",,,,,,
31,1,219.8,218.4000,EVERGOOD PLASTIC INDUSTRY INC.,0,DA7892E,39108,8.83,"{'"2024-05-28 08:00:00'",'"2024-05-28 13:00:00'"}","{'"2024-05-28 13:00:00'",'"2024-05-28 16:50:00'"}",99.3631,219.8,100,KA8595E,LDPE(HMI),LAGI NAGPUPUTOL PAG MABILIS ANG FEED RATE - RPM CHANGE FEED RATE 80-70 RPM 400-200-180 CHANGE SETTINGS,STANDARD,70,180,40/40,ARJIE GALGO & ALDRIN VILLACRUSIS,-,"{'"W8'": 3.74, '"C19'": 0.0264, '"L14'": 0.66, '"L38'": 0.99, '"Y98'": 1.76, '"K910'": 7.7, '"LL31'": 4.9236, '"6020AK-6023AK'": 200.0}","{120,140,140,140,140,140,140,140,140,140}",100,"{123,95.4}",24.7339,91062,219.8,{6270AK-6273AK},,,,,,
14,3,500,493.2000,EASTERN INTERNATIONAL PLASTIC PACKAGING CORPORATION,15464,VA4086E,39525,6.67,"{'"2024-08-08 08:00:00'",'"2024-08-09 03:20:00'"}","{'"2024-08-08 13:00:00'",'"2024-08-09 05:00:00'"}",98.64,6.8,1.36,KA14303E,LDPE(HMI),"",STANDARD,9.5,25,40/40,JOEL MIRAS,JULLIUS FORDANO,"{'"W8'": 8.8, '"L37'": 20.0, '"LL6'": 153.92, '"V50'": 16.8, '"B106'": 0.48, '"FM27'": 40.0, '"K907'": 160.0, '"0347AJ-0351AJ'": 100.0}","{150,150,130,140,140,150,150}",120,"{406,87.2}",73.943,92143,500,{9021AK-9040AK},,,,,,
16,8,5,2.6800,EIGHT CUBE SALES CENTER INC.,14431,IA16062E,39470,0.25,"{'"2024-08-09 16:25:00'"}","{'"2024-08-09 16:40:00'"}",53.6,2.32,46.4,GA6246E,PET,Hindi pinabalik ang unang bagsak na oversize 1.28 ,STANDARD,10,200,60/60,ARJIE GALGO,JULLIUS FORDANO,"{'"B93'": 0.0075, '"LL5'": 4.979, '"R121'": 0.0135}","{210,220,220,220,220,220,220,220,220,230,230,150}",110,{2.68},10.72,92175,5,{9327AK},,,,,,
460,3,300,294.5800,EASTERN INTERNATIONAL PLASTIC PACKAGING CORPORATION,13187,RA7886E,39541,3.17,"{'"2024-08-13 19:50:00'"}","{'"2024-08-13 23:00:00'"}",98.1933,5.42,1.8067,KA7129E,LDPE(HMI),"1. OVER FLOW ON FEEDER PORT
2. 01:00-02:00 BREAKTIME",STANDARD,8.3,40,40/40,Arnel Rosario,Julius Fundano,"{'"C19'": 0.105, '"L28'": 15.0, '"L37'": 15.0, '"K907'": 137.895, '"LL12'": 105.0, '"R122'": 24.0, '"Y116'": 3.0}","{150,130,130,150,150,150,150}",180,{294.58},92.9274,92207,300.0,{9385AK-9390AK},,,10,2024-11-11,2024-08-13 19:50:00,2024-08-13 23:00:00
18,8,50,52.0000,PLASTIMER INDUSTRIAL CORP.,15440,GA6246E,39467,1.08,"{'"2024-08-09 18:30:00'"}","{'"2024-08-09 19:35:00'"}",94.5455,3,5.4545,GA16968E,PP,"",STANDARD,12,300,40/40,ARJIE GALGO,JULLIUS FORDANO,"{'"W8'": 2.75, '"B89'": 0.649, '"C19'": 0.033, '"G22'": 2.145, '"L28'": 2.75, '"L37'": 2.75, '"Y98'": 7.7, '"K907'": 5.5, '"PP14 POWDER'": 30.723}","{180,200,180,180,180,180,180,180,180,180,180,180}",120,{52},48.1481,92161,55,"{9104AK,9105AK}",,,,,,
461,3,50,50.8400,H&E MANUFACTURING CORPORATION,15483,KA7129E,39544,1.0,"{'"2024-08-15 02:00:00'"}","{'"2024-08-15 03:00:00'"}",95.9245,2.16,4.0755,KA3144E,PP,"",STANDARD,6.7,22,40/40,Arnel Rosario,Julius Fundano,"{'"L28'": 2.65, '"L37'": 2.65, '"V50'": 0.03869, '"K907'": 5.3, '"R119'": 0.060950000000000004, '"PP6 POWDER'": 42.30036}","{180,200,180,180,180,180,180}",90,{50.84},50.84,92243,53.0,"{9541AK,9542AK}",,,5,2024-11-11,2024-08-15 02:00:00,2024-08-15 03:00:00
10,8,50,45.6000,EIGHT CUBE SALES CENTER INC.,15474,IA16062E,39470,2,"{'"2024-08-10 16:00:00'"}","{'"2024-08-10 18:00:00'"}",91.2,4.4,8.8,YA16164E,PET,LMI w/ diesel,STANDARD,10,200,60/60,ARJIE GALGO,JULKIUS FONDANO,"{'"B93'": 0.076, '"LL5'": 49.789, '"R121'": 0.135}","{210,220,220,220,220,220,220,220,220,220,230,230}",120,{45.6},22.8,92205,50,{9382AK-9383AK},,,,,,
285,8,50,58.0600,"ZELLER PLASTIK PHILIPPINES, INC.",15405,OA3552E,39432,1.25,"{'"2024-07-27 05:30:00'",'"2024-07-27 06:00:00'"}","{'"2024-07-27 06:00:00'",'"2024-07-27 06:45:00'"}",94.7145,3.24,5.2855,GA4440E,LDPE(HMI),"",STANDARD,9,250,40/40,Aldrin Villacrusis,Julius Fundano,"{'"W8'": 1.298, '"C19'": 0.00295, '"L37'": 1.77, '"L38'": 1.77, '"O57'": 1.357, '"Y98'": 1.003, '"K910'": 11.8, '"5308AJ'": 1.0, '"9-5650AK'": 1.3, '"PP6 POWDER'": 39.99905}","{180,200,180,180,180,180,180,180,180,180,180,180}",90,"{20,38.06}",46.448,91906,61.3,"{8704AK,8705AK,8706AK}",,,5,2024-11-05,2024-07-27 05:30:00,2024-07-27 06:45:00
288,8,50,48.0000,ALPHATECH DEVELOPMENT CORPORATION,15417,BA7883E,39417,0.67,"{'"2024-07-27 23:10:00'"}","{'"2024-07-27 23:50:00'"}",96.0,2.0,4.0,BA7883E,LDPE(HMI),VACUUM ON,STANDARD,8,300,60/60,Aldrin Villacrusis,Julius Fundano,"{'"C19'": 0.002, '"G39'": 0.016, '"L37'": 2.5, '"L38'": 2.5, '"W33'": 11.7, '"B107'": 0.1, '"B108'": 1.05, '"K910'": 14.632, '"LL48 POWDER'": 17.5}","{190,190,180,180,180,180,180,180,180,180,180,180}",0,{48},71.6418,91921,50.0,{8722AK},,,0,2024-11-05,2024-07-27 23:10:00,2024-07-27 23:50:00
320,1,1000,1105.9300,21ST CENTURY MOULDINGS CORP.,15412,RA15101E,39443,17.12,"{'"2024-07-30 01:30:00'",'"2024-07-30 06:00:00'",'"2024-07-30 18:00:00'"}","{'"2024-07-30 06:00:00'",'"2024-07-30 18:00:00'",'"2024-07-30 18:37:00'"}",98.4099,17.87,1.5901,OA2469E,LDPE(HMI),"",STANDARD,10.2,29,40/40,Arnel Rosario,Julius Fundano,"{'"L37'": 39.2, '"L38'": 56.0, '"K910'": 568.176, '"LL12'": 392.0, '"R115'": 32.64, '"R117'": 24.64, '"R119'": 4.144, '"R129'": 3.2, '"FG-3-4234AK O.S'": 3.8}","{150,130,130,140,140,150,150}",120,"{240,830,35.93}",64.5987,91902,1123.8,"{8681AK-8700AK,8701AK,8702AK-8703AK}",,,9,2024-11-06,2024-07-30 01:30:00,2024-07-30 20:37:00
462,3,50,53.6400,H&E MANUFACTURING CORPORATION,15481,KA3144E,39545,1.08,"{'"2024-08-15 04:30:00'"}","{'"2024-08-15 05:35:00'"}",94.1053,3.36,5.8947,VA4086E,PP,"",STANDARD,6.7,22,40/40,Arnel Rosario,Julius Fundano,"{'"W8'": 0.399, '"L28'": 1.71, '"L37'": 1.71, '"K907'": 5.7, '"R115'": 0.01425, '"R119'": 0.1026, '"PP6 POWDER'": 47.364149999999995}","{180,200,180,180,180,180,180}",118,{53.64},49.6667,92233,57.0,"{9509AK,9510AK}",,,13,2024-11-11,2024-08-15 04:30:00,2024-08-15 05:35:00
463,3,50,47.8700,EASTERN INTERNATIONAL PLASTIC PACKAGING CORPORATION,0,VA4086E,39525,1.03,"{'"2024-08-15 07:33:00'"}","{'"2024-08-15 08:35:00'"}",93.6241,3.26,6.3759,BA13023E,LDPE(HMI),VACUUM ON,STANDARD,8,25,40/40,Joel Miras,Julius Fundano,"{'"W8'": 0.055, '"L37'": 0.125, '"LL6'": 0.95, '"B106'": 0.003, '"9025AK-9026AK'": 50.0}","{150,150,130,140,140,150,150}",88,{47.87},46.4757,92271,51.13,{9511AK-9512AK},,,15,2024-11-11,2024-08-15 07:33:00,2024-08-15 05:35:00
464,3,50,52.9800,GENSTAR MANUFACTURING CORP.,0,BA13023E,39471,0.95,"{'"2024-08-15 10:03:00'"}","{'"2024-08-15 11:00:00'"}",95.7009,2.38,4.2991,BA4140E,LDPE(HMI),"",STANDARD,8,28,40/40,Joel Miras,Julius Fundano,"{'"L37'": 0.19, '"L38'": 0.27, '"LL6'": 2.03, '"W33'": 0.22, '"B106'": 0.77, '"B107'": 0.19, '"K907'": 1.89, '"9106AK'": 49.8}","{150,150,150,140,140,150,150}",86,{52.98},55.7684,92234,55.36,{9317AK},,,15,2024-11-11,2024-08-15 10:03:00,2024-08-15 11:00:00
15,8,50,43.5700,"PHIL-TOP INDUSTRIES, INC.",0,GA16968E,39455,0.83,"{'"2024-08-09 21:35:00'"}","{'"2024-08-09 22:25:00'"}",99.2257,0.34,0.7743,OA8984E,LDPE(HMI),"",STANDARD,9,280,40/40,ALDRIN VILLACRUSIS,JULLIUS FORDANO,"{'"L38'": 0.04385, '"Y98'": 0.021925, '"8791AK'": 43.85}","{170,170,170,170,160,160,160,160,160,160,150,150}",-1330,{43.57},52.494,92164,43.91,{9107AK},,,,,,
27,3,1350,1450.0000,SAN MIGUEL YAMAMURA PACKAGING CORPORATION,0,CA8905E,39318,47.58,"{'"2024-07-20 08:00:00'",'"2024-07-22 00:20:00'",'"2024-07-23 06:20:00'",'"2024-07-23 18:20:00'",'"2024-08-02 16:10:00'",'"2024-08-02 18:00:00'",'"2024-08-03 06:00:00'"}","{'"2024-07-20 11:00:00'",'"2024-07-22 06:00:00'",'"2024-07-23 18:00:00'",'"2024-07-23 23:00:00'",'"2024-08-02 18:00:00'",'"2024-08-03 06:00:00'",'"2024-08-03 14:45:00'"}",99.4233,8.41,0.5767,CA8905E,LDPE(HMI),"Production Cut

7/23/24 - Overflow vacuum part hindi mabilisan lagi nupuputol basa ang strand",STANDARD,6,9,40,ARNEL ROSARIO,JULLIUS FORDANO,"{'"LB2'": 95.41, '"7953AK-7980AK'": 1363.0}","{150,150,150,110,110,120,130}",0,"{100,131,285,175,66,407,286}",30.475,91801,1458.41,{8453AK-8481AK},,,,,,
465,3,700,697.2500,Everbright Net & Twine,15485,BA4140E,39548,22.73,"{'"2024-08-15 12:26:00'",'"2024-08-15 18:00:00'"}","{'"2024-08-15 18:00:00'",'"2024-08-16 11:10:00'"}",98.2042,12.75,1.7958,CA8905E,LDPE(HMI),"1. change rpm - 32
2. maraming mahahabang putol
3. no over size
4. 02:00-03:00 breaktime",STANDARD,10,28,60/60,Arnel Rosario,Julius Fundano,"{'"L28'": 28.4, '"L37'": 28.4, '"LB2'": 106.5, '"LL6'": 345.344, '"V40'": 1.278, '"V42'": 1.278, '"B106'": 14.91, '"B107'": 112.89, '"K907'": 71.0}","{150,150,140,140,140,150,150}",130,"{360,337.25}",30.6753,92241,710.0,"{9513AK-9539AK,9540AK}",,,11,2024-11-11,2024-08-15 12:26:00,2024-08-16 11:10:00
466,5,5000,4949.6000,SAN MIGUEL YAMAMURA PACKAGING CORPORATION,15379,CA8905E,39531,138.5,"{'"2024-08-16 04:00:00'",'"2024-08-16 06:00:00'",'"2024-08-16 18:00:00'",'"2024-08-17 06:00:00'",'"2024-08-17 18:00:00'",'"2024-08-19 06:30:00'",'"2024-08-19 18:00:00'",'"2024-08-20 06:00:00'",'"2024-08-20 18:00:00'",'"2024-08-21 06:00:00'",'"2024-08-21 18:00:00'",'"2024-08-22 09:00:00'",'"2024-08-22 18:00:00'",'"2024-08-24 06:40:00'"}","{'"2024-08-16 06:00:00'",'"2024-08-16 18:00:00'",'"2024-08-17 06:00:00'",'"2024-08-17 18:00:00'",'"2024-08-18 06:00:00'",'"2024-08-19 18:00:00'",'"2024-08-20 06:00:00'",'"2024-08-20 18:00:00'",'"2024-08-21 06:00:00'",'"2024-08-21 18:00:00'",'"2024-08-22 00:00:00'",'"2024-08-22 18:00:00'",'"2024-08-23 06:00:00'",'"2024-08-24 08:40:00'"}",98.992,50.4,1.008,BA7861E,LDPE(HMI),"",STANDARD,3.8,9,40/40,Arnel Rosario,Julius Fundano,"{'"J5'": 500.0, '"C31'": 2250.0, '"L37'": 140.0, '"LB2'": 750.0, '"K907'": 1010.0, '"LL31'": 350.0}","{150,150,150,140,110,120,130}",980,"{74,446,407,445,405,425,407,445,407,445,225,335,407,76.6}",35.7372,92165,5000.0,{9108AK-9207AK},,,15,2024-11-11,2024-08-16 04:00:00,2024-08-24 08:40:00
467,5,300,303.4000,"PACKAGEWORLD, INC.",12883,BA15050E,39595,7.13,"{'"2024-08-30 13:20:00'",'"2024-08-30 18:00:00'"}","{'"2024-08-30 18:00:00'",'"2024-08-30 20:28:00'"}",99.4754,1.6,0.5246,BA15197E,LDPE(HMI),"13:40 START BAGGING, PANGIT ANG PUTOL",STANDARD,17,380,40/40,Edsel Mangarin,Julius Fundano,"{'"B81'": 15.25, '"LL38'": 289.75}","{160,160,160,160,150,150,150,150,150,150,150}",92,"{190,113.4}",42.5526,92434,305.0,"{0001AL-0011AL,0012AL}",,,9,2024-11-11,2024-08-30 13:20:00,2024-08-30 20:28:00
322,5,3000,2958.4600,GILVAN PACKAGING CORPORATION,15410,WA15123E,39436,33.75,"{'"2024-07-27 21:30:00'",'"2024-07-29 07:00:00'",'"2024-07-30 06:00:00'",'"2024-07-30 18:00:00'"}","{'"2024-07-28 06:00:00'",'"2024-07-29 18:00:00'",'"2024-07-30 18:00:00'",'"2024-07-30 20:15:00'"}",98.6153,41.54,1.3847,WA16299E,LDPE(HMI),02:00-03:00 Breaktime,STANDARD,10,350,60/60,Edsel Mangarin,Julius Fundano,"{'"AO8'": 3.0, '"AO9'": 3.0, '"B81'": 15.0, '"L37'": 60.0, '"W33'": 1770.0, '"LL12'": 1149.0}","{170,170,170,170,160,160,160,150,150,160,160}",105,"{675,990,1080,213.46}",87.6581,91879,3000.0,{8608AK-8637AK},,,7,2024-11-06,2024-07-27 21:30:00,2024-07-30 22:00:00
468,3,200,199.2000,SAN MIGUEL YAMAMURA PACKAGING CORPORATION,15473,RA12739E,39532,2.5,"{'"2024-08-17 20:30:00'",'"2024-08-17 21:00:00'"}","{'"2024-08-17 21:00:00'",'"2024-08-17 23:00:00'"}",99.6,0.8,0.4,YA5124E,LDPE(HMI),LMI WITH DIESEL,STANDARD,15,400,40/40,Arjie Galgo,Julius Fundano,"{'"L28'": 4.0, '"L37'": 16.0, '"LL6'": 40.0, '"V50'": 1.0, '"K907'": 96.6, '"LL52'": 30.0, '"R122'": 4.4, '"R129'": 8.0}","{170,170,170,170,160,160,160,160,160,150,150}",120,"{34,165.2}",79.68,92230,200.0,{9505AK-9508AK},,,11,2024-11-11,2024-08-17 20:30:00,2024-08-17 23:00:00
56,3,50,53.4000,Incon Industrial Corporation,15273,TA16900E,6458,1.33,"{'"2024-05-14 14:30:00'"}","{'"2024-05-14 15:50:00'"}",93.6842,3.6,6.3158,RA7886E,PP,"Hindi mapatakbo ng matulin, hindi masyado napuputol ang strand",STANDARD,30,40,40/40,Edsel Mangarin,Julius Fundano,"{'"B38'": 0.28500000000000003, '"C12'": 0.0228, '"L14'": 2.85, '"L38'": 2.85, '"P26'": 6.27, '"PP4'": 44.7222}","{180,200,180,180,180,180,180}",120,{53.4},40.1504,90891,57,"{5839AK,5840AK}",,,9,2024-08-24,,
57,3,275,274.6000,EASTERN INTERNATIONAL PLASTIC PACKAGING CORPORATION,15275,RA7886E,39069,4.3,"{'"2024-05-14 17:50:00'",'"2024-05-14 06:20:00'"}","{'"2024-05-14 21:00:00'",'"2024-05-14 07:28:00'"}",97.6113,6.72,2.3887,RA5277E,LDPE(HMI),"",STANDARD,7.5,38,40/40,Edsel Mangarin,Julius Fundano,"{'"C19'": 0.09799999999999999, '"L14'": 14.0, '"L38'": 14.0, '"LL6'": 98.0, '"K910'": 128.702, '"R122'": 22.4, '"Y116'": 2.8, '"3-0825AK'": 1.32}","{150,140,140,150,150,150,150}",92,"{202,72.6}",63.8605,90886,281.32,"{5830AK-5834AK,5835AK}",,,4,2024-08-24,,
58,3,500,501.0000,"EVEREST PLASTIC CONTAINERS IND., INC.",15149,RA5277E,39076,7.25,"{'"2024-05-15 09:00:00'",'"2024-05-15 13:00:00'"}","{'"2024-05-15 13:00:00'",'"2024-05-15 16:15:00'"}",97.8936,10.78,2.1064,BA5327E,LDPE(HMI),"",STANDARD,8.5,28,40/40,Arnel Rosario,Julius Fundano,"{'"L14'": 53.55, '"O55'": 5.1, '"K910'": 250.41, '"LL12'": 178.5, '"R117'": 22.44, '"39-4193AK'": 1.78}","{150,130,130,140,140,150,150}",120,"{275,226}",69.1034,90902,511.78,"{5849AK-5857AK,5858AK,5859AK}",,,14,2024-08-29,,
66,6,1,0.8000,"EVEREST PLASTIC CONTAINERS IND., INC.",15399,BA12068E,39409,0.8,"{'"2024-08-03 08:58:00'"}","{'"2024-08-03 09:46:00'"}",80.0,0.2,20.0,NO PURGING,LDPE(HMI),"",STANDARD,8.3,40,40/40,Jowie Vasquez,Julius Fundano,"{'"B89'": 0.034, '"L37'": 0.035, '"L38'": 0.05, '"V50'": 0.017, '"B101'": 0.165, '"K910'": 0.349, '"LL31'": 0.35}","{150,150,0,140,140,140,140}",0,{0.8},1.0,91942,1,{8783AK},,,0,2024-09-27,,
67,8,200,206.8300,"PHIL-TOP INDUSTRIES, INC.",15415,TA16761E,39445,2.75,"{'"2024-07-30 18:00:00'"}","{'"2024-07-30 20:45:00'"}",99.1705,1.73,0.8295,GA8074E,LDPE(HMI),"",STANDARD,10,300,40/40,Arjie Galgo,Julius Fundano,"{'"C19'": 0.615, '"I24'": 1.025, '"L37'": 10.25, '"L38'": 10.25, '"W35'": 20.5, '"K907'": 90.45625, '"LL12'": 71.75, '"Y116'": 0.15375, '"FG-23-6408AK'": 3.56}","{170,170,170,170,170,170,160,160,160,160,150,150}",105,{206.83},75.2109,91915,208.56,"{8712AK-8714AK,8715AK,8716AK}",,,9,2024-10-04,,
63,9,3125,3349.4800,DYNAMICCAPS CORPORATION,15314,WA15229E,39528,35.08,"{'"2024-08-28 11:00:00'",'"2024-08-28 18:00:00'",'"2024-08-29 06:30:00'",'"2024-08-29 19:00:00'"}","{'"2024-08-28 18:00:00'",'"2024-08-29 06:00:00'",'"2024-08-29 18:00:00'",'"2024-08-29 23:35:00'"}",95.6994,150.52,4.3006,WA12282E,RUBBER,"",STANDARD,22,400,40/40,Roselie Mapandi,Julius Fundano,"{'"AO8'": 3.5, '"AO9'": 3.5, '"LL36'": 805.0, '"LL38'": 1400.0, '"LL52'": 1288.0}","{0,160,160,160,160,150,150,150,150,150,160,160}",30,"{680,1100,1150,419.48}",95.4812,92147,3500,{9086AK-9092AK},,,7,2024-09-27,,
95,3,425,428.0000,"MOLDEX PRODUCTS, INC.",15272,GA3933E,39056,6.5,"{'"2024-05-10 06:30:00'"}","{'"2024-05-10 13:00:00'"}",98.6039,6.06,1.3961,GA1225E,PP,"",STANDARD,7.5,20,40/40,Joel Miras,"","{'"AO8'": 0.43000000000000005, '"AO9'": 0.43000000000000005, '"G39'": 21.5, '"L14'": 12.9, '"L38'": 12.9, '"W33'": 50.74, '"PP11'": 289.82000000000005, '"Y115'": 41.28, '"36-3805AK'": 4.06}","{180,200,180,180,180,190,190}",120,{428},65.8462,90857,434.06,"{5654AK-5669AK,5670AK}",,,13,2024-10-15,,
104,8,1000,1000.0000,"EVEREST PLASTIC CONTAINERS IND., INC.",15641,BA9159E,39762,10.5,"{'"2024-09-30 22:30:00'",'"2024-10-01 06:30:00'"}","{'"2024-10-01 05:00:00'",'"2024-10-01 10:30:00'"}",100.0,0.0,0.0,DA15377E,LDPE(HMI),"",STANDARD,12,380,40/40,Edsel Mangarin,Julius Fundano,"{'"G34'": 50.0, '"L28'": 2500.0, '"L37'": 2500.0, '"LL6'": 17500.0, '"W35'": 1600.0, '"B107'": 65.0, '"K907'": 25785.0}","{170,170,170,170,160,160,160,150,150,150,160,160}",120,"{590,410}",95.2381,93041,1000,{1565AL-1604AL},,,12,2024-10-17,,
105,8,1000,995.0000,"EVEREST PLASTIC CONTAINERS IND., INC.",15641,BA9159E,39762,21.0,"{'"2024-10-02 10:00:00'",'"2024-10-03 06:00:00'"}","{'"2024-10-03 06:00:00'",'"2024-10-03 07:00:00'"}",99.5,5.0,0.5,NO PURGING,LDPE(HMI),"",STANDARD,12,380,40/40,Edsel Mangarin,Julius Fundano,"{'"G34'": 50.0, '"L28'": 2500.0, '"L37'": 2500.0, '"LL6'": 17500.0, '"W35'": 1600.0, '"B107'": 65.0, '"K907'": 25785.0}","{170,170,170,170,160,160,150,150,150,160,160,160}",10,"{905,90}",47.381,93041,1000,{1565AL-1604AL},,,0,2024-10-17,,
106,8,275,243.9600,"EVEREST PLASTIC CONTAINERS IND., INC.",15616,BA9159E,39762,2.67,"{'"2024-10-03 07:10:00'"}","{'"2024-10-03 09:50:00'"}",88.7127,31.04,11.2873,BA17051E,LDPE(HMI),"",STANDARD,12,380,40/40,Roselie Mapandi,Julius Fundano,"{'"G34'": 0.025, '"G40'": 0.25, '"L28'": 13.75, '"L37'": 13.75, '"W35'": 8.8, '"B107'": 0.35750000000000004, '"K907'": 141.81750000000002, '"LL12'": 96.25}","{170,170,170,170,160,160,150,150,150,160,160,160}",90,{243.96},91.3708,92945,275.0,"{1605AL,1606AL-1610AL}",,,5,2024-10-17,,
113,3,250,253.4000,"STARKSON PACKAGING, INC.",15296,MA4088E,39139,5.0,"{'"2024-05-29 13:00:00'"}","{'"2024-05-29 18:00:00'"}",97.6569,6.08,2.3431,YA13837E,LDPE(HMI),"VACUUM ON

Lagi napputol ang strand
RPM 16 Feed rate 8",STANDARD,8,16,40/40,Joel Miras,"","{'"C19'": 0.16249999999999998, '"L14'": 8.75, '"L38'": 12.5, '"O57'": 0.7, '"P28'": 15.0, '"W33'": 3.75, '"K910'": 25.0, '"LL31'": 179.63750000000002, '"Y119'": 4.5, '"23-7702AI'": 1.36, '"FG-8536AI'": 8.12}","{150,110,110,120,120,150,150}",90,{253.4},50.68,91073,259.48,"{6295AK-6303AK,6304AK}",,,14,2024-10-17,,
109,3,900,884.9100,"EVEREST PLASTIC CONTAINERS IND., INC.",15288,RA4665E,39132,12.75,"{'"2024-05-28 13:25:00'",'"2024-05-29 06:40:00'"}","{'"2024-05-28 22:00:00'",'"2024-05-29 10:50:00'"}",98.3233,15.09,1.6767,MA4088E,LDPE(HMI),kumukulay sa tubig,STANDARD,12,35,40/40,Arnel Rosario,"","{'"L14'": 27.0, '"L38'": 27.0, '"W33'": 18.0, '"K907'": 292.86, '"LL31'": 450.0, '"R110'": 38.7, '"R117'": 0.54, '"R124'": 45.9}","{150,130,130,140,140,150,150}",130,"{600,284.91}",69.4047,91040,900,{6224AK-6241AK},,,19,2024-10-17,,
117,3,125,120.7400,Una Internationale,15302,OA2860E,39152,3.67,"{'"2024-05-30 12:20:00'",'"2024-05-30 13:00:00'"}","{'"2024-05-30 13:00:00'",'"2024-05-30 16:00:00'"}",91.5738,11.11,8.4262,RA7310E,LDPE(HMI),"Hindi mairun ng maayos Overflow in vent port.
",STANDARD,8.5,25,40/40,Joel Miras,"","{'"L14'": 4.375, '"L38'": 6.25, '"O56'": 31.25, '"K910'": 12.5, '"LL12'": 67.5, '"R110'": 0.625, '"Y120'": 2.5, '"9-4517AI'": 4.2, '"9-9398AI'": 2.65}","{150,140,130,100,100,150,150}",120,"{25,95.74}",32.8992,91112,131.85,"{6371AK-6372AK,6373AK}",,,15,2024-10-17,,
121,3,258,253.4100,"PHIL-TOP INDUSTRIES, INC.",9675,RA7310E,39145,8.33,"{'"2024-05-30 18:30:00'",'"2024-05-31 06:40:00'"}","{'"2024-05-30 22:00:00'",'"2024-05-31 11:30:00'"}",97.993,5.19,2.007,RA12706E,LDPE(HMI),"VACUUM ON
Di mairun ng maayos lagi nagpuputol-puto ang strand lalo na pag mabilis ang speed.
Tumataas ang ampere reach to 72l",STANDARD,8.5,8,40/40,Arnel Rosario,"","{'"L14'": 25.5, '"LL31'": 211.65, '"R115'": 5.1, '"R117'": 12.75, '"39-6434AJ'": 3.6}","{150,150,140,140,140,150,150}",90,"{106,147.41}",30.4214,91096,258.6,"{6341AK-6349AK,6350AK}",,,13,2024-10-17,,
122,3,100,104.6200,"EVEREST PLASTIC CONTAINERS IND., INC.",15008,GA16706E,39160,1.87,"{'"2024-05-31 18:00:00'"}","{'"2024-05-31 19:52:00'"}",97.4297,2.76,2.5703,GA14271E,LDPE(HMI),"",STANDARD,8.3,25,40/40,Joel Miras,"","{'"C19'": 0.025750000000000002, '"G39'": 0.051500000000000004, '"L14'": 5.15, '"L38'": 5.15, '"W33'": 13.905, '"K907'": 42.41025, '"LL12'": 36.05, '"Y107'": 0.2575, '"11-0871AK'": 4.38}","{150,140,140,130,130,150,150}",93,{104.62},55.9465,91127,107.38,"{6391AK,6392AK,6393AK}",,,15,2024-10-17,,
115,3,250,245.9500,METRO CONTAINER CORPORATION,15643,GA17119E,39711,4.5,"{'"2024-10-02 06:00:00'"}","{'"2024-10-02 10:30:00'"}",98.38,4.05,1.62,GA17119E,LDPE(HMI),"*KUMUKULAY ANG TUBIG
*CHANGE FEED RATE - 8.2
RPM - 40
*OVERFLOW ON FEEDER PORT",STANDARD,8.2,40,40/40,Arnel Rosario,Julius Fundano,"{'"C19'": 1.75, '"G40'": 15.25, '"L28'": 17.5, '"L37'": 12.5, '"LL6'": 87.5, '"W33'": 7.5, '"Y98'": 26.25, '"B107'": 8.75, '"K907'": 73.0}","{150,130,130,150,150,150,150}",0,{245.95},54.6556,93056,250.0,{1633AL-1637AL},,,0,2024-10-17,,
130,3,250,246.1200,"PHIL-TOP INDUSTRIES, INC.",15650,GA16968E,39805,3.83,"{'"2024-10-05 07:10:00'"}","{'"2024-10-05 11:00:00'"}",98.448,3.88,1.552,GA17119E,LDPE(HMI),"",STANDARD,8.2,28,40/40,Arnel Rosario,Julius Fundano,"{'"G40'": 0.36, '"L28'": 12.5, '"L37'": 12.5, '"LL6'": 87.5, '"W35'": 50.0, '"Y98'": 0.6, '"B108'": 3.0, '"K907'": 83.54}","{150,130,130,150,150,150,150}",230,{246.12},64.2611,93093,250.0,{1828AL-1832AL},,,15,2024-10-18,,
133,3,8,6.6400,SAN MIGUEL YAMAMURA PACKAGING CORPORATION,15599,GA1225E,39726,0.13,"{'"2024-10-04 10:00:00'"}","{'"2024-10-04 10:08:00'"}",83.0,1.36,17.0,GA14252E,LDPE(HMI),"",STANDARD,7.5,30,40/40,Arnel Rosario,Julius Fundano,"{'"C19'": 0.00688, '"G34'": 0.184, '"L28'": 0.24, '"L37'": 0.24, '"LL6'": 2.8, '"W35'": 0.16, '"K907'": 4.20912, '"Y124'": 0.16}","{170,120,120,160,150,150,160}",97,{6.64},51.0769,93069,8.0,{1666AL},,,11,2024-10-22,2024-10-04 10:00:00,2024-10-04 10:08:00
134,3,17,15.3600,SAN MIGUEL YAMAMURA PACKAGING CORPORATION,15473,RA12739E,39756,0.17,"{'"2024-10-04 07:50:00'"}","{'"2024-10-04 08:00:00'"}",90.3529,1.64,9.6471,GA1225E,LDPE(HMI),"",STANDARD,10,28,40/40,Arnel Rosario,Julius Fundano,"{'"L28'": 0.34, '"L37'": 1.36, '"LL6'": 3.4, '"V50'": 0.085, '"K907'": 8.211, '"LL52'": 2.55, '"R122'": 0.374, '"R129'": 0.68}","{150,130,130,150,150,150,150}",120,{15.36},90.3529,93084,17.0,{1669AL},,,10,2024-10-22,2024-10-04 07:50:00,2024-10-04 08:00:00
102,9,5000,4835.0000,"PACKAGEWORLD, INC.",15191,BA12556E,39595,49.5,"{'"2024-09-03 10:30:00'",'"2024-09-03 13:00:00'",'"2024-09-03 21:00:00'",'"2024-09-06 08:00:00'",'"2024-09-06 18:00:00'",'"2024-09-07 06:00:00'"}","{'"2024-09-03 13:00:00'",'"2024-09-03 21:00:00'",'"2024-09-04 05:00:00'",'"2024-09-06 18:00:00'",'"2024-09-07 06:00:00'",'"2024-09-07 15:00:00'"}",96.7,165.0,3.3,WA15229E,LDPE(HMI),RUN 20KGS. FOR BLACK SPOT,STANDARD,22,380,60/60,Edsel Mangarin,Julius Fundano,"{'"AO8'": 5.0, '"AO9'": 5.0, '"LL38'": 2440.0, '"LL41'": 1250.0, '"LL66'": 1200.0, '"BA15050E(0001AL)'": 100.0}","{170,170,170,170,160,160,160,160,160,150,150}",120,"{240,800,800,1000,1100,895}",97.6768,92570,5000,"{0285AL,0329AL-0360AL}",,,9,2024-10-16,2000-01-01 00:00:00,2000-01-01 00:00:00
129,8,725,714.8500,"PHIL-TOP INDUSTRIES, INC.",0,GA16968E,39805,10.25,"{'"2024-10-10 21:30:00'",'"2024-10-11 06:30:00'"}","{'"2024-10-11 06:00:00'",'"2024-10-11 08:15:00'"}",99.6904,2.22,0.3096,GA2595E,LDPE(HMI),STAND BY FOR BREAKTIME 01-00 TO 02:00,STANDARD,9,300,40/40,Aldrin Villacrusis,Julius Fundano,"{'"G34'": 0.029734, '"G39'": 0.02676, '"G40'": 0.029534, '"B108'": 0.08602800000000001, '"1816AL-1820AL'": 223.0, '"1821AL-1825AL'": 247.78, '"1828AL-1832AL'": 246.12}","{170,170,170,170,170,170,160,160,160,160,150,150}",120,"{551,163.85}",69.7415,93279,717.07,"{2286AL-2289AL,2290AL-2294AL,2295AL-2299AL}",,,15,2024-10-18,,
131,8,300,296.3000,"MOLDEX PRODUCTS, INC.",15667,GA3933E,39812,4.5,"{'"2024-10-04 18:00:00'",'"2024-10-05 07:30:00'"}","{'"2024-10-04 22:00:00'",'"2024-10-05 08:00:00'"}",98.7667,3.7,1.2333,NO PURGING,PP,"",STANDARD,9,300,40/40,Edsel Mangarin,Julius Fundano,"{'"AO8'": 0.3, '"AO9'": 0.3, '"G34'": 13.8, '"L28'": 9.0, '"L37'": 9.0, '"W35'": 39.0, '"Y53'": 33.9, '"PP11'": 194.7}","{200,200,180,180,180,180,180,180,180,180,180,180}",0,"{260,36.3}",65.8444,93134,300.0,{1858AL-1869AL},,,0,2024-10-22,2024-10-04 18:00:00,2024-10-05 08:00:00
132,8,500,516.0000,CYBERMANN INDUSTRIAL CORPORATION,0,MA7758E,39759,9.0,"{'"2024-10-04 07:30:00'",'"2024-10-04 13:00:00'"}","{'"2024-10-04 13:00:00'",'"2024-10-04 16:30:00'"}",98.2857,9.0,1.7143,GA3933E,PP,OPEN VACUUM,STANDARD,11,300,40/40,Roselie Mapandi,Julius Fundano,"{'"C19'": 0.21, '"L28'": 6.5625, '"L37'": 4.59375, '"P26'": 7.875, '"P28'": 15.75, '"Y98'": 5.775, '"K907'": 13.125, '"PP6 POWDER'": 77.35875, '"1540AL-1555AL'": 393.75}","{200,200,180,180,180,180,180,180,180,180,180,180}",90,"{319,197}",57.3333,93050,525.0,{1768AL-1787AL},,,8,2024-10-22,2024-10-04 07:30:00,2024-10-04 16:30:00
139,8,250,254.0000,"PHIL-TOP INDUSTRIES, INC.",15027,BA12618E,39146,3.33,"{'"2024-05-30 18:40:00'"}","{'"2024-05-30 22:00:00'"}",98.282,4.44,1.718,BA9738E,LDPE(HMI),"",STANDARD,8,350,40/40,Edsel Mangarin,Julius Fundano,"{'"W8'": 12.75, '"B37'": 10.2, '"B89'": 2.805, '"L14'": 12.75, '"L38'": 12.75, '"K907'": 114.49499999999999, '"LL31'": 89.25, '"21-1215AK'": 3.44}","{170,170,170,170,160,160,160,160,160,150,150,150}",150,{254},76.2763,91084,258.44,"{6323AK-6326AK,6327AK,6328AK}",,,7,2024-10-24,2024-05-30 18:40:00,2024-05-30 22:00:00
141,8,153.99,152.4100,"PREMIER CREATIVE PACKAGING, INC.",15281,BA16168E,39092,2.0,"{'"2024-05-30 11:00:00'"}","{'"2024-05-30 13:00:00'"}",98.974,1.58,1.026,BA14304E,LDPE(HMI),"",STANDARD,9,300,40/40,Roselie Mapandi,Julius Fundano,"{'"B78'": 0.168, '"C19'": 0.012, '"L14'": 6.0, '"L38'": 6.0, '"LL6'": 42.0, '"W33'": 24.0, '"B101'": 1.02, '"K910'": 40.8, '"6034AK(14-15)'": 33.99}","{170,170,170,170,160,160,160,160,160,160,180,180}",80,{152.41},76.205,91105,153.99,{6363AK-6365AK},,,6,2024-10-24,2024-05-30 11:00:00,2024-05-30 13:00:00
142,8,400,392.6300,In House,14856,WA3827E,39138,5.58,"{'"2024-05-29 19:40:00'",'"2024-05-30 06:40:00'"}","{'"2024-05-29 22:00:00'",'"2024-05-30 09:55:00'"}",98.0717,7.72,1.9283,BA16168E,HDPE(HMI),"",STANDARD,8,350,40/40,Edsel Mangarin,Julius Fundano,"{'"B81'": 0.18656, '"L14'": 7.4624, '"W33'": 55.968, '"B101'": 1.30592, '"K907'": 155.21792, '"LL53'": 76.4896, '"LL53 POWDER'": 76.4896, '"0992AH,7139AJ'": 27.23}","{200,200,180,180,180,180,180,180,180,180,180,180}",65,"{170,222.63}",70.3638,91071,400.35,"{6259AK-6260AK,6261AK-6262AK}",,,6,2024-10-24,2024-05-29 19:40:00,2024-05-30 09:55:00
37,1,50,55.2000,H&E MANUFACTURING CORPORATION,15256,GA5520E,39019,2.0,"{'"2024-05-04 15:00:00'"}","{'"2024-05-04 17:00:00'"}",98.1333,1.05,1.8667,OA3552E,LDPE(HMI),"",STANDARD,80,400,40/40,Arjie Galgo,Julius Fundano,"{'"W8'": 1.56, '"G22'": 0.442, '"L14'": 2.6, '"LL6'": 18.2, '"FG10'": 1.56, '"FG18'": 2.6, '"K910'": 18.07, '"Y115'": 4.16, '"Y124'": 2.808, '"36-4088AK'": 4.25}","{120,140,150,150,150,150,150,150,140,140}",80,{55.2},27.6,90792,56.25,"{5516AK,5517AK}",,,6,2024-08-21,,
38,1,50,56.0000,"PLACEL MFG. CO., INC.",15258,IA0760E,39043,2.08,"{'"2024-05-06 10:40:00'"}","{'"2024-05-06 12:45:00'"}",98.6784,0.75,1.3216,IA1696E,LDPE(HMI),"",STANDARD,100,350,40/40,Aldrin Villacrusis,Julius Fundano,"{'"C19'": 0.09010000000000001, '"I24'": 0.954, '"L38'": 2.65, '"LL6'": 36.585899999999995, '"W33'": 9.54, '"Y122'": 3.1799999999999997, '"38-5622AJ'": 3.75}","{120,140,150,150,150,140,14,140,150,150}",75,{56},26.9231,90811,56.75,"{5528AK,5529AK}",,,5,2024-08-21,,
39,1,50,54.6500,"PLACEL MFG. CO., INC.",15259,IA1696E,39042,2.08,"{'"2024-05-06 15:00:00'"}","{'"2024-05-06 17:05:00'"}",99.0395,0.53,0.9605,OA3552E,LDPE(HMI),"",STANDARD,100,350,40/40,Aldrin Villacrusis,Julius Fundano,"{'"C19'": 1.0, '"I24'": 5.0, '"L14'": 1.75, '"L38'": 2.5, '"LL6'": 33.75, '"O46'": 5.0, '"V50'": 1.0, '"FG-1636AI'": 5.18}","{120,140,150,150,150,150,150,150,150,150}",55,{54.65},26.274,90812,55.18,{5530AK},,,8,2024-08-21,,
40,1,50,51.3000,"ZELLER PLASTIK PHILIPPINES, INC.",15268,OA3552E,39044,2.0,"{'"2024-05-07 07:15:00'"}","{'"2024-05-07 09:15:00'"}",97.7143,1.2,2.2857,GA13854E,PP,"",STANDARD,100,350,40/40,Aldrin Villacrusis,Julius Fundano,"{'"W8'": 0.99, '"C19'": 0.00225, '"L14'": 1.35, '"L38'": 1.35, '"O57'": 1.035, '"PP4'": 30.50775, '"Y98'": 0.765, '"K910'": 9.0, '"5308AJ'": 5.0, '"9-5000AJ'": 2.5}","{180,200,180,180,180,180,180,180,180,180}",80,{51.3},25.65,90830,52.5,"{5649AK,5650AK}",,,5,2024-08-21,,
41,1,100,106.7500,REIMAGINE PACKAGING CORPORATION,15253,GA13854E,39016,4.92,"{'"2024-05-07 10:35:00'"}","{'"2024-05-07 15:30:00'"}",98.6781,1.43,1.3219,GA2595E,LDPE(HMI),"",STANDARD,100,300,40/40,Aldrin Villacrusis,Julius Fundano,"{'"G39'": 2.14, '"L14'": 3.5, '"L38'": 5.0, '"LL6'": 35.0, '"W33'": 3.4, '"Y98'": 11.5, '"K910'": 39.46, '"16-2790AK'": 4.58, '"31-2167AK'": 3.6}","{150,160,160,150,150,150,150,150,150,150}",90,{106.75},21.6972,90783,108.18,"{5419AK,5420AK,5421AK}",,,7,2024-08-21,,
42,1,125,128.8200,H&E MANUFACTURING CORPORATION,14423,GA2595E,39047,6.0,"{'"2024-05-07 17:00:00'",'"2024-05-07 18:00:00'",'"2024-05-07 21:45:00'"}","{'"2024-05-07 18:00:00'",'"2024-05-07 21:45:00'",'"2024-05-07 23:00:00'"}",99.0923,1.18,0.9077,BA3431E,PET,"",STANDARD,80,200,40/40,Arjie Galgo,Julius Fundano,"{'"B93'": 2.275, '"LL5'": 127.14, '"Y61'": 0.585}","{210,220,220,220,220,220,220,220,220,220}",-1280,"{15,85,28.82}",21.47,90818,130,"{5531AK-5534AK,5535AK}",,,9,2024-08-21,,
43,1,100,104.2900,"ZELLER PLASTIK PHILIPPINES, INC.",14865,BA3431E,39045,4.33,"{'"2024-05-08 01:40:00'"}","{'"2024-05-08 06:00:00'"}",98.1091,2.01,1.8909,BA3435E,PP,"",STANDARD,80,300,40/40,Arjie Galgo,Julius Fundano,"{'"W8'": 7.95, '"B37'": 0.7844, '"L14'": 3.18, '"L38'": 3.18, '"PP4'": 59.0367, '"V50'": 0.0689, '"B101'": 10.6, '"K907'": 21.2, '"25-9619AJ'": 0.3}","{180,200,180,180,180,180,180,180,180,180}",80,{104.29},24.0855,90795,106.3,"{5518AK-5520AK,5521AK}",,,4,2024-08-21,,
44,1,150,156.4000,"ZELLER PLASTIK PHILIPPINES, INC.",14799,BA3435E,39046,6.17,"{'"2024-05-08 07:20:00'"}","{'"2024-05-08 13:30:00'"}",97.9336,3.3,2.0664,YA5124E,PP,"",STANDARD,80,250,40/40,Aldrin Villacrusis,Julius Fundano,"{'"W8'": 20.2725, '"B78'": 0.2295, '"G22'": 0.18359999999999999, '"L14'": 4.59, '"L38'": 4.59, '"PP4'": 92.53439999999999, '"K907'": 30.6, '"FG-4072AK'": 6.7}","{180,200,180,180,180,180,180,180,180,180}",30,{156.4},25.3485,90797,159.7,"{5522AK-5526AK,5527AK}",,,0,2024-08-21,,
45,1,50.33,49.9000,"EVEREST PLASTIC CONTAINERS IND., INC.",0,YA5124E,39005,1.92,"{'"2024-05-10 07:20:00'"}","{'"2024-05-10 09:15:00'"}",99.1456,0.43,0.8544,YA12128E,LDPE(HMI),"",STANDARD,90,380,40/40,Aldrin Villacrusis,Julius Fundano,"{'"L14'": 1.18, '"L38'": 0.72, '"LL6'": 8.4, '"O56'": 0.47, '"W33'": 2.88, '"K910'": 7.95, '"Y120'": 2.4, '"5359AK'": 26.33}","{120,140,160,160,160,150,150,150,150,150}",90,{49.9},25.9896,90844,50.33,{5653AK},,,0,2024-08-21,,
46,1,35,26.9500,21ST CENTURY MOULDINGS CORP.,15242,YA12128E,39001,1.25,"{'"2024-05-10 10:45:00'"}","{'"2024-05-10 12:00:00'"}",77.0,8.05,23.0,MA13810E,LDPE(HMI),"4.3 CRUSHED OVERSIZE HINDI NAISALANG, HINDI KINAKAIN NG FEEDER",STANDARD,80,400,40,Aldrin Villacrusis,Julius Fundano,"{'"J5'": 4.2, '"L14'": 1.05, '"L38'": 1.05, '"LL6'": 12.25, '"K910'": 16.45}","{120,140,150,150,150,150,150,150,140,140}",80,{26.95},21.56,90838,35,{5651AK},,,3,2024-08-21,,
48,1,107.44,104.6000,REIMAGINE PACKAGING CORPORATION,0,GA13854E,39016,3.75,"{'"2024-05-11 07:50:00'"}","{'"2024-05-11 11:35:00'"}",97.3567,2.84,2.6433,GA2595E,LDPE(HMI),NAUUBUSAN NG TUBIG ANG COOILING TOWER KAYA LAGING NAKABUKAS ANG TUBIG NITO,STANDARD,90,400,40/40,Aldrin Villacrusis,Julius Fundano,"{'"G39'": 0.427, '"L38'": 0.266875, '"5419AK-5421AK'": 106.75}","{120,140,150,150,150,150,150,150,150,150}",85,{104.6},27.8933,90867,107.44,{5705AK-5706AK},,,4,2024-08-21,,
49,1,50,60.5000,Incon Industrial Corporation,0,KA8595E,39086,2.25,"{'"2024-05-25 10:20:00'"}","{'"2024-05-25 12:35:00'"}",97.4863,1.56,2.5137,KA4595E,PP,"",STANDARD,90,250,40/40,Aldrin Villacrusis,Julius Fundano,"{'"W8'": 0.9309000000000001, '"L25'": 0.37235999999999997, '"PP4'": 3.35124, '"FP21'": 0.9309000000000001, '"K910'": 1.8618000000000001, '"6030AK'": 10.62, '"6029AK-6030AK'": 44.0}","{160,170,170,170,170,170,170,170,170,170}",25,{60.5},26.8889,91020,62.06,"{6171AK-6172AK,6173AK}",,,2,2024-08-22,,
50,1,50,56.4000,SANICON MANUFACTURING CORP.,14729,YA15776E,39148,2.22,"{'"2024-05-31 14:15:00'"}","{'"2024-05-31 16:28:00'"}",98.0188,1.14,1.9812,GA2595E,LDPE(HMI),"",STANDARD,100,350,40/40,Aldrin Villacrusis,Julius Fundano,"{'"L14'": 2.75, '"L38'": 2.75, '"W33'": 9.9, '"K907'": 17.325, '"LL12'": 19.25, '"Y107'": 1.375, '"Y116'": 1.65, '"4-3292AK'": 2.54}","{120,140,150,150,150,150,150,150,140,140}",92,{56.4},25.4054,91098,57.54,"{6351AK,6352AK}",,,7,2024-08-22,,
126,1,100,106.8000,TERUMO (PHILS.) CORPORATION,14286,GA14433E,39757,4.25,"{'"2024-10-09 08:30:00'",'"2024-10-09 09:30:00'",'"2024-10-09 10:30:00'",'"2024-10-09 11:30:00'",'"2024-10-09 12:30:00'"}","{'"2024-10-09 09:30:00'",'"2024-10-09 10:30:00'",'"2024-10-09 11:30:00'",'"2024-10-09 12:30:00'",'"2024-10-09 12:45:00'"}",97.8201,2.38,2.1799,YA14431E,PP,3mmx3mm pellet size,STANDARD,85,250,40/40,Roselie Mapandi,Julius Fundano,"{'"W8'": 1.1, '"G22'": 1.15, '"L19'": 5.0, '"L28'": 5.0, '"Y98'": 1.5, '"T-RESIN'": 86.25, '"FG-7725AK'": 9.18}","{180,200,180,180,180,180,180,180,180,180,180}",65,"{25,25,25,25,6.8}",25.1294,93112,109.18,"{1717AL-1719AL,1720AL}",,,8,2024-10-18,,
128,1,500,500.7400,GREENPACK PLASTIC MANUFACTURING CORPORATION,15498,BA2091E,39824,8.08,"{'"2024-10-08 20:40:00'"}","{'"2024-10-09 04:45:00'"}",98.536,7.44,1.464,BA3925E,LDPE(HMI),"**CHANGE FEED RATE FROM 9.3 TO 8.6 RPM 25
**HINDI NA MABILISAN KASI MAY MAHAHABA ANG PUTOL",STANDARD,9.5,28,60/60,Arnel Rosario,Julius Fundano,"{'"W8'": 8.500000000000002, '"L28'": 25.0, '"L37'": 17.5, '"LB2'": 75.0, '"LL6'": 233.2, '"B107'": 0.8, '"B108'": 65.0, '"K907'": 75.0, '"21-9825AK'": 0.58, '"FG-9795AK'": 7.6}","{150,150,140,140,150,150,150}",105,{500.74},61.9728,93140,508.18,"{1964AL-1972AL,1973AL,1974AL}",,,14,2024-10-18,,
137,1,125,121.9400,In House,14423,GA2595E,39047,5.67,"{'"2024-05-11 13:00:00'",'"2024-05-11 14:30:00'",'"2024-05-11 18:00:00'"}","{'"2024-05-11 14:00:00'",'"2024-05-11 18:00:00'",'"2024-05-11 19:10:00'"}",97.552,3.06,2.448,GA2595E,PET,"PET 90-100PPG
VACUUM ON
COIL Screen",STANDARD,80,200,40/40,Arjie Galgo,Julius Fundano,"{'"B93'": 2.1875, '"LL5'": 122.25, '"Y61'": 0.5625}","{200,220,220,220,220,220,220,220,220,220,220}",0,"{23.73,75,23.21}",21.5062,90899,125.0,"{5809AK-5812AK,5848AK}",,,0,2024-10-24,2024-05-11 13:00:00,2024-05-11 19:10:00
138,1,50,53.4500,Incon Industrial Corporation,14665,KA8595E,39086,2.08,"{'"2024-05-25 08:10:00'"}","{'"2024-05-25 10:15:00'"}",97.1818,1.55,2.8182,KA8595E,PP,"",STANDARD,60,290,40/40,Aldrin Villacrusis,Julius Fundano,"{'"W8'": 8.25, '"L25'": 2.75, '"PP4'": 27.61, '"FM11'": 1.265, '"FP21'": 1.265, '"K910'": 13.75, '"R115'": 0.11}","{160,170,170,170,170,170,170,170,170,170,170}",0,{53.45},25.6971,91018,55.0,"{6169AK,6170AK}",,,0,2024-10-24,2024-05-25 08:10:00,2024-05-25 10:15:00
61,3,1000,1023.2400,"EVEREST PLASTIC CONTAINERS IND., INC.",15234,MA4737E,39090,37.45,"{'"2024-05-17 11:00:00'",'"2024-05-17 13:00:00'",'"2024-05-20 06:48:00'",'"2024-05-20 13:00:00'",'"2024-05-21 06:45:00'",'"2024-05-21 13:00:00'"}","{'"2024-05-17 13:00:00'",'"2024-05-17 21:00:00'",'"2024-05-20 13:00:00'",'"2024-05-20 22:00:00'",'"2024-05-21 13:00:00'",'"2024-05-21 19:00:00'"}",98.5885,14.65,1.4115,MA5180E,LDPE(HMI),"",STANDARD,5.6,40,40/40,Arnel Rosario,Julius Fundano,"{'"C19'": 0.41400000000000003, '"L14'": 31.05, '"L38'": 31.05, '"O55'": 0.621, '"P26'": 67.275, '"P27'": 82.8, '"P28'": 138.69, '"Y98'": 36.225, '"K910'": 103.5, '"LL31'": 543.375, '"38-5167AK'": 2.89}","{150,140,140,150,150,150,150}",105,"{54,220,165,245,170,169.24}",27.3228,90954,1037.89,"{5944AK-5983AK,5984AK}",,,7,2024-08-30,,
62,3,50,47.4500,"EVEREST PLASTIC CONTAINERS IND., INC.",15278,MA5180E,39074,0.8,"{'"2024-05-21 20:45:00'"}","{'"2024-05-21 21:33:00'"}",94.9,2.55,5.1,CA16070E,LDPE(HMI),"",STANDARD,30,40,40/40,Arnel Rosario,Julius Fundano,"{'"C19'": 0.07, '"L14'": 1.5, '"L38'": 1.5, '"O55'": 0.0425, '"P28'": 7.5, '"K910'": 5.0, '"LL31'": 33.9875, '"Y119'": 0.4}","{150,140,140,140,140,140,140}",87,{47.45},59.3125,90970,50,{6013AK-6014AK},,,13,2024-08-30,,
87,3,1175,1163.3500,"EVEREST PLASTIC CONTAINERS IND., INC.",15198,KA2871E,39006,17.83,"{'"2024-05-04 00:10:00'",'"2024-05-05 06:00:00'"}","{'"2024-05-04 06:00:00'",'"2024-05-05 18:00:00'"}",99.0085,11.65,0.9915,VA4086E,LDPE(HMI),"",STANDARD,9,28,40/40,Arnel Rosario,Julius Fundano,"{'"W8'": 246.3975, '"L14'": 41.125, '"L38'": 58.75, '"LL6'": 411.25, '"Y98'": 1.41, '"K910'": 408.38300000000004, '"R115'": 0.28200000000000003, '"R119'": 7.4025}","{150,150,150,130,130,150,150}",120,"{278,885.35}",65.2468,90753,1175,"{5304AK-5326AK,5327AK}",,,6,2024-10-15,,
88,3,100,100.0000,"EVEREST PLASTIC CONTAINERS IND., INC.",15207,KA2871E,39006,1.33,"{'"2024-05-03 22:50:00'"}","{'"2024-05-04 00:10:00'"}",100.0,0.0,0.0,KA2871E,LDPE(HMI),"",STANDARD,9,28,40/40,Joel Miras,"","{'"W8'": 20.97, '"L14'": 3.5, '"L38'": 5.0, '"LL6'": 35.0, '"Y98'": 0.12, '"K910'": 34.756, '"R119'": 0.63, '"R129'": 0.024}","{150,150,150,150,130,150,150}",0,{100},75.188,90751,100,{5302AK-5303AK},,,0,2024-10-15,,
91,3,800,800.0000,Everbright Net & Twine,15254,IA1770E,39017,16.0,"{'"2024-05-05 01:00:00'",'"2024-05-06 08:00:00'",'"2024-05-06 18:00:00'"}","{'"2024-05-05 06:00:00'",'"2024-05-06 18:00:00'",'"2024-05-06 19:00:00'"}",97.5324,20.24,2.4676,BA5516E,LDPE(HMI),vacuum on,STANDARD,14,32,60/60,Joel Miras,"","{'"C19'": 3.2800000000000002, '"L14'": 28.7, '"L38'": 24.6, '"LL6'": 439.52000000000004, '"O56'": 188.6, '"K910'": 135.3, '"3944AK'": 0.24}","{170,160,150,140,140,150,150}",120,"{165,580,55}",50.0,90786,820.24,"{5422AK-5453AK,5454AK}",,,12,2024-10-15,,
110,3,100,100.0000,"EVEREST PLASTIC CONTAINERS IND., INC.",15289,RA4665E,39132,1.42,"{'"2024-05-28 12:00:00'",'"2024-05-28 13:00:00'"}","{'"2024-05-28 13:00:00'",'"2024-05-28 13:25:00'"}",100.0,0.0,0.0,RA4665E,LDPE(HMI),"",STANDARD,12,35,40/40,Arnel Rosario,"","{'"L14'": 3.0, '"L38'": 3.0, '"W33'": 2.0, '"K907'": 32.54, '"LL31'": 50.0, '"R117'": 0.06, '"R124'": 5.1, '"R130'": 4.3}","{150,130,130,140,140,150,150}",0,"{70,30}",70.4225,91039,100,{6222AK-6223AK},,,0,2024-10-17,,
111,3,200,206.6000,"PHIL-TOP INDUSTRIES, INC.",15293,IA16887E,39126,3.0,"{'"2024-05-27 13:20:00'"}","{'"2024-05-27 16:20:00'"}",99.3269,1.4,0.6731,RA5277E,LDPE(HMI),"",STANDARD,9,35,40/40,Joel Miras,"","{'"C19'": 1.248, '"I24'": 1.872, '"L14'": 10.4, '"L38'": 10.4, '"W35'": 5.2, '"K907'": 105.45599999999999, '"LL12'": 72.8, '"Y116'": 0.624}","{160,150,150,140,140,150,150}",145,{206.6},68.8667,91051,208,"{6252AK-6254AK,6255AK,6256AK}",,,13,2024-10-17,,
112,3,500,504.9400,"EVEREST PLASTIC CONTAINERS IND., INC.",14700,RA5277E,39133,7.17,"{'"2024-05-27 18:45:00'",'"2024-05-28 06:30:00'"}","{'"2024-05-27 22:00:00'",'"2024-05-28 10:25:00'"}",98.6789,6.76,1.3211,RA4665E,LDPE(HMI),VACUUM ON,STANDARD,9,30,40/40,Joel Miras,"","{'"L14'": 53.55, '"O55'": 5.1, '"K907'": 250.41, '"LL12'": 178.5, '"R117'": 22.44, '"5859AK'": 1.7}","{150,150,140,140,140,150,150}",95,"{225,279.94}",70.424,91033,511.7,"{6192AK-6200AK,6201AK,6202AK}",,,6,2024-10-17,,
93,3,1000,1000.0000,SAN MIGUEL YAMAMURA PACKAGING CORPORATION,15264,BA5516E,39022,25.83,"{'"2024-05-06 21:00:00'",'"2024-05-07 06:00:00'",'"2024-05-07 18:00:00'"}","{'"2024-05-07 06:00:00'",'"2024-05-07 18:00:00'",'"2024-05-07 22:50:00'"}",100.0,0.0,0.0,GA1225E,LDPE(HMI),"VACUUM ON

Overflow in feeder
RPM 12-15
Feed rate  6-3.8",STANDARD,3.8,15,40,Joel Miras,"","{'"J5'": 120.0, '"L14'": 50.0, '"L38'": 50.0, '"LB2'": 150.0, '"LL6'": 200.0, '"W33'": 70.0, '"B107'": 28.0, '"K910'": 328.2, '"Y107'": 3.8}","{150,140,120,110,110,110,110}",120,"{380,450,170}",38.7147,90823,1000,{5455AK-5514AK},,,9,2024-10-15,2000-01-01 00:00:00,2000-01-01 00:00:00
51,1,30,28.4000,ALCOS GLOBAL CORP.,13823,GA2595E,39004,1.33,"{'"2024-05-31 18:00:00'"}","{'"2024-05-31 19:20:00'"}",94.6667,1.6,5.3333,GA3538E,PET,"",STANDARD,80,200,40/40,Aldrin Villacrusis,Julius Fundano,"{'"B93'": 0.5329999999999999, '"LL5'": 29.335, '"Y61'": 0.087, '"Y121'": 0.045}","{210,220,220,220,220,220,220,220,220,220}",100,{28.4},21.3534,91131,30,"{6395AK,6396AK,6394AK}",,,9,2024-08-22,,
199,8,375,402.6600,"EVEREST PLASTIC CONTAINERS IND., INC.",15246,YA5124E,39005,6.0,"{'"2024-05-03 09:00:00'"}","{'"2024-05-03 15:00:00'"}",101.2421,-4.94,-1.2421,BA1302E,LDPE(HMI),"",STANDARD,10,380,40/40,Roselie Mapandi,Julius Fundano,"{'"L14'": 18.13, '"L38'": 11.1, '"LL6'": 129.5, '"O56'": 5.328, '"W33'": 44.4, '"K910'": 124.616, '"Y120'": 36.926, '"4-2995AK'": 4.73, '"32-2770AK'": 4.68, '"FG-1676AK'": 6.48, '"FG-2945AK'": 11.83}","{180,170,170,170,170,160,160,160,160,160,150,150}",120,{402.66},67.11,90769,397.72,"{5352AK-5358AK,5359AK}",,,9,2024-10-29,2024-05-03 09:00:00,2024-05-03 15:00:00
556,8,100,99.3600,"EVEREST PLASTIC CONTAINERS IND., INC.",0,RA4665E,39132,2.0,"{'"2024-08-09 12:35:00'",'"2024-08-09 13:00:00'"}","{'"2024-08-09 13:00:00'",'"2024-08-09 14:35:00'"}",99.36,0.64,0.64,IA16062E,LDPE(HMI),"",STANDARD,10,250,80/80,Roselie Mapandi,Julius Fundano,"{'"6224AK-6225AK'": 100.0}","{170,170,160,160,160,160,160,150,150,150,150,150}",110,"{15,84.36}",49.68,92158,100.0,{8864AK-8865AK},,,12,2024-11-15,2024-08-09 12:35:00,2024-08-09 14:35:00
206,8,60,59.0000,"PREMIER CREATIVE PACKAGING, INC.",15282,BA16168E,39092,0.83,"{'"2024-05-24 16:40:00'"}","{'"2024-05-24 17:30:00'"}",98.3333,1.0,1.6667,BA4140E,LDPE(HMI),"",STANDARD,8,300,40/40,Arjie Galgo,Julius Fundano,"{'"C19'": 0.006, '"L14'": 3.0, '"L38'": 3.0, '"LL6'": 21.0, '"W33'": 12.0, '"B101'": 0.51, '"B107'": 0.084, '"K910'": 20.4}","{170,170,170,170,160,160,160,160,160,180,180,180}",90,{59},71.0843,90996,60.0,"{6040AK,6041AK}",,,6,2024-10-29,2024-05-24 16:40:00,2024-05-24 17:30:00
114,3,225,220.1700,METRO CONTAINER CORPORATION,15644,GA17119E,39711,4.0,"{'"2024-10-02 10:30:00'"}","{'"2024-10-02 14:30:00'"}",97.8533,4.83,2.1467,GA4921E,LDPE(HMI),KUMUKULAY ANG TUBIG GA17119E,STANDARD,8.2,40,40/40,Arnel Rosario,Julius Fundano,"{'"C19'": 1.4, '"G34'": 12.2, '"L28'": 14.0, '"L37'": 10.0, '"LL6'": 70.0, '"W33'": 6.0, '"Y98'": 21.0, '"B107'": 7.0, '"K907'": 58.4}","{150,130,130,150,150,150,150}",120,{220.17},55.0425,93054,225,{1638AL-1641AL},,,13,2024-10-17,,
94,3,3000,2985.7000,SAN MIGUEL YAMAMURA PACKAGING CORPORATION,15267,GA1225E,39023,28.33,"{'"2024-05-08 00:50:00'",'"2024-05-08 06:00:00'",'"2024-05-08 18:00:00'",'"2024-05-09 06:00:00'",'"2024-05-09 18:00:00'"}","{'"2024-05-08 06:00:00'",'"2024-05-08 18:00:00'",'"2024-05-08 06:00:00'",'"2024-05-08 18:00:00'",'"2024-05-08 20:30:00'"}",98.7524,37.72,1.2476,GA3933E,LDPE(HMI),"VENT AND VACUUM OVERFLOW
",STANDARD,8,24,40/40,Joel Miras,"","{'"C19'": 2.58, '"G34'": 69.0, '"L14'": 90.0, '"L38'": 90.0, '"LL6'": 1050.0, '"W33'": 52.8, '"K910'": 1585.6200000000001, '"Y124'": 60.0, '"28-6878AJ'": 2.59, '"36-2468AI'": 3.19, '"36-2887AI'": 3.0, '"FG-QCEXCESS'": 14.64}","{160,120,120,150,150,150,160}",90,"{237,900,750,900,198.7}",105.39,90828,3023.42,"{5588AK-5646AK,5647AK,5648AK}",,,11,2024-10-15,,
99,3,1425,1415.0000,SAN MIGUEL YAMAMURA PACKAGING CORPORATION,14992,CA16070E,39117,59.17,"{'"2024-05-23 09:50:00'",'"2024-05-23 13:00:00'",'"2024-05-23 21:00:00'",'"2024-05-24 06:00:00'",'"2024-05-24 13:00:00'",'"2024-05-24 21:00:00'",'"2024-05-25 06:00:00'",'"2024-05-25 13:00:00'"}","{'"2024-05-23 13:00:00'",'"2024-05-23 21:00:00'",'"2024-05-24 06:00:00'",'"2024-05-24 13:00:00'",'"2024-05-24 21:00:00'",'"2024-05-25 06:00:00'",'"2024-05-25 13:00:00'",'"2024-05-25 21:00:00'"}",97.2535,39.96,2.7465,VA4086E,RUBBER,"",STANDARD,5.5,9,40,Joel Miras,"","{'"C19'": 2.1750000000000003, '"L14'": 72.5, '"SA5'": 43.5, '"K907'": 29.0, '"LL36'": 1232.5, '"LL38'": 70.325, '"FG-2015AK'": 4.96}","{180,170,160,150,150,150,180}",115,"{65,200,200,175,200,200,175,200}",23.9141,91003,1454.96,"{6054AK-6110AK,6111AK}",,,9,2024-10-16,,
173,8,125,129.4600,ULTRAPLAS CORPORATION,15287,SA16982E,39111,2.17,"{'"2024-05-22 20:00:00'",'"2024-05-24 06:20:00'"}","{'"2024-05-22 21:00:00'",'"2024-05-24 07:30:00'"}",98.8244,1.54,1.1756,MA4737E,LDPE(HMI),FORMULA WITH T22,STANDARD,9,300,40/40,Arjie Galgo,Julius Fundano,"{'"C19'": 0.1572, '"L14'": 6.55, '"L38'": 6.55, '"T22'": 7.86, '"B104'": 1.8339999999999999, '"K910'": 62.1988, '"LL12'": 45.85}","{170,170,170,170,170,170,160,160,160,150,150,150}",100,"{56,73.46}",59.659,90989,131.0,"{6026AK-6027AK,6028AK}",,,6,2024-10-28,2024-05-22 20:00:00,2024-05-24 07:30:00
326,5,5000,5382.9400,NMH PACKAGING PTE. LTD.,15117,WA15190E,39302,70.42,"{'"2024-07-03 06:20:00'",'"2024-07-03 18:00:00'",'"2024-07-04 06:00:00'",'"2024-07-04 18:00:00'",'"2024-07-05 06:00:00'",'"2024-07-05 13:00:00'",'"2024-07-06 06:00:00'"}","{'"2024-07-03 18:00:00'",'"2024-07-04 06:00:00'",'"2024-07-04 18:00:00'",'"2024-07-05 06:00:00'",'"2024-07-05 18:00:00'",'"2024-07-05 22:00:00'",'"2024-07-06 07:45:00'"}",97.8716,117.06,2.1284,WA15190E,LDPE(HMI),"",STANDARD,10,380,60/60,Arjie Galgo,Julius Fundano,"{'"W8'": 3300.0, '"AO8'": 5.5, '"AO9'": 5.5, '"L14'": 110.0, '"L38'": 110.0, '"PP8'": 825.0, '"PP14'": 1144.0}","{200,200,200,180,180,180,180,180,180,200,200}",0,"{985,935,1020,935,1020,340,147.94}",76.4405,91470,5500.0,{7269AK-7323AK},,,0,2024-11-06,2024-07-03 06:20:00,2024-07-06 07:45:00
327,5,100,96.2000,NMH PACKAGING PTE. LTD.,15339,WA15190E,39304,1.25,"{'"2024-07-06 08:30:00'"}","{'"2024-07-06 09:45:00'"}",96.2,3.8,3.8,CMA(ABI),LDPE(HMI),"1. CANGE FEEDRATE - 10-12; RPM - 400-350
2. PANGIT ANG PUTOL, MARAMING MAHAHABA KAPAG MABILIS ANG TAKBO",STANDARD,10,400,60/60,Edsel Mangarin,Julius Fundano,"{'"W8'": 60.0, '"AO8'": 0.1, '"AO9'": 0.1, '"L14'": 2.0, '"L38'": 2.0, '"PP8 POWDER'": 15.0, '"PP14 POWDER'": 20.8}","{200,200,180,180,180,180,180,180,180,200,200}",855,{96.2},76.96,91543,100.0,{7627AK},,,10,2024-11-06,2024-07-06 08:30:00,2024-07-06 09:45:00
328,5,175,183.7200,"STAR PLASTIC PRODUCTS, INC.",14743,WA13183E,39349,2.33,"{'"2024-07-06 15:40:00'"}","{'"2024-07-06 18:00:00'"}",183.72,-83.72,-83.72,WA13000E,LDPE(HMI),"",STANDARD,8,280,40/40,Roselie Mapandi,Julius Fundano,"{'"B81'": 0.3, '"L14'": 2.0, '"L38'": 2.0, '"W33'": 22.0, '"K907'": 46.7, '"LL12'": 27.0}","{180,100,110,110,170,160,160,160,160,180,180}",60,{183.72},78.8498,91581,100.0,{7742AK},,,5,2024-11-06,2024-07-06 15:40:00,2024-07-06 18:00:00
581,8,300,296.5700,In House,15347,WA3827E,39579,4.67,"{'"2024-08-28 06:30:00'"}","{'"2024-08-28 11:10:00'"}",98.8567,3.43,1.1433,BA9159E,LDPE(HMI),LAGI NAGPUPUTOL SA D-HEAD,STANDARD,8,350,40/40,Arjie Galgo,Julius Fundano,"{'"B81'": 0.15, '"L37'": 6.0, '"W33'": 45.0, '"B101'": 1.05, '"K907'": 124.8, '"LL48'": 61.5, '"LL48 POWDER'": 61.5}","{200,200,200,180,180,180,180,180,180,180,180,180}",110,{296.57},63.5054,92352,300.0,{9755AK-9760AK},,,9,2024-11-15,2024-08-28 06:30:00,2024-08-28 11:10:00
214,8,2500,2482.4000,ARC REFRESHMENTS CORPORATION,14834,YA16192E,39224,26.0,"{'"2024-06-15 10:25:00'",'"2024-06-15 13:00:00'",'"2024-06-18 08:00:00'",'"2024-06-18 13:00:00'",'"2024-06-19 07:00:00'"}","{'"2024-06-15 13:00:00'",'"2024-06-15 22:00:00'",'"2024-06-18 13:00:00'",'"2024-06-18 22:00:00'",'"2024-06-19 07:25:00'"}",99.1528,21.21,0.8472,YA5993E,LDPE(HMI),"",STANDARD,12,350,40/40,Arjie Galgo,Julius Fundano,"{'"L14'": 75.0, '"L38'": 75.0, '"O46'": 30.000000000000004, '"W33'": 75.0, '"K907'": 863.0, '"LL12'": 875.0, '"R115'": 7.0, '"Y122'": 500.0, '"4-2912AK'": 3.61}","{170,170,170,170,170,170,170,160,160,160,150,150}",95,"{244,865,480,864,29.4}",95.4769,91295,2503.61,"{6794AK-6833AK,6834AK,6836AK-6844AK,6845AK}",,,8,2024-10-30,2024-06-15 10:25:00,2024-06-19 07:25:00
215,8,250,250.0000,"PHIL-TOP INDUSTRIES, INC.",0,BA16130E,39261,3.17,"{'"2024-06-29 05:00:00'",'"2024-06-29 06:00:00'"}","{'"2024-06-29 06:00:00'",'"2024-06-29 08:10:00'"}",98.6855,3.33,1.3145,BA16130E,LDPE(HMI),"",STANDARD,10,320,40/40,Edsel Mangarin,Julius Fundano,"{'"B78'": 0.098514, '"L38'": 0.6315, '"7024AK-7029AK'": 252.6}","{170,170,170,170,170,170,160,160,160,150,150,150}",0,"{75,175}",78.8644,91478,253.33,{7366AK-7370AK},,,0,2024-10-30,2024-06-29 05:00:00,2024-06-29 08:10:00
216,8,50,50.0000,"PHIL-TOP INDUSTRIES, INC.",15327,BA16130E,39261,0.67,"{'"2024-06-29 08:10:00'"}","{'"2024-06-29 08:50:00'"}",100.0,0.0,0.0,YA5993E,LDPE(HMI),"",STANDARD,10,380,40/40,Edsel Mangarin,Julius Fundano,"{'"L14'": 2.5, '"L38'": 2.5, '"P26'": 2.5, '"B107'": 0.15, '"K907'": 15.0, '"LL12'": 27.35}","{170,170,170,170,170,170,160,160,160,150,150,150}",120,{50},74.6269,91479,50.0,{7371AK},,,13,2024-10-30,2024-06-29 08:10:00,2024-06-29 08:50:00
217,8,500,400.0000,EVERGOOD PLASTIC INDUSTRY INC.,15322,YA5993E,39306,6.17,"{'"2024-06-29 10:50:00'"}","{'"2024-06-29 17:00:00'"}",100.0,0.0,0.0,NO PURGING,LDPE(HMI),"1. OVER FLOW IN FEEDER PORT
2. CHANGE FEED RATE FROM 13-8; RPM 400",STANDARD,10,400,40/40,Arnel Rosario,Julius Fundano,"{'"L14'": 14.0, '"L38'": 20.0, '"O56'": 4.0, '"O60'": 2.2, '"W33'": 50.4, '"K910'": 115.4, '"LL31'": 140.0, '"Y120'": 54.0}","{180,180,170,170,160,160,160,160,160,160,170,170}",0,{400},64.8298,91487,400.0,{7385AK-7392AK},,,0,2024-10-30,2024-06-29 10:50:00,2024-06-29 17:00:00
107,3,400,375.0000,EASTERN INTERNATIONAL PLASTIC PACKAGING CORPORATION,15214,VA4086E,39119,15.75,"{'"2024-05-25 23:40:00'",'"2024-05-27 06:45:00'"}","{'"2024-05-25 06:00:00'",'"2024-05-27 08:40:00'"}",93.75,25.0,6.25,IA16887E,LDPE(HMI),"Vacuum on
5/27/24 
9:15-12:00 Shut-off Undermaintenance Hindi tumataas ang temp ng Z1",STANDARD,9.5,25,40/40,Arnel Rosario,"","{'"W8'": 7.26, '"L14'": 16.5, '"LL6'": 126.984, '"V50'": 13.86, '"B106'": 0.396, '"FM27'": 33.0, '"K910'": 132.0, '"9986AI,9993AI'": 70.0}","{150,150,130,130,140,140,150}",80,"{285,90}",23.8095,91007,400,{6142AK-6157AK},,,14,2024-10-17,,
123,3,250,236.6900,"PHIL-TOP INDUSTRIES, INC.",14786,GA14271E,39142,3.42,"{'"2024-05-31 21:25:00'",'"2024-06-01 06:35:00'"}","{'"2024-05-31 22:00:00'",'"2024-06-01 09:25:00'"}",91.1995,22.84,8.8005,GA15221E,LDPE(HMI),"",STANDARD,12,25,40/40,Joel Miras,"","{'"W8'": 58.65, '"G39'": 1.275, '"L14'": 14.28, '"L38'": 12.75, '"K907'": 73.695, '"LL12'": 89.25, '"Y107'": 5.1, '"31-3334AK'": 4.53}","{160,130,130,150,150,150,150}",95,"{35,201.69}",69.2076,91087,259.53,"{6329AK-6332AK,6333AK,6334AK}",,,9,2024-10-17,,
116,3,475,500.7000,METRO CONTAINER CORPORATION,0,GA17119E,39771,8.33,"{'"2024-10-05 13:00:00'"}","{'"2024-10-05 21:20:00'"}",98.8568,5.79,1.1432,GA8074E,LDPE(HMI),*KUMUKULAY SA TUBIG ,STANDARD,9,32,40/40,Joel Miras,Julius Fundano,"{'"W33'": 15.521796, '"Y98'": 24.844196, '"1633AL-1642AL'": 466.12}","{150,150,140,130,130,150,150}",40,{500.7},60.108,93152,506.49,{2009AL-2018AL},,,17,2024-10-17,,
118,3,500,522.1800,METRO CONTAINER CORPORATION,0,GA17119E,39771,9.0,"{'"2024-10-09 17:35:00'",'"2024-10-09 18:00:00'"}","{'"2024-10-09 18:00:00'",'"2024-10-10 02:35:00'"}",99.4629,2.82,0.5371,BA9159E,LDPE(HMI),"*KUMUKULAY SA TUBIG GA17119E
*5KGS LMI W/ DIESEL
*SOBRANG KAPIT ANG KULAY NG GA17119E",STANDARD,8.6,25,40/40,Arnel Rosario,Julius Fundano,"{'"C19'": 1.1864999999999999, '"G34'": 8.25, '"G40'": 7.5, '"L28'": 7.35, '"L37'": 5.25, '"LL6'": 38.871, '"B107'": 5.9325, '"K907'": 30.66, '"2018AL'": 20.0, '"2009AL-2012AL'": 200.0, '"2014AL-2017AL'": 200.0}","{150,140,140,150,150,150,150}",125,"{20,502.18}",58.02,93273,525.0,"{2275AL-2279AL,2280AL-2284AL,2285AL}",,,15,2024-10-17,,
329,3,800,807.5000,Everbright Net & Twine,15421,IA1770E,39388,19.5,"{'"2024-07-27 14:30:00'",'"2024-07-27 18:00:00'",'"2024-07-29 09:00:00'"}","{'"2024-07-27 18:00:00'",'"2024-07-28 06:00:00'",'"2024-07-29 13:00:00'"}",98.4756,12.5,1.5244,WA2123E,LDPE(HMI),"1. VACUUM ON
2. 7/29/2024 DODIE-DO IN EXTRUDER - 10:00 BACK TO NORMAL SPEED MC#3; RPM - 32 & FEEDRATE - 15
3. 7/27/2024 JO - INVERTER OH (MAINMOTOR) ",STANDARD,8.3,25,60/60,Arnel Rosario,Julius Fundano,"{'"C19'": 3.2800000000000002, '"L37'": 28.7, '"L38'": 24.6, '"LL6'": 439.52000000000004, '"O58'": 188.6, '"K907'": 135.3}","{160,150,150,140,140,150,150}",120,"{200,400,207.5}",41.4103,91924,820.0,"{8723AK-8754AK,8755AK}",,,17,2024-11-06,2024-07-27 14:30:00,2024-07-29 13:00:00
331,1,100,109.1800,TERUMO (PHILS.) CORPORATION,14887,GA14433E,39302,4.42,"{'"2024-07-11 08:45:00'",'"2024-07-11 09:45:00'",'"2024-07-11 10:45:00'",'"2024-07-11 11:45:00'",'"2024-07-11 12:45:00'"}","{'"2024-07-11 09:45:00'",'"2024-07-11 10:45:00'",'"2024-07-11 11:45:00'",'"2024-07-11 12:45:00'",'"2024-07-11 13:10:00'"}",98.387,1.79,1.613,BA11432E,LDPE(HMI),3MMx3MM PELLET SIZE,STANDARD,85,250,40/40,Arjie Galgo,Julius Fundano,"{'"W8'": 1.034, '"G22'": 1.1280000000000001, '"L14'": 4.7, '"L38'": 4.7, '"Y98'": 1.363, '"T-RESIN'": 81.075, '"FG-2080AK'": 16.97}","{180,200,180,180,180,180,180,180,180,180}",110,"{25,25,25,25,9.18}",24.7014,91578,110.97,"{7722AK-7724AK,7725AK}",,,9,2024-11-06,2024-07-11 08:45:00,2024-07-11 13:10:00
119,3,200,205.4400,"PLEXCO PLASTIC PRODUCTS, INC.",14936,RA12706E,39151,3.17,"{'"2024-05-31 13:00:00'"}","{'"2024-05-31 16:10:00'"}",97.8286,4.56,2.1714,GA1706E,LDPE(HMI),"",STANDARD,7.9,40,40/40,Joel Miras,"","{'"W8'": 2.665, '"L14'": 7.175, '"L38'": 10.25, '"K907'": 102.09, '"LL31'": 71.75, '"R115'": 5.535, '"R119'": 5.535, '"FG-9844AJ'": 5.0}","{150,150,150,140,140,150,150}",110,{205.44},64.8076,91109,210.0,"{6366AK-6368AK,6369AK,6370AK}",,,17,2024-10-17,,
120,3,200,197.5000,"EVEREST PLASTIC CONTAINERS IND., INC.",0,BA9159E,39762,2.63,"{'"2024-10-10 04:40:00'",'"2024-10-10 06:00:00'"}","{'"2024-10-10 06:00:00'",'"2024-10-10 07:18:00'"}",98.75,2.5,1.25,BA9159E,LDPE(HMI),VACUUM ON,STANDARD,8.3,18,40/40,Arnel Rosario,Julius Fundano,"{'"1590AL-1591AL'": 100.0, '"1599AL-1600AL'": 100.0}","{150,150,130,130,140,150,150}",0,"{100,97.5}",75.0951,93158,200.0,{2023AL},,,0,2024-10-17,,
4,3,50,0.0000,"EVEREST PLASTIC CONTAINERS IND., INC.",0,MA5180E,39074,1.0,"{'"2024-05-17 09:00:00'"}","{'"2024-05-17 10:00:00'"}",0.0,50.56,100.0,MA4737E,LDPE(HMI),"No Output

Hindi maitakbo ng maayos, dahil hindi mahatak ang strand",STANDARD,30,40,40/40,ARNEL ROSARIO,"","{'"LL6'": 2.54, '"2078AI-2079AI'": 48.02}","{150,140,140,140,140,140,140}",240,{0},0.0,90931,50.56,{5922AK-5923AK},,,4,,,
59,3,325,316.4000,"EVEREST PLASTIC CONTAINERS IND., INC.",15280,BA5327E,39073,4.0,"{'"2024-05-15 18:20:00'",'"2024-05-16 06:15:00'"}","{'"2024-05-15 21:00:00'",'"2024-05-16 07:35:00'"}",95.015,16.6,4.985,IA5758E,LDPE(HMI),"",STANDARD,6.5,40,40/40,Arnel Rosario,"","{'"W8'": 4.859999999999999, '"B37'": 65.6, '"L14'": 11.48, '"L38'": 16.4, '"V50'": 1.148, '"B106'": 0.9839999999999999, '"K910'": 112.72800000000001, '"LL31'": 114.8, '"FG-2300AK'": 5.0}","{170,170,160,160,160,150,150}",115,"{235,91.52}",79.1,90926,333,"{5924AK-5927AK,5928AK-5929AK,5930AK}",,,8,2024-08-30,,
267,8,125,131.1000,"AG CANPRINT, INC.",13988,YA13953E,39395,2.0,"{'"2024-07-18 05:30:00'",'"2024-07-18 06:00:00'"}","{'"2024-07-18 06:00:00'",'"2024-07-18 07:30:00'"}",98.3643,2.18,1.6357,YA5188E,LDPE(HMI),"",STANDARD,15,350,40/40,Arnel Rosario,Julius Fundano,"{'"C19'": 0.030000000000000002, '"L28'": 6.0, '"L37'": 4.2, '"W33'": 12.0, '"Y98'": 21.6, '"K907'": 34.17, '"LL12'": 42.0, '"FG-5075AK'": 7.28, '"FG-6637AK'": 6.0}","{170,170,170,170,160,160,160,160,160,160,150,150}",90,"{32,99.1}",65.55,91744,133.28,"{8188AK-8189AK,8190AK}",,,8,2024-11-04,2024-07-18 05:30:00,2024-07-18 07:30:00
53,3,2000,2006.1700,SAN MIGUEL YAMAMURA PACKAGING CORPORATION,15267,GA1225E,39063,30.17,"{'"2024-05-10 16:00:00'",'"2024-05-10 18:00:00'",'"2024-05-11 06:00:00'",'"2024-05-13 06:40:00'",'"2024-05-13 13:00:00'",'"2024-05-13 17:50:00'"}","{'"2024-05-10 18:00:00'",'"2024-05-10 22:00:00'",'"2024-05-11 18:00:00'",'"2024-05-13 13:00:00'",'"2024-05-13 17:50:00'",'"2024-05-13 18:50:00'"}",98.5833,28.83,1.4167,BA3436E,LDPE(HMI),"5/11/24 9:00-11:00
Prod Stop-JO Zone 1",STANDARD,8.5,28,40/40,Arnel Rosario,"","{'"C19'": 1.7501, '"G34'": 46.805, '"L14'": 61.05, '"L38'": 61.05, '"LL6'": 712.25, '"W33'": 35.816, '"K910'": 1075.5789, '"Y124'": 40.7}","{150,120,120,150,150,150,150}",120,"{150,300,675,475,350,56.17}",66.4955,90869,2035,"{5707AK-5746AK,5747AK}",,,18,2024-08-22,,
124,3,100.03,98.0000,"EVEREST PLASTIC CONTAINERS IND., INC.",0,BA9159E,39762,1.3,"{'"2024-10-10 07:20:00'"}","{'"2024-10-10 08:38:00'"}",97.9706,2.03,2.0294,BA9159E,LDPE(HMI),VACUUM ON,STANDARD,8.3,18,40/40,Joel Miras,Julius Fundano,"{'"B107'": 0.03, '"1565AL-1566AL'": 100.0}","{150,150,130,130,140,150,150}",0,{98},75.3846,93161,100.03,{2024AL-2025AL},,,0,2024-10-18,,
125,3,2250,2264.6800,"EVEREST PLASTIC CONTAINERS IND., INC.",15641,BA9159E,39816,31.33,"{'"2024-10-10 08:40:00'",'"2024-10-10 18:00:00'",'"2024-10-11 06:00:00'"}","{'"2024-10-10 18:00:00'",'"2024-10-11 06:00:00'",'"2024-10-11 16:00:00'"}",99.1268,19.95,0.8732,BA17051E,LDPE(HMI),"**CHANGE SETTING VACUUM & VENT PORT OVERFLOW
**vACUUM ON",STANDARD,8.3,28,40/40,Arnel Rosario,Julius Fundano,"{'"G34'": 2.275, '"L28'": 113.75, '"L37'": 113.75, '"LL6'": 796.25, '"W35'": 72.8, '"B107'": 2.9575, '"K907'": 1173.2175, '"1-3991AK'": 1.3, '"19-1444AK'": 2.93, '"25-4862AK'": 0.82, '"27-0516AL'": 1.69, '"27-7773AK'": 2.89}","{150,150,130,130,130,140,150}",105,"{700,825,739.68}",72.2847,93219,2284.63,"{2113AL-2157AL,2158AL}",,,17,2024-10-18,,
127,3,125,127.9800,"EVEREST PLASTIC CONTAINERS IND., INC.",15682,BA12068E,39839,3.42,"{'"2024-10-13 00:40:00'"}","{'"2024-10-13 04:05:00'"}",96.6324,4.46,3.3676,BA15965E,LDPE(HMI),**CHANGE FEED RATE FROM 7.6 TO 6.3 RPM 40 OVERFLOW ON FEEDER PORT,STANDARD,6.7,40,40/40,Arnel Rosario,Julius Fundano,"{'"L28'": 6.6, '"L37'": 4.62, '"V50'": 2.2439999999999998, '"B101'": 16.5, '"B106'": 4.4879999999999995, '"B108'": 4.48, '"K907'": 46.867999999999995, '"LL31'": 46.2, '"27-8783AK'": 0.44}","{170,160,160,140,140,150,150}",90,{127.98},37.4211,93309,132.44,"{2248AL-2249AL,2250AL}",,,8,2024-10-18,,
135,3,50,56.1000,"EVEREST PLASTIC CONTAINERS IND., INC.",15647,GA14252E,39807,1.08,"{'"2024-10-04 11:45:00'"}","{'"2024-10-04 12:50:00'"}",95.5707,2.6,4.4293,GA16968E,LDPE(HMI),"",STANDARD,8.6,28,40/40,Arnel Rosario,Julius Fundano,"{'"G40'": 0.159, '"L28'": 2.65, '"L37'": 2.65, '"LL6'": 18.55, '"W35'": 5.5649999999999995, '"K907'": 19.238999999999997, '"Y107'": 0.7949999999999999, '"Y119'": 3.3920000000000003, '"FG-1214AI'": 5.7}","{150,130,130,150,150,150,150}",130,{56.1},51.9444,93086,58.7,"{1826AL,1827AL}",,,19,2024-10-22,2024-10-04 11:45:00,2024-10-04 12:50:00
147,3,250,257.6000,SAN MIGUEL YAMAMURA PACKAGING CORPORATION,15694,BA15965E,39850,3.58,"{'"2024-10-13 05:35:00'",'"2024-10-14 06:30:00'"}","{'"2024-10-13 06:00:00'",'"2024-10-14 09:40:00'"}",99.0769,2.4,0.9231,BA15965E,HDPE(HMI),"",STANDARD,30,40,40/40,Arnel Rosario,Julius Fundano,"{'"L28'": 13.0, '"L37'": 18.2, '"LL6'": 91.0, '"W33'": 3.9, '"B106'": 23.4, '"K907'": 108.16000000000001, '"R122'": 2.34}","{160,180,180,180,180,180,160}",0,"{30,227.6}",71.9553,93296,260.0,"{2304AL-2307AL,2308AL,2309AL}",,,0,2024-10-24,2000-01-01 00:00:00,2000-01-01 00:00:00
148,3,250,240.6200,SAN MIGUEL YAMAMURA PACKAGING CORPORATION,15693,BA15965E,39850,3.5,"{'"2024-10-14 09:40:00'"}","{'"2024-10-14 13:10:00'"}",96.248,9.38,3.752,BA325,HDPE(HMI),"",STANDARD,8.3,40,40/40,Arnel Rosario,Julius Fundano,"{'"B89'": 22.5, '"L28'": 12.5, '"L37'": 17.5, '"LL6'": 87.5, '"W33'": 3.75, '"K907'": 104.0, '"R122'": 2.25}","{150,130,130,150,150,150,150}",120,{240.62},68.7486,93297,250.0,{2310AL-2314AL},,,8,2024-10-24,2000-01-01 00:00:00,2000-01-01 00:00:00
207,3,2250,2024.4500,"EVEREST PLASTIC CONTAINERS IND., INC.",15120,BA9159E,39300,27.33,"{'"2024-06-29 19:10:00'",'"2024-07-01 07:00:00'",'"2024-07-01 13:00:00'",'"2024-07-02 07:00:00'"}","{'"2024-06-29 22:00:00'",'"2024-07-01 13:00:00'",'"2024-07-01 22:00:00'",'"2024-07-02 16:30:00'"}",98.7537,25.55,1.2463,CA5402E,LDPE(HMI),"",STANDARD,8.3,35,40/40,Roselie Mapandi,Julius Fundano,"{'"G34'": 2.05, '"L14'": 71.75, '"L38'": 102.5, '"W35'": 65.6, '"B107'": 2.665, '"K910'": 1087.935, '"LL12'": 717.5}","{160,150,130,130,140,150,150}",120,"{209,446,666,703.45}",74.0743,91477,2050.0,{7325AK-7365AK},,,13,2024-10-29,2024-06-29 19:10:00,2024-07-02 16:30:00
208,3,335.34,328.6800,"PHIL-TOP INDUSTRIES, INC.",0,BA14304E,39268,4.42,"{'"2024-06-29 13:10:00'"}","{'"2024-06-29 17:35:00'"}",98.014,6.66,1.986,BA9159E,LDPE(HMI),NAGPUPUTOL PUTOL KAPAG MABILIS ANG RPM (30-20,STANDARD,8.7,20,40/40,Aldrin Villacrusis,Julius Fundano,"{'"L14'": 4.6947600000000005, '"L38'": 4.19175, '"B107'": 0.50301, '"K907'": 25.821180000000002, '"LL12'": 48.6243, '"7071AK'": 26.51, '"7066AK-7070AK'": 225.0}","{160,120,120,150,150,150,150}",95,{328.68},74.362,91495,335.34,"{7403AK-7408AK,7409AK}",,,0,2024-10-29,2024-06-29 13:10:00,2024-06-29 17:35:00
209,3,250,256.4500,EVERGOOD PLASTIC INDUSTRY INC.,15149,RA5277E,39238,4.08,"{'"2024-06-18 20:30:00'",'"2024-06-19 06:50:00'"}","{'"2024-06-18 22:00:00'",'"2024-06-19 09:25:00'"}",98.6346,3.55,1.3654,RA7886E,LDPE(HMI),"",STANDARD,12,25,40/40,Arnel Rosario,Julius Fundano,"{'"L14'": 27.3, '"O55'": 2.6, '"K910'": 127.66000000000001, '"LL12'": 91.0, '"R117'": 11.440000000000001}","{150,130,130,150,150,150,160}",80,"{95,161.45}",62.8554,91307,260.0,"{6854AK-6857AK,6858AK,6859AK}",,,10,2024-10-30,2024-06-18 20:30:00,2024-06-19 09:25:00
211,3,500,505.8000,SPI CORPORATION,14926,RA12372E,39218,7.58,"{'"2024-06-14 07:30:00'",'"2024-06-14 13:00:00'"}","{'"2024-06-14 13:00:00'",'"2024-06-14 15:05:00'"}",97.8905,10.9,2.1095,GA1225E,LDPE(HMI),"",STANDARD,8.3,20,60/60,Roselie Mapandi,Julius Fundano,"{'"L14'": 17.85, '"L38'": 25.5, '"O55'": 5.61, '"V50'": 11.22, '"K907'": 245.82, '"LL12'": 204.0, '"FG-1880AK'": 6.7}","{150,150,140,140,150,150,150}",115,"{363,142.8}",66.7282,91279,516.7,"{6699AK-6708AK,6709AK}",,,14,2024-10-30,2024-06-14 07:30:00,2024-06-14 15:05:00
212,3,50,54.7800,GILVAN PACKAGING CORPORATION,15317,BA2688E,39207,0.83,"{'"2024-06-10 10:10:00'"}","{'"2024-06-10 11:00:00'"}",94.9723,2.9,5.0277,RA15449E,LDPE(HMI),"11:00 - PRODUCTION STOP, WAITINF FOR COMPOUNDED (TUMBER).",STANDARD,8.6,16,40/40,Arnel Rosario,Julius Fundano,"{'"W8'": 1.5, '"B37'": 5.0, '"L14'": 2.5, '"L38'": 2.5, '"V50'": 0.05, '"B101'": 2.55, '"B106'": 1.6, '"K907'": 16.8, '"LL12'": 17.5, '"FG-8703AG'": 5.9, '"5-QCEXCESS'": 1.78}","{150,150,150,150,150,130,130}",120,{54.78},66.0,91263,57.68,"{6630AK,6631AK}",,,11,2024-10-30,2024-06-10 10:10:00,2024-06-10 11:00:00
213,3,50,54.4500,GILVAN PACKAGING CORPORATION,14808,RA15449E,39203,0.92,"{'"2024-06-16 14:40:00'"}","{'"2024-06-16 15:35:00'"}",94.9268,2.91,5.0732,RA12372E,LDPE(HMI),15:35 SHUT OFF,STANDARD,8.3,12,40/40,Arnel Rosario,Julius Fundano,"{'"L14'": 3.6399999999999997, '"L38'": 1.56, '"LL31'": 43.0248, '"R115'": 1.04, '"R117'": 2.7352, '"FG-0857AK'": 5.36}","{150,130,130,90,90,130,130}",90,{54.45},59.1848,91259,57.36,"{6628AK,6629AK}",,,6,2024-10-30,2024-06-16 14:40:00,2024-06-16 15:35:00
73,5,500,513.7900,FORTUNE DARUMA MARKETING CORP. (FORMERLY MARLOCH),15463,WA11278E,39527,9.42,"{'"2024-08-12 11:05:00'",'"2024-08-12 18:00:00'"}","{'"2024-08-12 18:00:00'",'"2024-08-12 01:40:00'"}",97.8648,11.21,2.1352,WA13400E,RUBBER,Change pelletizer # 9 to #1,STANDARD,40,130,40/40,Edsel Mangarin,Julius Fundano,"{'"B81'": 2.625, '"L37'": 18.375, '"L39'": 26.25, '"W33'": 231.0, '"K907'": 70.875, '"LL36'": 175.875}","{160,160,160,160,160,160,150,150,150,150,170}",20,"{245,268.79}",54.5425,92153,525,"{9093AK-9096AK,9097AK}",,,10,2024-10-12,,
74,5,175,177.3800,"GLOBAL COMPAK, INC.",15479,WA13400E,39438,2.58,"{'"2024-08-13 04:25:00'",'"2024-08-13 06:00:00'"}","{'"2024-08-13 06:00:00'",'"2024-08-13 07:00:00'"}",98.5444,2.62,1.4556,BA17070E,LDPE(HMI),"",STANDARD,20,380,40/40,Arjie Galgo,Julius Fundano,"{'"B81'": 0.099, '"L28'": 3.6, '"L37'": 3.6, '"W35'": 84.6, '"K907'": 43.101, '"LL12'": 45.0}","{170,170,170,170,170,130,160,160,160,150,150}",180,"{106,71.38}",68.7519,92222,180,"{9487AK,9488AK}",,,34,2024-10-12,,
75,5,500,535.9400,"ROWELL LITHOGRAPHY & METAL CLOSURE, INC.",15475,BA17070E,39535,9.0,"{'"2024-08-13 10:00:00'"}","{'"2024-08-13 19:00:00'"}",97.4436,14.06,2.5564,WA6837E,RUBBER,"",STANDARD,10,300,60/60,Roselie Mapandi,Julius Fundano,"{'"AO8'": 0.55, '"AO9'": 0.55, '"LL36'": 99.0, '"LL38'": 235.4, '"LL66'": 198.0, '"BA17039E(8866AK)'": 16.5}","{160,170,170,160,160,160,160,150,150,150,160,160}",120,{535.94},59.5489,92203,550,{9381AK},,,10,2024-10-12,,
76,5,50,45.8000,"TRADESPHERE INDUSTRIAL COMMODITIES, INC.",15488,WA6837E,39551,1.25,"{'"2024-08-15 08:25:00'"}","{'"2024-08-15 09:40:00'"}",93.2031,3.34,6.7969,WA17031E,HDPE(HMI),"",STANDARD,20,380,40/40,Edsel Mangarin,Julius Fundano,"{'"W8'": 5.4, '"B81'": 0.036, '"L28'": 2.25, '"L37'": 2.25, '"P26'": 9.0, '"K907'": 4.5, '"LL48 POWDER'": 21.564, '"FG-21-1855AE'": 4.14}","{202,200,180,179,183,182,179,180,181,189,201}",90,{45.8},36.64,92274,49.14,{9583AK},,,6,2024-10-12,,
77,5,375,377.7400,METRO CONTAINER CORPORATION,15385,WA17031E,39552,5.42,"{'"2024-08-15 11:10:00'",'"2024-08-15 13:00:00'"}","{'"2024-08-15 13:00:00'",'"2024-08-15 16:35:00'"}",96.8564,12.26,3.1436,WA2677E,PP,Change pelletizer # 1 to # 9,STANDARD,10,300,40/40,Edsel Mangarin,Julius Fundano,"{'"B81'": 0.46199999999999997, '"L37'": 7.7, '"L38'": 7.7, '"V50'": 0.0077, '"W35'": 134.75, '"K907'": 118.8803, '"FG-8185AK'": 5.0, '"PP14 POWDER'": 115.5}","{220,220,220,210,210,200,200,200,200,180,180}",125,"{130,247.74}",69.6937,92260,390,"{9565AK-9567AK,9568AK}",,,13,2024-10-12,,
210,3,250,251.6000,EVERGOOD PLASTIC INDUSTRY INC.,15219,BA4756E,39237,3.67,"{'"2024-06-15 18:20:00'"}","{'"2024-06-15 22:00:00'"}",97.4703,6.53,2.5297,DA15568E,LDPE(HMI),"",STANDARD,8.4,25,40/40,Edsel Mangarin,Julius Fundano,"{'"L14'": 7.5, '"L38'": 7.5, '"LL6'": 87.5, '"V42'": 0.5874999999999999, '"V49'": 0.5874999999999999, '"W33'": 16.5, '"B101'": 3.75, '"B106'": 5.999999999999999, '"K910'": 120.07499999999999, '"FG-4990AK'": 8.13}","{170,140,140,140,130,150,150}",120,{251.6},68.5559,91310,258.13,"{6860AK-6863AK,6864AK,6865AK}",,,15,2024-10-30,2024-06-15 18:20:00,2024-06-15 22:00:00
52,1,10,9.4000,"ZELLER PLASTIK PHILIPPINES, INC.",15069,GA3538E,39155,0.5,"{'"2024-05-31 21:00:00'"}","{'"2024-05-31 21:30:00'"}",94.0,0.6,6.0,TA16761E,PP,"",STANDARD,90,300,40/40,Aldrin Villacrusis,Julius Fundano,"{'"W8'": 0.656, '"G22'": 0.0052, '"L14'": 0.3, '"L38'": 0.3, '"PP4'": 6.0068, '"Y72'": 0.032, '"K907'": 2.0, '"Y118'": 0.7}","{180,200,200,200,200}",30,{9.4},18.8,91115,10,{6376AK},,,5,2024-08-22,,
83,5,300,297.6000,"EVEREST PLASTIC CONTAINERS IND., INC.",0,MA4737E,39542,6.75,"{'"2024-08-20 13:00:00'",'"2024-08-20 18:00:00'"}","{'"2024-08-20 18:00:00'",'"2024-08-20 19:45:00'"}",99.2,2.4,0.8,GA17168E,LDPE(HMI),"Change RPM from 400 to 320
",STANDARD,65,320,40/40,Edsel Mangarin,Julius Fundano,"{'"9445AK-9446AK'": 50.0, '"9447AK-9448AK'": 50.0, '"9456AK-9457AK'": 50.0, '"9458AK-9459AK'": 50.0, '"9460AK-9461AK'": 50.0, '"9462AK-9463AK'": 50.0}","{160,160,160,160,160,160,150,150,150,150,150}",115,"{220,77.6}",44.0889,92311,300,"{9669AK,9670AK}",,,8,2024-10-14,,
82,5,500,500.2000,"EVEREST PLASTIC CONTAINERS IND., INC.",13078,MA4737E,39542,7.5,"{'"2024-08-19 20:20:00'",'"2024-08-20 06:00:00'"}","{'"2024-08-19 06:00:00'",'"2024-08-20 12:50:00'"}",96.938,15.8,3.062,NO PURGING,LDPE(HMI),OVER-FLOW ON F-DER PORT,STANDARD,65,400,40/40,Roselie Mapandi,Julius Fundano,"{'"C12'": 5.006, '"L28'": 375.45, '"L37'": 375.45, '"O55'": 7.509, '"P26'": 813.475, '"P27'": 1001.2, '"P28'": 1677.01, '"Y98'": 438.025, '"K907'": 1251.5, '"LL31'": 6570.375, '"9500AI'": 0.81, '"QCEXCESS'": 0.19}","{160,160,160,160,160,160,150,150,150,150,150}",0,"{288,212.2}",66.6933,92213,516,"{9445AK-9484AK,9485AK}",,,0,2024-10-14,,
259,5,100,105.6600,NPPET GLOBAL INNOVENTION INC.,14779,WA1815E,39282,1.37,"{'"2024-06-26 16:00:00'"}","{'"2024-06-26 17:22:00'"}",98.7477,1.34,1.2523,WA12841E,LDPE(HMI),"",STANDARD,8,280,60/60,Roselie Mapandi,Julius Fundano,"{'"W8'": 28.89, '"B81'": 0.0321, '"L14'": 2.14, '"L38'": 2.14, '"K907'": 44.9079, '"LL12'": 28.89}","{150,150,150,150,150,130,130}",83,{105.66},77.1241,91429,107.0,{7194AK},,,5,2024-11-04,2024-06-26 16:00:00,2024-06-26 17:22:00
6,8,25,24.0000,"EVEREST PLASTIC CONTAINERS IND., INC.",15456,OA8984E,39519,0.33,"{'"2024-08-10 00:15:00'"}","{'"2024-08-10 00:35:00'"}",96,1,4,OA8984,LDPE(HMI),"",STANDARD,10,350,40/40,ALDRIN VILLACRUSIS,JULLIUS FUNDANO,"{'"L37'": 0.875, '"L38'": 1.25, '"LL6'": 8.75, '"O60'": 1.5875, '"W33'": 2.5, '"K907'": 9.85, '"R130'": 0.1875}","{170,170,170,170,160,170,160,160,160,160,150,150}",0,{24},72.7273,92157,25,{9103AK},,,,,,
8,8,25,28.5000,"EVEREST PLASTIC CONTAINERS IND., INC.",0,OA8984E,39519,1.42,"{'"2024-08-10 00:35:00'"}","{'"2024-08-10 02:00:00'"}",99.234,0.22,0.766,BA13023E,LDPE(HMI),"",STANDARD,10,300,40/40,ALDRIN VILLACRUSIS,JULLIUS FORDANO,"{'"LL6'": 1.3572, '"O60'": 0.0928, '"8525AK-8526AK'": 27.27}","{170,170,170,170,160,160,160,160,160,160,150,150}",40,{28.5},20.0704,92168,28.72,{9210AK},,,,,,
11,8,325,329.1500,CDC MANUFACTURING CORP.,15461,GA17168E,39524,4.17,"{'"2024-08-08 19:30:00'",'"2024-08-09 06:20:00'"}","{'"2024-08-08 22:00:00'",'"2024-08-09 08:00:00'"}",98.2537,5.85,1.7463,RA16846E,LDPE(HMI),"",STANDARD,15,400,40/40,ALDRIN VILLACRUSIS & ROSELIE MAPANDI,JULLIUS FORDANO,"{'"G39'": 14.4, '"L37'": 15.0, '"L38'": 15.0, '"W35'": 19.5, '"Y98'": 21.0, '"K907'": 110.1, '"LL12'": 105.0}","{170,170,170,170,170,170,160,160,160,160,150,150}",150,"{200,129.15}",78.9329,92127,335,{9069AK-9074AK},,,,,,
22,8,100,98.1500,CYBERMANN INDUSTRIAL CORPORATION,15458,MA7758E,39522,1.67,"{'"2024-08-08 16:10:00'"}","{'"2024-08-08 17:50:00'"}",98.15,100,100,GA17168E,PP,"",STANDARD,11,350,40/40,ALDRIN VILLACRUSIS,JULLIUS FORDANO,"{'"C19'": 0.18, '"L28'": 5.0, '"L37'": 3.5, '"O55'": 0.1, '"P26'": 6.5, '"P28'": 13.0, '"Y98'": 3.0, '"K907'": 10.0, '"PP14 POWDER'": 58.72}","{180,200,180,180,180,180,180,180,180,180,180,180}",100,{98.15},58.7725,92122,100,{9063AK-9066AK},,,,,,
21,8,50,51.4700,EIGHT CUBE SALES CENTER INC.,15443,IA16062E,39470,2,"{'"2024-08-07 18:20:00'"}","{'"2024-08-07 20:20:00'"}",97.1132,1.53,2.8868,MA7758E,PET,"",STANDARD,7,200,60/60,ALDRIN VILLACRUSIS,JULLIUS FORDANO,"{'"B93'": 0.0795, '"R121'": 0.1431, '"LL60(POWDER)'": 52.7774}","{220,220,220,220,220,220,220,220,220,220,230,230}",100,{51.47},25.735,92126,53,"{9067AK,9068AK}",,,,,,
23,8,50,56.7000,"ZELLER PLASTIK PHILIPPINES, INC.",0,GA4440E,39433,1.17,"{'"2024-08-07 15:20:00'"}","{'"2024-08-07 16:30:00'"}",97.4562,1.48,2.5438,IA16062E,PP,"",STANDARD,7,240,40/40,ALDRIN VILLACRUSIS,JULLIUS FORDANO,"{'"G22'": 0.001745, '"L38'": 0.05815, '"8842AK'": 25.0, '"8845AK'": 33.15}","{180,200,180,180,180,180,180,180,180,180,180,180}",110,{56.7},48.4615,92115,58.18,"{9019AK,9020AK}",,,,,,
20,8,500,496.0000,"EVEREST PLASTIC CONTAINERS IND., INC.",15454,GA4921E,39520,6.17,"{'"2024-08-07 07:40:00'",'"2024-08-07 13:00:00'"}","{'"2024-08-07 13:00:00'",'"2024-08-07 13:50:00'"}",99.2,4,0.8,GA4440E,LDPE(HMI),"",STANDARD,15,350,40/40,ARJIE GALGO,JULLIUS FORDANO,"{'"G39'": 2.75, '"L37'": 15.0, '"L38'": 15.0, '"W33'": 44.75, '"K907'": 151.0, '"LL31'": 250.0, '"Y118'": 5.0, '"Y120'": 16.5}","{180,180,170,170,170,170,160,160,160,160,160,160}",90,"{426,70}",80.389,92097,500,{8998AK-9007AK},,,,,,
68,8,50,59.0000,"ZELLER PLASTIK PHILIPPINES, INC.",0,OA3552E,39432,1.22,"{'"2024-08-01 00:47:00'"}","{'"2024-08-01 02:00:00'"}",96.5472,2.11,3.4528,GA8613E,LDPE(HMI),"",STANDARD,9,300,40/40,Arjie Galgo,Julius Fundano,"{'"C19'": 0.003056, '"L38'": 0.09168, '"O57'": 0.1528, '"PP6 POWDER'": 2.808464, '"8704AK-8705AK'": 47.5, '"8705AK-8706AK'": 10.56}","{180,200,180,180,180,180,180,180,180,180,180,180}",100,{59},48.3607,91971,61.11,"{8839AK-8840AK,8841AK}",,,8,2024-10-04,,
469,3,2950,2950.0000,SAN MIGUEL YAMAMURA PACKAGING CORPORATION,15508,BA7861E,39592,43.67,"{'"2024-08-24 11:00:00'",'"2024-08-24 18:00:00'",'"2024-08-26 07:00:00'",'"2024-08-26 13:00:00'",'"2024-08-27 07:25:00'",'"2024-08-27 13:00:00'"}","{'"2024-08-24 18:00:00'",'"2024-08-25 06:00:00'",'"2024-08-26 13:00:00'",'"2024-08-26 21:00:00'",'"2024-08-27 13:00:00'",'"2024-08-27 18:05:00'"}",100.0,0.0,0.0,NO PURGING,LDPE(HMI),"1. LAST PELLET 9884-92, OVER FLOW ON FEEDER/VACUUM PORT
2. HINDI BUMABAGSAK ANG COMPOUNDED",STANDARD,8.5,45,40/40,Arnel Rosario,Julius Fundano,"{'"L37'": 177.0, '"LB2'": 442.5, '"V50'": 8.26, '"B107'": 32.45, '"B108'": 516.25, '"K907'": 1183.54, '"LL12'": 590.0}","{150,150,150,150,150,130,130}",0,"{490,770,420,560,370,340}",67.5521,92396,2950.0,{9834AK-9892AK},,,0,2024-11-11,2024-08-24 11:00:00,2024-08-27 18:05:00
256,8,250,256.3400,"EVEREST PLASTIC CONTAINERS IND., INC.",15025,KA15913E,39163,4.0,"{'"2024-06-03 13:30:00'"}","{'"2024-06-03 17:30:00'"}",98.1018,4.96,1.8982,KA15913E,LDPE(HMI),"",STANDARD,9,250,40/40,Aldrin Villacrusis,Julius Fundano,"{'"L14'": 8.855, '"L38'": 12.65, '"PP4'": 88.55, '"W33'": 68.31, '"Y98'": 0.1771, '"K907'": 74.2555, '"R115'": 0.2024, '"FG-1205AK'": 8.3}","{180,200,180,180,180,180,180,180,180,180,180,180}",0,{256.34},64.085,91161,261.3,"{6465AK-6473AK,6474AK}",,,0,2024-10-31,2024-06-03 13:30:00,2024-06-03 17:30:00
69,8,200,206.8300,"PHIL-TOP INDUSTRIES, INC.",15415,TA16761E,39445,2.75,"{'"2024-07-30 18:00:00'"}","{'"2024-07-30 20:45:00'"}",99.1705,1.73,0.8295,GA8074E,LDPE(HMI),"",STANDARD,10,300,40/40,Arjie Galgo,Julius Fundano,"{'"C19'": 0.615, '"I24'": 1.025, '"L37'": 10.25, '"L38'": 10.25, '"W35'": 20.5, '"K907'": 90.45625, '"LL12'": 71.75, '"Y116'": 0.15375, '"FG-23-6408AK'": 3.56}","{170,170,170,170,170,170,160,160,160,150,150,150}",105,{206.83},75.2109,91915,208.56,"{8712AK-8714AK,8715AK,8716AK}",,,9,2024-10-07,,
70,8,50,59.0000,"ZELLER PLASTIK PHILIPPINES, INC.",0,OA3552E,39432,1.22,"{'"2024-08-01 00:47:00'"}","{'"2024-08-01 02:00:00'"}",96.5472,2.11,3.4528,8,PP,"",STANDARD,9,300,40/40,Arjie Galgo,Julius Fundano,"{'"C19'": 0.003056, '"L38'": 0.09168, '"O57'": 0.1528, '"PP6 POWDER'": 2.808464, '"8704AK-8705AK'": 47.5, '"8705AK-8706AK'": 10.56}","{180,200,180,180,180,180,180,180,180,180,180,180}",100,{59},48.3607,91971,61.11,"{8839AK-8840AK,8841AK}",,,8,2024-10-07,,
140,8,250,233.0000,"PHIL-TOP INDUSTRIES, INC.",14783,BA14304E,39144,2.83,"{'"2024-05-30 14:20:00'"}","{'"2024-05-30 17:10:00'"}",97.8992,5.0,2.1008,BA12618E,LDPE(HMI),"",STANDARD,10,380,40/40,Edsel Mangarin,Julius Fundano,"{'"W8'": 52.122, '"B78'": 2.6180000000000003, '"L14'": 13.328, '"L38'": 11.9, '"K907'": 74.732, '"LL31'": 83.3}","{180,180,180,170,170,170,160,160,160,160,160,160}",90,{233},82.3322,91075,238.0,"{6305AK-6308AK,6309AK}",,,10,2024-10-24,2024-05-30 14:20:00,2024-05-30 17:10:00
143,8,200,203.0000,Incon Industrial Corporation,0,OA14302E,39838,2.75,"{'"2024-10-14 22:15:00'"}","{'"2024-10-15 01:00:00'"}",99.0921,1.86,0.9079,OA2860,LDPE(HMI),"",STANDARD,10,350,40/40,Aldrin Villacrusis,Julius Fundano,"{'"L28'": 0.30678, '"Y98'": 0.030678, '"1841AL-1845AL'": 204.52}","{170,170,160,160,160,160,150,150,150,150,150,150}",90,{203},73.8182,93317,204.86,{1853AL-1856AL},,,8,2024-10-24,2000-01-01 00:00:00,2000-01-01 00:00:00
144,8,300,297.7700,"MOLDEX PRODUCTS, INC.",0,GA3933E,39812,4.75,"{'"2024-10-13 04:25:00'",'"2024-10-14 08:00:00'"}","{'"2024-10-13 06:00:00'",'"2024-10-14 11:10:00'"}",99.2567,2.23,0.7433,GA4952E,PP,"",STANDARD,9,300,40/40,ARJIE,JULIUS,"{'"AO8'": 0.075, '"AO9'": 0.075, '"G34'": 8.25, '"L28'": 2.25, '"L37'": 2.25, '"PP11'": 77.1, '"1858AL-1866AL'": 210.0}","{180,200,180,180,180,180,180,180,180,180,180,180}",90,"{100,197.77}",62.6884,93242,300.0,{2242AL-2247AL},,,8,2024-10-24,2000-01-01 00:00:00,2000-01-01 00:00:00
145,8,300,298.0000,"GLOBAL KONTEINER MANUFACTURING, INC.",15626,GA8074E,39852,4.0,"{'"2024-10-14 16:15:00'",'"2024-10-14 18:00:00'"}","{'"2024-10-14 18:00:00'",'"2024-10-14 20:15:00'"}",99.3333,2.0,0.6667,OA14302E,LDPE(HMI),"",STANDARD,12,300,40/40,Arjie Galgo,Julius Fundano,"{'"W8'": 6.0, '"G34'": 2.94, '"L28'": 24.0, '"L37'": 24.0, '"LL6'": 105.0, '"K907'": 133.38, '"Y117'": 4.68}","{170,170,170,170,160,160,160,160,150,150,150,150}",120,"{145,153}",74.5,93286,300.0,{3011AL-3016AL},,,12,2024-10-24,2000-01-01 00:00:00,2000-01-01 00:00:00
146,8,150,150.0000,"EVEREST PLASTIC CONTAINERS IND., INC.",0,GA4952E,39817,2.1,"{'"2024-10-14 12:40:00'"}","{'"2024-10-14 14:46:00'"}",99.9267,0.11,0.0733,GA8074E,LDPE(HMI),"",STANDARD,10,300,40/40,Arjie Galgo,Julius Fundano,"{'"G34'": 0.1125, '"2066AL-2068AL'": 150.0}","{170,170,170,170,160,160,160,160,160,160,150,150}",89,{150},71.4286,93305,150.11,{2323AL-2325AL},,,8,2024-10-24,2000-01-01 00:00:00,2000-01-01 00:00:00
149,8,250,254.2800,Una Internationale,15703,OA2860E,39854,4.5,"{'"2024-10-15 02:30:00'",'"2024-10-15 06:00:00'"}","{'"2024-10-15 05:00:00'",'"2024-10-15 08:00:00'"}",98.6652,3.44,1.3348,YA11110E,LDPE(HMI),"",STANDARD,25,380,60/60,Aldrin Villacrusis,Julius Fundano,"{'"L28'": 12.85, '"L37'": 12.85, '"LL6'": 134.925, '"O58'": 14.25, '"O60'": 50.0, '"Y89'": 5.14, '"K907'": 25.7, '"R103'": 1.285, '"9-6373AK'": 0.72}","{170,170,170,170,160,160,160,150,150,150,160,160}",120,"{140,114.28}",56.5067,93346,257.72,"{2366AL-2369AL,2370AL,2371AL}",,,12,2024-10-24,2000-01-01 00:00:00,2000-01-01 00:00:00
150,8,200,204.2600,"EVEREST PLASTIC CONTAINERS IND., INC.",15698,YA11110E,39854,2.92,"{'"2024-10-15 10:00:00'"}","{'"2024-10-15 12:55:00'"}",98.339,3.45,1.661,YA5993E,LDPE(HMI),"",STANDARD,15,350,40/40,Arjie Galgo,Julius Fundano,"{'"L28'": 10.1, '"L37'": 10.1, '"W35'": 22.22, '"K907'": 85.85, '"LL12'": 70.7, '"Y107'": 3.0300000000000002, '"FG-7293AJ'": 5.71}","{170,170,170,170,160,160,160,160,150,150,150,150}",85,{204.26},69.9521,93320,207.71,"{2355AL-2357AL,2358AL,2359AL}",,,8,2024-10-24,2000-01-01 00:00:00,2000-01-01 00:00:00
151,8,500,504.2300,EVERGOOD PLASTIC INDUSTRY INC.,15696,YA5993E,39856,7.33,"{'"2024-10-15 14:20:00'",'"2024-10-15 18:00:00'"}","{'"2024-10-15 18:00:00'",'"2024-10-15 21:40:00'"}",98.8686,5.77,1.1314,OA11689E,LDPE(HMI),"Overflow on feeeder
Change feed rate from 15 to 12
RPM from 400-420",STANDARD,12,425,40/40,Arjie/Aldrin,Julius,"{'"L28'": 25.5, '"L37'": 25.5, '"O60'": 7.905, '"W35'": 71.4, '"Y89'": 68.85, '"K907'": 132.345, '"LL31'": 178.5}","{190,190,180,180,160,160,160,160,170,170,170,170}",120,"{252,252.23}",68.7899,93308,510.0,"{2327AL-2336AL,2337AL}",,,13,2024-10-24,2000-01-01 00:00:00,2000-01-01 00:00:00
332,1,325,313.2500,In House,12727,GA2595E,39400,18.42,"{'"2024-07-22 11:50:00'",'"2024-07-22 13:00:00'",'"2024-07-23 07:20:00'",'"2024-07-23 13:00:00'"}","{'"2024-07-22 13:10:00'",'"2024-07-22 22:00:00'",'"2024-07-23 13:00:00'",'"2024-07-23 15:25:00'"}",96.3846,11.75,3.6154,GA17119E,LDPE(HMI),"1. VACUUM ON; COIL SCREW; NO AGITATOR; 90-100 PPG/ PET
2. PRODUCTIO STOP, NAGPALIT NG PELLET 8-10
3. OVER FLOW, CHNAGE SETTINGS - RPM - 200-240 & FEEDRATE - 85-75
4. HEAT UP (06:10) 7/23/2024 - PRODUCTION STOP, CHANGE PELLET 10-8 10:00, RESUME AT 10:15 ",STANDARD,8,240,40/40,Arjie Galgo,Julius Fundano,"{'"B93'": 5.53, '"LL5'": 97.8, '"Y61'": 0.1, '"Y121'": 1.305, '"LL60(POWDER)'": 210.265, '"3304AK-3305AK'": 10.0}","{210,220,220,220,220,220,220,220,220,220}",115,"{22,163,84,44.25}",17.006,91840,325.0,"{8494AK,8495AK-8498AK,8528AK-8535AK}",,,11,2024-11-06,2024-07-22 11:50:00,2024-07-23 15:25:00
2,1,50,53.3600,"PHIL-TOP INDUSTRIES, INC.",0,TA16761E,39125,2,"{'"2024-06-01 07:00:00'"}","{'"2024-06-01 09:00:00'"}",99.2744,0.39,0.7256,DA5176E,LDPE(HMI),"",STANDARD,80,400,40/40,NONOY,JULIUS,"{'"C19'": 0.02412, '"L38'": 0.134, '"6245AK-6246AK'": 53.6}","{120,140,150,150,150,150,150,150,140,140}",60,{53.36},26.68,91135,53.75,{6408AK},,,,,,
1,1,500,510.0002,SAN MIGUEL YAMAMURA PACKAGING CORPORATION,12574,TA11781E,39308,7.67,"{'"2024-07-02 14:50:00'",'"2024-07-03 06:00:00'"}","{'"2024-07-02 21:00:00'",'"2024-07-03 07:30:00'"}",98.6804,6.8198,1.3196,VA4086E,LDPE(HMI),"",STANDARD,7,420,40/40,ARJIE/ALDRIN,JULIUS,"{'"C19'": 10, '"L28'": 25, '"L37'": 25, '"P39'": 25, '"T22'": 30, '"K907'": 208.75, '"LL12'": 175, '"R119'": 1.25}","{200,200,200,200,170,170,170,170,170,170,180,180}",120,"{413,97.34}",66.4929,91497,516.82,{7410AK-7419AK},,,,,,
34,1,75,78.4000,"EVEREST PLASTIC CONTAINERS IND., INC.",14746,BA4701E,39008,3.17,"{'"2024-05-03 08:20:00'"}","{'"2024-05-03 11:30:00'"}",98.0,1.6,2.0,GA7505E,PP,"",STANDARD,80,400,40/40,ARJIE GALGO,JULLIUS FORDANO,"{'"B78'": 0.384, '"G22'": 0.008799999999999999, '"L14'": 2.4, '"L38'": 2.4, '"PP4'": 74.8072}","{180,200,180,180,180,180,180,180,180,180}",110,{78.4},24.7319,90755,80,"{5328AK-5329AK,5330AK}",,,6,2024-08-20,,
35,1,16.37,16.1100,"TRADESPHERE INDUSTRIAL COMMODITIES, INC.",0,GA7505E,38977,0.67,"{'"2024-05-03 13:20:00'"}","{'"2024-05-03 14:00:00'"}",98.4117,0.26,1.5883,"",LDPE(HMI),"Cooling system over high, water temp reach 68, ",STANDARD,80,400,40/40,ARJIE GALGO,JULIUS FUNDANO,"{'"W8'": 0.246, '"L14'": 0.08, '"L38'": 0.08, '"LL6'": 0.7813, '"K910'": 0.33, '"Y117'": 0.1227, '"4983AK'": 14.73}","{120,140,150,150,150,150,150,150,140,140}",0,{16.11},24.0448,90772,16.37,{5361AK},,,0,2024-08-20,,
36,1,100,97.6700,ALCOS GLOBAL CORP.,14423,GA2595E,39004,4.5,"{'"2024-05-04 08:00:00'"}","{'"2024-05-04 12:30:00'"}",97.67,2.33,2.33,GA5520E,PET,Nag puputol pag mabilis,STANDARD,65,400,40/40,Arjie Galgo,Julius Fundano,"{'"B93'": 1.75, '"LL5'": 97.8, '"Y61'": 0.45}","{200,220,220,220,220,220,220,220,220,220}",90,{97.67},21.7044,90749,100,{5298AK-5301AK},,,7,2024-08-21,,
333,3,500,482.1300,EASTERN INTERNATIONAL PLASTIC PACKAGING CORPORATION,14058,RA7886E,39361,8.5,"{'"2024-07-16 05:30:00'",'"2024-07-16 06:00:00'"}","{'"2024-07-16 06:00:00'",'"2024-07-16 14:00:00'"}",96.426,17.87,3.574,VA4086E,LDPE(HMI),"1. OVER FLOW ON FEEDER & VENT PORT; CHANGE FEED RATE - 7.5-5.5, RPM - 38-40
2. 7/16/2024 HINDI NA MATAASAN, OVER FLOW ON FEEDING PORT",STANDARD,5.5,40,40/40,Arnel Rosario,Julius Fundano,"{'"C19'": 0.175, '"L28'": 25.0, '"L37'": 17.5, '"K907'": 237.325, '"LL12'": 175.0, '"R122'": 40.0, '"Y116'": 5.0}","{170,170,120,120,140,150,150}",120,"{25,457.13}",56.7212,91633,500.0,{7981AK-7990AK},,,10,2024-11-06,2024-07-16 05:30:00,2024-07-16 14:00:00
334,1,3,3.6000,EVERGOOD PLASTIC INDUSTRY INC.,0,BA3925E,39277,0.17,"{'"2024-07-18 12:30:00'"}","{'"2024-07-18 12:40:00'"}",100.0,0.0,0.0,NO PURGING,LDPE(HMI),12:40 SHUT OFF,STANDARD,60,240,40/40,Aldrin Villacrusis,Julius Fundano,"{'"C19'": 0.0003, '"L37'": 0.018, '"L38'": 0.018, '"LL6'": 0.21, '"W33'": 0.036, '"K910'": 0.3177, '"7893AK'": 3.0}","{120,140,150,150,150,150,150,150,150,150}",0,{3.6},21.1765,91762,3.6,{8295AK},,,0,2024-11-06,2024-07-18 12:30:00,2024-07-18 12:40:00
336,1,13.71,13.7000,PLASTIMER INDUSTRIAL CORP.,0,BA9550E,39365,0.67,"{'"2024-07-18 10:30:00'"}","{'"2024-07-18 11:10:00'"}",99.8542,0.02,0.1458,BA3925E,LDPE(HMI),"",STANDARD,70,250,40/40,Aldrin Villacrusis,Julius Fundano,"{'"G22'": 0.005472, '"L38'": 0.0342, '"7895AK'": 13.68}","{180,200,180,180,180,180,180,180,180,180}",80,{13.7},20.4478,91761,13.72,{8294AK},,,5,2024-11-06,2024-07-18 10:30:00,2024-07-18 11:10:00
337,3,300,295.4300,EASTERN INTERNATIONAL PLASTIC PACKAGING CORPORATION,15357,VA4086E,39381,5.42,"{'"2024-07-18 15:00:00'",'"2024-07-18 18:00:00'"}","{'"2024-07-18 18:00:00'",'"2024-07-18 20:25:00'"}",98.4767,4.57,1.5233,IA7845E,LDPE(HMI),VACUUM ON,STANDARD,10,25,40/40,Aldrin Villacrusis,Julius Fundano,"{'"W8'": 5.28, '"L37'": 12.0, '"LL6'": 92.352, '"V50'": 10.08, '"B106'": 0.288, '"FM27'": 24.0, '"K910'": 96.0, '"0344AJ-0346AJ'": 60.0}","{180,170,170,150,150,150,150}",115,"{162,133.43}",54.5074,91669,300.0,{8029AK-8040AK},,,13,2024-11-06,2024-07-18 15:00:00,2024-07-18 20:25:00
338,3,250,255.5500,"Toprite Plastic Industries, Inc.",15374,IA7845E,39394,9.17,"{'"2024-07-18 22:20:00'"}","{'"2024-07-18 13:10:00'"}",98.0923,4.97,1.9077,CA5402E,LDPE(HMI),"1. MALUTOMG ANG STRAND, NAGPUPUTOL-PUTOL SA D-HEAD
2. CHANGE RPM - 20-25 & F-RATE - 15-17",STANDARD,17,25,40/40,Joel Miras,Julius Fundano,"{'"C19'": 5.4825, '"I24'": 38.25, '"L37'": 8.925, '"L38'": 12.75, '"K910'": 86.31750000000001, '"LL12'": 89.25, '"Y119'": 14.025, '"FG-7038AK'": 5.52}","{150,150,140,140,130,140,140}",240,{255.55},27.868,91753,260.52,"{8262AK-8265AK,8266AK,8267AK}",,,0,2024-11-06,2024-07-18 22:20:00,2024-07-18 03:10:00
339,5,250,255.3000,CEBU JUNTRADE CORPORATION,15364,WA6051E,39389,4.5,"{'"2024-07-16 01:30:00'"}","{'"2024-07-16 06:00:00'"}",157.3983,-93.1,-57.3983,WA15190E,LDPE(HMI),02:00-03:00 BREAKTIME,STANDARD,15,300,60/60,Roselie Mapandi,Julius Fundano,"{'"B81'": 5.61, '"L37'": 5.1, '"L38'": 5.1, '"W35'": 55.59, '"K907'": 63.475, '"LL12'": 20.125, '"FG-1867AK'": 7.2}","{220,220,220,210,210,200,200,200,200,180,180}",120,{255.3},56.7333,91711,162.2,"{8215AK-8216AK,8217AK}",,,10,2024-11-06,2024-07-16 01:30:00,2024-07-16 06:00:00
340,5,25,24.3900,"GLOBAL COMPAK, INC.",15413,WA2123E,39444,0.67,"{'"2024-07-27 15:00:00'"}","{'"2024-07-27 15:40:00'"}",84.3069,4.54,15.6931,WA13400,LDPE(HMI),"",STANDARD,10,280,60/60,Roselie Mapandi,Julius Fundano,"{'"W8'": 8.75, '"AO8'": 0.0175, '"AO9'": 0.0175, '"L37'": 0.35, '"L38'": 0.35, '"K907'": 1.75, '"QCEXCESS'": 7.785, '"17-5753AJ'": 3.65, '"PP7 POWDER'": 6.265}","{200,200,180,180,180,180,180,180,180,180,180}",110,{24.39},36.403,91908,28.93,{8484AK},,,8,2024-11-06,2024-07-27 15:00:00,2024-07-27 15:40:00
470,3,3000,2825.0000,SAN MIGUEL YAMAMURA PACKAGING CORPORATION,15508,BA7861E,39594,46.08,"{'"2024-08-27 18:05:00'",'"2024-08-28 06:50:00'",'"2024-08-28 18:00:00'",'"2024-08-29 06:00:00'",'"2024-08-29 18:00:00'"}","{'"2024-08-27 22:00:00'",'"2024-08-28 18:00:00'",'"2024-08-29 06:00:00'",'"2024-08-29 18:00:00'",'"2024-08-30 01:00:00'"}",94.1667,175.0,5.8333,SA7726E,LDPE(HMI),"",STANDARD,8.5,45,40/40,Edsel Mangarin,Julius Fundano,"{'"L37'": 180.0, '"LB2'": 450.0, '"V50'": 8.4, '"B107'": 33.0, '"B108'": 525.0, '"K907'": 1203.6, '"LL12'": 600.0}","{200,180,150,150,150,150,150}",180,"{268,710,715,780,352}",61.3064,92402,3000.0,{9897AK-9956AK},,,10,2024-11-11,2024-08-27 18:05:00,2024-08-30 01:00:00
557,8,375,378.4400,METRO CONTAINER CORPORATION,15489,GA17119E,39553,5.83,"{'"2024-08-16 11:00:00'",'"2024-08-16 13:00:00'"}","{'"2024-08-16 13:00:00'",'"2024-08-16 16:50:00'"}",89.8737,42.64,10.1263,BA17051E,LDPE(HMI),"1. LMI WITH DIESEL
2. KUMUKULAY SA TUBIG
3. OVER FLOW ON FEEDER PORT; RPM - 400-420, FEEDRATE - 15-13",STANDARD,13,420,40/40,Aldrin Villacrusis,Julius Fundano,"{'"B78'": 14.350000000000001, '"C19'": 2.87, '"G39'": 25.009999999999998, '"L28'": 28.700000000000003, '"L37'": 20.5, '"W33'": 12.3, '"Y98'": 43.05, '"K907'": 119.72000000000001, '"LL12'": 143.5, '"FG-8199AK'": 11.08}","{200,200,170,170,170,170,160,160,160,160,150,150}",160,"{132,246.44}",64.9125,92272,421.08,"{9575AK-9581AK,9582AK,9582AK}",,,33,2024-11-15,2024-08-16 11:00:00,2024-08-16 16:50:00
558,8,50,52.9800,"PHIL-TOP INDUSTRIES, INC.",15495,BA17051E,39558,1.08,"{'"2024-08-16 19:30:00'"}","{'"2024-08-16 20:35:00'"}",96.3273,2.02,3.6727,RA5277E,LDPE(HMI),"",STANDARD,16,350,40/40,Roselie Mapandi,Julius Fundano,"{'"B78'": 0.033, '"B81'": 0.6325, '"C19'": 0.0165, '"L28'": 2.75, '"L37'": 2.75, '"W35'": 11.0, '"K907'": 18.568, '"LL12'": 19.25}","{170,170,170,170,170,170,160,160,160,160,150,150}",90,{52.98},49.0556,92309,55.0,{9671AK},,,8,2024-11-15,2024-08-16 19:30:00,2024-08-16 20:35:00
559,8,500,496.7500,EVERGOOD PLASTIC INDUSTRY INC.,15486,RA5277E,39549,16.58,"{'"2024-08-16 22:05:00'"}","{'"2024-08-16 05:30:00'"}",99.35,3.25,0.65,RA4665E,LDPE(HMI),"",STANDARD,15,350,40/40,Arjie Galgo,Julius Fundano,"{'"L37'": 52.5, '"O55'": 5.0, '"K907'": 245.5, '"LL12'": 175.0, '"R117'": 22.0}","{180,180,170,170,170,170,170,170,170,170,160,160}",90,{496.75},29.9608,92256,500.0,{9545AK-9554AK},,,12,2024-11-15,2024-08-16 22:05:00,2024-08-16 05:30:00
560,8,225,223.0000,"EVEREST PLASTIC CONTAINERS IND., INC.",0,RA4665E,39312,2.75,"{'"2024-08-17 07:00:00'"}","{'"2024-08-17 09:45:00'"}",99.1111,2.0,0.8889,RA2508E,LDPE(HMI),VACUUM ON,STANDARD,10,250,80/80,Aldrin Villacrusis,Julius Fundano,"{'"9322AJ'": 99.76, '"9429AJ-9430AJ'": 50.0, '"9433AJ,9435AJ'": 38.59, '"9438AJ,9442AJ'": 36.65}","{170,170,160,160,160,160,160,150,150,150,150,150}",90,{223},81.0909,92264,225.0,{8527AK},,,15,2024-11-15,2024-08-17 07:00:00,2024-08-17 09:45:00
561,8,55.66,55.5000,EVERGOOD PLASTIC INDUSTRY INC.,0,RA2508E,39161,1.42,"{'"2024-08-17 17:35:00'"}","{'"2024-08-17 19:00:00'"}",571.5757,-45.79,-471.5757,RA12739E,LDPE(HMI),HINDI MABILISAN MATAAS ANG PRSSURE,STANDARD,6,250,60/60,Roselie Mapandi,Julius Fundano,"{'"MBMIXRED'": 1.03, '"MBMIXORANGE'": 8.68}","{200,200,200,200,200,200,200,200,200,200,220,220}",90,{55.5},39.0845,91488,9.71,{7383AK},,,7,2024-11-15,2024-08-17 17:35:00,2024-08-17 19:00:00
562,8,500,492.4500,EVERGOOD PLASTIC INDUSTRY INC.,15487,RA2508E,39550,6.33,"{'"2024-08-17 11:15:00'",'"2024-08-17 13:00:00'"}","{'"2024-08-17 13:00:00'",'"2024-08-17 17:35:00'"}",98.49,7.55,1.51,NO PURGING,LDPE(HMI),OVERFLOW ON FEEDER PORT,STANDARD,10,420,60/60,Aldrin Villacrusis,Julius Fundano,"{'"L28'": 20.0, '"L37'": 21.0, '"LL6'": 195.0, '"W33'": 9.3, '"K907'": 201.2, '"R116'": 14.0, '"R130'": 39.5}","{200,200,170,170,160,160,160,150,150,150,160,160}",0,"{135,357.45}",77.7962,92257,500.0,{9555AK-9564AK},,,0,2024-11-15,2024-08-17 11:15:00,2024-08-17 17:35:00
563,8,250,156.9800,EVERGOOD PLASTIC INDUSTRY INC.,13918,DA5176E,39564,1.83,"{'"2024-08-19 16:00:00'"}","{'"2024-08-19 17:50:00'"}",98.6985,2.07,1.3015,BA9094E,LDPE(HMI),"",STANDARD,9,350,40/40,Arjie Galgo,Julius Fundano,"{'"W8'": 37.975, '"C19'": 0.05425000000000001, '"I24'": 0.8370000000000001, '"L28'": 7.75, '"L37'": 5.425, '"Y98'": 1.1159999999999999, '"K907'": 47.592749999999995, '"LL31'": 54.25, '"FG-6578AK'": 4.05}","{170,170,170,170,170,160,160,160,160,160,160,160}",120,{156.98},85.7814,92282,159.05,"{9588AK-9589AK,9590AK,9591AK}",,,11,2024-11-15,2024-08-19 16:00:00,2024-08-19 17:50:00
564,8,200,203.1500,"ZELLER PLASTIK PHILIPPINES, INC.",15494,BA9094E,39563,3.83,"{'"2024-08-19 19:50:00'"}","{'"2024-08-19 23:40:00'"}",96.7381,6.85,3.2619,BA6822E,PP,"",STANDARD,8,280,40/40,Aldrin Villacrusis,Julius Fundano,"{'"B78'": 0.06, '"B89'": 0.63, '"L28'": 10.5, '"L37'": 10.5, '"B107'": 0.003, '"K907'": 42.0, '"PP14 POWDER'": 146.30700000000002}","{180,200,180,180,180,180,180,180,180,180,180,180}",90,{203.15},53.0418,92299,210.0,"{9613AK-9620AK,9621AK}",,,9,2024-11-15,2024-08-19 19:50:00,2024-08-19 23:40:00
565,8,100,105.8700,CEBU HIQ MANUFACTURING CORPORATION,15497,BA6822E,39573,1.42,"{'"2024-08-20 01:10:00'"}","{'"2024-08-20 02:35:00'"}",98.7778,1.31,1.2222,BA2091E,LDPE(HMI),03:00-04:00 STANDBY FOR BREAKTIME,STANDARD,12,380,40/40,Aldrin Villacrusis,Julius Fundano,"{'"W8'": 7.0, '"L28'": 5.0, '"L37'": 3.5, '"B101'": 5.8, '"B106'": 0.55, '"K907'": 43.15, '"LL12'": 35.0, '"FG-6179AK'": 7.18}","{170,170,170,170,170,170,160,160,160,160,150,150}",155,{105.87},74.5563,92315,107.18,"{9674AK,9675AK}",,,0,2024-11-15,2024-08-20 01:10:00,2024-08-20 02:35:00
341,5,175,178.2000,"GLOBAL COMPAK, INC.",15407,WA13400E,39438,2.5,"{'"2024-07-27 17:30:00'",'"2024-07-27 18:00:00'"}","{'"2024-07-27 18:00:00'",'"2024-07-27 20:00:00'"}",97.6867,4.22,2.3133,WA15123E,LDPE(HMI),"",STANDARD,20,380,40/40,Roselie Mapandi,Julius Fundano,"{'"B81'": 0.09, '"L37'": 3.6, '"L38'": 3.6, '"W35'": 84.6, '"K910'": 43.11, '"LL12'": 45.0, '"FG-17-6622AI'": 2.42}","{170,170,170,170,160,160,160,160,160,150,150}",90,"{35,143.2}",71.28,91894,182.42,"{8656AK,8657AK}",,,8,2024-11-06,2024-07-27 17:30:00,2024-07-27 20:00:00
342,1,25,29.4500,"GLOBAL COMPAK, INC.",14281,CA8383E,39427,1.33,"{'"2024-07-26 12:00:00'"}","{'"2024-07-26 13:20:00'"}",98.1667,0.55,1.8333,NO PURING,LDPE(HMI),"1. 14:00 - UNDER MAINTENANCE, COOLING SYSTEM OVER HIGH, REACH TEMP. 81
2. PUMP #2 NOT WORKING",STANDARD,90,400,40/40,Arjie Galgo,Julius Fundano,"{'"C25'": 3.65, '"P32'": 1.875, '"K910'": 2.5, '"LL12'": 16.975, '"3678O'": 5.0}","{170,170,160,160,150,150,150,150,140,140}",0,{29.45},22.1429,91858,30.0,{8595AK},,,0,2024-11-06,2024-07-26 12:00:00,2024-07-26 13:20:00
343,1,100,104.2500,RBV Plastic,15401,SA14369E,39429,4.17,"{'"2024-07-26 20:00:00'"}","{'"2024-07-27 00:10:00'"}",97.8689,2.27,2.1311,KA9077E,LDPE(HMI),OVER FLOW ON FEEDER PORT; RPM - 400-420 & FEEDRATE - 6-4.8,STANDARD,5,420,40/40,Aldrin Villacrusis,Julius Fundano,"{'"C19'": 0.33, '"L37'": 3.5, '"L38'": 5.0, '"P26'": 25.0, '"K910'": 10.0, '"LL12'": 55.923, '"R115'": 0.037, '"Y119'": 0.21, '"FG-4213AK'": 6.52}","{200,200,140,140,160,160,160,160,160,160,170,170}",110,{104.25},25.0,91867,106.52,"{8597AK,8598AK,8599AK}",,,11,2024-11-06,2024-07-26 20:00:00,2024-07-27 00:10:00
344,8,250,210.5000,ALPHATECH DEVELOPMENT CORPORATION,15398,BA7883E,39417,2.92,"{'"2024-07-23 23:05:00'"}","{'"2024-07-24 02:00:00'"}",93.3481,15.0,6.6519,SA14369E,LDPE(HMI),"02:00 SHUT OFF, SHIFT TO EXTRUDER #5",STANDARD,8,300,60/60,Edsel Mangarin,Julius Fundano,"{'"C19'": 0.009000000000000001, '"G39'": 0.0675, '"L37'": 11.25, '"L38'": 11.25, '"W33'": 52.65, '"B107'": 0.45, '"B108'": 5.175, '"K910'": 65.3985, '"27-4713AK'": 0.5, '"LL48 POWDER'": 78.75}","{190,190,180,180,180,180,180,180,180,180,180,180}",120,{210.5},72.089,91847,225.5,"{8586AK-8589AK,8590AK}",,,9,2024-11-06,2024-07-23 23:05:00,2024-07-24 02:00:00
345,8,250,248.2800,EVERGOOD PLASTIC INDUSTRY INC.,15393,KA4595E,39410,3.08,"{'"2024-07-23 04:00:00'",'"2024-07-23 06:00:00'"}","{'"2024-07-23 06:00:00'",'"2024-07-23 07:05:00'"}",198.624,-123.28,-98.624,YA5993E,LDPE(HMI),"",STANDARD,12,300,40/40,Edsel Mangarin,Julius Fundano,"{'"L37'": 7.5, '"L38'": 7.5, '"V50'": 0.125, '"K907'": 82.75, '"LL31'": 25.0, '"R115'": 0.5, '"R119'": 1.5, '"R129'": 0.125}","{170,170,170,170,160,160,160,160,160,160,150,150}",120,"{160,88.28}",80.6104,91830,125.0,"{8519AK-8522AK,8523AK}",,,9,2024-11-06,2024-07-23 04:00:00,2024-07-23 07:05:00
346,8,500,492.0000,EVERGOOD PLASTIC INDUSTRY INC.,0,YA5993E,39412,6.58,"{'"2024-07-23 09:05:00'"}","{'"2024-07-23 15:40:00'"}",98.4,8.0,1.6,TA15557E,LDPE(HMI),LMI WITH DIESEL,STANDARD,20,425,40/40,Roselie Mapandi,Julius Fundano,"{'"L37'": 5.0, '"L38'": 12.5, '"O60'": 7.54, '"W33'": 9.25, '"K910'": 67.71, '"LL31'": 87.5, '"Y120'": 60.5, '"YA7418E(1015AI)'": 250.0}","{170,170,170,170,160,160,160,160,160,160,170,170}",120,{492},74.772,91812,500.0,{8205AK-8214AK},,,11,2024-11-06,2024-07-23 09:05:00,2024-07-23 15:40:00
347,8,300,304.8000,I TUNG PLASTIC MOULD ENGINEERING COMPANY,15389,TA15557E,39411,3.92,"{'"2024-07-23 17:40:00'",'"2024-07-23 18:00:00'"}","{'"2024-07-23 18:00:00'",'"2024-07-23 21:35:00'"}",98.6057,4.31,1.3943,BA7883E,LDPE(HMI),"",STANDARD,12,280,40/40,Aldrin Villacrusis,Julius Fundano,"{'"C19'": 4.949999999999999, '"L37'": 10.5, '"L38'": 15.0, '"LL6'": 105.0, '"W33'": 33.6, '"K910'": 130.71, '"Y116'": 0.24, '"FG-7624AK'": 9.11}","{170,170,170,170,160,160,160,160,160,160,160,160}",90,"{21,283.8}",77.7551,91828,309.11,"{8512AK-8516AK,8517AK,8518AK}",,,7,2024-11-06,2024-07-23 17:40:00,2024-07-23 21:35:00
348,5,125,133.2300,I TUNG PLASTIC MOULD ENGINEERING COMPANY,15390,WA15856E,39413,2.08,"{'"2024-07-24 05:00:00'",'"2024-07-25 06:00:00'"}","{'"2024-07-24 06:00:00'",'"2024-07-25 07:05:00'"}",99.255,1.0,0.745,WA15190E,LDPE(HMI),08:00 FOR SHUT OFF,STANDARD,120,380,40/40,Edsel Mangarin,Julius Fundano,"{'"B81'": 0.15, '"L37'": 6.25, '"L38'": 6.25, '"LL6'": 43.75, '"W33'": 17.5, '"K910'": 51.1, '"FG-6042AK'": 9.23}","{150,150,150,150,160,160,160,160,160,150,150}",355,"{50,83.23}",64.0529,91825,134.23,"{8509AK-8510AK,8511AK}",,,8,2024-11-06,2024-07-24 05:00:00,2024-07-25 07:05:00
349,1,75,74.5000,EVERGOOD PLASTIC INDUSTRY INC.,15207,KA2871E,39411,3.17,"{'"2024-07-25 15:00:00'"}","{'"2024-07-25 18:10:00'"}",99.3333,0.5,0.6667,MA4737E,LDPE(HMI),"",STANDARD,100,280,40/40,Aldrin Villacrusis,Julius Fundano,"{'"W8'": 15.7275, '"L14'": 2.625, '"L38'": 3.75, '"LL6'": 26.25, '"Y98'": 0.09, '"K910'": 26.067, '"R119'": 0.47250000000000003, '"R129'": 0.018000000000000002}","{140,150,150,150,150,150,150,150,150,150}",80,{74.5},23.5016,91804,75.0,"{8482AK,8483AK}",,,4,2024-11-06,2024-07-25 15:00:00,2024-07-25 18:10:00
350,1,25,25.8900,"EVEREST PLASTIC CONTAINERS IND., INC.",0,MA4737E,39374,1.0,"{'"2024-07-25 19:30:00'"}","{'"2024-07-25 20:30:00'"}",98.8168,0.31,1.1832,BA15965E,LDPE(HMI),"",STANDARD,80,300,40/40,Aldrin Villacrusis,Julius Fundano,"{'"C19'": 0.0005, '"L28'": 0.0375, '"L37'": 0.0375, '"O55'": 0.00075, '"P26'": 0.08125, '"P27'": 0.1, '"P28'": 0.1675, '"K907'": 0.125, '"LL31'": 0.65, '"8251AK'": 25.0}","{120,140,150,150,150,150,150,150,140,140}",90,{25.89},25.89,91818,26.2,{8508AK},,,4,2024-11-06,2024-07-25 19:30:00,2024-07-25 20:30:00
351,1,25,22.7800,"EVEREST PLASTIC CONTAINERS IND., INC.",0,YA5188E,39373,1.25,"{'"2024-07-25 12:00:00'"}","{'"2024-07-25 13:15:00'"}",100.0,0.0,0.0,KA2871E,LDPE(HMI),"KUNTI LANG ANG BAGSAG NA COMPOUND, F-RATE - 80-100; RPM - 380-400",STANDARD,100,400,40/40,Arjie Galgo,Julius Fundano,"{'"8019AK-8028AK'": 22.78}","{120,140,150,150,150,150,150,150,150,150}",105,{22.78},18.224,91920,22.78,{8602AK},,,7,2024-11-06,2024-07-25 12:00:00,2024-07-25 13:15:00
352,1,25,31.1800,METRO CONTAINER CORPORATION,15387,OA17117E,39408,1.5,"{'"2024-07-25 08:45:00'"}","{'"2024-07-25 10:15:00'"}",97.4375,0.82,2.5625,YA5188E,LDPE(HMI),"1. OVER FLOW ON FEEDER
2. CHANGE F-RATE - 80-75; RPM - 400-410
3. HEAT UP 16:15",STANDARD,80,400,40/40,Arjie Galgo,Julius Fundano,"{'"I24'": 0.32, '"L37'": 1.6, '"L38'": 1.6, '"O55'": 0.736, '"Y98'": 3.2, '"K910'": 8.544, '"PP6 POWDER'": 16.0}","{180,200,180,180,180,180,180,180,180,180}",105,{31.18},20.7867,91795,32.0,{8186AK},,,8,2024-11-06,2024-07-25 08:45:00,2024-07-25 12:00:00
355,8,50,50.0000,"EVEREST PLASTIC CONTAINERS IND., INC.",12751,YA5188E,39373,0.7,"{'"2024-07-31 22:05:00'"}","{'"2024-07-31 22:47:00'"}",98.464,0.78,1.536,OA3552E,LDPE(HMI),"",STANDARD,180,400,40/40,Arjie Galgo,Julius Fundano,"{'"L28'": 1.4, '"L37'": 1.4, '"O55'": 0.0126, '"W33'": 3.5, '"K907'": 9.0874, '"LL31'": 9.8, '"Y120'": 2.8, '"8602AK'": 22.78}","{180,180,170,170,170,160,160,160,160,0,150,150}",120,{50},71.4286,91956,50.78,{8794AK},,,10,2024-11-06,2024-07-31 22:05:00,2024-07-31 22:47:00
356,8,125,124.6000,"EVEREST PLASTIC CONTAINERS IND., INC.",15399,BA12068E,39409,3.08,"{'"2024-07-22 15:40:00'",'"2024-07-22 18:00:00'"}","{'"2024-07-22 18:00:00'",'"2024-07-22 18:45:00'"}",94.5444,7.19,5.4556,GA16415E,LDPE(HMI),"OVER FLOW ON FEEDER PORT, CHANGE F-RATE - 80-70",STANDARD,6,400,40/40,Roselie Mapandi,Julius Fundano,"{'"B89'": 4.25, '"L37'": 4.375, '"L38'": 6.25, '"V50'": 2.125, '"B101'": 20.625, '"K910'": 43.625, '"LL31'": 43.75, '"FG-6574AK'": 6.79}","{190,150,150,160,160,160,160,160,160,160,150,150}",120,"{75,49.6}",40.4545,91849,131.79,"{8591AK-8592AK,8593AK}",,,12,2024-11-06,2024-07-22 15:40:00,2024-07-22 18:45:00
357,8,375,377.0000,METRO CONTAINER CORPORATION,0,GA16415E,39318,4.67,"{'"2024-07-22 20:50:00'"}","{'"2024-07-23 01:30:00'"}",97.9221,8.0,2.0779,KA4595E,LDPE(HMI),03:00-04:00 BREAKTIME,STANDARD,13,380,40/40,Edsel Mangarin,Julius Fundano,"{'"G39'": 1.184568, '"L37'": 25.5178, '"L38'": 17.817800000000002, '"W33'": 41.582463999999995, '"K907'": 130.58122, '"LL12'": 124.7246, '"Y107'": 14.941696, '"Y119'": 0.005852, '"GA15849E(1542AJ)'": 28.644}","{170,170,170,170,160,160,160,160,160,150,150,150}",90,{377},80.7281,91809,385.0,"{8486AK-8492AK,8493AK}",,,0,2024-11-06,2024-07-22 20:50:00,2024-07-22 01:30:00
358,5,25,28.1800,"PHIL-TOP INDUSTRIES, INC.",15371,WA16938E,39393,0.67,"{'"2024-07-16 23:20:00'"}","{'"2024-07-17 00:00:00'"}",88.0625,3.82,11.9375,WA6051E,LDPE(HMI),"",STANDARD,15,300,40/40,Roselie Mapandi,Julius Fundano,"{'"W8'": 12.8, '"I24'": 0.00352, '"L37'": 1.12, '"L38'": 1.6, '"Y86'": 0.0064, '"PP7 POWDER'": 16.47008}","{220,220,220,210,210,200,200,200,200,180,180}",90,{28.18},42.0597,91738,32.0,{7545AK},,,6,2024-11-06,2024-07-16 23:20:00,2024-07-17 00:00:00
359,5,500,504.4400,Incon Industrial Corporation,14100,WA11678E,39386,5.83,"{'"2024-07-16 16:00:00'",'"2024-07-16 18:00:00'"}","{'"2024-07-16 18:00:00'",'"2024-07-16 21:50:00'"}",128.9435,-113.23,-28.9435,WA1693E,LDPE(HMI),"",STANDARD,10,300,40/40,Arnel Rosario,Julius Fundano,"{'"B81'": 0.07725, '"L28'": 15.45, '"L37'": 15.45, '"W33'": 231.75, '"K907'": 72.02275, '"LL12'": 55.25, '"18-7201AK'": 1.21}","{170,110,110,170,160,160,160,160,160,170,170}",90,"{170,334.44}",86.5249,91694,391.21,"{8172AK-8175AK,8176AK}",,,6,2024-11-06,2024-07-16 16:00:00,2024-07-16 21:50:00
360,1,100,107.1300,REIMAGINE PACKAGING CORPORATION,15362,GA13854E,39016,4.42,"{'"2024-07-15 21:50:00'"}","{'"2024-07-16 02:15:00'"}",97.7464,2.47,2.2536,BA14432E,LDPE(HMI),"STANDBY, BREAKTIME 03:00-04:00",STANDARD,100,300,40/40,Arjie Galgo,Julius Fundano,"{'"G39'": 2.247, '"L37'": 3.675, '"L38'": 5.25, '"LL6'": 36.75, '"W33'": 3.57, '"Y98'": 12.075, '"K910'": 41.433, '"13-5706AK'": 4.6}","{120,140,150,150,150,150,150,150,150,150}",45,{107.13},24.2376,91689,109.6,"{8169AK,8170AK,8171AK}",,,9,2024-11-06,2024-07-15 21:50:00,2024-07-16 02:15:00
361,1,50,54.0000,H&E MANUFACTURING CORPORATION,15356,GA6607E,39380,2.5,"{'"2024-07-15 07:00:00'"}","{'"2024-07-15 09:30:00'"}",98.1818,1.0,1.8182,GA9050E,LDPE(HMI),"",STANDARD,100,250,40/40,Arjie Galgo,Julius Fundano,"{'"G22'": 0.5995, '"L37'": 2.75, '"L38'": 2.75, '"P26'": 6.6, '"W33'": 0.7425, '"K907'": 5.5, '"Y117'": 3.19, '"PP14 POWDER'": 32.868}","{180,200,180,180,180,180,180,180,180,180}",90,{54},21.6,91658,55.0,"{8010AK,8011AK}",,,0,2024-11-06,2024-07-15 07:00:00,2024-07-15 09:30:00
362,1,225,235.1200,PLASTIC CONTAINER PACKAGING CORP,0,GA9050E,39383,9.5,"{'"2024-07-15 11:00:00'",'"2024-07-15 18:00:00'"}","{'"2024-07-15 18:00:00'",'"2024-07-15 20:30:00'"}",99.3325,1.58,0.6675,GA13854E,LDPE(HMI),"",STANDARD,100,280,40/40,Aldrin Villacrusis,Julius Fundano,"{'"C19'": 0.005875, '"G22'": 0.2256, '"L37'": 16.45, '"L38'": 11.75, '"LL6'": 159.239525, '"K910'": 47.0, '"Y118'": 0.329, '"31-9668AJ'": 1.7}","{120,140,150,150,150,150,150,150,150,150}",80,"{173,62.12}",24.7495,91949,236.7,"{8177AK-8180AK,8181AK}",,,5,2024-11-06,2024-07-15 11:00:00,2024-07-15 20:30:00
363,3,2250,2175.0000,"EVEREST PLASTIC CONTAINERS IND., INC.",15354,BA9159E,39375,38.83,"{'"2024-07-13 02:00:00'",'"2024-07-13 06:00:00'",'"2024-07-13 18:00:00'",'"2024-07-15 06:30:00'"}","{'"2024-07-13 06:00:00'",'"2024-07-13 18:00:00'",'"2024-07-14 06:00:00'",'"2024-07-15 17:20:00'"}",193.3711,-1050.22,-93.3711,RA2508E,LDPE(HMI),"1. OVER FLOW ON FEEDER, VENT PORT & VACUUM
2. CHANGE RPM - 30-28 & F-RATE - 83-6.5
3. HINDI MABILISAN, LAKAS NG OVER FLOW LUMALAKI/ LUMILIIT ANG STRAND",STANDARD,6.0,28,40/40,Arnel Rosario,Julius Fundano,"{'"G34'": 2.25, '"L37'": 78.75, '"L38'": 112.5, '"W35'": 72.0, '"B107'": 2.925, '"K910'": 68.85, '"LL12'": 787.5}","{150,150,130,130,140,150,150}",118,"{200,710,665,600}",56.0134,91680,1124.78,{8124AK-8168AK},,,14,2024-11-06,2024-07-13 02:00:00,2024-07-15 17:20:00
311,8,300,307.1200,"PHIL-TOP INDUSTRIES, INC.",14012,GA14271E,39462,3.83,"{'"2024-07-31 09:20:00'"}","{'"2024-07-31 13:10:00'"}",98.5717,4.45,1.4283,IA16887E,LDPE(HMI),"",STD,10,350,40/40,Aldrin Villacrusis,Julius Fundano,"{'"W8'": 69.0, '"G39'": 1.5, '"L28'": 15.0, '"L37'": 16.8, '"K907'": 86.69999999999999, '"LL12'": 105.0, '"Y107'": 6.0, '"6334AK'": 6.69, '"FG-11-7065AK'": 4.88}","{170,170,170,170,170,170,170,160,160,160,160,160}",100,{307.12},80.188,91968,311.57,"{8219AK-8223AK,8224AK,8225AK}",,,7,2024-11-05,2024-07-31 09:20:00,2024-07-31 13:10:00
312,8,200,206.6000,"PHIL-TOP INDUSTRIES, INC.",15420,IA16887E,39446,3.0,"{'"2024-07-31 14:50:00'"}","{'"2024-07-31 17:50:00'"}",98.4419,3.27,1.5581,YA15776E,LDPE(HMI),LMI WITH DIESEL,STD,10,320,40/40,Aldrin Villacrusis,Julius Fundano,"{'"C19'": 1.24, '"I24'": 1.7100000000000002, '"L37'": 9.5, '"L38'": 9.5, '"W35'": 4.75, '"K907'": 96.23, '"LL12'": 66.5, '"Y116'": 0.57, '"FG-6475AK'": 19.87}","{170,170,170,170,160,160,160,160,160,160,150,150}",120,{206.6},68.8667,91932,209.87,"{8758AK-8759AK,8760AK,8761AK,8762AK}",,,11,2024-11-05,2024-07-31 14:50:00,2024-07-31 17:50:00
313,8,50,49.3800,SANICON MANUFACTURING CORP.,15437,YA15776E,39454,0.75,"{'"2024-07-31 19:50:00'"}","{'"2024-07-31 20:35:00'"}",98.76,0.62,1.24,YA5188E,LDPE(HMI),"",STD,10,300,40/40,Arjie Galgo,Julius Fundano,"{'"L37'": 2.5, '"L38'": 2.5, '"W33'": 9.0, '"K907'": 15.75, '"LL12'": 17.5, '"Y107'": 1.25, '"Y116'": 1.5}","{170,170,170,170,160,160,160,160,160,160,150,150}",90,{49.38},65.84,91986,50.0,{8756AK},,,7,2024-11-05,2024-07-31 19:50:00,2024-07-31 20:35:00
314,8,750,768.8400,EASTERN INTERNATIONAL PLASTIC PACKAGING CORPORATION,13187,RA7886E,39354,13.25,"{'"2024-07-10 21:45:00'",'"2024-07-11 06:00:00'"}","{'"2024-07-10 06:00:00'",'"2024-07-11 08:30:00'"}",99.2052,6.16,0.7948,BA4140E,LDPE(HMI),"",STD,10,320,40/40,Edsel Mangarin,Julius Fundano,"{'"C19'": 0.27125, '"L28'": 38.75, '"L37'": 38.75, '"K907'": 356.22875, '"LL12'": 271.25, '"R122'": 62.0, '"Y116'": 7.75}","{170,170,170,170,160,160,160,160,160,160,150,150}",110,"{565,203.84}",58.0257,91613,775.0,"{7781AK-7795AK,7796AK}",,,7,2024-11-05,2024-07-10 21:45:00,2024-07-11 08:30:00
471,3,50,51.3100,EASTERN INTERNATIONAL PLASTIC PACKAGING CORPORATION,15518,SA7726E,39601,0.83,"{'"2024-08-30 04:00:00'"}","{'"2024-08-30 04:50:00'"}",90.7981,5.2,9.2019,NO PURGING,LDPE(HMI),01:00-02:00 breaktime,STANDARD,8.3,23,40/40,Arnel Rosario,Julius Fundano,"{'"C19'": 0.12, '"L28'": 2.5, '"L37'": 1.75, '"T22'": 2.75, '"B107'": 0.0175, '"K907'": 25.3625, '"LL12'": 17.5, '"23-8790AK'": 1.0, '"FG-8297AK'": 5.51}","{150,140,140,130,130,150,150}",0,{51.31},61.8193,92446,56.51,"{0066AL,0067AL}",,,0,2024-11-11,2024-08-30 04:00:00,2024-08-30 04:50:00
472,3,75,79.4000,ULTRAPLAS CORPORATION,15514,SA16982E,39605,1.47,"{'"2024-08-30 06:32:00'"}","{'"2024-08-30 08:00:00'"}",99.25,0.6,0.75,SA11780E,LDPE(HMI),"",STANDARD,10,35,40/40,Joel Miras,Julius Fundano,"{'"C19'": 0.096, '"L28'": 4.0, '"L37'": 4.0, '"T22'": 4.8, '"B108'": 0.96, '"K907'": 38.144, '"LL12'": 28.0}","{150,150,150,150,150,150,130}",93,{79.4},54.0136,92437,80.0,"{9720AK,9721AK}",,,13,2024-11-11,2024-08-30 06:32:00,2024-09-30 08:00:00
473,3,500,495.0500,SAN MIGUEL YAMAMURA PACKAGING CORPORATION,15510,SA11780E,39596,7.95,"{'"2024-08-30 09:33:00'"}","{'"2024-08-30 17:30:00'"}",99.01,4.95,0.99,TA16761E,LDPE(HMI),over flow on vacuum&vent port,STANDARD,7.5,18,40/40,Joel Miras,Julius Fundano,"{'"C19'": 1.2, '"L28'": 25.0, '"L37'": 17.5, '"T22'": 30.0, '"B107'": 0.175, '"K907'": 251.125, '"LL12'": 175.0}","{150,110,110,140,140,150,150}",100,{495.05},62.2704,92440,500.0,{0056AL-0065AL},,,10,2024-11-11,2024-08-30 09:33:00,2024-08-30 17:30:00
474,3,100,102.5700,"PHIL-TOP INDUSTRIES, INC.",15521,TA16761E,39608,1.58,"{'"2024-08-30 19:10:00'"}","{'"2024-08-30 20:45:00'"}",96.1834,4.07,3.8166,TA15569E,LDPE(HMI),OVER FLOW ON VACUUM PORT,STANDARD,8.3,20,40/40,Arnel Rosario,Julius Fundano,"{'"C19'": 0.3, '"I24'": 0.5, '"L28'": 5.0, '"L37'": 5.0, '"W35'": 10.0, '"K907'": 44.125, '"LL12'": 35.0, '"Y116'": 0.075, '"FG-8995AK'": 6.64}","{150,130,130,130,140,140,150}",95,{102.57},64.9177,92467,106.64,"{0111AL,0112AL,0113AL}",,,10,2024-11-12,2024-08-30 19:10:00,2024-08-30 20:45:00
475,3,50,46.0500,"PHIL-TOP INDUSTRIES, INC.",0,TA15569E,39612,0.83,"{'"2024-08-30 22:20:00'"}","{'"2024-08-30 23:10:00'"}",92.1,3.95,7.9,TA16900E,LDPE(HMI),OVER FLOW ON VACUUM PORT,STANDARD,7.8,18,40/40,Arnel Rosario,Julius Fundano,"{'"B78'": 0.0025, '"C19'": 0.047, '"L28'": 1.25, '"L37'": 0.875, '"W33'": 4.5, '"K907'": 9.5755, '"LL12'": 8.75, '"9111AI'": 25.0}","{150,140,140,130,130,140,150}",350,{46.05},55.4819,92495,50.0,{9320AK},,,7,2024-11-12,2024-08-30 22:20:00,2024-08-30 23:10:00
477,3,10,8.0300,Incon Industrial Corporation,15522,TA16900E,39586,0.17,"{'"2024-08-31 02:00:00'"}","{'"2024-08-31 02:10:00'"}",80.3,1.97,19.7,VA4086E,PP,02:10-03:10 BREAKTIME,STANDARD,30,40,40/40,Arnel Rosario,Julius Fundano,"{'"B38'": 0.05, '"C19'": 0.0045, '"L28'": 0.5, '"L37'": 0.5, '"P26'": 1.1, '"PP14 POWDER'": 7.8455}","{180,200,180,180,180,180,180}",170,{8.03},47.2353,92472,10.0,{9989AK},,,12,2024-11-12,2024-08-31 02:00:00,2024-08-31 02:10:00
478,3,500,488.6200,ALPHATECH DEVELOPMENT CORPORATION,15464,VA4086E,39571,9.0,"{'"2024-08-31 05:00:00'",'"2024-08-31 06:00:00'"}","{'"2024-08-31 06:00:00'",'"2024-08-31 14:00:00'"}",97.724,11.38,2.276,RA5277E,LDPE(HMI),VACUUM ON,STANDARD,9.5,25,40/40,Arnel Rosario,Julius Fundano,"{'"W8'": 11.0, '"L37'": 25.0, '"LL6'": 192.4, '"V50'": 21.0, '"B106'": 0.6, '"FM27'": 50.0, '"K907'": 200.0}","{150,130,140,140,140,150,150}",120,"{55,433.62}",54.2911,92304,500.0,{9634AK-9653AK},,,18,2024-11-12,2024-08-31 05:00:00,2024-08-31 14:00:00
364,3,500,504.1000,EVERGOOD PLASTIC INDUSTRY INC.,15241,RA2508E,39382,7.95,"{'"2024-07-15 19:18:00'"}","{'"2024-07-16 03:15:00'"}",98.9984,5.1,1.0016,RA7886E,LDPE(HMI),"1. OVER FLOW ON FEEDER
2. CHANGE RPM - 38-45 & F-RATE - 9.0-8.0
3. BREAKTIME 03:15-04:15
4. KUMUKULAY SA TUBIG ANG PROD.",STANDARD,9.0,45,60/60,Joel Miras,Julius Fundano,"{'"L14'": 4.5864, '"L37'": 16.8, '"L38'": 20.368, '"LL6'": 182.208, '"LW2'": 16.38, '"W33'": 9.47112, '"K910'": 204.90208, '"R116'": 14.257599999999998, '"R130'": 40.226800000000004}","{160,150,150,140,140,150,150}",75,{504.1},63.4088,91673,509.2,"{8041AK-8048AK,8049AK,8050AK,8051AK}",,,13,2024-11-06,2024-07-15 19:18:00,2024-07-16 03:15:00
480,8,50,34.2200,PLASTIMER INDUSTRIAL CORP.,15440,GA6246E,39467,0.67,"{'"2024-08-01 07:20:00'"}","{'"2024-08-01 08:00:00'"}",97.7714,0.78,2.2286,GA4440E,PP,"",STANDARD,8,280,40/40,Aldrin Villacrusis,Julius Fundano,"{'"W8'": 1.75, '"B89'": 0.413, '"C19'": 0.021, '"G22'": 1.365, '"L28'": 1.75, '"L37'": 1.75, '"Y98'": 4.9, '"K907'": 3.5, '"PP14 POWDER'": 19.551}","{180,200,180,180,180,180,180,180,180,180,180,180}",90,{34.22},51.0746,91988,35.0,{8757AK},,,4,2024-11-12,2024-08-01 07:20:00,2024-08-01 08:00:00
481,8,50,58.1500,"GLOBAL KONTEINER MANUFACTURING, INC.",12514,GA8074E,39399,1.17,"{'"2024-08-01 09:30:00'"}","{'"2024-08-01 10:40:00'"}",96.9167,1.85,3.0833,GA4440E,PP,"",STANDARD,6.5,280,40/40,Aldrin Villacrusis,Julius Fundano,"{'"W8'": 1.0, '"G22'": 0.38475, '"L28'": 4.0, '"L37'": 4.05, '"K907'": 22.32, '"LL12'": 17.5, '"Y117'": 0.8, '"8646AK'": 25.0}","{180,200,180,180,180,180,180,180,180,180,180,180}",0,{58.15},49.7009,91974,60.00,"{8842AK,8843AK}",,,0,2024-11-12,2024-08-01 09:30:00,2024-08-01 10:40:00
476,3,50,52.1400,Incon Industrial Corporation,0,TA16900E,39586,1.17,"{'"2024-08-31 00:50:00'"}","{'"2024-08-31 02:00:00'"}",96.1106,2.11,3.8894,TA16900E,PP,"",STANDARD,20,6,40/40,Arnel Rosario,Julius Fundano,"{'"C19'": 0.012918, '"L28'": 0.25835, '"L37'": 0.25835, '"P26'": 0.56837, '"PP14 POWDER'": 1.485513, '"9796AK-9797AK'": 51.67}","{180,200,180,180,180,180,180}",0,{52.14},44.5641,92471,54.25,{9988AK},,,0,2024-11-12,2024-08-31 00:50:00,2024-08-31 02:00:00
269,1,50,61.6800,MC BRIDE CORPORATION,15368,YA15176E,39390,2.55,"{'"2024-07-17 23:45:00'"}","{'"2024-07-18 02:18:00'"}",98.9413,0.66,1.0587,GA15181E,LDPE(HMI),BREAKTIME - 03:00-04:00,STANDARD,90,300,40/40,Arjie Galgo,Julius Fundano,"{'"L37'": 2.85, '"L38'": 2.85, '"O57'": 0.017099999999999997, '"W35'": 8.55, '"Y98'": 5.7, '"K907'": 17.082900000000002, '"LL12'": 19.95, '"7593AI'": 5.34}","{120,140,150,150,150,150,150,150,140,140}",60,{61.68},24.1882,91716,62.34,"{8228AK,8229AK}",,,0,2024-11-04,2024-07-17 23:45:00,2024-07-18 02:18:00
223,8,250,244.1500,"PHIL-TOP INDUSTRIES, INC.",0,BA15494E,39265,3.5,"{'"2024-06-28 23:00:00'"}","{'"2024-06-29 02:30:00'"}",99.4744,1.29,0.5256,BA16130E,LDPE(HMI),"",STANDARD,10,280,40/40,Joel Miras,Julius Fundano,"{'"G39'": 0.42769999999999997, '"L38'": 0.611, '"7193AK'": 44.4, '"7189AK-7192AK'": 200.0}","{170,170,160,160,160,150,150,150,150,150,150,150}",60,{244.15},69.7571,91484,245.44,"{7378AK-7381AK,7382AK}",,,12,2024-10-31,2024-06-28 23:00:00,2024-06-29 02:30:00
103,6,3,2.6800,"MOLDEX PRODUCTS, INC.",15544,BA2103E,39634,1.25,"{'"2024-09-17 08:47:00'"}","{'"2024-09-17 10:02:00'"}",89.3333,0.32,10.6667,NO PURGING,LDPE(HMI),"",STANDARD,10,400,40/40,Jowie Vasquez,Julius Fundano,"{'"AO8'": 0.003, '"AO9'": 0.003, '"L28'": 0.15, '"L37'": 0.15, '"W35'": 0.15, '"B106'": 0.144, '"B107'": 0.144, '"LL48 POWDER'": 2.256}","{160,170,160,160,160,160}",0,{2.68},2.144,92722,3.0,{0548AL},,,0,2024-10-17,2024-09-17 08:47:00,2024-09-17 10:02:00
283,8,250,220.9300,ALPHATECH DEVELOPMENT CORPORATION,0,BA7883E,39417,3.0,"{'"2024-07-27 23:50:00'"}","{'"2024-07-28 02:50:00'"}",99.6302,0.82,0.3698,WA14068E,LDPE(HMI),03:00-04:00 BREAKTIME,STANDARD,9,280,60/60,Aldrin Villacrusis,Julius Fundano,"{'"W8'": 2.25, '"G39'": 0.045, '"L38'": 0.5625, '"LL48 POWDER'": 8.3925, '"8586AK-8589AK'": 190.0, '"8589AK-8590AK'": 20.5}","{200,200,180,180,180,180,180,180,180,180,180,180}",60,{220.93},73.6433,91919,221.75,"{8717AK-8720AK,8721AK}",,,9,2024-11-05,2024-07-27 23:50:00,2024-07-28 02:50:00
100,9,5000,4942.0000,"PACKAGEWORLD, INC.",14550,BA12556E,39595,50.5,"{'"2024-09-10 10:00:00'",'"2024-09-10 18:00:00'",'"2024-09-11 07:00:00'",'"2024-09-11 18:00:00'",'"2024-09-12 06:00:00'"}","{'"2024-09-10 18:00:00'",'"2024-09-11 06:00:00'",'"2024-09-11 18:00:00'",'"2024-09-12 06:00:00'",'"2024-09-12 13:30:00'"}",98.84,58.0,1.16,NO PURGING,LDPE(HMI),Change Screen 05:45 to 06:00,STANDARD,22,380,60/60,Edsel Mangarin,Julius Fundano,"{'"AO8'": 5.0, '"AO9'": 5.0, '"LL36'": 1250.0, '"LL38'": 2440.0, '"LL66'": 1200.0, '"BA15050E(0005AL'": 100.0}","{170,170,170,170,160,160,160,160,160,150,150}",120,"{800,1100,1100,1200,742}",97.8614,92677,5000,{0529AL-0538AL},,,0,2024-10-16,2024-09-10 10:00:00,2024-09-12 13:30:00
65,6,30,29.6900,"ROWELL LITHOGRAPHY & METAL CLOSURE, INC.",0,BA17039E,39625,9.9,"{'"2024-08-29 13:42:00'",'"2024-08-30 08:28:00'",'"2024-08-30 13:00:00'"}","{'"2024-08-29 17:00:00'",'"2024-08-30 12:00:00'",'"2024-08-30 16:04:00'"}",98.9667,0.31,1.0333,NO PURGING,LDPE(HMI),"",STANDARD,20,400,40/40,Jowie Vasquez,Julius Fundano,"{'"G39'": 0.009, '"LL38'": 6.591, '"8867AK'": 23.4}","{160,170,160,160,160,0,160}",0,"{29.69,29.69,29.69}",2.999,92542,30,{9384AK},,,0,2024-09-27,2024-08-29 13:42:00,2024-08-30 16:04:00
566,8,250,248.2800,CEBU HIQ MANUFACTURING CORPORATION,15498,BA2091E,39574,3.33,"{'"2024-08-20 05:10:00'",'"2024-08-20 06:00:00'"}","{'"2024-08-20 06:00:00'",'"2024-08-20 08:30:00'"}",99.312,1.72,0.688,RA5277E,LDPE(HMI),"HINDI MABILISAN, BASA ANG PELLET",STANDARD,9,300,60/60,Aldrin Villacrusis,Julius Fundano,"{'"W8'": 4.25, '"L28'": 12.5, '"L37'": 8.75, '"LB2'": 37.5, '"LL6'": 116.6, '"B107'": 0.4, '"B108'": 32.5, '"K907'": 37.5}","{170,170,170,170,160,160,160,160,160,160,160,160}",110,"{63,185.28}",74.5586,92322,250.0,{9712AK-9716AK},,,10,2024-11-15,2024-08-20 05:10:00,2024-08-20 08:30:00
101,6,73.89,48.4300,In House,0,BA2688E,39207,7.27,"{'"2024-09-09 13:09:00'",'"2024-09-10 08:32:00'"}","{'"2024-09-09 17:00:00'",'"2024-09-10 11:57:00'"}",65.5434,25.46,34.4566,NO PURGING,LDPE(HMI),"",STANDARD,20,400,40/40,Jowie Vasquez,Julius Fundano,"{'"MBMIXBLUE'": 0.79}","{180,190,180,180,180,0,180}",0,"{0,48.43}",6.6616,91264,73.89,{6632AK},,,0,2024-10-16,2024-09-09 13:09:00,2020-09-10 11:57:00
80,5,69.8,69.5000,CYBERMANN INDUSTRIAL CORPORATION,15458,MA7758E,39522,1.33,"{'"2024-08-19 17:30:00'",'"2024-08-19 18:00:00'"}","{'"2024-08-19 18:00:00'",'"2024-08-19 18:50:00'"}",99.5702,0.3,0.4298,MA4737E,PP,Laging nag-aalarm pag binabagsakan ng LMI Zone 10 Under Maintenance ,40/40,90,400,STD,Edsel Mangarin,Julius Fundano,"{'"C19'": 0.045, '"L28'": 1.0, '"L37'": 0.7, '"O55'": 0.02, '"P26'": 1.3, '"P28'": 2.6, '"Y98'": 0.6, '"K907'": 2.0, '"9391AK'": 24.9, '"9392AK'": 24.9, '"PP14 POWDER'": 11.744}","{200,200,180,180,180,180,180,180,180,180,180}",90,"{25,44.5}",52.2556,92295,69.8,"{9611AK,9612AK}",,,5,2024-10-12,,
365,1,50,53.0000,ALPHATECH DEVELOPMENT CORPORATION,14131,GA8074E,39379,2.42,"{'"2024-07-13 14:00:00'"}","{'"2024-07-13 16:25:00'"}",97.9667,1.1,2.0333,GA6607E,LDPE(HMI),"",STANDARD,80,380,40/40,Arjie Galgo,Julius Fundano,"{'"W8'": 1.0, '"G22'": 0.38, '"L28'": 4.0, '"L37'": 4.0, '"K910'": 22.32, '"LL12'": 17.5, '"Y117'": 0.8, '"28-6477AK'": 4.1}","{120,140,150,150,150,150,150,150,140,140}",95,{53},21.9008,91666,54.1,"{7896AK,7897AK}",,,5,2024-11-06,2024-07-13 14:00:00,2024-07-13 16:45:00
366,1,50,13.7300,PLASTIMER INDUSTRIAL CORP.,15352,BA9550E,39365,0.5,"{'"2024-07-13 10:20:00'"}","{'"2024-07-13 10:50:00'"}",98.0714,0.27,1.9286,BA3925E,LDPE(HMI),"",STANDARD,80,380,40/40,Arjie Galgo,Julius Fundano,"{'"W8'": 0.7, '"G22'": 0.037, '"L37'": 0.5, '"L38'": 0.5, '"B107'": 0.045, '"K907'": 2.0, '"27-9984AJ'": 4.0, '"PP14 POWDER'": 6.218}","{180,200,180,180,180,180,180,180,180,180}",85,{13.73},27.46,91644,14.0,{7895AK},,,6,2024-11-06,2024-07-13 10:20:00,2024-07-13 10:50:00
367,1,7,2.9000,EVERGOOD PLASTIC INDUSTRY INC.,15351,BA3925E,39277,0.17,"{'"2024-07-13 12:15:00'"}","{'"2024-07-13 12:25:00'"}",96.6667,0.1,3.3333,GA8074E,LDPE(HMI),"",STANDARD,40,200,40/40,Arjie Galgo,Julius Fundano,"{'"C19'": 0.0015, '"L37'": 0.09, '"L38'": 0.09, '"LL6'": 1.05, '"V50'": 0.0066, '"W33'": 0.4392, '"B106'": 0.108, '"K910'": 1.2147}","{120,140,150,150,150,150,150,150,140,140}",95,{2.9},17.0588,91634,3.0,{7893AK},,,7,2024-11-06,2024-07-13 12:15:00,2024-07-13 12:25:00
368,8,125,128.0000,"AG CANPRINT, INC.",15353,BA12861E,39363,2.08,"{'"2024-07-11 23:15:00'"}","{'"2024-07-12 01:20:00'"}",95.5081,6.02,4.4919,WA3827E,LDPE(HMI),"1. HINDI MABILISAN, UMAAPAW SA FEEDER PORT
2. 01:20-02:20 BREAKTIME",STANDARD,5.7,380,40/40,Edsel Mangarin,Julius Fundano,"{'"B37'": 39.0, '"L37'": 4.55, '"L38'": 6.5, '"V50'": 0.7280000000000001, '"W33'": 1.7550000000000001, '"B106'": 0.9099999999999999, '"K910'": 24.557000000000002, '"PP11'": 52.0, '"10-5083AK'": 4.02}","{200,200,190,190,180,180,180,180,180,180,190,190}",120,{128},61.5385,91649,134.02,"{8001AK-8004AK,8005AK}",,,0,2024-11-06,2024-07-11 23:15:00,2024-07-12 01:20:00
369,3,250,261.5000,"EVEREST PLASTIC CONTAINERS IND., INC.",15355,BA9910E,39376,4.18,"{'"2024-07-12 19:27:00'"}","{'"2024-07-12 23:38:00'"}",99.3164,1.8,0.6836,BA9159E,LDPE(HMI),"",STANDARD,6.5,40,40/40,Joel Miras,Julius Fundano,"{'"L37'": 8.925, '"L38'": 12.75, '"W33'": 19.38, '"B107'": 7.5225, '"K907'": 117.1725, '"LL12'": 89.25, '"FG-8976AJ'": 8.3}","{180,170,160,140,140,130,130}",82,{261.5},62.5598,91662,263.3,"{8012AK-8015AK,8016AK,8017AK}",,,15,2024-11-07,2024-07-12 19:27:00,2024-07-12 23:38:00
370,8,700,704.5000,Everbright Net & Twine,15346,BA4140E,39355,10.83,"{'"2024-07-11 10:20:00'",'"2024-07-11 18:00:00'"}","{'"2024-07-11 18:00:00'",'"2024-07-11 21:10:00'"}",99.2254,5.5,0.7746,BA12861E,LDPE(HMI),VACUUM ON,STANDARD,18,380,60/60,Roselie Mapandi,Julius Fundano,"{'"L37'": 28.4, '"L38'": 28.4, '"LB2'": 106.5, '"LL6'": 345.344, '"V40'": 1.278, '"V42'": 1.278, '"B106'": 14.91, '"B107'": 112.89, '"K910'": 71.0}","{180,180,180,170,170,160,160,160,160,160,180,180}",120,"{491,213.5}",65.0508,91625,710.0,"{7865AK-7891AK,7892AK}",,,16,2024-11-07,2024-07-11 10:20:00,2024-07-11 21:10:00
371,3,2250,2024.4500,"EVEREST PLASTIC CONTAINERS IND., INC.",15120,BA9159E,39300,27.33,"{'"2024-06-29 19:10:00'",'"2024-07-01 07:00:00'",'"2024-07-01 13:00:00'",'"2024-07-02 07:00:00'"}","{'"2024-06-29 22:00:00'",'"2024-07-01 13:00:00'",'"2024-07-01 22:00:00'",'"2024-07-02 16:30:00'"}",98.7537,25.55,1.2463,CA5402E,LDPE(HMI),"",STANDARD,8.3,35,40/40,Roselie Mapandi,Julius Fundano,"{'"G34'": 2.05, '"L14'": 71.75, '"L38'": 102.5, '"W35'": 65.6, '"B107'": 2.665, '"K910'": 1087.935, '"LL12'": 717.5}","{160,150,130,130,140,150,150}",120,"{209,446,666,703.45}",74.0743,91477,2050.0,{7325AK-7365AK},,,13,2024-11-07,2024-06-29 19:10:00,2024-07-02 16:30:00
372,3,335.34,328.6800,"PHIL-TOP INDUSTRIES, INC.",0,BA14304E,39268,4.42,"{'"2024-06-29 13:10:00'"}","{'"2024-06-29 17:35:00'"}",98.014,6.66,1.986,BA9159,LDPE(HMI),NAGPUPUTOL-PUTOL KAPAG MABILI ANG RPM (30-20),STANDARD,8.7,20,40/40,Aldrin Villacrusis,Julius Fundano,"{'"L14'": 4.6947600000000005, '"L38'": 4.19175, '"B107'": 0.50301, '"K907'": 25.821180000000002, '"LL12'": 48.6243, '"7071AK'": 26.51, '"7066AK-7070AK'": 225.0}","{160,120,120,150,150,150,150}",95,{328.68},74.362,91495,335.34,"{7403AK-7408AK,7409AK}",,,0,2024-11-07,2024-06-29 13:10:00,2024-06-29 17:35:00
373,3,308,306.3300,EVERGOOD PLASTIC INDUSTRY INC.,0,BA3925E,39277,3.58,"{'"2024-06-29 08:00:00'"}","{'"2024-06-29 11:35:00'"}",99.1937,2.49,0.8063,BA14304E,LDPE(HMI),"",STANDARD,9.2,25,40/40,Arnel Rosario,Julius Fundano,"{'"C19'": 0.07703299999999999, '"L38'": 0.61626, '"7188AK'": 8.13, '"7181AK-7187AK'": 300.0}","{150,120,120,130,130,150,150}",95,{306.33},85.567,91493,308.82,"{7396AK-7401AK,7402AK}",,,0,2024-11-07,2024-06-29 08:00:00,2024-06-29 11:35:00
237,8,8,254.8800,"PHIL-TOP INDUSTRIES, INC.",14786,GA14271E,39267,3.17,"{'"2024-06-24 23:20:00'"}","{'"2024-06-25 02:30:00'"}",99.1751,2.12,0.8249,GA15496E,LDPE(HMI),03:00-04:00 - BREAKTIME,STANDARD,10,350,40/40,Aldrin Villacrusis,Julius Fundano,"{'"W8'": 59.11, '"G39'": 1.285, '"L14'": 14.392, '"L38'": 12.85, '"K907'": 74.273, '"LL12'": 89.95, '"Y107'": 5.14}","{170,170,170,170,170,160,160,160,160,160,160,160}",60,{254.88},80.4038,91398,257.0,"{7060AK-7063AK,7064AK,7065AK}",,,8,2024-10-31,2024-06-24 23:20:00,2024-06-25 02:30:00
197,8,100.2,97.5500,EVERGOOD PLASTIC INDUSTRY INC.,0,BA3925E,38979,1.25,"{'"2024-05-03 23:50:00'"}","{'"2024-05-04 01:05:00'"}",97.3553,2.65,2.6447,WA3827E,LDPE(HMI),03:00-04:00 - BREAKTIME,STANDARD,8,250,40/40,Aldrin Villacrusis,Julius Fundano,"{'"C19'": 0.026, '"L14'": 1.56, '"L38'": 1.56, '"LL6'": 18.2, '"V50'": 0.1144, '"W33'": 7.54, '"B106'": 1.872, '"K910'": 21.1276, '"5027AK'": 48.2}","{180,180,170,170,170,170,160,160,160,160,170,170}",65,{97.55},78.04,90773,100.2,{5362AK-5363AK},,,10,2024-10-29,2024-05-03 23:50:00,2024-05-04 01:05:00
374,8,100,104.8300,Incon Industrial Corporation,15338,GA4254E,39311,2.17,"{'"2024-07-04 16:30:00'",'"2024-07-04 18:00:00'"}","{'"2024-07-04 18:00:00'",'"2024-07-04 18:40:00'"}",97.3533,2.85,2.6467,GA4921E,LDPE(HMI),"",STANDARD,9,250,40/40,Aldrin Villacrusis,Julius Fundano,"{'"W8'": 11.44, '"C19'": 0.03016, '"G22'": 6.552, '"L14'": 5.2, '"L38'": 3.12, '"B107'": 1.248, '"K907'": 10.4, '"6-9697AJ'": 3.68, '"PP14 POWDER'": 66.00984}","{180,200,180,180,180,180,180,180,180,180,185,185}",90,"{75,29.83}",48.3088,91520,107.68,"{7559AK-7561AK,7562AK}",,,7,2024-11-07,2024-07-04 16:30:00,2024-07-04 18:40:00
375,8,500,510.3400,SAN MIGUEL YAMAMURA PACKAGING CORPORATION,12574,TA11781E,39308,7.75,"{'"2024-07-02 14:50:00'",'"2024-07-03 06:15:00'"}","{'"2024-07-02 21:00:00'",'"2024-07-03 07:50:00'"}",98.7462,6.48,1.2538,VA4086E,LDPE(HMI),"1. OVER FLOW ON FEEDER PORT & VENT
2. CHANGE F-RATE - 8-7 & RPM - 400-420",STANDARD,7,420,40/40,Arjie Galgo,Julius Fundano,"{'"C19'": 10.3, '"L28'": 25.75, '"L37'": 25.75, '"P39'": 25.75, '"T22'": 30.9, '"K907'": 215.0125, '"LL12'": 180.25, '"R119'": 1.2875, '"23-5348AI'": 1.82}","{200,200,200,200,170,170,170,170,170,170,180,180}",120,"{413,97.34}",65.8503,91498,516.82,"{7410AK-7419AK,7420AK}",,,10,2024-11-07,2024-07-02 14:50:00,2024-07-03 07:50:00
482,3,250,253.2200,"PHIL-TOP INDUSTRIES, INC.",15435,KA14303E,39464,4.63,"{'"2024-08-09 23:00:00'"}","{'"2024-08-10 03:38:00'"}",99.302,1.78,0.698,KA4595,LDPE(HMI),"",STANDARD,9,28,40/40,Joel Miras,Julius Fundano,"{'"L37'": 14.28, '"L38'": 12.75, '"W33'": 26.265, '"K907'": 102.3825, '"LL31'": 89.25, '"R119'": 8.16, '"R129'": 1.9125}","{150,150,150,150,150,140,140}",142,{253.22},54.6911,92156,255.0,"{9098AK-9101AK,9102AK}",,,15,2024-11-12,2024-08-09 23:00:00,2024-09-10 03:38:00
515,5,375,380.0000,METRO CONTAINER CORPORATION,15385,WA17031E,39406,5.75,"{'"2024-07-20 21:00:00'"}","{'"2024-07-21 02:45:00'"}",98.387,6.23,1.613,WA3827E,PP,05:00-06:00 BREAKTIME,STANDARD,15,300,40/40,Roselie Mapandi,Julius Fundano,"{'"B81'": 0.45599999999999996, '"L37'": 7.6, '"L38'": 7.6, '"V50'": 0.0076, '"W35'": 133.0, '"K907'": 117.3364, '"7219AK'": 6.23, '"PP14 POWDER'": 114.0}","{220,220,220,210,210,200,200,200,200,180,180}",345,{380},66.087,91785,386.23,"{8182AK-8184AK,8185AK}",,,9,2024-11-12,2024-07-20 21:00:00,2024-07-21 02:45:00
335,1,50,56.8500,MC BRIDE CORPORATION,15367,GA15181E,39391,3.75,"{'"2024-07-18 05:00:00'",'"2024-07-18 06:00:00'"}","{'"2024-07-18 06:00:00'",'"2024-07-18 08:45:00'"}",98.8696,0.65,1.1304,BA9550E,LDPE(HMI),"1. SAGAD NA ANG FEED RATE KONTI LANG BUMABAGSAK
2. RPM - 300-400; F-RATE - 100
3. OVER FLOW ON FEEDER PORT",STANDARD,100,300,40/40,Arjie Galgo,Julius Fundano,"{'"G39'": 2.65, '"L37'": 1.855, '"L38'": 2.65, '"W33'": 1.5899999999999999, '"K907'": 21.306, '"LL12'": 18.55, '"Y118'": 4.399, '"31-6638AK'": 4.5}","{120,140,150,150,150,150,150,150,150,150}",45,"{15,41.85}",15.16,91719,57.5,"{8231AK,8232AK}",,,7,2024-11-06,2024-07-18 05:00:00,2024-07-18 08:45:00
289,1,50,55.5400,METRO CONTAINER CORPORATION,15386,GA17119E,39405,4.67,"{'"2024-07-23 17:20:00'"}","{'"2024-07-23 22:00:00'"}",97.4386,1.46,2.5614,OA17117E,LDPE(HMI),"Konti lang ang bumabagsak
RPM 200 
Feed Rate 100
/
Mixed with Oversized and crushed materials",STANDARD,80,400,40/40,Aldrin Villacrusis,Julius Fundano,"{'"B78'": 1.995, '"C19'": 0.399, '"G39'": 3.477, '"L37'": 2.85, '"L38'": 3.99, '"W33'": 1.71, '"Y98'": 5.984999999999999, '"K907'": 16.644, '"LL12'": 19.95}","{200,200,170,170,150,150,150,150,150,150}",105,{55.54},11.8929,91800,57.0,"{8198AK,8199AK}",,,10,2024-11-05,2024-07-23 17:20:00,2024-07-23 23:45:00
186,8,25,22.4000,ALCOS GLOBAL CORP.,15270,GA2595E,39004,1.25,"{'"2024-05-17 14:15:00'"}","{'"2024-05-17 15:30:00'"}",89.6,2.6,10.4,GA2595E,PET,90-100 PPG,STANDARD,9,200,40/40,Edsel Mangarin,Julius Fundano,"{'"B93'": 0.44, '"LL5'": 24.4475, '"Y61'": 0.1125}","{210,220,220,220,220,220,220,220,220,220,225,225}",0,{22.4},17.92,90933,25.0,{5932AK},,,0,2024-10-28,2024-05-17 14:15:00,2024-05-17 15:30:00
29,1,6,5.9000,"EVEREST PLASTIC CONTAINERS IND., INC.",15277,IA5758E,39075,0.33,"{'"2024-05-27 16:25:00'"}","{'"2024-05-27 16:45:00'"}",98.3333,0.1,1.6667,GA8074E,LDPE(HMI),"",STANDARD,80,400,60/60,ALDRIN VILLACRUSIS,-,"{'"C19'": 0.03, '"I24'": 0.372, '"L14'": 0.21, '"L38'": 0.3, '"Y98'": 0.042, '"K910'": 2.946, '"LL31'": 2.1}","{120,140,150,150,150,150,150,150,140,140}",110,{5.9},17.8788,91005,6,{6112AK},,,7,,2024-05-27 16:25:00,2024-05-27 16:45:00
567,8,500,510.3300,EVERGOOD PLASTIC INDUSTRY INC.,15486,RA5277E,39575,6.67,"{'"2024-08-20 10:20:00'",'"2024-08-20 16:44:00'"}","{'"2024-08-20 16:44:00'",'"2024-08-20 17:00:00'"}",99.0932,4.67,0.9068,IA1770E,LDPE(HMI),"",STANDARD,15,350,40/40,Arjie Galgo,Julius Fundano,"{'"L37'": 54.075, '"O55'": 5.15, '"K907'": 252.865, '"LL12'": 180.25, '"R117'": 22.66}","{180,180,170,170,170,170,170,170,170,170,160,160}",105,"{500,10.33}",76.5112,92303,515.0,"{9623AK-9632AK,9633AK}",,,7,2024-11-15,2024-08-20 10:20:00,2024-08-20 17:00:00
568,8,750,697.4400,EVERGOOD PLASTIC INDUSTRY INC.,15492,YA5124E,39566,10.5,"{'"2024-08-18 01:00:00'",'"2024-08-19 07:00:00'",'"2024-08-19 10:00:00'"}","{'"2024-08-18 06:00:00'",'"2024-08-19 09:15:00'",'"2024-08-19 13:15:00'"}",98.9206,7.61,1.0794,YA5124E,LDPE(HMI),"1. 03:00-04:00 STANDBY FOR BREAKTIME
2. MALIIT/ MALAKI ANG STRAND
3. SHUT OFF UNDER MAINTENANCE, Z8 - MATAAS ANG READING, SETTING 160 REACH 195
4. 09:15-10:00 RESUME PRODUCTION",STANDARD,8,300,40/40,Arjie Galgo,Julius Fundano,"{'"L28'": 21.0, '"L37'": 34.300000000000004, '"LL6'": 245.0, '"O56'": 10.08, '"W33'": 84.0, '"K907'": 235.76, '"Y120'": 69.86, '"QCEXCESS'": 5.05}","{180,170,170,170,170,160,160,160,160,160,150,150}",0,"{298,163,236.44}",66.4229,92290,705.05,"{9596AK-9608AK,9609AK}",,,0,2024-11-15,2024-08-18 01:00:00,2024-08-19 13:15:00
582,8,2140,2117.5400,"EVEREST PLASTIC CONTAINERS IND., INC.",15515,BA9159E,39598,24.33,"{'"2024-08-28 13:00:00'",'"2024-08-28 18:00:00'",'"2024-08-29 06:00:00'"}","{'"2024-08-28 18:00:00'",'"2024-08-29 06:00:00'",'"2024-08-29 13:20:00'"}",98.9505,22.46,1.0495,BA9159E,LDPE(HMI),03:00-04:00 BREAKTIME,STANDARD,12,300,40/40,Arjie Galgo,Julius Fundano,"{'"G34'": 2.14, '"L28'": 107.0, '"L37'": 74.9, '"W35'": 68.48, '"B107'": 2.782, '"K907'": 1135.698, '"LL12'": 749.0}","{170,170,170,170,160,160,160,150,150,150,160,160}",0,"{450,1005,662.54}",87.0341,92439,2140.0,"{0013AL-0054AL,0055AL}",,,0,2024-11-15,2024-08-28 13:00:00,2024-08-29 13:20:00
376,1,1000,1000.0000,TERUMO (PHILS.) CORPORATION,13791,BA14432E,39303,40.0,"{'"2024-07-16 05:00:00'",'"2024-07-16 06:00:00'",'"2024-07-16 07:00:00'",'"2024-07-16 08:00:00'",'"2024-07-16 09:00:00'",'"2024-07-16 10:00:00'",'"2024-07-16 11:00:00'",'"2024-07-16 12:00:00'",'"2024-07-16 13:00:00'",'"2024-07-16 14:00:00'",'"2024-07-16 15:00:00'",'"2024-07-16 16:00:00'",'"2024-07-16 17:00:00'",'"2024-07-16 18:00:00'",'"2024-07-16 19:00:00'",'"2024-07-16 20:00:00'",'"2024-07-16 21:00:00'",'"2024-07-16 22:00:00'",'"2024-07-16 23:00:00'",'"2024-07-17 00:00:00'",'"2024-07-17 01:00:00'",'"2024-07-17 02:00:00'",'"2024-07-17 03:00:00'",'"2024-07-17 04:00:00'",'"2024-07-17 05:00:00'",'"2024-07-17 06:00:00'",'"2024-07-17 07:00:00'",'"2024-07-17 08:00:00'",'"2024-07-17 09:00:00'",'"2024-07-17 10:00:00'",'"2024-07-17 11:00:00'",'"2024-07-17 12:00:00'",'"2024-07-17 13:00:00'",'"2024-07-17 14:00:00'",'"2024-07-17 15:00:00'",'"2024-07-17 16:00:00'",'"2024-07-17 17:00:00'",'"2024-07-17 18:00:00'",'"2024-07-17 19:00:00'",'"2024-07-17 20:00:00'"}","{'"2024-07-16 06:00:00'",'"2024-07-16 07:00:00'",'"2024-07-16 08:00:00'",'"2024-07-16 09:00:00'",'"2024-07-16 10:00:00'",'"2024-07-16 11:00:00'",'"2024-07-16 12:00:00'",'"2024-07-16 13:00:00'",'"2024-07-16 14:00:00'",'"2024-07-16 15:00:00'",'"2024-07-16 16:00:00'",'"2024-07-16 17:00:00'",'"2024-07-16 18:00:00'",'"2024-07-16 19:00:00'",'"2024-07-16 20:00:00'",'"2024-07-16 21:00:00'",'"2024-07-16 22:00:00'",'"2024-07-16 23:00:00'",'"2024-07-17 00:00:00'",'"2024-07-17 01:00:00'",'"2024-07-17 02:00:00'",'"2024-07-17 03:00:00'",'"2024-07-17 04:00:00'",'"2024-07-17 05:00:00'",'"2024-07-17 06:00:00'",'"2024-07-17 07:00:00'",'"2024-07-17 08:00:00'",'"2024-07-17 09:00:00'",'"2024-07-17 10:00:00'",'"2024-07-17 11:00:00'",'"2024-07-17 12:00:00'",'"2024-07-17 13:00:00'",'"2024-07-17 14:00:00'",'"2024-07-17 15:00:00'",'"2024-07-17 16:00:00'",'"2024-07-17 17:00:00'",'"2024-07-17 18:00:00'",'"2024-07-17 19:00:00'",'"2024-07-17 20:00:00'",'"2024-07-17 21:00:00'"}",97.4516,26.15,2.5484,NO PURGING,LDPE(HMI),3MMx3MM PELLET SIZE,STANDARD,8,250,40/40,Arjie Galgo,Julius Fundano,"{'"W8'": 23.46, '"B37'": 22.44, '"B78'": 11.73, '"L19'": 51.0, '"L28'": 49.47, '"T-RESIN'": 860.37, '"FG-2340AK'": 6.15, '"DP-C17197E'": 1.53}","{180,200,180,180,180,180,180,180,180,180}",0,"{25,25,25,25,25,25,25,25,25,25,25,25,25,25,25,25,25,25,25,25,25,25,25,25,25,25,25,25,25,25,25,25,25,25,25,25,25,25,25,25}",25.0,91572,1026.15,"{7676AK-7715AK,7716AK}",,,0,2024-11-07,2024-07-16 05:00:00,2024-07-17 21:00:00
379,3,375,308.1300,EVERGOOD PLASTIC INDUSTRY INC.,15221,BA3925E,39277,4.8,"{'"2024-06-25 18:22:00'"}","{'"2024-06-25 23:10:00'"}",97.0458,9.38,2.9542,CA5402E,LDPE(HMI),"",STANDARD,8.7,28,40/40,Joel Miras,Julius Fundano,"{'"C19'": 0.1581, '"L14'": 9.486, '"L28'": 7.65, '"L38'": 1.836, '"LL6'": 103.1424, '"LW1'": 7.5276000000000005, '"V50'": 0.6956399999999999, '"W33'": 45.849000000000004, '"B106'": 11.3832, '"K910'": 128.47206, '"QCEXCESS'": 1.31}","{150,140,130,130,130,140,140}",95,{308.13},64.1938,91427,317.51,"{7181AK-7184AK,7185AK,7186AK,7187AK,7188AK}",,,15,2024-11-07,2024-06-25 18:22:00,2024-06-25 23:10:00
517,8,3026.42,2970.0200,SAN MIGUEL YAMAMURA PACKAGING CORPORATION,0,BA5516E,39022,57.0,"{'"2024-05-09 17:00:00'",'"2024-05-09 18:00:00'",'"2024-05-10 06:00:00'",'"2024-05-10 18:00:00'",'"2024-05-11 06:00:00'",'"2024-05-11 18:00:00'"}","{'"2024-05-09 18:00:00'",'"2024-05-10 06:00:00'",'"2024-05-10 18:00:00'",'"2024-05-11 06:00:00'",'"2024-05-11 18:00:00'",'"2024-05-12 02:00:00'"}",98.9542,31.39,1.0458,WA3827E,LDPE(HMI),"1. 5/11/2024 2HOURS STANDBY FOR BREAKTIME
2. TUMATAAS BIGLA ANG MELT PRESURE & AMPERE; LAGI NAGPUPUTOL
3. 12:00 STANDBY FOR BREAKTIME",STANDARD,6,110,40/40,Arjie Galgo,Julius Fundano,"{'"Y107'": 1.41, '"5475AK'": 1000.0, '"5455AK(1-40)'": 1000.0, '"5495AK-5514AK'": 1000.0}","{150,150,130,130,130,130,130,130,130,130,130,130}",60,"{50,570,630,629,630,461.02}",52.1056,90871,3001.41,"{5748AK-5787AK,5788AK-5807AK}",,,11,2024-11-13,2024-05-09 17:00:00,2024-05-12 02:00:00
525,8,300,306.9100,"PHIL-TOP INDUSTRIES, INC.",15449,BA14304E,39463,3.75,"{'"2024-08-03 21:05:00'"}","{'"2024-08-04 00:50:00'"}",99.0032,3.09,0.9968,GA4352E,LDPE(HMI),"",STANDARD,10,350,40/40,Arjie Galgo,Julius Fundano,"{'"W8'": 68.2, '"L37'": 17.36, '"L38'": 15.5, '"B107'": 2.728, '"K907'": 11.032, '"K910'": 86.67999999999999, '"LL31'": 108.5}","{180,180,170,170,170,170,160,160,160,160,160,160}",100,{306.91},81.8427,92042,310.0,"{8962AK-8966AK,8967AK,8968AK}",,,9,2024-11-14,2024-08-03 21:05:00,2024-08-04 00:05:00
526,8,200,206.1000,"ZELLER PLASTIK PHILIPPINES, INC.",15446,GA4352E,39472,3.83,"{'"2024-08-03 03:40:00'",'"2024-08-03 06:00:00'"}","{'"2024-08-03 06:00:00'",'"2024-08-03 07:30:00'"}",98.1429,3.9,1.8571,GA2595E,PP,"1. VACUUM ON
2. 01:00-02:00 STANDBY FOR BREAKTIME",STANDARD,9,300,40/40,Arjie Galgo,Julius Fundano,"{'"G22'": 2.646, '"L37'": 6.3, '"L38'": 6.3, '"K907'": 42.0, '"Y107'": 0.672, '"PP6 POWDER'": 152.082}","{180,200,180,180,180,180,180,180,180,180,180,180}",90,"{115,91.1}",53.812,92009,210.0,"{8823AK-8829AK,8830AK}",,,0,2024-11-14,2024-08-03 03:40:00,2024-08-03 07:30:00
527,8,125,121.8000,In House,12727,GA2595E,39473,4.58,"{'"2024-08-03 09:00:00'"}","{'"2024-08-03 13:35:00'"}",97.44,3.2,2.56,IA16062E,PET,90-100 PPG/PET,STANDARD,8,200,40/40,Aldrin Villacrusis,Julius Fundano,"{'"B93'": 2.1875, '"Y121'": 0.5625, '"LL60(POWDER)'": 122.25}","{230,230,230,220,220,220,220,220,220,220,225,225}",120,{121.8},26.5939,92015,125.0,{8924AK-8928AK},,,13,2024-11-14,2024-08-03 09:00:00,2024-08-03 13:35:00
528,8,50,50.1500,EIGHT CUBE SALES CENTER INC.,15443,IA16062E,39470,2.0,"{'"2024-08-03 15:35:00'"}","{'"2024-08-03 17:35:00'"}",94.6226,2.85,5.3774,BA13023,PET,VACUUM ON,STANDARD,7,200,60/60,Aldrin Villacrusis,Julius Fundano,"{'"B93'": 0.0795, '"R121'": 0.1431, '"LL60(POWDER)'": 52.7774}","{220,220,220,220,220,220,220,220,230,230,230,230}",115,{50.15},25.075,92004,53.0,"{8195AK,8196AK}",,,11,2024-11-14,2024-08-03 15:35:00,2024-08-03 17:35:00
155,8,625,630.1000,METRO CONTAINER CORPORATION,0,GA16415E,39134,7.83,"{'"2024-05-28 13:50:00'"}","{'"2024-05-28 21:40:00'"}",99.0552,6.01,0.9448,NO PURGING,LDPE(HMI),"",STANDARD,13,380,40/40,Edsel Mangarin,Julius Fundano,"{'"G39'": 1.923, '"L14'": 41.425, '"L38'": 28.925, '"W33'": 67.50399999999999, '"K907'": 211.9825, '"LL12'": 202.475, '"Y107'": 24.256, '"Y119'": 0.0095, '"FG-3694AK'": 11.11, '"GA15849E(1541AJ)'": 44.64, '"GA15849E(1542AJ)'": 1.86}","{170,170,170,170,160,160,160,160,160,150,150,150}",0,{630.1},80.4725,91035,636.11,"{6203AK-6214AK,6215AK}",,,0,2024-10-25,2024-05-28 13:50:00,2024-05-28 21:40:00
380,3,250,251.5100,"PHIL-TOP INDUSTRIES, INC.",15301,BA14304E,39268,6.5,"{'"2024-06-25 08:10:00'"}","{'"2024-06-25 14:40:00'"}",97.8638,5.49,2.1362,BA16130E,LDPE(HMI),"1. CHANGE F-RATE 8.0; RPM 15/ 20
2. NAGPUPUTOL-PUTOL ANG STRAND",STANDARD,8.5,20,40/40,Arnel Rosario,Julius Fundano,"{'"W8'": 56.283, '"L14'": 14.392, '"L38'": 12.85, '"B107'": 2.57, '"K907'": 80.955, '"LL31'": 89.95}","{160,130,130,140,150,150,150}",1350,{251.51},38.6938,91401,257.0,"{7066AK-7069AK,7070AK,7071AK}",,,7,2024-11-07,2024-06-25 08:10:00,2024-06-25 14:40:00
92,3,175,162.1200,EASTERN INTERNATIONAL PLASTIC PACKAGING CORPORATION,15214,VA4086E,39018,3.0,"{'"2024-05-05 20:00:00'"}","{'"2024-05-05 23:00:00'"}",92.64,12.88,7.36,IA1770E,LDPE(HMI),"",STANDARD,9.5,25,40/40,Joel Miras,"","{'"W8'": 3.85, '"L14'": 8.75, '"LL6'": 67.34, '"V50'": 7.35, '"B106'": 0.21, '"FM27'": 17.5, '"K910'": 70.0}","{150,150,130,130,140,150,150}",120,{162.12},54.04,90779,175,{5412AK-5418AK},,,13,2024-10-15,2000-01-01 00:00:00,2000-01-01 00:00:00
479,3,500,500.0000,"EVEREST PLASTIC CONTAINERS IND., INC.",15486,RA5277E,39617,7.0,"{'"2024-08-31 16:00:00'",'"2024-08-31 18:00:00'"}","{'"2024-08-31 18:00:00'",'"2024-08-31 23:00:00'"}",98.0392,10.0,1.9608,RA4665E,LDPE(HMI),VACUUM ON,STANDARD,9.2,28,40/40,Arnel Rosario,Julius Fundano,"{'"L37'": 53.55, '"O55'": 5.1, '"K907'": 250.41, '"LL12'": 178.5, '"R117'": 22.44}","{150,150,140,140,150,150,150}",150,"{140,360}",71.4286,92492,510.0,"{0159AL-0167AL,0168AL,0169AL}",,,8,2024-11-12,2024-08-31 16:00:00,2024-08-31 23:00:00
518,8,350,357.0000,In House,0,GA8074E,39452,4.25,"{'"2024-08-01 12:40:00'"}","{'"2024-08-01 16:55:00'"}",99.6455,1.27,0.3545,YA13953,LDPE(HMI),"",STANDARD,12,400,40/40,Arjie Galgo,Julius Fundano,"{'"G22'": 0.214404, '"L38'": 0.71468, '"8843AK'": 25.0, '"8844AK'": 32.34, '"8775AK-8779AK'": 300.0}","{170,170,170,170,160,160,160,160,160,150,150,150}",115,{357},84.0,92018,358.27,"{8929AK-8934AK,8935AK,8936AK}",,,11,2024-11-13,2024-08-01 12:40:00,2024-08-01 16:55:00
529,8,300,299.4000,GENSTAR MANUFACTURING CORP.,15445,BA13023E,39471,18.17,"{'"2024-08-03 19:30:00'"}","{'"2024-08-03 01:20:00'"}",96.5806,10.6,3.4194,GA4254,LDPE(HMI),NO OVERSIZE; LMI WITH DIESEL,STANDARD,15,400,40/40,Arjie Galgo,Julius Fundano,"{'"C19'": 2.945, '"L37'": 10.85, '"L38'": 15.5, '"LL6'": 108.5, '"W33'": 12.4, '"B106'": 43.4, '"B107'": 10.85, '"K907'": 105.555}","{190,190,170,150,150,160,160,160,160,160,160,160}",120,{299.4},16.4777,92007,310.0,"{8816AK-8820AK,8821AK,8822AK}",,,12,2024-11-14,2024-08-03 19:35:00,2024-08-03 01:20:00
569,8,50.3,50.0000,"EVEREST PLASTIC CONTAINERS IND., INC.",0,YA5124E,39566,0.75,"{'"2024-08-19 13:15:00'"}","{'"2024-08-19 14:00:00'"}",99.4036,0.3,0.5964,DA5176E,LDPE(HMI),LMI WITH DIESEL,STANDARD,10,300,40/40,Arjie Galgo,Julius Fundano,"{'"L28'": 0.72, '"L37'": 1.18, '"LL6'": 8.4, '"O56'": 0.47, '"W33'": 2.88, '"K907'": 7.95, '"Y120'": 2.4, '"5359AK'": 26.3}","{180,170,170,170,170,160,160,160,160,160,150,150}",120,{50},66.6667,92293,50.3,{9610AK},,,11,2024-11-15,2024-08-19 13:15:00,2024-08-19 14:00:00
570,8,800,788.3800,Everbright Net & Twine,14022,IA1770E,39578,13.5,"{'"2024-08-20 18:45:00'",'"2024-08-21 06:00:00'",'"2024-08-21 07:48:00'"}","{'"2024-08-21 06:00:00'",'"2024-08-21 07:48:00'",'"2024-08-21 08:15:00'"}",97.3309,21.62,2.6691,YA5124E,LDPE(HMI),"1. VACUUM ON
2. 03:00-04:00 STANDBY FOR BREAKTIME
3. LMI WITH DIESEL",STANDARD,22,400,60/60,Aldrin Villacrusis,Julius Fundano,"{'"C19'": 3.24, '"L28'": 24.3, '"L37'": 28.35, '"O56'": 186.3, '"K907'": 133.65, '"LL12'": 434.16}","{180,180,170,170,170,160,160,160,160,160,180,180}",120,"{660,115,13.38}",58.3985,92319,810.0,"{9678AK-9709AK,9710AK}",,,11,2024-11-15,2024-08-20 18:45:00,2024-08-21 08:15:00
571,8,750,742.4400,EVERGOOD PLASTIC INDUSTRY INC.,15492,YA5124E,39576,10.0,"{'"2024-08-21 10:15:00'",'"2024-08-21 18:00:00'"}","{'"2024-08-21 18:00:00'",'"2024-08-21 20:15:00'"}",98.992,7.56,1.008,YA16164E,LDPE(HMI),"",STANDARD,10,350,40/40,Arjie Galgo,Julius Fundano,"{'"L28'": 22.5, '"L37'": 36.75, '"LL6'": 262.5, '"O56'": 10.8, '"W33'": 90.0, '"K907'": 252.6, '"Y120'": 74.85}","{180,170,170,170,170,160,160,160,160,160,150,150}",105,"{576,166.44}",74.244,92307,750.0,{9654AK-9668AK},,,11,2024-11-15,2024-08-21 10:15:00,2024-08-21 20:15:00
572,8,2500,2476.7400,"EVEREST PLASTIC CONTAINERS IND., INC.",15469,YA16164E,39534,37.0,"{'"2024-08-21 22:00:00'",'"2024-08-22 11:45:00'",'"2024-08-22 18:00:00'",'"2024-08-24 07:00:00'",'"2024-08-24 18:00:00'"}","{'"2024-08-22 00:00:00'",'"2024-08-22 18:00:00'",'"2024-08-23 06:00:00'",'"2024-08-24 18:00:00'",'"2024-08-24 23:45:00'"}",99.0696,23.26,0.9304,TA16900E,LDPE(HMI),"02:00-03:00 BREAKTIME
8/24/2024 SETT. Z1 170, REACH 76",STANDARD,12,300,40/40,Aldrin Villacrusis,Julius Fundano,"{'"L28'": 75.0, '"L37'": 175.0, '"W33'": 750.0, '"Y98'": 23.5, '"K907'": 595.5, '"LL31'": 875.0, '"Y107'": 6.0}","{170,170,170,160,160,160,150,150,150,150,150,150}",105,"{137,428,760,760,391.74}",66.9389,92211,2500.0,{9395AK-9444AK},,,9,2024-11-15,2024-08-21 22:00:00,2024-08-24 23:45:00
573,8,50,51.6700,Incon Industrial Corporation,15506,TA16900E,39586,1.08,"{'"2024-08-24 01:30:00'"}","{'"2024-08-24 02:35:00'"}",97.4906,1.33,2.5094,GA16968E,PP,"1. FLAT ANG PELLET PAG MABILIS ANG RPM & F-RATE
2. VACUUM ON",STANDARD,7,180,40/40,Arjie Galgo,Julius Fundano,"{'"B38'": 0.265, '"C19'": 0.0212, '"L28'": 2.65, '"L37'": 2.65, '"P26'": 5.83, '"PP14 POWDER'": 41.5838}","{180,200,180,180,180,180,180,180,180,180,180,180}",25,{51.67},47.8426,92370,53.0,"{9796AK,9797AK}",,,10,2024-11-15,2024-08-24 01:30:00,2024-08-24 02:35:00
574,8,54.47,52.9900,"PHIL-TOP INDUSTRIES, INC.",0,GA16968E,39557,0.58,"{'"2024-08-24 05:25:00'"}","{'"2024-08-24 06:00:00'"}",97.2651,1.49,2.7349,NO PURGING,LDPE(HMI),VACUUM ON,STANDARD,20,380,40/40,Arjie Galgo,Julius Fundano,"{'"G39'": 0.007585, '"L28'": 0.2709, '"Y98'": 0.019505, '"9486AK'": 54.18}","{170,170,170,170,170,170,160,160,160,160,150,150}",0,{52.99},91.3621,92362,54.48,{9789AK},,,0,2024-11-15,2024-08-24 05:25:00,2024-08-24 06:00:00
575,8,250,248.1200,"PHIL-TOP INDUSTRIES, INC.",15504,GA16968E,39557,3.5,"{'"2024-08-26 07:10:00'"}","{'"2024-08-26 10:40:00'"}",99.248,1.88,0.752,SA1780E,LDPE(HMI),"",STANDARD,30,380,40/40,Joel Miras,Julius Fundano,"{'"G39'": 0.36, '"L28'": 12.5, '"L37'": 12.5, '"W35'": 50.0, '"Y98'": 0.59, '"B108'": 3.0, '"K907'": 83.55, '"LL12'": 87.5}","{170,170,170,170,170,170,160,160,160,160,150,150}",120,{248.12},70.8914,92361,250.0,{9784AK-9788AK},,,12,2024-11-15,2024-08-26 07:10:00,2024-08-26 10:40:00
381,3,250,252.6000,"PHIL-TOP INDUSTRIES, INC.",14781,BA16130E,39261,3.67,"{'"2024-06-25 13:10:00'"}","{'"2024-06-25 16:50:00'"}",98.5372,3.75,1.4628,BA3925E,LDPE(HMI),"",STANDARD,8.5,22,40/40,Arnel Rosario,Julius Fundano,"{'"B78'": 0.6885, '"L14'": 12.75, '"L38'": 12.75, '"P26'": 12.75, '"K907'": 76.5, '"LL12'": 139.5615, '"25-1760AK'": 1.35}","{160,130,130,150,150,150,150}",92,{252.6},68.8283,91376,256.35,"{7024AK-7027AK,7028AK,7029AK}",,,13,2024-11-07,2024-06-25 13:10:00,2024-06-25 16:50:00
382,3,250,244.4000,"PHIL-TOP INDUSTRIES, INC.",15329,BA15494E,39265,5.37,"{'"2024-06-25 01:13:00'",'"2024-06-25 06:00:00'"}","{'"2024-06-25 06:00:00'",'"2024-06-25 06:35:00'"}",97.76,5.6,2.24,BA1430E,LDPE(HMI),"",STANDARD,8.5,22,40/40,Arnel Rosario,Julius Fundano,"{'"C19'": 0.3, '"G39'": 0.75, '"L14'": 8.75, '"L38'": 12.5, '"W33'": 44.0, '"B107'": 0.15, '"K907'": 96.05, '"LL12'": 87.5}","{150,140,130,130,130,150,150}",95,"{217,27.4}",45.5121,91428,250.0,{7189AK-7193AK},,,9,2024-11-07,2024-06-25 01:33:00,2024-06-25 06:35:00
383,3,100,102.8800,Incon Industrial Corporation,15204,OA14302E,39275,1.8,"{'"2024-06-24 21:52:00'"}","{'"2024-06-24 23:40:00'"}",96.7918,3.41,3.2082,BA15494E,LDPE(HMI),"",STANDARD,7.0,26,40/40,Joel Miras,Julius Fundano,"{'"L14'": 3.5, '"L38'": 5.0, '"LL6'": 35.0, '"O57'": 0.175, '"W33'": 6.7, '"Y98'": 0.5, '"K910'": 49.125, '"FG-5297AK'": 6.29}","{150,140,130,130,130,140,140}",93,{102.88},57.1556,91407,106.29,"{7078AK,7079AK,7080AK}",,,14,2024-11-07,2024-06-24 21:52:00,2024-06-24 23:40:00
384,3,375,377.1300,EVERGOOD PLASTIC INDUSTRY INC.,14993,YA5917E,39276,7.0,"{'"2024-06-24 13:00:00'",'"2024-06-24 18:00:00'"}","{'"2024-06-24 18:00:00'",'"2024-06-24 20:00:00'"}",98.0781,7.39,1.9219,OA14302E,LDPE(HMI),"1. CHANGE F-RATE - 6.5-7.6 & RPM - 40
2. OVER FLOW ON FEEDER VENT PORT
3. NO OVER SIZE",STANDARD,7.6,40,40/40,Arnel Rosario,Julius Fundano,"{'"L14'": 13.3, '"L38'": 19.0, '"O55'": 0.056999999999999995, '"W33'": 28.5, '"K907'": 138.643, '"LL12'": 133.0, '"Y120'": 47.5, '"32-2631AK'": 4.52}","{160,110,110,150,150,160,160}",112,"{270,107.13}",53.8757,91409,384.52,"{7081AK-7087AK,7088AK}",,,13,2024-11-07,2024-06-24 13:00:00,2024-06-24 20:00:00
385,3,25,30.5400,"STARKSON PACKAGING, INC.",15326,YA16597E,39258,0.5,"{'"2024-06-24 10:30:00'"}","{'"2024-06-24 11:00:00'"}",95.4375,1.46,4.5625,YA5917E,LDPE(HMI),"",STANDARD,8.3,20,40/40,Arnel Rosario,Julius Fundano,"{'"L14'": 1.6, '"L38'": 1.6, '"O57'": 0.08, '"W33'": 4.0, '"Y98'": 3.2, '"K910'": 10.32, '"LL12'": 11.2}","{150,150,130,130,140,150,150}",120,{30.54},61.08,91371,32.0,{7021AK},,,9,2024-11-07,2024-06-24 10:30:00,2024-06-24 11:00:00
386,3,150,125.0000,"ZELLER PLASTIK PHILIPPINES, INC.",0,YA3504E,39252,2.67,"{'"2024-06-21 21:00:00'",'"2024-06-24 07:20:00'"}","{'"2024-06-21 22:00:00'",'"2024-06-24 09:00:00'"}",89.8699,14.09,10.1301,YA16597E,LDPE(HMI),"6/24/2024 07:20-START, KASI MATAGAL TUMAAS ANG TEMP. NG Z2",STANDARD,30,40,40/40,Arjie Galgo,Julius Fundano,"{'"W8'": 14.175, '"L19'": 4.05, '"L28'": 4.05, '"L38'": 0.00354, '"O57'": 0.175677, '"PP4'": 79.7445, '"Y98'": 5.805, '"K907'": 27.0, '"4744AG'": 1.18, '"4-5580AI'": 2.45, '"24-0177AJ'": 0.46}","{180,200,180,180,180,180,180}",90,"{50,75}",46.8165,91365,139.09,"{7006AK-7009AK,7010AK,7017AK}",,,8,2024-11-07,2024-06-21 21:00:00,2024-06-24 09:00:00
387,3,50,56.5600,"ZELLER PLASTIK PHILIPPINES, INC.",12523,BA4549E,39253,1.17,"{'"2024-06-21 18:05:00'"}","{'"2024-06-21 19:15:00'"}",97.9224,1.2,2.0776,YA3504E,LDPE(HMI),"",STANDARD,7,28,40/40,Arjie Galgo,Julius Fundano,"{'"B42'": 0.1222, '"G22'": 0.0624, '"L28'": 1.56, '"L37'": 1.56, '"K907'": 5.2, '"11-8867AF'": 0.35, '"25-6599AI'": 2.17, '"27-8470AH'": 3.24, '"PP6 POWDER'": 43.495400000000004}","{180,200,180,180,180,180,180}",105,{56.56},48.3419,91356,57.76,"{7004AK,7005AK}",,,9,2024-11-07,2024-06-21 18:05:00,2024-06-21 19:15:00
388,3,50,55.1800,"ZELLER PLASTIK PHILIPPINES, INC.",14980,BA4520E,39250,1.22,"{'"2024-06-21 15:25:00'"}","{'"2024-06-21 16:38:00'"}",96.3506,2.09,3.6494,BA4549E,PP,"",STANDARD,7,28,40/40,Arjie Galgo,Julius Fundano,"{'"B37'": 0.11879999999999999, '"B89'": 0.1296, '"L14'": 1.62, '"L38'": 1.62, '"PP4'": 45.1116, '"K907'": 5.4, '"21-0534AF'": 3.27}","{180,200,180,180,180,180,180}",87,{55.18},45.2295,91354,57.27,"{7002AK,7003AK}",,,4,2024-11-07,2024-06-21 15:25:00,2024-06-21 16:38:00
389,3,50,54.9400,"ZELLER PLASTIK PHILIPPINES, INC.",13771,RA9068E,39251,1.15,"{'"2024-06-21 12:26:00'"}","{'"2024-06-21 13:35:00'"}",96.386,2.06,3.614,BA4520E,PP,"",STANDARD,7,28,40/40,Joel Miras,Julius Fundano,"{'"C19'": 0.0017100000000000001, '"L28'": 2.85, '"L37'": 2.85, '"PP4'": 45.11379, '"K907'": 5.7, '"R115'": 0.34199999999999997, '"R119'": 0.14250000000000002}","{180,200,180,180,180,190,190}",110,{54.94},47.7739,91373,57.0,"{7022AK,7023AK}",,,9,2024-11-07,2024-06-21 12:26:00,2024-06-21 13:35:00
390,3,125,127.2200,GENSTAR MANUFACTURING CORP.,15237,RA7487E,39255,2.15,"{'"2024-06-21 08:51:00'"}","{'"2024-06-21 11:00:00'"}",97.2035,3.66,2.7965,RA9068E,LDPE(HMI),"",STANDARD,7.5,36,40/40,Joel Miras,Julius Fundano,"{'"L14'": 13.23, '"LL6'": 31.5, '"K910'": 59.85, '"LL39'": 12.6, '"R117'": 6.3, '"R129'": 2.52, '"39-5131AK'": 4.88}","{150,150,140,140,140,150,150}",86,{127.22},59.1721,91364,130.88,"{7014AK-7015AK,7016AK}",,,12,2024-11-07,2024-06-21 08:51:00,2024-06-21 11:00:00
391,3,50,56.8300,EASTERN INTERNATIONAL PLASTIC PACKAGING CORPORATION,15066,SA7726E,39247,1.17,"{'"2024-06-21 06:15:00'"}","{'"2024-06-21 07:25:00'"}",97.8646,1.24,2.1354,RA7487E,LDPE(HMI),"",STANDARD,6.5,28,40/40,Joel Miras,Julius Fundano,"{'"C19'": 0.12, '"L14'": 1.75, '"L38'": 2.5, '"T22'": 2.75, '"B107'": 0.0175, '"K907'": 25.3625, '"LL12'": 17.5, '"FG-3350AK'": 8.07}","{150,140,130,130,130,140,140}",86,{56.83},48.5726,91351,58.07,"{6995AK,6996AK}",,,14,2024-11-07,2024-06-21 06:15:00,2024-06-21 07:25:00
392,3,75,80.0000,EASTERN INTERNATIONAL PLASTIC PACKAGING CORPORATION,15275,RA7886E,39246,1.33,"{'"2024-06-19 10:45:00'"}","{'"2024-06-19 12:05:00'"}",99.2679,0.59,0.7321,SA7726E,LDPE(HMI),"",STANDARD,8.5,35,40/40,Joel Miras,Julius Fundano,"{'"C19'": 0.028000000000000004, '"L14'": 4.0, '"L38'": 4.0, '"LL6'": 28.0, '"K910'": 36.772000000000006, '"R122'": 6.4, '"Y116'": 0.8, '"39-5835AK'": 0.59}","{150,140,140,140,150,150,160}",55,{80},60.1504,91348,80.59,"{6993AK,6994AK}",,,16,2024-11-07,2024-06-19 10:45:00,2024-06-19 12:05:00
393,3,50,52.8300,Incon Industrial Corporation,14746,BA4701E,39210,1.0,"{'"2024-06-18 17:30:00'"}","{'"2024-06-18 18:30:00'"}",96.0545,2.17,3.9455,RA5277E,LDPE(HMI),"",STANDARD,8,28,40/40,Arnel Rosario,Julius Fundano,"{'"B78'": 0.264, '"G22'": 0.00605, '"L14'": 1.65, '"L38'": 1.65, '"PP4'": 51.429950000000005}","{180,200,180,180,180,180,180}",120,{52.83},52.83,91329,55.0,"{6871AK,6872AK}",,,8,2024-11-07,2024-06-18 17:30:00,2024-06-18 18:30:00
394,3,75,78.3100,ALPHATECH DEVELOPMENT CORPORATION,15093,KA9732E,39229,1.33,"{'"2024-06-18 14:30:00'"}","{'"2024-06-18 15:50:00'"}",98.256,1.39,1.744,BA4701E,LDPE(HMI),"",STANDARD,8.5,25,40/40,Arnel Rosario,Julius Fundano,"{'"W8'": 12.045, '"L14'": 3.65, '"L38'": 3.65, '"Y98'": 0.0438, '"K907'": 27.9371, '"LL12'": 25.55, '"R119'": 0.12410000000000002, '"FG-6002AK'": 6.7}","{150,140,140,150,150,150,160}",100,{78.31},58.8797,91297,79.7,"{6846AK,6847AK}",,,8,2024-11-07,2024-06-18 14:30:00,2024-06-18 18:30:00
395,3,273.68,271.8500,"PHIL-TOP INDUSTRIES, INC.",0,DA15568E,39202,3.87,"{'"2024-06-18 08:48:00'"}","{'"2024-06-18 12:40:00'"}",99.3313,1.83,0.6687,KA9732E,LDPE(HMI),"",STANDARD,8.5,28,40/40,Joel Miras,Julius Fundano,"{'"L14'": 3.421, '"L38'": 3.421, '"LL6'": 23.947, '"O57'": 0.082104, '"W33'": 20.526, '"K910'": 17.022896, '"6622AK'": 17.76, '"6619AK-6622AK'": 187.5}","{150,140,130,130,130,140,150}",110,{271.85},70.2455,91304,273.68,"{6848AK-6852AK,6853AK}",,,8,2024-11-07,2024-06-18 08:48:00,2024-06-18 12:40:00
396,3,125,131.7900,"EVEREST PLASTIC CONTAINERS IND., INC.",15167,BA12068E,39195,3.2,"{'"2024-06-07 12:00:00'",'"2024-06-07 13:00:00'"}","{'"2024-06-07 13:00:00'",'"2024-06-07 15:12:00'"}",96.5495,4.71,3.4505,BA2688E,LDPE(HMI),07:00-10:10 WAITING FOR COMPUONDED,STANDARD,6,43,40/40,Edsel Mangarin,Julius Fundano,"{'"B89'": 4.42, '"L14'": 4.55, '"L38'": 6.5, '"V50'": 2.21, '"B101'": 21.45, '"K910'": 45.37, '"LL31'": 45.5, '"FG-4352AK'": 6.5}","{170,160,160,140,140,140,160}",190,"{50,81.79}",41.1844,91233,136.5,"{6572AK-6573AK,6574AK}",,,13,2024-11-07,2024-06-07 12:00:00,2024-06-07 15:12:00
397,3,125,128.0000,"EVEREST PLASTIC CONTAINERS IND., INC.",15274,VA3010E,39193,2.0,"{'"2024-06-07 09:00:00'"}","{'"2024-06-07 11:00:00'"}",94.8148,7.0,5.1852,BA12068E,LDPE(HMI),"",STANDARD,8.3,25,40/40,Edsel Mangarin,Julius Fundano,"{'"W8'": 4.29, '"B37'": 17.68, '"L14'": 6.5, '"L38'": 6.5, '"LL6'": 45.5, '"V40'": 0.845, '"V42'": 0.845, '"K910'": 47.839999999999996, '"FG-5814AK'": 5.0}","{150,130,130,150,150,150,160}",60,{128},64.0,91218,135.0,"{6533AK-6534AK,6535AK}",,,9,2024-11-07,2024-06-07 09:00:00,2024-06-07 11:00:00
398,3,100,103.7700,CDC MANUFACTURING CORP.,14775,IA15368E,39191,1.75,"{'"2024-05-06 15:00:00'"}","{'"2024-05-06 16:45:00'"}",96.9541,3.26,3.0459,VA3010E,LDPE(HMI),"",STANDARD,8.5,25,40/40,Arnel Rosario,Julius Fundano,"{'"C19'": 1.45, '"I24'": 3.8, '"L14'": 3.5, '"L38'": 5.0, '"W33'": 18.0, '"Y98'": 2.5, '"K907'": 30.75, '"LL12'": 35.0, '"23-8959AJ'": 2.68, '"23-8960AJ'": 4.35}","{150,130,130,140,140,150,150}",180,{103.77},59.2971,91216,107.03,"{6530AK,6531AK,6532AK}",,,12,2024-11-07,2024-05-06 15:00:00,2024-05-06 16:45:00
399,3,175,178.1200,"STAR PLASTIC PRODUCTS, INC.",15153,RA13616E,39188,2.88,"{'"2024-06-05 08:22:00'"}","{'"2024-06-05 11:15:00'"}",97.6589,4.27,2.3411,IA1770E,LDPE(HMI),"",STANDARD,8.3,28,40/40,Joel Miras,Julius Fundano,"{'"L14'": 6.3, '"L38'": 9.0, '"Y98'": 2.34, '"K910'": 93.96, '"LL12'": 63.0, '"R115'": 5.4, '"39-4237AK'": 2.39}","{150,110,110,150,150,150,150}",115,{178.12},61.8472,91201,182.39,"{6482AK-6484AK,6485AK}",,,11,2024-11-07,2024-06-05 08:22:00,2024-06-05 11:15:00
400,3,500,502.1500,EVERGOOD PLASTIC INDUSTRY INC.,15241,RA2508E,39161,7.42,"{'"2024-06-03 21:20:00'",'"2024-06-04 06:45:00'"}","{'"2024-06-03 22:00:00'",'"2024-06-04 13:30:00'"}",98.4608,7.85,1.5392,RA13616E,LDPE(HMI),"1. MEDYO KUMUKULAY SA TUBIG
2. NO OVER SIZE",STANDARD,9.0,38,60/60,Joel Miras,Julius Fundano,"{'"L14'": 21.419999999999998, '"L38'": 20.4, '"LL6'": 122.4, '"LW2'": 76.5, '"W33'": 9.485999999999999, '"K910'": 205.22400000000002, '"R116'": 14.28, '"R130'": 40.29}","{160,150,150,140,140,150,150}",82,"{30,472.15}",67.6752,91134,510.0,"{6397AK-6405AK,6406AK,6407AK}",,,12,2024-11-07,2024-06-03 21:20:00,2024-06-04 13:30:00
401,3,631.87,628.0000,METRO CONTAINER CORPORATION,0,GA16415E,39134,7.58,"{'"2024-06-03 12:00:00'",'"2024-06-03 13:00:00'"}","{'"2024-06-03 13:00:00'",'"2024-06-03 19:35:00'"}",99.386,3.88,0.614,RA2508E,LDPE(HMI),"",STANDARD,9,32,40/40,Arjie Galgo,Julius Fundano,"{'"G39'": 0.207933, '"L38'": 1.57525, '"6215AK'": 30.1, '"6203AK-6214AK'": 600.0}","{150,150,140,140,140,150,150}",105,"{83,545}",82.8496,91151,631.88,"{6436AK-6447AK,6448AK}",,,10,2024-11-07,2024-06-03 12:00:00,2024-06-03 19:35:00
402,3,263.14,257.0000,"EVEREST PLASTIC CONTAINERS IND., INC.",0,GA4952E,39129,3.45,"{'"2024-06-01 21:33:00'",'"2024-06-03 07:10:00'"}","{'"2024-06-01 22:00:00'",'"2024-06-03 10:10:00'"}",97.6629,6.15,2.3371,GA16415E,LDPE(HMI),"",STANDARD,9.5,36,40/40,Joel Miras,Julius Fundano,"{'"G34'": 2.599, '"L38'": 0.64975, '"6184AK'": 25.0, '"6185AK'": 34.9, '"6180AK-6183AK'": 200.0}","{150,130,130,140,140,150,150}",110,"{35,222}",74.4928,91141,263.15,"{6415AK-6418AK,6419AK,6420AK}",,,13,2024-11-07,2024-06-01 21:33:00,2024-06-03 10:10:00
403,3,175,178.8100,"ZELLER PLASTIK PHILIPPINES, INC.",14959,GA4352E,39156,3.5,"{'"2024-06-01 16:30:00'"}","{'"2024-06-01 20:00:00'"}",97.2058,5.14,2.7942,GA4952E,LDPE(HMI),"",STANDARD,7.5,30,40/40,Joel Miras,Julius Fundano,"{'"G22'": 2.268, '"L14'": 5.4, '"L38'": 5.4, '"PP4'": 130.356, '"K907'": 36.0, '"Y107'": 0.576, '"28-0373AK'": 3.95}","{180,200,180,180,180,180,180}",93,{178.81},51.0886,91117,183.95,"{6377AK-6382AK,6383AK}",,,15,2024-11-07,2024-06-01 16:30:00,2024-06-01 20:00:00
404,3,250,253.6000,"PHIL-TOP INDUSTRIES, INC.",15032,GA15221E,39147,3.58,"{'"2024-06-01 11:00:00'",'"2024-06-01 13:00:00'"}","{'"2024-06-01 13:00:00'",'"2024-06-01 14:35:00'"}",97.3139,7.0,2.6861,GA4352E,LDPE(HMI),"",STANDARD,9.6,25,40/40,Arnel Rosario,Julius Fundano,"{'"B78'": 0.51, '"G39'": 8.415, '"L14'": 8.925, '"L38'": 12.75, '"W33'": 15.045, '"K907'": 120.105, '"LL31'": 89.25, '"FG-1257AK'": 5.6}","{150,140,140,150,150,150,150}",115,"{140,113.6}",70.838,91081,260.6,"{6317AK-6320AK,6321AK,6322AK}",,,17,2024-11-07,2024-06-01 11:00:00,2024-06-01 14:35:00
405,3,75,79.1000,"GLOBAL KONTEINER MANUFACTURING, INC.",15139,GA8074E,39170,1.0,"{'"2024-06-04 11:00:00'"}","{'"2024-06-04 12:00:00'"}",98.2121,1.44,1.7879,BA16168E,LDPE(HMI),12:00-13:00 BREAKTIME,STANDARD,7,25,40/40,Arnel Rosario,Julius Fundano,"{'"W8'": 1.5, '"G39'": 0.5700000000000001, '"L14'": 6.0, '"L38'": 6.0, '"K910'": 33.51, '"LL12'": 26.25, '"Y117'": 1.17, '"FG-5939AK'": 5.54}","{150,150,130,130,130,120,140}",160,{79.1},79.1,91175,80.54,"{6476AK,6477AK}",,,9,2024-11-07,2024-06-04 11:00:00,2024-06-04 12:00:00
406,8,250,284.8000,EVERGOOD PLASTIC INDUSTRY INC.,0,DA10063E,39131,3.0,"{'"2024-06-01 11:00:00'",'"2024-06-01 13:00:00'"}","{'"2024-06-01 13:00:00'",'"2024-06-01 14:00:00'"}",99.1195,2.53,0.8805,OA7892E,LDPE(HMI),"",STANDARD,12,380,40/40,Edsel Mangarin,Julius Fundano,"{'"L14'": 1.005655, '"L38'": 1.43665, '"W33'": 2.8733, '"K910'": 11.4932, '"LL12'": 11.349535, '"Y122'": 0.57466, '"6216AK-6220AK'": 225.0, '"6220AK-6221AK'": 33.6}","{170,170,170,170,170,160,160,160,160,150,150,0}",90,"{190,94.8}",94.9333,91144,287.33,"{6425AK-6429AK,6430AK}",,,6,2024-11-07,2024-06-01 10:00:00,2024-06-01 14:00:00
407,1,53.75,53.3600,"PHIL-TOP INDUSTRIES, INC.",0,TA16761E,39125,2.0,"{'"2024-06-01 07:00:00'"}","{'"2024-06-01 09:00:00'"}",99.256,0.4,0.744,OA5176E,LDPE(HMI),"",STANDARD,80,400,40/40,Roselie Mapandi,Julius Fundano,"{'"C19'": 0.02412, '"L38'": 0.134, '"6245AK-6246AK'": 53.6}","{120,140,150,150,150,150,150,150,150,150,140,140}",60,{53.36},26.68,91135,53.76,{6408AK},,,5,2024-11-07,2024-06-01 07:00:00,2024-06-01 09:00:00
520,8,125,128.1100,"AG CANPRINT, INC.",13988,YA13953E,39466,2.08,"{'"2024-08-01 18:50:00'"}","{'"2024-08-01 20:55:00'"}",98.5462,1.89,1.4538,MA4737E,LDPE(HMI),"VACUUM ON
KUMUKULAY ANG DILAW SA TUBIG",STANDARD,15,350,40/40,Arjie Galgo,Julius Fundano,"{'"C19'": 0.0325, '"L28'": 6.5, '"L37'": 4.55, '"W33'": 13.0, '"Y98'": 23.4, '"K907'": 37.0175, '"LL12'": 45.5}","{170,170,170,170,160,160,160,160,160,160,150,150}",115,{128.11},61.5913,92012,130.0,"{8831AK-8832AK,8833AK}",,,10,2024-11-13,2024-08-01 18:50:00,2024-08-01 20:55:00
521,8,36.99,36.3300,"EVEREST PLASTIC CONTAINERS IND., INC.",0,MA4737E,39374,0.83,"{'"2024-08-01 22:50:00'"}","{'"2024-08-01 23:40:00'"}",98.2157,0.66,1.7843,VA14336E,LDPE(HMI),"",STANDARD,8,250,40/40,Arjie Galgo,Julius Fundano,"{'"C19'": 0.00481, '"L37'": 0.333, '"L38'": 0.333, '"O55'": 0.00777, '"P26'": 1.48, '"K907'": 1.11, '"LL31'": 7.83142, '"8508AK'": 25.89}","{160,160,160,160,160,160,160,160,150,150,150,150}",90,{36.33},43.7711,91969,36.99,{8838AK},,,7,2024-11-13,2024-08-01 22:50:00,2024-08-01 23:40:00
522,8,125,127.1300,"AG CANPRINT, INC.",15438,VA14336E,39465,2.58,"{'"2024-08-02 01:10:00'"}","{'"2024-08-02 03:45:00'"}",97.7923,2.87,2.2077,OA2469E,PP,"1. HINDI NA-BAGSAK ANG COMPOUNDED
2. OVER FLOW ON FEEDER PORT, CHANGE F-RATE - 11-9; PRM - 390-400
3. STANDBY FOR BREAKTIME @04:00-05:00",STANDARD,9,400,40/40,Arjie Galgo,Julius Fundano,"{'"L28'": 6.5, '"L37'": 4.55, '"V50'": 13.0, '"B101'": 32.5, '"B106'": 3.25, '"K907'": 23.075, '"R122'": 1.625, '"PP6 POWDER'": 45.5}","{200,200,180,180,180,180,180,180,180,180,180,180}",165,{127.13},49.2752,91995,130.0,"{8868AK-8871AK,8872AK}",,,11,2024-11-13,2024-08-02 01:10:00,2024-08-02 03:45:00
523,8,550,562.4300,H&E MANUFACTURING CORPORATION,0,OA2469E,39451,7.08,"{'"2024-08-02 06:45:00'"}","{'"2024-08-02 13:50:00'"}",99.1818,4.64,0.8182,KA14303E,LDPE(HMI),"",STANDARD,9,280,40/40,Aldrin Villacrusis,Julius Fundano,"{'"L37'": 0.777266, '"L38'": 1.1103800000000001, '"LL12'": 7.77266, '"Y122'": 2.2207600000000003, '"8763AK-8773AK'": 539.0, '"8773AK-8774AK'": 16.19}","{170,170,170,170,160,160,160,160,150,150,150,150}",120,{562.43},79.4393,92020,567.07,"{8937AK-8947AK,8948AK}",,,12,2024-11-13,2024-08-02 06:45:00,2024-08-02 13:50:00
524,8,250,248.7000,"PHIL-TOP INDUSTRIES, INC.",15435,KA14303E,39464,3.5,"{'"2024-08-02 15:50:00'",'"2024-08-02 18:00:00'"}","{'"2024-08-02 18:00:00'",'"2024-08-02 19:20:00'"}",99.48,1.3,0.52,BA14304E,LDPE(HMI),"",STANDARD,15,400,40/40,Aldrin Villacrusis,Julius Fundano,"{'"L37'": 14.0, '"L38'": 12.5, '"W33'": 25.75, '"K907'": 100.375, '"LL31'": 87.5, '"R119'": 8.0, '"R129'": 1.875}","{170,170,170,160,160,160,160,160,150,150,150,150}",105,"{155,93.7}",71.0571,92038,250.0,{8957AK-8961AK},,,9,2024-11-13,2024-08-02 15:50:00,2024-08-02 19:20:00
530,8,200,206.7900,CDC MANUFACTURING CORP.,0,DA15377E,39606,2.5,"{'"2024-08-03 20:45:00'"}","{'"2024-08-03 23:15:00'"}",99.0848,1.91,0.9152,DA16945E,LDPE(HMI),"",STANDARD,10,300,40/40,Arnel Rosario,Julius Fundano,"{'"0180AL'": 13.0, '"0170AL-0173AL'": 195.7}","{170,170,170,170,170,160,160,160,160,160,150,150}",90,{206.79},82.716,92559,208.7,{0314AL},,,5,2024-11-14,2024-08-03 20:45:00,2024-08-03 23:15:00
531,8,50,48.1500,PLASTIMER INDUSTRIAL CORP.,15440,GA6246E,39625,0.92,"{'"2024-08-03 14:30:00'"}","{'"2024-08-03 15:25:00'"}",95.3277,2.36,4.6723,MA12627,PP,"",STANDARD,7,250,40/40,Arnel Rosario,Julius Fundano,"{'"W8'": 2.5, '"B89'": 0.59, '"C19'": 0.03, '"G22'": 1.95, '"L28'": 2.5, '"L37'": 2.5, '"Y98'": 7.0, '"K907'": 5.0, '"31-267AJ'": 0.51, '"PP14 POWDER'": 27.93}","{180,200,180,180,180,180,180,180,180,180,180,180}",125,{48.15},52.337,92538,50.51,"{0261AL,0262AL}",,,14,2024-11-14,2024-08-03 14:30:00,2024-08-03 15:25:00
532,8,75,78.8000,"PLEXCO PLASTIC PRODUCTS, INC.",0,MA12627E,39593,1.58,"{'"2024-08-03 17:30:00'",'"2024-08-03 18:00:00'"}","{'"2024-08-03 18:00:00'",'"2024-08-03 19:05:00'"}",97.8517,1.73,2.1483,DA15377E,LDPE(HMI),"",STANDARD,10,400,40/40,Arnel Rosario,Julius Fundano,"{'"C19'": 0.026433, '"L28'": 0.4005, '"9826AK-9827AK'": 80.1}","{170,170,170,160,160,160,160,160,160,160,180,180}",100,"{20,58.8}",49.8734,92545,80.53,{0266AL-0268AL},,,6,2024-11-14,2024-08-03 17:30:00,2024-08-03 19:05:00
533,8,200,203.3300,Incon Industrial Corporation,15447,GA4254E,39477,6.17,"{'"2024-08-04 03:20:00'",'"2024-08-04 06:40:00'"}","{'"2024-08-04 06:00:00'",'"2024-08-04 10:10:00'"}",96.8238,6.67,3.1762,YA5124E,PP,"1. VACUUM ON
2. 05:00-06:00 SHUT OFF FOR BREAKTIME",STANDARD,8,300,40/40,Arjie Galgo,Julius Fundano,"{'"W8'": 23.1, '"C19'": 0.0609, '"G22'": 13.23, '"L37'": 10.5, '"L38'": 6.3, '"B107'": 2.52, '"K907'": 21.0, '"PP14 POWDER'": 133.28910000000002}","{180,200,180,180,180,180,180,180,180,180,180,180}",110,"{79,124.33}",32.9546,92047,210.0,"{8971AK-8977AK,8978AK}",,,9,2024-11-14,2024-08-04 03:20:00,2024-08-04 10:10:00
409,1,75,81.7500,"EVEREST PLASTIC CONTAINERS IND., INC.",15212,BA16765E,39162,2.88,"{'"2024-06-01 13:10:00'",'"2024-06-03 07:45:00'"}","{'"2024-06-01 14:00:00'",'"2024-06-03 09:48:00'"}",97.6119,2.0,2.3881,YA17056E,LDPE(HMI),"",STANDARD,80,400,40/40,Arnel Rosario,Julius Fundano,"{'"B78'": 4.4799999999999995, '"G39'": 0.144, '"L14'": 4.0, '"L38'": 4.0, '"LL6'": 28.0, '"W35'": 5.4, '"B104'": 2.8, '"K910'": 31.176000000000002, '"27-4904AK'": 3.75}","{120,140,150,150,150,150,150,150,140,140}",0,"{25,56.75}",28.3854,91148,83.75,"{6433AK,6434AK}",,,21,2024-11-07,2024-06-01 13:10:00,2024-06-03 09:48:00
410,1,67.24,67.3400,EVERGOOD PLASTIC INDUSTRY INC.,0,DA5176E,39130,2.58,"{'"2024-06-01 10:00:00'"}","{'"2024-06-01 12:35:00'"}",100.1338,-0.09,-0.1338,BA16765E,LDPE(HMI),"",STANDARD,100,350,40/40,Roselie Mapandi,Julius Fundano,"{'"W8'": 1.6825, '"I24'": 0.04038, '"L14'": 0.30285, '"L38'": 0.43745, '"Y98'": 0.08076, '"K910'": 2.692, '"LL31'": 3.51306, '"6191AK'": 15.0, '"6190AK-6191AK'": 43.5}","{140,150,150,150,150,150,150,150,150,150}",35,{67.34},26.1008,91146,67.25,"{6431AK,6432AK}",,,5,2024-11-08,2024-06-01 10:00:00,2024-06-01 12:35:00
411,5,50,56.2300,METRO CONTAINER CORPORATION,15336,WA17031E,39295,0.92,"{'"2024-06-27 15:45:00'"}","{'"2024-06-27 16:40:00'"}",98.6491,0.77,1.3509,WA17108E,LDPE(HMI),"",STANDARD,15,300,40/40,Roselie Mapandi,Julius Fundano,"{'"B81'": 0.0684, '"L14'": 1.14, '"L38'": 1.14, '"V50'": 0.00114, '"W35'": 19.95, '"K907'": 17.60046, '"PP14 POWDER'": 17.1}","{220,220,220,210,210,200,200,200,200,180,180}",70,{56.23},61.1196,91460,57.0,{7219AK},,,4,2024-11-08,2024-06-27 15:45:00,2024-06-27 16:40:00
412,5,100,105.1600,SANICON MANUFACTURING CORP.,15210,WA16299E,39293,2.25,"{'"2024-06-27 11:00:00'"}","{'"2024-06-27 13:15:00'"}",98.2804,1.84,1.7196,WA17031E,LDPE(HMI),"",STANDARD,10,380,40/40,Roselie Mapandi,Julius Fundano,"{'"B81'": 0.0428, '"L14'": 5.35, '"L38'": 5.35, '"LL6'": 37.45, '"W33'": 18.19, '"K910'": 40.6172}","{180,180,170,170,170,170,160,160,160,180,180}",75,{105.16},46.7378,91451,107.0,{7202AK},,,3,2024-11-08,2024-06-27 11:00:00,2024-06-27 13:15:00
414,5,250,259.3400,"PHIL-TOP INDUSTRIES, INC.",14857,WA12841E,39260,3.83,"{'"2024-06-26 18:45:00'"}","{'"2024-06-26 22:35:00'"}",99.6197,0.99,0.3803,WA15123E,LDPE(HMI),"",STANDARD,10,380,60/60,Arjie Galgo,Julius Fundano,"{'"B81'": 0.0624, '"L14'": 5.2, '"L38'": 5.2, '"W35'": 52.0, '"K907'": 101.3376, '"LL12'": 96.2, '"17-9299AJ'": 0.33}","{170,170,170,170,160,160,160,150,150,150,150}",85,{259.34},67.7128,91383,260.33,"{7039AK-7040AK,7041AK}",,,7,2024-11-08,2024-06-26 18:45:00,2024-06-26 22:35:00
415,5,175,182.8400,"Toprite Plastic Industries, Inc.",15223,WA15135E,39257,2.25,"{'"2024-06-25 12:45:00'"}","{'"2024-06-25 15:00:00'"}",98.8805,2.07,1.1195,WA1815E,LDPE(HMI),"",STANDARD,20,380,60/60,Roselie Mapandi,Julius Fundano,"{'"B81'": 0.09, '"L14'": 3.6, '"L38'": 3.6, '"LL6'": 48.6, '"W33'": 37.8, '"W34'": 7.379999999999999, '"K910'": 78.93, '"7-5032AK'": 4.91}","{170,170,170,170,160,160,160,160,150,150,160}",60,{182.84},81.2622,91370,184.91,"{7019AK,7020AK}",,,5,2024-11-08,2024-06-25 12:45:00,2024-06-25 15:00:00
416,5,500,486.5000,Incon Industrial Corporation,15213,WA11678E,39248,5.92,"{'"2024-06-21 04:30:00'",'"2024-06-21 06:00:00'"}","{'"2024-06-21 06:00:00'",'"2024-06-21 10:25:00'"}",97.3,13.5,2.7,WA8512E,LDPE(HMI),6/21/2024 02:00-03:00 BREAKTIME,STANDARD,10,300,40/40,Arnel Rosario,Julius Fundano,"{'"B81'": 0.075, '"L14'": 15.0, '"L38'": 15.0, '"LL6'": 175.0, '"W33'": 205.0, '"K910'": 89.925}","{170,110,110,170,160,160,160,160,160,170,170}",95,"{125,361.5}",82.1791,91352,500.0,{6997AK-7001AK},,,7,2024-11-08,2024-06-21 04:30:00,2024-06-21 10:25:00
418,5,950,932.5000,In House,14856,WA3827E,39244,14.3,"{'"2024-06-20 07:25:00'",'"2024-06-20 13:00:00'",'"2024-06-20 21:00:00'"}","{'"2024-06-20 13:00:00'",'"2024-06-20 21:00:00'",'"2024-06-20 21:43:00'"}",98.1579,17.5,1.8421,WA14068E,LDPE(HMI),OVER SIZE 8.27KGS,STANDARD,6.5,270,40/40,Edsel Mangarin,Julius Fundano,"{'"B81'": 0.475, '"L14'": 19.0, '"W33'": 142.5, '"B101'": 3.325, '"K907'": 395.20000000000005, '"LL53'": 194.75, '"LL53 POWDER'": 194.75}","{210,210,200,200,180,180,180,180,180,200,200}",0,"{365,520,47.5}",65.2098,91340,950.0,"{6866AK-6869AK,6870AK,6935AK-6939AK}",,,0,2024-11-08,2024-06-20 07:25:00,2024-06-20 21:43:00
258,8,206.35,205.5400,"PHIL-TOP INDUSTRIES, INC.",0,DA16760E,39127,2.5,"{'"2024-06-01 15:30:00'"}","{'"2024-06-01 18:00:00'"}",99.6026,0.82,0.3974,MA4088E,LDPE(HMI),"",STANDARD,10,390,40/40,Aldrin Villacrusis,Julius Fundano,"{'"C19'": 0.04116, '"L38'": 0.5145, '"6247AK-6251AK'": 205.8}","{170,170,170,170,160,160,160,160,150,150,150,150}",110,{205.54},82.216,91142,206.36,{6421AK-6424AK},,,8,2024-10-31,2024-06-01 15:30:00,2024-06-01 18:00:00
419,5,300,294.5000,In House,14856,WA3827E,39220,4.58,"{'"2024-06-13 13:30:00'",'"2024-06-13 14:20:00'"}","{'"2024-06-13 13:50:00'",'"2024-06-13 18:35:00'"}",98.1667,5.5,1.8333,NO PURGING,LDPE(HMI),"",STANDARD,80,300,40/40,Edsel Mangarin,Julius Fundano,{},"{200,200,200,200,180,180,180,180,180,200,200}",0,"{20,274.5}",64.3013,91285,300.0,{},,,0,2024-11-08,2024-06-13 13:30:00,2024-06-13 18:35:00
408,1,19.56,18.6000,"ZELLER PLASTIK PHILIPPINES, INC.",0,GA3538E,39155,2.0,"{'"2024-06-05 11:30:00'"}","{'"2024-06-05 13:30:00'"}",95.0434,0.97,4.9566,CMA,PP,12:00-13:00 BREAKTIME,STANDARD,90,300,40/40,Edsel Mangarin,Julius Fundano,"{'"L38'": 0.0291, '"Y72'": 0.005726, '"Y118'": 0.13222, '"0176AJ'": 10.0, '"6376AK'": 9.4}","{180,200,180,180,180,180,180,180,180,180,180}",0,{18.6},9.3,91210,19.57,"{6493AK,6496AK}",,,5,2024-11-07,2024-06-05 11:00:00,2024-06-05 13:30:00
417,5,250,269.8600,"ZELLER PLASTIK PHILIPPINES, INC.",14921,WA14068E,39254,4.12,"{'"2024-06-20 21:43:00'"}","{'"2024-06-21 01:50:00'"}",99.8483,0.41,0.1517,WA11678E,HDPE(HMI),"",STANDARD,6.5,280,40/40,Arnel Rosario,Julius Fundano,"{'"B81'": 0.125, '"L14'": 5.0, '"W33'": 37.5, '"B101'": 0.875, '"K907'": 104.0, '"LL53'": 51.25, '"FG-4156AK'": 20.27, '"LL53 POWDER'": 51.25}","{200,200,180,180,180,180,180,180,180,180,180}",160,{269.86},65.5,91360,270.27,"{7011AK-7012AK,7013AK}",,,9,2024-11-08,2024-06-20 21:43:00,2024-06-21 01:50:00
420,5,3000,3076.6700,GILVAN PACKAGING CORPORATION,15183,WA15123E,39201,32.33,"{'"2024-06-10 09:20:00'",'"2024-06-10 13:00:00'",'"2024-06-11 06:50:00'",'"2024-06-11 13:00:00'",'"2024-06-13 07:30:00'"}","{'"2024-06-10 13:00:00'",'"2024-06-10 22:00:00'",'"2024-06-11 13:00:00'",'"2024-06-11 22:00:00'",'"2024-06-13 12:00:00'"}",100.8744,-26.67,-0.8744,WA3827E,LDPE(HMI),"WAITNG FOR COMPOUNDED, HEAT UP 06:30",STANDARD,10,350,60/60,Edsel Mangarin,Julius Fundano,"{'"AO8'": 3.05, '"AO9'": 3.05, '"B81'": 15.25, '"L14'": 61.0, '"LL6'": 1168.15, '"W33'": 1799.5}","{170,170,170,170,160,160,160,150,150,160,160}",90,"{300,865,950,568,393.67}",95.1646,91244,3050.0,"{6580AK-6609AK,6610AK}",,,12,2024-11-08,2024-06-10 09:20:00,2024-06-13 12:00:00
422,5,50,60.2800,NPPET GLOBAL INNOVENTION INC.,14779,WA1815E,39159,0.92,"{'"2024-06-01 10:30:00'"}","{'"2024-06-01 11:25:00'"}",99.7188,0.17,0.2812,CMA-15445,LDPE(HMI),"",STANDARD,8,280,60/60,Aldrin Villacrusis,Julius Fundano,"{'"W8'": 13.5, '"B81'": 0.015, '"L14'": 1.0, '"L38'": 1.0, '"K907'": 20.985, '"LL12'": 13.5, '"18-1778AK'": 1.92, '"FG-1584AK'": 8.53}","{170,170,170,170,160,160,160,160,160,160,160}",65,{60.28},65.5217,91122,60.45,{6390AK},,,6,2024-11-08,2024-06-01 10:30:00,2024-06-01 11:25:00
423,5,50,57.9600,SANICON MANUFACTURING CORP.,15210,WA16299E,39149,0.75,"{'"2024-06-01 08:15:00'"}","{'"2024-06-01 09:00:00'"}",97.1668,1.69,2.8332,WA1815E,LDPE(HMI),"",STANDARD,10,380,40/40,Aldrin Villacrusis,Julius Fundano,"{'"B81'": 0.022, '"L14'": 2.75, '"L38'": 2.75, '"LL6'": 19.25, '"W33'": 9.35, '"K910'": 20.878, '"7-4903AK'": 4.65}","{180,180,170,170,170,170,160,160,160,180,180}",90,{57.96},77.28,91100,59.65,"{6353AK,6354AK}",,,9,2024-11-08,2024-06-01 08:15:00,2024-06-01 09:00:00
424,5,5200,5136.1000,Amazon Mfg. Corp.,15174,WA8512E,39245,59.25,"{'"2024-06-21 12:00:00'",'"2024-06-21 13:00:00'",'"2024-06-21 21:00:00'",'"2024-06-22 06:00:00'",'"2024-06-22 13:00:00'",'"2024-06-22 21:00:00'",'"2024-06-24 18:20:00'",'"2024-06-25 06:00:00'"}","{'"2024-06-21 13:00:00'",'"2024-06-21 21:00:00'",'"2024-06-22 06:00:00'",'"2024-06-22 13:00:00'",'"2024-06-22 21:00:00'",'"2024-06-23 06:00:00'",'"2024-06-25 06:00:00'",'"2024-06-25 11:35:00'"}",98.7712,63.9,1.2288,WA15135E,LDPE(HMI),6/21/2024 02:00-03:00 BREAKTIME,STANDARD,10,350,40/40,Arnel Rosario,Julius Fundano,"{'"L14'": 178.9347, '"L38'": 255.62099999999998, '"LL6'": 1789.347, '"U11'": 766.8629999999999, '"K910'": 2121.6543, '"4437AK'": 2.58, '"4437AK(37-40)'": 85.0}","{160,160,160,160,160,160,150,150,150,150,150}",70,"{90,744,740,651,744,742,989,436.1}",86.6852,91344,5200.0,"{6940AK-6973AK,6974AK,6975AK-6991AK,6992AK}",,,5,2024-11-08,2024-06-21 12:00:00,2024-06-25 11:35:00
425,5,5000,5100.0000,NMH PACKAGING PTE. LTD.,15117,WA15190E,39242,63.33,"{'"2024-06-27 19:10:00'",'"2024-06-28 06:00:00'",'"2024-06-28 18:00:00'",'"2024-06-29 06:00:00'",'"2024-06-29 08:00:00'",'"2024-06-29 18:00:00'",'"2024-07-01 07:00:00'"}","{'"2024-06-28 06:00:00'",'"2024-06-28 18:00:00'",'"2024-06-29 06:00:00'",'"2024-06-29 07:30:00'",'"2024-06-29 18:00:00'",'"2024-06-30 06:00:00'",'"2024-07-01 12:00:00'"}",100.0,0.0,0.0,WA15190E,LDPE(HMI),"",STANDARD,10,400,60/60,Arjie Galgo,Julius Fundano,"{'"W8'": 3060.0, '"AO8'": 5.1, '"AO9'": 5.1, '"L14'": 102.0, '"L38'": 102.0, '"PP8'": 765.0, '"PP14'": 1060.8}","{200,200,200,180,180,180,180,180,180,200,200}",0,"{830,1020,935,128,850,935,402}",80.5306,91337,5100.0,{6884AK-6934AK},,,4,2024-11-08,2024-06-27 19:10:00,2024-07-01 12:00:00
534,8,500,497.1900,"EVEREST PLASTIC CONTAINERS IND., INC.",15448,YA5124E,39476,7.25,"{'"2024-08-05 12:00:00'",'"2024-08-06 06:15:00'"}","{'"2024-08-05 15:00:00'",'"2024-08-06 10:30:00'"}",99.438,2.81,0.562,IA7720E,LDPE(HMI),TOTAL 497.19,STANDARD,10,380,40/40,Roselie Mapandi,Julius Fundano,"{'"L37'": 24.5, '"L38'": 15.0, '"LL6'": 175.0, '"O60'": 7.2, '"W33'": 60.0, '"K907'": 168.4, '"Y120'": 49.9}","{180,170,170,170,170,160,160,160,160,160,150,150}",120,"{201,296.19}",68.5779,92051,500.0,{8979AK-8988AK},,,10,2024-11-14,2024-08-05 12:00:00,2024-08-06 10:30:00
535,8,150,152.1000,"PSP MANUFACTURING CO., INC.",15450,IA7720E,39483,2.33,"{'"2024-08-06 12:30:00'",'"2024-08-06 13:00:00'"}","{'"2024-08-06 13:00:00'",'"2024-08-06 14:50:00'"}",98.129,2.9,1.871,RA16846E,LDPE(HMI),"1. VACUUM ON
2. LMI WITH DIESEL",STANDARD,18,380,60/60,Aldrin Villacrusis,Julius Fundano,"{'"C19'": 0.5425, '"L37'": 5.425, '"L38'": 4.65, '"O58'": 24.335, '"K907'": 23.25, '"LL12'": 93.99199999999999, '"R110'": 2.8055000000000003}","{180,170,170,170,170,170,160,160,160,160,180,180}",120,"{30,122.1}",65.279,92053,155.0,"{8989AK-8993AK,8994AK}",,,14,2024-11-14,2024-08-06 12:30:00,2024-08-06 14:50:00
427,6,45,44.5600,"EVEREST PLASTIC CONTAINERS IND., INC.",0,MA5180E,39074,8.68,"{'"2024-06-03 15:03:00'",'"2024-06-04 08:38:00'",'"2024-06-04 13:01:00'"}","{'"2024-06-03 17:00:00'",'"2024-06-04 12:00:00'",'"2024-06-04 16:23:00'"}",907.5356,-39.65,-807.5356,NO PURGING,PP,"",STANDARD,15,393,-,Jowie Vasquez,Julius Fundano,"{'"O55'": 0.021, '"LL31'": 4.13, '"5923AK'": 0.76}","{140,140,130,130,130,130}",0,"{44.56,44.56,44.56}",5.1336,91213,4.91,{6257AK-6258AK},,,0,2024-11-08,2024-06-03 15:03:00,2024-06-04 16:23:00
260,8,152.72,151.0000,"PREMIER CREATIVE PACKAGING, INC.",0,BA16168E,39092,2.08,"{'"2024-06-04 14:40:00'"}","{'"2024-06-04 16:45:00'"}",98.8738,1.72,1.1262,DA5176E,LDPE(HMI),"",STANDARD,8,280,40/40,Aldrin Villacrusis,Julius Fundano,"{'"L38'": 0.30456, '"B101'": 0.137052, '"6363AK(1-6)'": 152.28}","{170,170,170,170,160,160,160,160,160,160,170,170}",120,{151},72.5962,91208,152.72,{6490AK-6492AK},,,9,2024-11-04,2024-06-04 14:40:00,2024-06-04 16:45:00
536,8,125,122.2700,"EVEREST PLASTIC CONTAINERS IND., INC.",15456,OA8984E,39519,1.75,"{'"2024-08-06 19:45:00'"}","{'"2024-08-06 21:30:00'"}",97.816,2.73,2.184,GA4921E,LDPE(HMI),LMI WITH DIESEL,STANDARD,10,380,40/40,Aldrin Villacrusis,Julius Fundano,"{'"L37'": 4.375, '"L38'": 6.25, '"LL6'": 43.75, '"O60'": 7.9375, '"W33'": 12.5, '"K907'": 49.25, '"R130'": 0.9375}","{170,170,170,170,160,160,160,160,160,160,150,150}",30,{122.27},69.8686,92096,125.0,"{8524AK-8525AK,8526AK}",,,12,2024-11-14,2024-08-06 19:45:00,2024-08-06 21:30:00
421,5,250,250.0000,"ZELLER PLASTIK PHILIPPINES, INC.",14921,WA14068E,39154,3.83,"{'"2024-06-01 18:10:00'"}","{'"2024-06-01 22:00:00'"}",98.0392,5.0,1.9608,CMA (WHITE0,HDPE(HMI),SHUT OFF 22:00,STANDARD,6.5,300,40/40,Arjie Galgo,Julius Fundano,"{'"B81'": 0.1275, '"L14'": 5.1, '"W33'": 38.25, '"B101'": 0.8925000000000001, '"K907'": 106.08, '"LL53'": 52.275, '"LL53 POWDER'": 52.275}","{180,200,180,180,180,180,180,180,180,200,200}",0,{250},65.2742,91114,255.0,"{6374AK,6375AK}",,,8,2024-11-08,2024-06-01 18:10:00,2024-06-01 22:00:00
428,9,1850,1660.0000,DYNAMICCAPS CORPORATION,15314,WA15229E,39194,24.75,"{'"2024-06-13 12:00:00'",'"2024-06-13 15:30:00'",'"2024-06-14 07:30:00'",'"2024-06-14 13:00:00'",'"2024-06-14 14:45:00'",'"2024-06-14 16:30:00'",'"2024-06-16 07:30:00'"}","{'"2024-06-13 13:00:00'",'"2024-06-13 22:00:00'",'"2024-06-14 13:00:00'",'"2024-06-14 13:50:00'",'"2024-06-14 16:00:00'",'"2024-06-14 22:00:00'",'"2024-06-16 11:40:00'"}",89.7297,190.0,10.2703,NO PURGING,LDPE(HMI),"1. 6/13/2024 12:15 BIGLA NA LANG TUMIGIL ANG EXTRUDER, 14:35 HEAT UP
2. 6/14/2024 7:15-7:30 CHANGE SCREEM
3. 13:45 STOP, 14:45 RESUME",STANDARD,20,380,40/40,Arnel Rosario,Julius Fundano,"{'"AO8'": 1.85, '"AO9'": 1.85, '"LL36'": 425.5, '"LL38'": 740.0, '"LL52'": 680.8}","{0,160,160,160,160,160,150,150,150,150,180,180}",0,"{15,420,358,55,95,418,299}",67.0707,91230,1850.0,"{6540AK-6570AK,6571AK}",,,0,2024-11-08,2024-06-13 12:00:00,2024-06-16 11:40:00
429,9,1300,1300.0000,DYNAMICCAPS CORPORATION,15314,WA15229E,39194,20.35,"{'"2024-06-07 10:23:00'",'"2024-06-07 13:00:00'",'"2024-06-11 15:00:00'",'"2024-06-13 08:30:00'"}","{'"2024-06-07 13:00:00'",'"2024-06-07 20:14:00'",'"2024-06-11 22:00:00'",'"2024-06-13 12:00:00'"}",100.0,0.0,0.0,WA15229E,RUBBER,"1. ADJUSTING SPEED OG EXTRUDER
2. UMIINIT ANG TUBIG SA WATER TUB
3. 20:14 BIGLA NAMATAY ANG KURYENTE, SHUT OFF @20:20
4. 6/11/2024 @06:00-13:00 PURGING FOR BLOCK SPOT
5. 6/13/2024 @08:00 CHANGE SCREEN",STANDARD,150,380,40/40,Arnel Rosario,Julius Fundano,"{'"AO8'": 1.8, '"AO9'": 1.8, '"LL36'": 414.0, '"LL38'": 720.0, '"LL52'": 662.4}","{160,160,160,160,160,160,150,150,150,180,180}",0,"{152,470,455,223}",63.8821,91229,1300.0,{6540AK-6570AK},,,0,2024-11-08,2024-06-07 10:23:00,2024-06-13 12:00:00
430,8,250,254.6000,H&E MANUFACTURING CORPORATION,14773,OA2469E,39158,4.0,"{'"2024-06-03 07:30:00'"}","{'"2024-06-03 11:30:00'"}",97.6302,6.18,2.3698,KA15913E,LDPE(HMI),MAY MALAKI/ MALIIT NA STRAND KAPAG MABILIS ANG RPM,STANDARD,12,280,40/40,Edsel Mangarin,Julius Fundano,"{'"L14'": 8.925, '"L38'": 12.75, '"O46'": 34.833, '"W33'": 8.4915, '"K907'": 67.6005, '"LL12'": 89.25, '"Y122'": 33.15, '"FG-2932AK'": 5.78}","{180,180,170,170,160,160,160,160,160,160,170,170}",120,{254.6},63.65,91120,260.78,"{6384AK-6387AK,6388AK,6389AK}",,,14,2024-11-08,2024-06-03 07:30:00,2024-06-03 11:30:00
431,8,500,478.3300,Everbright Net & Twine,15312,IA1770E,39189,8.17,"{'"2024-06-05 13:00:00'",'"2024-06-06 07:40:00'"}","{'"2024-06-05 15:50:00'",'"2024-06-06 13:00:00'"}",95.666,21.67,4.334,DA15377E,LDPE(HMI),LMI WITH DIESEL,STANDARD,25,400,60/60,Aldrin Villacrusis,Julius Fundano,"{'"C19'": 3.2, '"L14'": 28.0, '"L38'": 24.0, '"LL6'": 428.8, '"O60'": 184.0, '"K910'": 132.0}","{180,180,170,170,170,170,160,160,160,160,170,170}",120,"{188,290.33}",58.5471,91211,500.0,{6497AK-6529AK},,,13,2024-11-08,2024-06-05 13:00:00,2024-06-06 13:00:00
432,3,325,325.0000,Everbright Net & Twine,15312,IA1770E,39189,7.53,"{'"2024-06-05 13:10:00'",'"2024-06-06 07:38:00'"}","{'"2024-06-05 15:20:00'",'"2024-06-06 13:00:00'"}",100.0,0.0,0.0,IA15368E,LDPE(HMI),"",STANDARD,14,32,60/60,Arjie Galgo,Julius Fundano,"{'"C19'": 3.3, '"L14'": 28.875, '"L38'": 24.75, '"LL6'": 442.2, '"O60'": 189.75, '"K910'": 136.125}","{160,150,150,140,140,150,160}",120,"{85,240}",43.1607,91211,325.0,{6497AK-6529AK},,,9,2024-11-08,2024-06-05 13:10:00,2024-06-06 13:00:00
433,3,1000,967.0000,SAN MIGUEL YAMAMURA PACKAGING CORPORATION,15267,GA1225E,39219,14.67,"{'"2024-06-14 17:00:00'",'"2024-06-15 06:40:00'",'"2024-06-15 13:00:00'"}","{'"2024-06-14 22:00:00'",'"2024-06-15 13:00:00'",'"2024-06-15 16:20:00'"}",96.7,33.0,3.3,BA4756E,LDPE(HMI),UMAPAW SA VENT PORT,STANDARD,7.5,30,40/40,Edsel Mangarin,Julius Fundano,"{'"C19'": 2.58, '"G34'": 69.0, '"L14'": 90.0, '"L38'": 90.0, '"LL6'": 1050.0, '"W33'": 52.8, '"K910'": 1585.62, '"Y124'": 60.0}","{170,120,120,160,150,150,160}",120,"{320,423,224}",65.9168,91277,1000.0,{6639AK-6698AK},,,12,2024-11-08,2024-06-14 17:00:00,2024-06-15 16:20:00
434,8,1525,1496.5900,"EVEREST PLASTIC CONTAINERS IND., INC.",15199,YA16164E,38960,22.0,"{'"2024-05-01 02:50:00'",'"2024-05-01 06:00:00'",'"2024-05-01 13:00:00'",'"2024-05-02 07:00:00'"}","{'"2024-05-01 06:00:00'",'"2024-05-01 13:00:00'",'"2024-05-01 21:00:00'",'"2024-05-02 10:50:00'"}",98.137,28.41,1.863,YA12128E,LDPE(HMI),01:45-02:45 BREAKTIME,STANDARD,12,300,40/40,Edsel Mangarin,Julius Fundano,"{'"L14'": 176.75, '"L38'": 75.75, '"W33'": 757.5, '"Y98'": 23.735, '"K910'": 601.455, '"LL31'": 883.75, '"Y107'": 6.06}","{170,170,170,160,160,160,150,150,150,150,150,150}",100,"{205,476,545,270.59}",68.0268,90624,1525.0,"{4802AK-4851AK,4852AK}",,,6,2024-11-08,2024-05-01 02:50:00,2024-05-02 10:50:00
435,8,325,330.4000,Una Internationale,15116,BA9738E,39150,4.8,"{'"2024-05-31 08:30:00'",'"2024-05-31 13:00:00'"}","{'"2024-05-31 13:00:00'",'"2024-05-31 13:18:00'"}",98.3333,5.6,1.6667,IA16887E,LDPE(HMI),"",STANDARD,16,350,60/60,Arjie Galgo,Julius Fundano,"{'"B89'": 7.5, '"L14'": 12.0, '"L38'": 12.0, '"V42'": 0.6, '"V49'": 0.48, '"B107'": 51.9, '"K907'": 30.0, '"LL12'": 185.52}","{170,170,170,170,170,170,160,160,160,150,150,150}",120,"{310,20.4}",68.8333,91101,336.0,{6355AK-6360AK},,,18,2024-11-08,2024-05-31 08:30:00,2024-05-31 13:18:00
436,1,1000,1000.0000,TERUMO (PHILS.) CORPORATION,13791,BA14432E,39303,42.0,"{'"2024-07-11 15:00:00'",'"2024-07-11 18:00:00'",'"2024-07-12 06:00:00'",'"2024-07-12 18:00:00'",'"2024-07-13 06:00:00'"}","{'"2024-07-11 18:00:00'",'"2024-07-12 06:00:00'",'"2024-07-12 18:00:00'",'"2024-07-13 06:00:00'",'"2024-07-13 09:00:00'"}",100.0,0.0,0.0,BA14432E,LDPE(HMI),"",STANDARD,80,250,40/40,Arjie Galgo,Julius Fundano,"{'"W8'": 46.0, '"B37'": 44.0, '"B78'": 23.0, '"L19'": 100.0, '"L28'": 97.0, '"T-RESIN'": 1687.0, '"DP-C17197E'": 3.0}","{180,200,180,180,180,180,180,180,180,180}",80,"{75,275,300,275,75}",23.8095,91571,1000.0,{7636AK-7715AK},,,6,2024-11-08,2024-07-11 15:00:00,2024-07-13 09:00:00
437,1,1000,475.0000,TERUMO (PHILS.) CORPORATION,13791,BA14432E,39303,19.0,"{'"2024-07-11 15:00:00'",'"2024-07-11 16:00:00'",'"2024-07-11 17:00:00'",'"2024-07-11 18:00:00'",'"2024-07-11 20:00:00'",'"2024-07-11 21:00:00'",'"2024-07-11 22:00:00'",'"2024-07-11 23:00:00'",'"2024-07-12 00:00:00'",'"2024-07-12 01:00:00'",'"2024-07-12 02:00:00'",'"2024-07-12 03:00:00'",'"2024-07-12 04:00:00'",'"2024-07-12 05:00:00'",'"2024-07-12 06:00:00'",'"2024-07-12 07:00:00'",'"2024-07-12 08:00:00'",'"2024-07-12 09:00:00'",'"2024-07-12 10:00:00'"}","{'"2024-07-11 16:00:00'",'"2024-07-11 17:00:00'",'"2024-07-11 18:00:00'",'"2024-07-11 19:00:00'",'"2024-07-11 21:00:00'",'"2024-07-11 22:00:00'",'"2024-07-11 23:00:00'",'"2024-07-12 00:00:00'",'"2024-07-12 01:00:00'",'"2024-07-12 02:00:00'",'"2024-07-12 03:00:00'",'"2024-07-12 04:00:00'",'"2024-07-12 05:00:00'",'"2024-07-12 06:00:00'",'"2024-07-12 07:00:00'",'"2024-07-12 08:00:00'",'"2024-07-12 09:00:00'",'"2024-07-12 10:00:00'",'"2024-07-12 11:00:00'"}",47.5,525.0,52.5,NO PURGING,LDPE(HMI),3MMx3MM PELLET SIZE,STANDARD,85,250,40/40,Arjie Galgo,Julius Fundano,"{'"W8'": 46.0, '"B37'": 44.0, '"B78'": 23.0, '"L19'": 100.0, '"L28'": 97.0, '"T-RESIN'": 1687.0, '"DP-C17197E'": 3.0}","{180,200,180,180,180,180,180,180,180,180}",0,"{25,25,25,25,25,25,25,25,25,25,25,25,25,25,25,25,25,25,25}",25.0,91571,1000.0,{7636AK-7715AK},,,0,2024-11-08,2024-07-11 15:00:00,2024-07-12 11:00:00
537,8,100,99.3600,"ROWELL LITHOGRAPHY & METAL CLOSURE, INC.",15441,BA17039E,6458,2.0,"{'"2024-08-09 12:35:00'",'"2024-08-09 13:00:00'"}","{'"2024-08-09 13:00:00'",'"2024-08-09 14:35:00'"}",99.36,0.64,0.64,IA16062E,LDPE(HMI),"",STANDARD,10,250,80/80,Roselie Mapandi,Julius Fundano,"{'"G39'": 0.15, '"B107'": 0.6, '"LL38'": 99.25}","{170,170,160,160,160,160,160,150,150,150,150,150}",110,"{15,84.36}",49.68,91987,100.0,{8864AK-8865AK},,,12,2024-11-14,2024-08-09 12:35:00,2024-08-09 14:35:00
438,8,2500,2522.0000,"EVEREST PLASTIC CONTAINERS IND., INC.",15359,YA16164E,39373,40.08,"{'"2024-07-13 22:00:00'",'"2024-07-15 06:35:00'",'"2024-07-15 18:00:00'",'"2024-07-16 06:00:00'"}","{'"2024-07-14 05:00:00'",'"2024-07-15 18:00:00'",'"2024-07-16 06:00:00'",'"2024-07-16 15:40:00'"}",99.3214,17.23,0.6786,MA4737E,LDPE(HMI),02:00-03:00 BREAKTIME,STANDARD,12,300,40/40,Arjie Galgo,Julius Fundano,"{'"L37'": 175.7, '"L38'": 75.3, '"W33'": 753.0, '"Y98'": 23.594, '"K910'": 597.882, '"LL31'": 878.5, '"Y107'": 6.024, '"24-3945AK'": 1.41, '"FG 2106AK'": 6.5, '"FG-4821AK'": 14.73, '"FG-4851AK'": 6.59}","{170,170,170,160,160,160,150,150,150,150,150,150}",120,"{316,785,760,661}",62.9242,91679,2539.23,"{8073AK-8122AK,8123AK}",,,12,2024-11-08,2024-07-13 22:00:00,2024-07-16 15:40:00
439,5,5000,4800.0000,NMH PACKAGING PTE. LTD.,15361,WA15190E,39360,59.62,"{'"2024-07-17 08:00:00'",'"2024-07-17 18:00:00'",'"2024-07-18 06:00:00'",'"2024-07-18 18:00:00'",'"2024-07-19 06:00:00'",'"2024-07-19 18:00:00'"}","{'"2024-07-17 18:00:00'",'"2024-07-18 06:00:00'",'"2024-07-18 18:00:00'",'"2024-07-19 06:00:00'",'"2024-07-19 18:00:00'",'"2024-07-19 19:37:00'"}",96.0,200.0,4.0,WA17031E,LDPE(HMI),02:00-03:00 BREAKTIME,STANDARD,12,380,60/60,Edsel Mangarin,Julius Fundano,"{'"W8'": 2220.0, '"AO8'": 3.7, '"AO9'": 3.7, '"L37'": 74.0, '"L38'": 74.0, '"PP8'": 555.0, '"PP14 POWDER'": 769.6}","{200,200,200,180,180,180,180,180,180,200,200}",83,"{850,935,1020,936,1020,39}",80.5099,91681,5000.0,{7802AK-7838AK},,,5,2024-11-08,2024-07-17 08:00:00,2024-07-19 19:37:00
538,8,100,99.3600,"ROWELL LITHOGRAPHY & METAL CLOSURE, INC.",15441,BA17039E,6458,2.0,"{'"2024-08-09 12:35:00'",'"2024-08-09 13:00:00'"}","{'"2024-08-09 13:00:00'",'"2024-08-09 14:35:00'"}",99.36,0.64,0.64,IA16062E,LDPE(HMI),"",STANDARD,10,250,80/80,Roselie Mapandi,Julius Fundano,"{'"G39'": 0.15, '"B107'": 0.6, '"LL38'": 99.25}","{170,170,160,160,160,160,160,150,150,150,150,150}",110,"{15,84.36}",49.68,91987,100.0,{8864AK-8865AK},,,12,2024-11-14,2024-08-09 12:35:00,2024-08-09 16:25:00
539,8,125,128.5000,"EVEREST PLASTIC CONTAINERS IND., INC.",0,OA8984E,39519,1.75,"{'"2024-08-10 00:35:00'"}","{'"2024-08-10 02:20:00'"}",99.8291,0.22,0.1709,BA13023E,LDPE(HMI),03:00-04:00 BREAKTIME,STANDARD,10,300,40/40,Aldrin Villacrusis,Julius Fundano,"{'"LL6'": 6.0371999999999995, '"O60'": 0.4128, '"8524AK-8525AK'": 95.0, '"8525AK-8526AK'": 27.27}","{170,170,170,170,160,160,160,160,160,160,150,150}",170,{128.5},73.4286,92168,128.72,"{9208AK-9209AK,9210AK}",,,11,2024-11-14,2024-08-10 00:35:00,2024-08-10 02:20:00
540,8,50,49.8000,GENSTAR MANUFACTURING CORP.,0,BA13023E,39471,0.83,"{'"2024-08-10 05:10:00'"}","{'"2024-08-10 06:00:00'"}",98.8095,0.6,1.1905,GA4652E,LDPE(HMI),LMI WITH DIESEL,STANDARD,9,280,40/40,Aldrin Villacrusis,Julius Fundano,"{'"C19'": 0.3, '"L38'": 0.1, '"8816AK'": 50.0}","{170,170,170,170,160,160,160,150,150,150,160,160}",120,{49.8},60.0,92159,50.4,{9106AK},,,12,2024-11-14,2024-08-10 05:10:00,2024-08-10 08:00:00
541,8,250,250.5900,EVERGOOD PLASTIC INDUSTRY INC.,15467,GA4952E,39533,4.0,"{'"2024-08-10 08:00:00'"}","{'"2024-08-10 12:00:00'"}",98.2706,4.41,1.7294,GA4952E,LDPE(HMI),"1. OVER FLOE ON FEEDER PORT
2. CHNANGE F-RATE - 13-10-7.2; RPM - 380-400",STANDARD,13,300,40/50,Arjie Galgo,Julius Fundano,"{'"G34'": 18.105, '"L37'": 10.2, '"L38'": 10.2, '"LL6'": 89.25, '"W33'": 12.597000000000001, '"K907'": 105.3405, '"Y120'": 9.3075}","{170,170,170,170,160,160,160,160,160,160,150,150}",0,{250.59},62.6475,92173,255.0,"{9321AK-9324AK,9325AK}",,,0,2024-11-14,2024-08-10 08:00:00,2024-08-10 12:00:00
542,8,2500,2210.0000,"EVEREST PLASTIC CONTAINERS IND., INC.",15469,YA16164E,39534,33.0,"{'"2024-08-10 20:00:00'",'"2024-08-12 07:00:00'",'"2024-08-13 06:00:00'"}","{'"2024-08-11 06:00:00'",'"2024-08-12 18:00:00'",'"2024-08-13 18:00:00'"}",95.6213,101.2,4.3787,YA16164E,LDPE(HMI),VACUUM ON,STANDARD,12,300,40/40,Aldrin Villacrusis,Julius Fundano,"{'"L28'": 69.336, '"L37'": 161.784, '"W33'": 693.36, '"Y98'": 21.72528, '"K907'": 550.52784, '"LL31'": 808.92, '"Y107'": 5.54688}","{170,170,170,160,160,160,150,150,150,150,150,150}",0,"{620,760,830}",66.9697,92185,2311.2,"{9330AK-9375AK,9376AK}",,,0,2024-11-14,2024-08-10 20:00:00,2024-08-13 19:14:00
543,8,188.79,188.9100,"EVEREST PLASTIC CONTAINERS IND., INC.",0,YA16164E,39534,2.77,"{'"2024-08-13 19:14:00'"}","{'"2024-08-13 22:00:00'"}",100.0636,-0.12,-0.0636,GA16968E,LDPE(HMI),"",STANDARD,12,300,40/40,Arjie Galgo,Julius Fundano,"{'"L28'": 2.5488, '"L37'": 5.9472, '"W33'": 28.32, '"K907'": 20.239359999999998, '"LL31'": 27.90464, '"1590AJ'": 21.33, '"1587AJ-1588AJ'": 82.5}","{170,170,170,160,160,160,150,150,150,150,150,150}",90,{188.91},68.1986,92188,188.79,"{9377AK-9379AK,9380AK}",,,9,2024-11-14,2024-08-13 19:14:00,2024-08-13 22:00:00
544,8,50,54.1800,"PHIL-TOP INDUSTRIES, INC.",15430,GA16968E,39455,1.08,"{'"2024-08-18 23:30:00'"}","{'"2024-08-19 00:35:00'"}",98.5091,0.82,1.4909,GA4136E,LDPE(HMI),"",STANDARD,12,300,40/40,Arjie Galgo,Julius Fundano,"{'"G39'": 0.0715, '"L37'": 2.75, '"L38'": 2.75, '"W35'": 11.0, '"Y98'": 0.11, '"B108'": 0.66, '"K907'": 18.4085, '"LL12'": 19.25}","{170,170,170,170,170,170,160,160,160,160,150,150}",25,{54.18},50.1667,92218,55.0,{9486AK},,,4,2024-11-14,2024-08-18 23:30:00,2024-08-18 00:35:00
265,8,175,169.8000,ALCOS GLOBAL CORP.,14423,GA2595E,39400,7.0,"{'"2024-07-19 09:45:00'"}","{'"2024-07-19 16:45:00'"}",97.0286,5.2,2.9714,SA7726E,LDPE(HMI),"PET/ 90-100 PPG
VACUUM ON",STANDARD,9.0,200,40/40,Aldrin Villacrusis,Julius Fundano,"{'"B93'": 2.935625, '"LL5'": 164.0595, '"Y61'": 0.754875, '"3304AK'": 5.0, '"7897AH'": 2.25}","{210,220,220,220,220,220,220,220,220,220,220,225}",115,{169.8},24.2571,91775,175.0,"{8291AK-8293AK,8326AK-8329AK}",,,11,2024-11-04,2024-07-19 09:45:00,2024-07-19 16:45:00
545,8,50,52.3400,H&E MANUFACTURING CORPORATION,15482,GA4136E,39546,1.08,"{'"2024-08-14 03:05:00'"}","{'"2024-08-14 04:10:00'"}",95.1636,2.66,4.8364,TA11397E,LDPE(HMI),01:00-02:00 STANDBY FOR BREAKTIME,STANDARD,8,300,40/40,Arjie Galgo,Julius Fundano,"{'"B78'": 0.05005, '"G22'": 0.14300000000000002, '"L28'": 1.65, '"L37'": 1.65, '"K907'": 5.5, '"PP6 POWDER'": 46.00695}","{180,200,180,180,180,180,180,180,180,180,180,180}",90,{52.34},48.463,92238,55.0,"{9318AK,9319AK}",,,7,2024-11-14,2024-08-14 03:05:00,2024-08-14 04:10:00
576,8,500,517.6000,SAN MIGUEL YAMAMURA PACKAGING CORPORATION,15511,SA11780E,39596,6.98,"{'"2024-08-26 12:40:00'",'"2024-08-26 13:00:00'",'"2024-08-26 19:20:00'"}","{'"2024-08-26 13:00:00'",'"2024-08-26 19:20:00'",'"2024-08-26 19:39:00'"}",99.1571,4.4,0.8429,YA5188E,LDPE(HMI),"1. VACUUM ON
2. OVER FLOW ON FEEDER PORT
3. LAGI NAPUPUTOL ANG STRAND",STANDARD,10,350,40/40,Arjie Galgo,Julius Fundano,"{'"C19'": 1.2384000000000002, '"L28'": 25.8, '"L37'": 18.06, '"T15'": 2.7960000000000003, '"T22'": 28.164, '"B107'": 0.18059999999999998, '"K907'": 259.161, '"LL12'": 180.6, '"4077AK'": 6.0}","{170,170,170,170,170,170,160,160,160,160,150,150}",81,"{25,475,17.6}",74.1547,92411,522.0,"{9972AK,9973AK-9981AK,9982AK}",,,9,2024-11-15,2024-08-26 12:40:00,2024-08-26 19:39:00
175,8,50,55.6000,HYATT PLASTIC,15012,OA4303E,39107,1.33,"{'"2024-05-22 16:45:00'"}","{'"2024-05-22 18:05:00'"}",96.1106,2.25,3.8894,SA16982E,LDPE(HMI),"1.) LMI WITH DIESEL
2.) OVER FLOW ON F-DER CHANGE F-RATE 10-8 RPM 380-410",STANDARD,8,400,100/100,Arjie Galgo,Julius Fundano,"{'"L14'": 2.2, '"L38'": 2.2, '"O56'": 5.5, '"W35'": 5.5, '"K907'": 9.9, '"LL12'": 22.0, '"Y120'": 7.7, '"33-0881AK'": 2.85}","{180,180,180,180,170,170,160,160,160,150,150,150}",115,{55.6},41.8045,90984,57.85,"{6018AK,6019AK}",,,13,2024-10-28,2024-05-22 16:45:00,2024-05-22 18:05:00
176,8,250,260.5000,EVERGOOD PLASTIC INDUSTRY INC.,15286,DA7892E,39108,2.92,"{'"2024-05-22 12:20:00'",'"2024-05-22 13:00:00'"}","{'"2024-05-22 13:00:00'",'"2024-05-22 15:15:00'"}",99.4199,1.52,0.5801,OA4303E,LDPE(HMI),"",STANDARD,10,300,40/40,Aldrin Villacrusis,Julius Fundano,"{'"W8'": 43.2, '"C19'": 0.3360000000000001, '"L14'": 8.4, '"L38'": 12.0, '"O55'": 0.48, '"Y98'": 6.72, '"K910'": 84.864, '"LL31'": 84.0, '"FG-3759AJ'": 22.02}","{170,170,170,170,160,160,160,160,160,160,150,150}",90,"{50,210.5}",89.2123,90987,262.02,"{6020AK-6023AK,6024AK,6025AK}",,,4,2024-10-28,2024-05-22 12:20:00,2024-05-22 15:15:00
177,8,56.92,54.6200,Incon Industrial Corporation,0,KA8595E,39083,1.08,"{'"2024-05-22 09:45:00'"}","{'"2024-05-22 10:50:00'"}",95.9424,2.31,4.0576,DA7892E,LDPE(HMI),"",STANDARD,8,200,40/40,Aldrin Villacrusis,Julius Fundano,"{'"W8'": 0.700375, '"L14'": 0.140075, '"R115'": 0.05603, '"5933AK-5934AK'": 56.03}","{170,170,170,170,170,170,170,170,170,170,175,175}",90,{54.62},50.5741,90990,56.93,{6029AK-6030AK},,,4,2024-10-28,2024-05-22 09:45:00,2024-05-22 10:50:00
178,8,50,56.7000,ALPHATECH DEVELOPMENT CORPORATION,15093,KA9732E,39101,1.08,"{'"2024-05-22 07:10:00'"}","{'"2024-05-22 08:15:00'"}",97.5064,1.45,2.4936,KA8595E,LDPE(HMI),"",STANDARD,10,250,40/40,Aldrin Villacrusis,Julius Fundano,"{'"W8'": 8.745000000000001, '"L14'": 2.65, '"L38'": 2.65, '"Y98'": 0.031799999999999995, '"K907'": 20.2831, '"LL12'": 18.55, '"R119'": 0.09010000000000001, '"FG-3294AK'": 5.15}","{170,170,170,170,160,160,160,160,160,160,160,160}",90,{56.7},52.5,90967,58.15,"{6001AK,6002AK}",,,3,2024-10-28,2024-05-22 07:10:00,2024-05-22 08:15:00
179,8,50,53.8300,H&E MANUFACTURING CORPORATION,15256,GA5520E,39109,1.0,"{'"2024-05-21 12:30:00'"}","{'"2024-05-21 13:30:00'"}",96.125,2.17,3.875,KA9732E,LDPE(HMI),LMI WITH DIESEL,STANDARD,9,350,40/40,Aldrin Villacrusis,Julius Fundano,"{'"W8'": 1.6800000000000002, '"G22'": 0.476, '"L14'": 2.8, '"LL6'": 19.6, '"FG10'": 1.6800000000000002, '"FG18'": 2.8, '"K910'": 19.46, '"Y115'": 4.48, '"Y124'": 3.024}","{170,170,170,170,160,160,160,150,150,150,160,160}",120,{53.83},53.83,90975,56.0,"{6016AK,6017AK}",,,13,2024-10-28,2024-05-21 12:30:00,2024-05-21 13:30:00
180,8,25,23.5000,ALCOS GLOBAL CORP.,15284,GA2595E,39004,0.67,"{'"2024-05-21 10:00:00'"}","{'"2024-05-21 10:40:00'"}",94.0,1.5,6.0,GA5520E,LDPE(HMI),90-100 PPG,STANDARD,8.6,200,40/40,Aldrin Villacrusis,Julius Fundano,"{'"B93'": 0.445, '"LL5'": 24.4425, '"Y61'": 0.1125}","{210,220,220,220,220,220,220,220,220,220,230,225}",110,{23.5},35.0746,90973,25.0,{6015AK},,,0,2024-10-28,2024-05-21 10:00:00,2024-05-21 10:40:00
181,8,50,48.2300,"PREMIER CREATIVE PACKAGING, INC.",15282,BA16168E,39092,0.67,"{'"2024-05-21 07:35:00'"}","{'"2024-05-21 08:15:00'"}",96.46,1.77,3.54,GA2595E,LDPE(HMI),"",STANDARD,9,300,40/40,Aldrin Villacrusis,Julius Fundano,"{'"C19'": 0.005, '"L14'": 2.5, '"L38'": 2.5, '"LL6'": 17.5, '"W33'": 10.0, '"B101'": 0.425, '"B107'": 0.07, '"K910'": 17.0}","{120,120,120,170,160,160,160,160,160,180,180,180}",105,{48.23},71.9851,90963,50.0,{5999AK},,,5,2024-10-28,2024-05-21 07:35:00,2024-05-21 08:15:00
182,8,150,150.0000,"PREMIER CREATIVE PACKAGING, INC.",15281,BA16168E,39092,2.17,"{'"2024-05-20 20:25:00'",'"2024-05-21 07:00:00'"}","{'"2024-05-20 22:00:00'",'"2024-05-21 07:35:00'"}",100.0,0.0,0.0,BA16168E,LDPE(HMI),"",STANDARD,9,300,40/40,Arjie Galgo,Julius Fundano,"{'"B78'": 0.21, '"C19'": 0.015, '"L14'": 7.5, '"L38'": 7.5, '"LL6'": 52.5, '"W33'": 30.0, '"B101'": 1.275, '"K910'": 51.0}","{170,170,170,170,160,160,160,160,160,180,180,180}",0,"{110,40}",69.1244,90962,150.0,{5996AK-5998AK},,,0,2024-10-28,2024-05-20 20:25:00,2024-05-21 07:35:00
183,8,500,506.9000,EVERGOOD PLASTIC INDUSTRY INC.,15148,YA5993E,39098,6.92,"{'"2024-05-20 11:30:00'",'"2024-05-20 13:00:00'"}","{'"2024-05-20 13:00:00'",'"2024-05-20 18:25:00'"}",98.3794,8.35,1.6206,BA16168E,LDPE(HMI),"10:00-11:30
WAITING FOR COMPOUNDED

LMI WITH DIESEL",STANDARD,20,425,40/40,Aldrin Villacrusis,Julius Fundano,"{'"L14'": 17.85, '"L38'": 25.5, '"O56'": 7.905, '"W33'": 64.26, '"K910'": 147.135, '"LL31'": 178.5, '"Y120'": 68.85, '"FG-4185AK'": 5.25}","{170,170,170,170,160,160,160,160,160,160,170,170}",120,"{106,400.9}",73.2514,90957,515.25,"{5985AK-5994AK,5995AK}",,,13,2024-10-28,2024-05-20 11:30:00,2024-05-20 18:25:00
184,8,200,206.1500,"GLOBAL KONTEINER MANUFACTURING, INC.",15139,GA8074E,39086,2.58,"{'"2024-05-17 20:30:00'",'"2024-05-20 07:00:00'"}","{'"2024-05-17 22:00:00'",'"2024-05-20 08:05:00'"}",98.8208,2.46,1.1792,YA5993E,LDPE(HMI),"",STANDARD,12,400,40/40,Edsel Mangarin,Julius Fundano,"{'"W8'": 3.8, '"G39'": 1.444, '"L14'": 15.2, '"L38'": 15.2, '"K910'": 84.892, '"LL12'": 66.5, '"Y117'": 2.964, '"FG-4379AK'": 9.47, '"FG-4533AK'": 9.14}","{170,170,170,170,160,160,160,160,160,150,150,150}",115,"{112,94.15}",79.9031,90941,208.61,"{5935AK-5937AK,5938AK,5939AK}",,,0,2024-10-28,2024-05-17 20:30:00,2024-05-20 08:05:00
185,8,25,23.6500,ALCOS GLOBAL CORP.,15284,GA2595E,38798,0.92,"{'"2024-05-17 17:30:00'"}","{'"2024-05-17 18:25:00'"}",94.6,1.35,5.4,GA8074E,LDPE(HMI),"90-100 PPG

15:30-17:15
WAITING FOR COMPOUNDED",STANDARD,9,200,40/40,Edsel Mangarin,Julius Fundano,"{'"B93'": 0.445, '"LL5'": 24.4425, '"Y61'": 0.1125}","{210,220,220,220,220,220,220,220,220,220,225,225}",120,{23.65},25.7065,90965,25.0,{6000AK},,,12,2024-10-28,2024-05-17 17:30:00,2024-05-17 18:25:00
187,8,50,56.0300,Incon Industrial Corporation,14665,KA8595E,39083,1.25,"{'"2024-05-17 11:00:00'"}","{'"2024-05-17 12:15:00'"}",96.6868,1.92,3.3132,GA2595E,LDPE(HMI),"",STANDARD,8,180,40/40,Arjie Galgo,Julius Fundano,"{'"W8'": 8.25, '"L25'": 2.75, '"PP4'": 27.61, '"FM11'": 1.265, '"FP21'": 1.265, '"K910'": 13.75, '"R115'": 0.11, '"5-9892AJ'": 2.95}","{180,180,180,180,180,180,180,180,180,180,180,180}",120,{56.03},44.824,90935,57.95,"{5933AK,5934AK}",,,20,2024-10-28,2024-05-17 11:00:00,2024-05-17 12:15:00
188,8,500,505.7900,"EVEREST PLASTIC CONTAINERS IND., INC.",14819,GA4921E,39078,6.33,"{'"2024-05-16 16:40:00'",'"2024-05-17 07:00:00'"}","{'"2024-05-16 21:00:00'",'"2024-05-17 09:00:00'"}",98.5561,7.41,1.4439,KA8595,LDPE(HMI),"SHUT OFF FOR B-TIME Z100-Z200
NO OVERSIZE
DIESEL WITH LMI",STANDARD,150,350,40/40,Arjie Galgo,Julius Fundano,"{'"G39'": 2.7500000000000004, '"L14'": 15.0, '"L38'": 15.0, '"W33'": 44.74999999999999, '"K907'": 151.00000000000003, '"LL31'": 250.0, '"Y118'": 5.0, '"Y120'": 16.5, '"FG-3117AK'": 13.2}","{180,180,170,170,170,160,160,160,160,160,160,160}",120,"{350,155.79}",79.9036,90905,513.2,"{5860AK-5868AK,5869AK,5870AK}",,,12,2024-10-29,2024-05-16 16:40:00,2024-05-17 09:00:00
190,8,200,208.6400,"EVEREST PLASTIC CONTAINERS IND., INC.",15278,MA5180E,39074,3.33,"{'"2024-05-15 10:30:00'",'"2024-05-15 13:00:00'"}","{'"2024-05-15 13:00:00'",'"2024-05-15 13:50:00'"}",97.6642,4.99,2.3358,YA6053E,LDPE(HMI),"13:50-15:00
WAITING FOR COMPOUNDED MA5180E CORP.",STANDARD,12,350,40/40,Arjie Galgo,Julius Fundano,"{'"C19'": 0.287, '"L14'": 6.15, '"L38'": 6.15, '"O55'": 0.17425, '"P28'": 30.75, '"K910'": 20.5, '"LL31'": 139.34875, '"Y119'": 1.64, '"FG-7394AG'": 8.63}","{170,170,170,170,160,160,160,160,160,160,150,150}",70,"{156,52.64}",62.6547,90922,213.63,"{5914AK-5920AK,5921AK}",,,7,2024-10-29,2024-05-15 10:30:00,2024-05-15 13:50:00
191,8,125,131.3800,"EVEREST PLASTIC CONTAINERS IND., INC.",15209,OA8984E,39079,2.08,"{'"2024-05-15 06:30:00'"}","{'"2024-05-15 08:35:00'"}",98.0228,2.65,1.9772,MA5180E,LDPE(HMI),"",STANDARD,10,350,40/40,Roselie Mapandi,Julius Fundano,"{'"L14'": 4.375, '"L38'": 6.25, '"LL6'": 43.75, '"O56'": 7.9375, '"W33'": 12.5, '"K910'": 49.25, '"R130'": 0.9375, '"9-3296AK'": 2.63, '"FG-2180AK'": 6.4}","{170,170,170,170,160,160,160,160,160,160,150,150}",115,{131.38},63.1635,90907,134.03,"{5871AK-5872AK,5873AK}",,,10,2024-10-29,2024-05-15 06:30:00,2024-05-15 08:35:00
192,8,150,152.5900,Incon Industrial Corporation,15204,OA14302E,39071,2.42,"{'"2024-05-14 18:00:00'"}","{'"2024-05-14 20:25:00'"}",98.4452,2.41,1.5548,OA8984E,LDPE(HMI),"",STANDARD,8,300,40/40,Arjie Galgo,Julius Fundano,"{'"L14'": 5.425, '"L38'": 7.75, '"LL6'": 54.25, '"O57'": 0.27125, '"W33'": 10.385, '"Y98'": 0.775, '"K910'": 76.14375}","{160,160,160,160,150,150,150,150,150,150,150,150}",95,{152.59},63.0537,90889,155.0,"{5836AK-5837AK,5838AK}",,,9,2024-10-29,2024-05-14 18:00:00,2024-05-14 20:25:00
193,8,1650,1746.1100,In House,14659,WA3827E,39068,24.58,"{'"2024-05-13 07:00:00'",'"2024-05-13 13:00:00'",'"2024-05-14 06:30:00'",'"2024-05-14 13:00:00'"}","{'"2024-05-13 13:00:00'",'"2024-05-13 22:00:00'",'"2024-05-14 13:00:00'",'"2024-05-14 16:05:00'"}",98.165,32.64,1.835,OA14302E,LDPE(HMI),"CHANGE RPM 350-300
FEED RATE 9-8
UNDER CRUSHED O/S 15.57KGS.",STANDARD,8,350,40/40,Arjie Galgo,Julius Fundano,"{'"B81'": 0.7550000000000001, '"L14'": 30.200000000000003, '"W33'": 226.5, '"B101'": 5.285, '"K910'": 628.16, '"LL48'": 309.54999999999995, '"FAILED'": 220.0, '"LL48 POWDER'": 309.54999999999995, '"6069AJ,9906AI'": 20.0, '"WA3827E OVERSIZE'": 28.75}","{200,200,200,180,180,180,180,180,180,180,180,180}",115,"{425,640,462,219.11}",71.0378,90884,1778.75,"{5678AK-5682AK,5683AK,5815AK-5825AK,5829AK}",,,11,2024-10-29,2024-05-13 07:00:00,2024-05-14 16:05:00
195,8,2250,2232.0000,"EVEREST PLASTIC CONTAINERS IND., INC.",15252,KA9045E,39007,27.42,"{'"2024-05-07 15:50:00'",'"2024-05-08 06:15:00'",'"2024-05-08 18:00:00'",'"2024-05-09 06:15:00'"}","{'"2024-05-07 20:00:00'",'"2024-05-08 18:00:00'",'"2024-05-08 22:00:00'",'"2024-05-09 13:45:00'"}",98.7611,28.0,1.2389,BA5516E,LDPE(HMI),"05-09-2024 - 14:00-16:20
UNDER MAINTENANCE, CHANGE PACKING AND SCREW FEEDER DUE TO HIGH COMPOUNDED.",STANDARD,126,350,40/40,Arjie Galgo,Julius Fundano,"{'"L14'": 79.1, '"L38'": 113.0, '"LL6'": 791.0, '"W33'": 282.5, '"K910'": 926.6, '"R115'": 13.56, '"R119'": 54.24}","{180,180,170,170,170,160,160,160,160,160,150,150}",195,"{328,965,320,619}",81.4004,90776,2260.0,"{5364AK-5407AK,5408AK,5409AK}",,,11,2024-10-29,2024-05-07 15:50:00,2024-05-09 13:45:00
196,8,800,750.0000,In House,14659,WA3827E,39012,11.0,"{'"2024-05-04 04:00:00'",'"2024-05-04 06:00:00'"}","{'"2024-05-04 06:00:00'",'"2024-05-04 15:00:00'"}",93.75,50.0,6.25,KA9045E,LDPE(HMI),"",STANDARD,8,350,40/40,Roselie Mapandi,Julius Fundano,"{'"B81'": 0.4, '"L14'": 16.0, '"W33'": 120.0, '"B101'": 2.8, '"K910'": 332.8, '"LL48'": 164.0, '"LL48 POWDER'": 164.0}","{200,200,200,180,180,180,180,180,180,180,180,180}",110,"{140,610}",68.1818,90757,800.0,"{5254AK-5256AK,5331AK-5335AK}",,,14,2024-10-29,2024-05-04 04:00:00,2024-05-04 15:00:00
274,8,24.56,23.8400,EVERGOOD PLASTIC INDUSTRY INC.,0,KA2871E,39411,0.42,"{'"2024-07-30 13:35:00'"}","{'"2024-07-30 14:00:00'"}",97.0684,0.72,2.9316,TA15569E,LDPE(HMI),"",STANDARD,10,280,40/40,Aldrin Villacrusis,Julius Fundano,"{'"L38'": 0.049, '"R119'": 0.01225, '"8483AK'": 24.5}","{170,170,170,170,160,160,160,160,160,160,150,150}",100,{23.84},56.7619,91947,24.56,{8793AK},,,6,2024-11-05,2024-07-30 13:35:00,2024-07-30 14:00:00
189,8,1000,1018.1100,"EVEREST PLASTIC CONTAINERS IND., INC.",15200,YA6053E,39077,13.83,"{'"2024-05-15 16:30:00'",'"2024-05-16 06:30:00'",'"2024-05-16 13:00:00'"}","{'"2024-05-15 22:00:00'",'"2024-05-16 13:00:00'",'"2024-05-16 14:50:00'"}",99.064,9.62,0.936,GA4921E,LDPE(HMI),"",STANDARD,11,350,40/40,Arjie Galgo,Julius Fundano,"{'"L14'": 35.35, '"L38'": 50.5, '"LL6'": 353.5, '"O55'": 0.21715, '"W33'": 136.35, '"K910'": 333.08284999999995, '"Y120'": 101.0, '"QCEXCESS'": 4.54, '"FG-4801AK'": 13.19}","{180,180,170,170,170,160,160,160,160,160,160,160}",110,"{405,481,132.11}",73.6161,90912,1027.73,"{5874AK-5892AK,5893AK,5894AK}",,,11,2024-10-29,2024-05-15 16:30:00,2024-05-16 14:50:00
198,8,250,253.6600,GENSTAR MANUFACTURING CORP.,15250,BA13023E,39013,4.83,"{'"2024-05-03 17:00:00'",'"2024-05-03 18:00:00'"}","{'"2024-05-03 18:00:00'",'"2024-05-03 21:50:00'"}",98.6351,3.51,1.3649,BA3925E,LDPE(HMI),OVERFLOW ON FEEDER P0RT; CHANGE SETTINGS - RPM 370-420 FEED RATE 10-15,STANDARD,15,420,40/40,Roselie Mapandi,Julius Fundano,"{'"C19'": 2.4414999999999996, '"L14'": 8.995000000000001, '"L38'": 12.85, '"LL6'": 89.95, '"W33'": 10.28, '"B106'": 35.980000000000004, '"B107'": 8.995000000000001, '"K910'": 87.5085, '"19-1805AK'": 0.17}","{180,180,170,150,150,160,160,160,160,160,150,150}",120,"{46,207.66}",52.5176,90764,257.17,"{5340AK-5343AK,5344AK,5345AK}",,,13,2024-10-29,2024-05-03 17:00:00,2024-05-03 21:50:00
201,8,50,48.7800,"PREMIER CREATIVE PACKAGING, INC.",15282,BA16168E,39092,0.83,"{'"2024-06-05 10:30:00'"}","{'"2024-06-05 11:20:00'"}",97.56,1.22,2.44,TA11770E,LDPE(HMI),"",STANDARD,8,300,40/40,Arjie Galgo,Julius Fundano,"{'"B78'": 0.035, '"C19'": 0.005, '"L14'": 2.5, '"L38'": 2.5, '"LL6'": 17.5, '"W33'": 10.0, '"B101'": 0.425, '"B107'": 0.035, '"K910'": 17.0}","{170,170,170,170,160,160,160,160,160,180,180,180}",100,{48.78},58.7711,91207,50.0,"{6494AK,6495AK}",,,9,2024-10-29,2024-06-05 10:30:00,2024-06-05 11:20:00
202,8,300,306.9000,"PHIL-TOP INDUSTRIES, INC.",14789,TA15569E,39141,4.33,"{'"2024-05-31 20:00:00'",'"2024-06-01 06:40:00'"}","{'"2024-05-31 22:00:00'",'"2024-06-01 09:00:00'"}",98.8342,3.62,1.1658,DA10063E,LDPE(HMI),"",STANDARD,10,350,40/40,Edsel Mangarin,Julius Fundano,"{'"B78'": 0.0151, '"C19'": 0.4077, '"L14'": 10.57, '"L38'": 15.1, '"W33'": 46.81, '"B101'": 0.6946, '"K907'": 122.7026, '"LL12'": 105.7, '"FG-0623AK'": 8.52}","{170,170,170,160,160,160,150,150,150,150,160,160}",120,"{140,166.9}",70.8776,91078,310.52,"{6310AK-6314AK,6315AK,6316AK}",,,12,2024-10-29,2024-05-31 20:00:00,2024-06-01 09:00:00
203,8,221.84,220.0000,"PHIL-TOP INDUSTRIES, INC.",0,IA16887E,39126,3.17,"{'"2024-05-31 15:50:00'"}","{'"2024-05-31 19:00:00'"}",99.1661,1.85,0.8339,TA15569E,LDPE(HMI),15:20-15:45 - UNDER MAINTENANCE,STANDARD,20,380,40/40,Edsel Mangarin,Julius Fundano,"{'"C19'": 0.26858, '"L38'": 0.5165000000000001, '"K907'": 14.462, '"6256AK'": 19.6, '"6252AK-6256AK'": 187.0}","{170,170,170,170,170,170,160,160,160,150,150,150}",60,{220},69.4006,91137,221.85,"{6409AK-6412AK,6413AK}",,,11,2024-10-29,2024-05-31 15:50:00,2024-05-31 19:00:00
204,8,125,131.3800,CEBU HIQ MANUFACTURING CORPORATION,15020,BA12013E,39123,1.67,"{'"2024-05-25 17:00:00'"}","{'"2024-05-25 18:40:00'"}",99.0053,1.32,0.9947,BA6822E,LDPE(HMI),"",STANDARD,12,350,40/40,Arjie Galgo,Julius Fundano,"{'"W8'": 8.125, '"L14'": 4.55, '"L38'": 6.5, '"V50'": 0.09100000000000001, '"B101'": 9.75, '"B106'": 0.52, '"K907'": 54.964, '"LL12'": 45.5, '"21-1065AK'": 2.7}","{170,170,170,170,170,160,160,160,160,150,150,150}",85,{131.38},78.6707,91022,132.7,"{6174AK-6175AK,6176AK}",,,5,2024-10-29,2024-05-25 17:00:00,2024-05-25 18:40:00
205,8,725,710.1000,Everbright Net & Twine,15232,BA4140E,39118,10.33,"{'"2024-05-24 19:00:00'",'"2024-05-25 06:10:00'",'"2024-05-25 13:00:00'"}","{'"2024-05-24 22:00:00'",'"2024-05-25 13:00:00'",'"2024-05-25 13:30:00'"}",97.9448,14.9,2.0552,BA12013E,LDPE(HMI),LMI WITH DUESE,STANDARD,18,380,60/60,Arjie Galgo,Julius Fundano,"{'"L14'": 29.0, '"L38'": 29.0, '"LB2'": 108.75, '"LL6'": 352.64, '"V40'": 1.305, '"V42'": 1.305, '"B106'": 15.225, '"B107'": 115.275, '"K910'": 72.5}","{180,180,180,170,170,160,160,160,160,160,180,180}",140,"{204,472,34.1}",68.7415,91006,725.0,{6113AK-6141AK},,,18,2024-10-29,2024-05-24 19:00:00,2024-05-25 13:30:00
218,8,110,102.6000,EVERGOOD PLASTIC INDUSTRY INC.,0,YA5993E,39306,1.33,"{'"2024-06-29 17:00:00'"}","{'"2024-06-29 18:20:00'"}",93.2727,7.4,6.7273,KA9045E,LDPE(HMI),"",STANDARD,10,400,40/40,Edsel Mangarin,Julius Fundano,"{'"L14'": 1.1, '"L38'": 2.75, '"O60'": 1.6588, '"W33'": 2.035, '"K910'": 14.8962, '"LL31'": 19.25, '"Y120'": 13.309999999999999, '"YA7418E(1014AI)'": 55.0}","{180,180,170,170,160,160,160,160,160,160,170,170}",100,{102.6},77.1429,91491,110.0,"{7393AK,7394AK,7395AK}",,,15,2024-10-30,2024-06-29 17:00:00,2024-06-29 18:20:00
219,8,50,53.6000,METRO CONTAINER CORPORATION,15337,YA17054E,39296,0.83,"{'"2024-06-28 06:40:00'"}","{'"2024-06-28 07:30:00'"}",94.0351,3.4,5.9649,YA5188E,LDPE(HMI),"",STANDARD,9,300,40/40,Edsel Mangarin,Julius Fundano,"{'"L14'": 2.85, '"L38'": 2.85, '"W33'": 1.1400000000000001, '"Y98'": 0.2565, '"K907'": 29.952816, '"LL12'": 19.95, '"R115'": 0.0006839999999999999}","{170,170,160,160,160,160,150,150,150,150,170,170}",65,{53.6},64.5783,91462,57.0,"{7220AK,7221AK}",,,10,2024-10-30,2024-06-28 06:40:00,2024-06-28 07:30:00
220,8,375,380.0000,"EVEREST PLASTIC CONTAINERS IND., INC.",12751,YA5188E,39298,4.83,"{'"2024-06-28 08:35:00'"}","{'"2024-06-28 13:25:00'"}",98.627,5.29,1.373,KA9732E,LDPE(HMI),"",STANDARD,15,300,40/40,Edsel Mangarin,Julius Fundano,"{'"L28'": 19.0, '"L37'": 19.0, '"O55'": 0.171, '"W33'": 47.5, '"K907'": 123.32900000000001, '"LL31'": 133.0, '"Y120'": 38.0, '"FG-5173AI'": 5.29}","{170,170,170,170,160,160,160,160,160,160,150,150}",120,{380},78.6749,91457,385.29,"{7209AK-7215AK,7216AK}",,,12,2024-10-30,2024-06-28 08:35:00,2024-06-28 13:25:00
221,8,50,57.5000,ALPHATECH DEVELOPMENT CORPORATION,15093,KA9732E,39301,0.75,"{'"2024-06-28 15:25:00'"}","{'"2024-06-28 16:10:00'"}",95.8333,2.5,4.1667,GA15496E,LDPE(HMI),"",STANDARD,10,28,40/40,Edsel Mangarin,Julius Fundano,"{'"W8'": 9.9, '"L14'": 3.0, '"L38'": 3.0, '"Y98'": 0.036000000000000004, '"K907'": 22.962000000000003, '"LL12'": 21.0, '"R119'": 0.10200000000000001}","{170,170,170,170,160,160,160,160,160,160,160,160}",90,{57.5},76.6667,91459,60.0,"{7217AK,7218AK}",,,11,2024-10-30,2024-06-28 15:25:00,2024-06-28 16:10:00
622,8,25,24.5000,"ZELLER PLASTIK PHILIPPINES, INC.",15402,GA4440E,39433,0.5,"{'"2024-08-01 10:40:00'"}","{'"2024-08-01 11:10:00'"}",98.0,0.5,2.0,GA8074E,PP,"",STANDARD,6.5,280,40/40,Aldrin Villacrusis,Julius Fundano,"{'"W8'": 0.0125, '"G22'": 0.07, '"L37'": 1.25, '"Y118'": 0.75, '"PP7 POWDER'": 22.9175}","{180,200,180,180,180,180,180,180,180,180,180,180}",90,{24.5},49.0,92011,25.0,{8923AK},,,7,2024-11-20,2024-08-01 10:40:00,2024-08-01 11:10:00
623,8,50,58.1500,"GLOBAL KONTEINER MANUFACTURING, INC.",12514,GA8074E,39399,1.17,"{'"2024-08-01 09:30:00'"}","{'"2024-08-01 10:40:00'"}",77.4817,16.9,22.5183,GA4440E,PP,"",STANDARD,6.5,280,40/40,Aldrin Villacrusis,Julius Fundano,"{'"W8'": 1.0, '"G22'": 0.38475, '"L28'": 4.0, '"L37'": 4.05, '"K907'": 22.32, '"LL12'": 17.5, '"Y117'": 0.8, '"8646AK'": 25.0}","{180,200,180,180,180,180,180,180,180,180,180,180}",0,{58.15},49.7009,91974,75.05,"{8842AK,8843AK}",,,0,2024-11-20,2024-08-01 09:30:00,2024-08-01 10:40:00
222,8,273,272.0000,"PHIL-TOP INDUSTRIES, INC.",0,GA15496E,39264,3.33,"{'"2024-06-28 17:40:00'",'"2024-06-28 18:00:00'"}","{'"2024-06-28 18:00:00'",'"2024-06-28 21:00:00'"}",99.1543,2.32,0.8457,BA15494E,LDPE(HMI),"",STANDARD,10,300,40/40,Joel Miras,Julius Fundano,"{'"L14'": 0.762, '"L38'": 1.016, '"Y98'": 1.778, '"K907'": 9.144, '"LL12'": 7.62, '"7053AK'": 22.0, '"7048AK-7053AK'": 232.0}","{170,170,170,170,160,160,160,160,160,160,150,150}",120,"{25,247}",81.6817,91481,274.32,"{7372AK-7376AK,7377AK}",,,13,2024-10-30,2024-06-28 17:40:00,2024-06-28 21:00:00
224,8,50,54.1200,SANICON MANUFACTURING CORP.,14729,YA15776E,39274,0.75,"{'"2024-06-27 20:45:00'"}","{'"2024-06-27 21:30:00'"}",94.9474,2.88,5.0526,YA17054E,LDPE(HMI),CHANGE PELLETTIZER # 1-3,STANDARD,10,350,40/40,Aldrin Villacrusis,Julius Fundano,"{'"L14'": 2.85, '"L38'": 2.85, '"W33'": 10.26, '"K907'": 17.955, '"LL12'": 19.95, '"Y107'": 1.425, '"Y116'": 1.71}","{170,170,170,170,160,160,160,160,160,160,150,150}",30,{54.12},72.16,91471,57.0,"{7203AK,7204AK}",,,0,2024-10-31,2024-06-27 20:45:00,2024-06-27 21:30:00
225,8,100,104.0000,Incon Industrial Corporation,14746,BA4701E,39297,2.0,"{'"2024-06-27 13:45:00'"}","{'"2024-06-27 15:45:00'"}",97.1963,3.0,2.8037,CMA BLUE,LDPE(HMI),CHANGE PELLETIZER #3-#1,STANDARD,10,250,40/40,Aldrin Villacrusis,Julius Fundano,"{'"B78'": 0.5136, '"G22'": 0.011770000000000001, '"L14'": 3.21, '"L38'": 3.21, '"PP4'": 100.05463}","{180,200,180,180,180,180,180,180,180,180,185,180}",145,{104},52.0,91472,107.0,"{7205AK-7207AK,7208AK}",,,7,2024-10-31,2024-06-27 13:45:00,2024-06-27 15:35:00
226,8,50,55.4000,"ZELLER PLASTIK PHILIPPINES, INC.",15332,GA3693E,39284,1.17,"{'"2024-06-27 08:35:00'"}","{'"2024-06-27 09:45:00'"}",96.3478,2.1,3.6522,BA9094E,LDPE(HMI),"",STANDARD,9,300,40/40,Edsel Mangarin,Julius Fundano,"{'"W8'": 3.5700000000000003, '"G22'": 0.03315, '"L14'": 1.53, '"L38'": 1.53, '"PP4'": 29.42445, '"Y72'": 0.1224, '"K910'": 10.2, '"Y118'": 4.59, '"FG-3572AJ'": 6.5}","{180,200,180,180,180,180,180,180,180,180,200,200}",90,{55.4},47.3504,91432,57.5,"{7196AK,7197AK}",,,8,2024-10-31,2024-06-27 08:35:00,2024-06-27 09:45:00
227,8,50,54.6000,"ZELLER PLASTIK PHILIPPINES, INC.",15203,BA9094E,39283,1.0,"{'"2024-06-27 11:15:00'"}","{'"2024-06-27 12:15:00'"}",95.9241,2.32,4.0759,BA4701E,LDPE(HMI),"",STANDARD,8,300,40/40 ,Edsel Mangarin,Julius Fundano,"{'"B78'": 0.015899999999999997, '"B89'": 0.159, '"L14'": 2.65, '"L38'": 2.65, '"PP4'": 36.9251, '"K910'": 10.6, '"27-5161AK'": 3.92}","{180,200,180,180,180,180,180,180,180,180,180,180}",90,{54.6},54.6,91419,56.92,"{7133AK,7134AK}",,,5,2024-10-31,2024-06-27 11:15:00,2024-06-27 12:15:00
228,8,500,508.8600,EVERGOOD PLASTIC INDUSTRY INC.,15241,RA2508E,39278,7.58,"{'"2024-06-26 14:50:00'",'"2024-06-27 06:10:00'"}","{'"2024-06-26 22:00:00'",'"2024-06-27 06:35:00'"}",98.8078,6.14,1.1922,GA3693E,LDPE(HMI),"1. KUMUKULAY SA TUBIG
2. OVER FLOW ON FEEDER PORT
3. RPM 420; FEED RATE 12-10.5",STANDARD,10.5,420,60/60,Aldrin Villacrusis,Julius Fundano,"{'"L14'": 21.63, '"L38'": 20.6, '"LL6'": 123.6, '"LW2'": 77.25, '"W33'": 9.579, '"K910'": 207.236, '"R116'": 14.42, '"R130'": 40.685}","{170,170,170,170,170,160,160,160,160,160,160,160}",115,"{470,38.86}",67.1319,91411,515.0,"{7089AK-7098AK,7099AK}",,,0,2024-10-31,2024-06-26 14:50:00,2024-06-27 06:35:00
229,8,125,130.3000,"Toprite Plastic Industries, Inc.",15169,IA7845E,39259,1.82,"{'"2024-06-26 08:10:00'"}","{'"2024-06-26 09:59:00'"}",99.7474,0.33,0.2526,RA7886,LDPE(HMI),"",STANDARD,12,350,40/40,Edsel Mangarin,Julius Fundano,"{'"C19'": 2.795, '"I24'": 19.5, '"L14'": 4.55, '"L38'": 6.5, '"K910'": 44.005, '"LL12'": 45.5, '"Y119'": 7.15, '"38-4366AK'": 0.63}","{170,170,170,170,170,170,160,160,160,150,150,150}",120,{130.3},71.5934,91381,130.63,"{7036AK-7037AK,7038AK}",,,0,2024-10-31,2024-06-26 08:10:00,2024-06-26 09:59:00
230,8,250,253.6000,"PHIL-TOP INDUSTRIES, INC.",15029,KA16132E,39263,3.17,"{'"2024-06-26 03:30:00'",'"2024-06-26 06:00:00'"}","{'"2024-06-26 06:00:00'",'"2024-06-26 06:40:00'"}",98.3823,4.17,1.6177,IA7845E,LDPE(HMI),"",STANDARD,10,350,40/40,Aldrin Villacrusis,Julius Fundano,"{'"L14'": 12.65, '"L38'": 12.65, '"P26'": 12.65, '"K907'": 75.9, '"LL12'": 137.379, '"R115'": 1.012, '"R119'": 0.7589999999999999, '"5-1220AK'": 4.77}","{170,170,170,170,170,160,160,160,160,160,160,160}",90,"{185,68.6}",80.0,91386,257.77,"{7042AK-7045AK,7046AK,7047AK}",,,12,2024-10-31,2024-06-26 03:03:00,2024-06-26 06:40:00
231,8,100,103.8000,EASTERN INTERNATIONAL PLASTIC PACKAGING CORPORATION,15275,RA7886E,39286,1.33,"{'"2024-06-26 12:00:00'",'"2024-06-26 13:00:00'"}","{'"2024-06-26 13:00:00'",'"2024-06-26 13:20:00'"}",98.8571,1.2,1.1429,RA2508E,LDPE(HMI),"",STANDARD,10,320,40/40,Edsel Mangarin,Julius Fundano,"{'"C19'": 0.036750000000000005, '"L14'": 5.25, '"L38'": 5.25, '"LL6'": 36.75, '"K910'": 48.26325, '"R122'": 8.4, '"Y116'": 1.05}","{170,170,170,170,160,160,160,160,160,160,150,150}",90,"{70,33.8}",78.0451,91438,105.0,"{7198AK,7199AK}",,,8,2024-10-31,2024-06-26 12:00:00,2024-06-26 13:20:00
232,8,50,52.9000,"GLOBAL KONTEINER MANUFACTURING, INC.",15139,GA8074E,39285,0.83,"{'"2024-06-25 14:40:00'"}","{'"2024-06-25 15:30:00'"}",96.1818,2.1,3.8182,KA15486E,LDPE(HMI),"",STANDARD,10,350,40/40,Edsel Mangarin,Julius Fundano,"{'"W8'": 1.1, '"G39'": 0.418, '"L14'": 4.4, '"L38'": 4.4, '"K910'": 24.574, '"LL12'": 19.25, '"Y117'": 0.858}","{170,170,170,170,160,160,160,160,160,150,150,150}",120,{52.9},63.7349,91430,55.0,{7195AK},,,14,2024-10-31,2024-06-25 14:40:00,2024-06-25 15:30:00
233,8,250,255.2700,"PHIL-TOP INDUSTRIES, INC.",15108,KA14303E,39269,3.17,"{'"2024-06-25 21:50:00'"}","{'"2024-06-26 01:00:00'"}",99.3268,1.73,0.6732,KA16132E,LDPE(HMI),"",STANDARD,16,370,40/40,Aldrin Villacrusis,Julius Fundano,"{'"L14'": 14.392, '"L38'": 12.85, '"W33'": 26.471, '"K907'": 103.18549999999999, '"LL31'": 89.95, '"R115'": 1.9275, '"R119'": 8.224}","{180,180,170,170,160,160,160,160,150,150,150,150}",60,{255.27},80.5268,91404,257.0,"{7072AK-7075AK,7076AK,7077AK}",,,8,2024-10-31,2024-06-25 21:50:00,2024-06-26 01:00:00
234,8,250,209.2200,"PHIL-TOP INDUSTRIES, INC.",14884,KA15486E,39266,2.5,"{'"2024-06-25 17:30:00'",'"2024-06-25 18:00:00'"}","{'"2024-06-25 18:00:00'",'"2024-06-25 20:00:00'"}",99.0016,2.11,0.9984,KA14303E,LDPE(HMI),"",STANDARD,10,320,40/40,Aldrin Villacrusis,Julius Fundano,"{'"C19'": 0.0735, '"I24'": 1.995, '"L14'": 7.35, '"L38'": 10.5, '"W33'": 35.7, '"Y98'": 0.0945, '"K907'": 80.78699999999999, '"LL12'": 73.5, '"5-5126AI'": 1.33}","{170,170,170,170,170,160,160,160,160,160,150,150}",90,"{40,169.22}",83.688,91395,211.33,"{7054AK-7056AK,7057AK,7058AK}",,,8,2024-10-31,2024-06-25 17:30:00,2024-06-25 20:00:00
235,8,250,252.5000,"PHIL-TOP INDUSTRIES, INC.",15034,GA16127E,39262,3.5,"{'"2024-06-25 09:40:00'"}","{'"2024-06-25 13:10:00'"}",97.9062,5.4,2.0938,GA8074E,LDPE(HMI),"",STANDARD,12,350,40/40,Edsel Mangarin,Julius Fundano,"{'"B78'": 0.127, '"G39'": 0.5588, '"L14'": 12.7, '"L38'": 12.7, '"P26'": 12.7, '"K907'": 76.2, '"LL12'": 139.0142, '"31-1263AK'": 3.9}","{170,170,170,170,160,160,160,160,160,160,150,150}",650,{252.5},72.1429,91379,257.9,"{7030AK-7033AK,7034AK,7035AK}",,,0,2024-10-31,2024-06-25 09:40:00,2024-06-25 13:10:00
236,8,250,254.0000,"PHIL-TOP INDUSTRIES, INC.",15028,GA15496E,39264,3.17,"{'"2024-06-25 05:00:00'",'"2024-06-25 06:00:00'"}","{'"2024-06-25 06:00:00'",'"2024-06-25 08:10:00'"}",98.5413,3.76,1.4587,GA16127E,LDPE(HMI),"",STANDARD,10,300,40/40,Edsel Mangarin,Julius Fundano,"{'"C19'": 0.33149999999999996, '"G39'": 0.1275, '"L14'": 8.925, '"L38'": 12.75, '"W33'": 42.075, '"Y98'": 2.805, '"K907'": 98.736, '"LL12'": 89.25, '"11-2245AK'": 2.76}","{170,170,170,170,160,160,160,160,160,160,150,150}",80,"{78,176}",80.1262,91389,257.76,"{7048AK-7051AK,7052AK,7053AK}",,,10,2024-10-31,2024-06-25 05:00:00,2024-06-25 08:10:00
238,8,50,54.7000,EASTERN INTERNATIONAL PLASTIC PACKAGING CORPORATION,14938,GA5330E,39274,0.83,"{'"2024-06-24 20:40:00'"}","{'"2024-06-24 21:30:00'"}",97.3136,1.51,2.6864,GA14271E,LDPE(HMI),"",STANDARD,20,380,40/40,Aldrin Villacrusis,Julius Fundano,"{'"B78'": 0.3432, '"G39'": 5.720000000000001, '"L14'": 2.6, '"L38'": 2.6, '"W33'": 1.56, '"Y53'": 1.56, '"K907'": 13.6968, '"LL12'": 18.2, '"Y124'": 5.720000000000001, '"16-9837AJ'": 4.21}","{170,170,170,170,170,170,160,160,160,150,150,150}",50,{54.7},65.9036,91413,56.21,"{7100AK,7101AK}",,,10,2024-10-31,2024-06-24 20:40:00,2024-06-24 21:30:00
239,8,4000,3994.1000,SAN MIGUEL YAMAMURA PACKAGING CORPORATION,15266,GA1225E,39219,47.17,"{'"2024-06-19 18:00:00'",'"2024-06-20 07:00:00'",'"2024-06-20 13:00:00'",'"2024-06-22 06:20:00'",'"2024-06-22 13:00:00'",'"2024-06-24 06:40:00'",'"2024-06-24 18:00:00'"}","{'"2024-06-19 22:00:00'",'"2024-06-20 13:00:00'",'"2024-06-20 22:00:00'",'"2024-06-22 13:00:00'",'"2024-06-22 22:00:00'",'"2024-06-24 18:00:00'",'"2024-06-24 19:10:00'"}",99.06,37.9,0.94,GA5330E,LDPE(HMI),TOTAL 3994.1,STANDARD,8.2,350,40/40,Arnel Rosario,Julius Fundano,"{'"C19'": 3.4592, '"G34'": 92.64, '"G36'": 1.12, '"L14'": 120.96, '"L38'": 120.96, '"LL6'": 1411.2, '"W33'": 70.9632, '"K910'": 2130.3776, '"Y124'": 80.32}","{200,200,200,190,190,180,180,170,170,170,180,180}",90,"{340,506,765,565,766,955,97.1}",84.6746,91293,4032.0,"{6710AK-6789AK,6790AK}",,,8,2024-10-31,2024-06-19 18:00:00,2024-06-24 19:10:00
240,8,50,48.4400,EVERGOOD PLASTIC INDUSTRY INC.,0,YA5993E,39223,0.83,"{'"2024-06-19 15:10:00'"}","{'"2024-06-19 16:00:00'"}",96.88,1.56,3.12,GA1225E,LDPE(HMI),"",STANDARD,13,400,40/40,Arnel Rosario,Julius Fundano,"{'"L14'": 0.5, '"L38'": 1.25, '"O60'": 0.754, '"W33'": 0.925, '"K910'": 6.771, '"LL31'": 8.75, '"Y120'": 6.05, '"YA7418E(1013AI)'": 25.0}","{180,180,170,170,160,160,160,160,160,160,170,170}",120,{48.44},58.3614,91333,50.0,{6883AK},,,10,2024-10-31,2024-06-19 15:10:00,2024-06-19 16:00:00
241,8,366.9,361.5000,EVERGOOD PLASTIC INDUSTRY INC.,15322,YA5993E,39223,4.83,"{'"2024-06-19 10:20:00'",'"2024-06-19 13:00:00'"}","{'"2024-06-19 13:00:00'",'"2024-06-19 15:10:00'"}",98.5282,5.4,1.4718,YA5993E,LDPE(HMI),"",STANDARD,13,400,40/40,Arnel Rosario,Julius Fundano,"{'"L14'": 12.6, '"L38'": 18.0, '"O56'": 3.6, '"O60'": 1.98, '"W33'": 45.36, '"K910'": 103.86, '"LL31'": 126.0, '"Y120'": 48.6, '"FG-5995AK'": 6.9}","{180,180,170,170,160,160,160,160,160,160,170,170}",0,"{198,163.5}",74.8447,91332,366.9,"{6875AK-6881AK,6882AK}",,,0,2024-10-31,2024-06-19 10:20:00,2024-06-19 15:10:00
242,8,100,100.0000,EVERGOOD PLASTIC INDUSTRY INC.,15323,YA5993E,39223,1.33,"{'"2024-06-19 09:00:00'"}","{'"2024-06-19 10:20:00'"}",100.0,0.0,0.0,YA5993E,LDPE(HMI),"",STANDARD,13,400,40/40,Aldrin Villacrusis,Julius Fundano,"{'"L14'": 3.5, '"L38'": 5.0, '"O60'": 1.55, '"W33'": 12.6, '"K910'": 28.85, '"LL31'": 35.0, '"Y120'": 13.5}","{180,180,170,170,160,160,160,160,160,160,170,170}",0,{100},75.188,91330,100.0,{6873AK-6874AK},,,0,2024-10-31,2024-06-19 09:00:00,2024-06-19 10:20:00
243,8,3000,2000.0000,SAN MIGUEL YAMAMURA PACKAGING CORPORATION,15267,GA1225E,39219,29.0,"{'"2024-06-13 09:30:00'",'"2024-06-13 13:00:00'",'"2024-06-14 07:00:00'",'"2024-06-14 13:00:00'",'"2024-06-15 07:00:00'"}","{'"2024-06-13 13:00:00'",'"2024-06-13 22:00:00'",'"2024-06-14 13:00:00'",'"2024-06-14 22:00:00'",'"2024-06-15 08:30:00'"}",66.6667,1000.0,33.3333,YA16192E,LDPE(HMI),"1. HEAT UP 06:30; WAITING FOR COMPOUNDED 08:00-09:30
2. OVER FLOW ON FEEDER PORT, CHANGE FEED RATE 10-6; RPM 380-390",STANDARD,6.7,420,40/40,Arjie Galgo,Julius Fundano,"{'"C19'": 2.58, '"G34'": 69.0, '"L14'": 90.0, '"L38'": 90.0, '"LL6'": 1050.0, '"W33'": 52.8, '"K910'": 1585.62, '"Y124'": 60.0}","{200,200,200,200,170,170,170,170,170,170,180,180}",115,"{225,620,418,633,104}",68.9655,91277,3000.0,{6639AK-6698AK},,,12,2024-10-31,2024-06-13 09:30:00,2024-06-15 08:30:00
244,8,50,54.5000,MC BRIDE CORPORATION,14737,GA15181E,39217,1.0,"{'"2024-06-11 14:30:00'"}","{'"2024-06-11 15:30:00'"}",98.1451,1.03,1.8549,GA1225E,LDPE(HMI),"",STANDARD,13,350,40/40,Arjie Galgo,Julius Fundano,"{'"G39'": 2.5, '"L14'": 1.75, '"L38'": 2.5, '"W33'": 1.5, '"K907'": 20.1, '"LL12'": 17.5, '"Y118'": 4.15, '"FG-7643AJ'": 5.53}","{170,170,170,170,170,170,160,160,160,150,150,150}",90,{54.5},54.5,91276,55.53,{6638AK},,,7,2024-10-31,2024-06-11 14:30:00,2024-06-11 15:30:00
245,8,125,131.0000,"AG CANPRINT, INC.",15226,YA13953E,39216,2.08,"{'"2024-06-11 10:40:00'"}","{'"2024-06-11 12:45:00'"}",98.7487,1.66,1.2513,GA15181E,LDPE(HMI),KUMUKULAY ANG TUBIG NG DILAW,STANDARD,15,350,40/40,Arjie Galgo,Julius Fundano,"{'"C19'": 0.0325, '"L14'": 4.55, '"L38'": 6.5, '"LL6'": 45.5, '"W33'": 13.0, '"Y98'": 23.4, '"K910'": 37.0175, '"32-2169AK'": 2.66}","{170,170,170,170,160,160,160,160,160,160,150,150}",105,{131},62.9808,91275,132.66,"{6635AK-6636AK,6637AK}",,,10,2024-10-31,2024-06-11 10:40:00,2024-06-11 12:45:00
246,8,50,53.3400,Incon Industrial Corporation,14746,BA4701E,39210,1.17,"{'"2024-06-11 08:00:00'"}","{'"2024-06-11 09:10:00'"}",94.3737,3.18,5.6263,YA13953E,LDPE(HMI),WAITING FOR COMPOUNDED 07:00-08:00,STANDARD,10,280,40/40,Arjie Galgo,Julius Fundano,"{'"B78'": 0.24, '"G22'": 0.0055, '"L14'": 1.5, '"L38'": 1.5, '"PP4'": 46.7545, '"1-5203AK'": 3.12, '"1-5330AK'": 3.4}","{180,200,180,180,180,180,180,180,180,180,190,190}",90,{53.34},45.5897,91271,56.52,"{6633AK,6634AK}",,,7,2024-10-31,2024-06-11 08:00:00,2024-06-11 09:10:00
247,8,50,55.0900,GILVAN PACKAGING CORPORATION,14807,MA11346E,39206,1.17,"{'"2024-06-10 15:00:00'"}","{'"2024-06-10 16:10:00'"}",99.0827,0.51,0.9173,OA7922E,LDPE(HMI),"",STANDARD,7.9,400,40/40,Joel Miras,Julius Fundano,"{'"C19'": 0.0336, '"L14'": 1.47, '"L38'": 2.1, '"O55'": 0.04337, '"P26'": 1.26, '"P28'": 7.37, '"W33'": 0.252, '"Y98'": 0.65, '"K907'": 4.2, '"LL31'": 25.871, '"0070AJ'": 12.35}","{180,180,170,170,170,170,160,160,160,160,160,160}",95,{55.09},47.0855,91255,55.6,{6623AK-6624AK},,,13,2024-10-31,2024-06-10 15:00:00,2024-06-10 16:10:00
248,8,50,48.7600,GILVAN PACKAGING CORPORATION,0,YA8107E,39205,0.83,"{'"2024-06-10 12:10:00'"}","{'"2024-06-10 13:00:00'"}",98.985,0.5,1.015,MA11346E,LDPE(HMI),"",STANDARD,12,300,40/40,Arjie Galgo,Julius Fundano,"{'"L14'": 1.875, '"L38'": 1.875, '"W33'": 1.5, '"K907'": 17.3225, '"LL12'": 14.6875, '"Y107'": 0.5, '"0226AD'": 11.5}","{170,170,170,170,170,170,160,160,160,150,150,150}",115,{48.76},58.747,91257,49.26,{6627AK},,,13,2024-10-31,2024-06-10 12:10:00,2024-06-10 13:00:00
249,8,50,54.2800,GILVAN PACKAGING CORPORATION,15187,OA7922E,39204,1.0,"{'"2024-06-10 17:45:00'"}","{'"2024-06-10 18:45:00'"}",94.9781,2.87,5.0219,BA4701E,LDPE(HMI),"",STANDARD,10,350,40/40,Joel Miras,Julius Fundano,"{'"L14'": 1.575, '"L38'": 2.25, '"O55'": 3.24, '"W33'": 0.9179999999999999, '"Y98'": 2.25, '"K910'": 19.017, '"FG-4641AK'": 12.15, '"LL53 POWDER'": 15.75}","{180,180,180,180,180,170,160,160,160,160,150,150}",135,{54.28},54.28,91251,57.15,"{6625AK,6626AK}",,,18,2024-10-31,2024-06-10 17:45:00,2024-06-10 18:45:00
250,8,608.1,605.2600,"PHIL-TOP INDUSTRIES, INC.",15202,DA15568E,39202,8.67,"{'"2024-06-08 12:00:00'",'"2024-06-10 07:00:00'"}","{'"2024-06-08 17:00:00'",'"2024-06-10 10:40:00'"}",99.5362,2.82,0.4638,YA8107E,LDPE(HMI),11:35-12:00 WAITING FOR COMPOUNDED,STANDARD,9,270,40/40,Arjie Galgo,Julius Fundano,"{'"C19'": 0.08693999999999999, '"L14'": 24.15, '"L38'": 24.15, '"LL6'": 169.05, '"O57'": 0.4635, '"W33'": 67.62, '"Y98'": 0.6279, '"K910'": 196.83216000000002, '"32-4281AK'": 0.97, '"34-4453AK'": 4.65, '"5799AI-5801AI'": 119.475}","{170,170,170,170,170,160,160,160,160,160,180,180}",90,"{350,255.26}",69.8108,91247,608.08,"{6611AK-6618AK,6619AK,6620AK-6622AK}",,,8,2024-10-31,2024-06-08 12:00:00,2024-06-10 10:40:00
251,8,150,154.0500,EVERGOOD PLASTIC INDUSTRY INC.,15147,DA5176E,39130,1.75,"{'"2024-06-08 08:30:00'"}","{'"2024-06-08 10:15:00'"}",97.5556,3.86,2.4444,DA15568E,LDPE(HMI),"",STANDARD,9,350,40/40,Joel Miras,Julius Fundano,"{'"W8'": 21.6, '"C19'": 0.0315, '"I24'": 0.495, '"L14'": 3.15, '"L38'": 4.5, '"Y98'": 0.72, '"K910'": 28.0035, '"LL31'": 31.5, '"6480AK-6481AK'": 67.905}","{180,170,170,170,170,160,160,160,160,160,160,160}",80,{154.05},88.0286,91237,157.91,{6576AK-6578AK},,,14,2024-10-31,2024-06-08 08:30:00,2024-06-08 10:15:00
252,8,100,108.9500,CDC MANUFACTURING CORP.,0,DA15377E,39192,1.17,"{'"2024-06-06 15:00:00'"}","{'"2024-06-06 16:10:00'"}",99.0455,1.05,0.9545,DA5176E,LDPE(HMI),"",STANDARD,10,280,40/40,Aldrin Villacrusis,Julius Fundano,"{'"L14'": 1.925, '"L38'": 2.75, '"V50'": 0.027500000000000004, '"W33'": 9.9, '"Y98'": 0.1375, '"K907'": 14.41, '"LL12'": 19.25, '"9517AJ'": 33.6, '"9516AJ-9517AJ'": 28.0}","{170,170,170,170,170,170,160,160,160,150,150,150}",50,{108.95},93.1197,91222,110.0,"{6536AK,6537AK,6538AK}",,,7,2024-10-31,2024-06-06 15:00:00,2024-06-06 16:10:00
253,8,69.02,67.9100,EVERGOOD PLASTIC INDUSTRY INC.,0,DA5176E,39130,0.67,"{'"2024-06-05 08:00:00'"}","{'"2024-06-05 08:40:00'"}",98.3918,1.11,1.6082,BA16168E,LDPE(HMI),"",STANDARD,12,380,40/40,Roselie Mapandi,Julius Fundano,"{'"W8'": 1.5488199999999999, '"L38'": 0.13468000000000002, '"6431AK'": 50.0, '"6432AK'": 17.34}","{180,180,170,170,170,160,160,160,160,160,160,160}",110,{67.91},101.3582,91192,69.02,"{6480AK,6481AK}",,,8,2024-10-31,2024-06-05 08:00:00,2024-06-05 08:40:00
254,8,325,334.5600,"EVEREST PLASTIC CONTAINERS IND., INC.",15030,VA16737E,39164,4.33,"{'"2024-06-03 20:00:00'",'"2024-06-04 06:40:00'"}","{'"2024-06-03 22:00:00'",'"2024-06-04 09:00:00'"}",98.95,3.55,1.05,GA8074E,LDPE(HMI),"",STANDARD,10,380,40/40,Aldrin Villacrusis,Julius Fundano,"{'"C19'": 0.049499999999999995, '"L14'": 16.5, '"L38'": 16.5, '"V50'": 2.6399999999999997, '"W35'": 22.011000000000003, '"B104'": 19.8, '"K907'": 136.9995, '"LL12'": 115.5, '"FG-2291AK'": 8.11}","{170,170,170,170,160,160,160,160,160,160,150,150}",120,"{165,169.56}",77.2656,91155,338.11,"{6455AK-6460AK,6461AK}",,,9,2024-10-31,2024-06-03 20:00:00,2024-06-04 09:00:00
255,8,50,50.0000,"EVEREST PLASTIC CONTAINERS IND., INC.",15305,KA15913E,39163,0.75,"{'"2024-06-03 17:30:00'"}","{'"2024-06-03 18:15:00'"}",100.0,0.0,0.0,VA16737E,LDPE(HMI),"",STANDARD,9,300,40/40,Aldrin Villacrusis,Julius Fundano,"{'"L14'": 1.75, '"L38'": 2.5, '"PP4'": 17.5, '"W33'": 13.5, '"Y98'": 0.035, '"K907'": 14.675, '"R129'": 0.04}","{180,200,180,180,180,180,180,180,180,180,180,180}",105,{50},66.6667,91159,50.0,{6463AK-6464AK},,,8,2024-10-31,2024-06-03 17:30:00,2024-06-03 18:15:00
257,8,125.32,123.7000,"STARKSON PACKAGING, INC.",0,MA4088E,39139,1.83,"{'"2024-06-01 19:50:00'"}","{'"2024-06-01 21:40:00'"}",98.7073,1.62,1.2927,OA2469E,LDPE(HMI),"",STANDARD,10,350,40/40,Aldrin Villacrusis,Julius Fundano,"{'"C19'": 0.00825, '"L38'": 0.3125, '"6295AK-6298AK'": 125.0}","{170,170,170,170,160,160,160,160,160,160,150,150}",20,{123.7},67.5956,91152,125.32,{6449AK-6453AK},,,12,2024-10-31,2024-06-01 19:50:00,2024-06-01 21:40:00
261,8,50,49.2000,Incon Industrial Corporation,0,KA5796E,39353,1.0,"{'"2024-07-10 19:15:00'"}","{'"2024-07-10 20:15:00'"}",97.118,1.46,2.882,RA7886E,LDPE(HMI),"1. NAGPALIT NG SAVER #8-#1
2. DI NA UMAANDAR 19:00-19:15",STANDARD,9,250,40/40,Edsel Mangarin,Julius Fundano,"{'"W8'": 1.5, '"L37'": 1.0, '"FM11'": 0.475, '"K910'": 5.0, '"R119'": 0.08, '"4066AH'": 25.663, '"PP14 POWDER'": 16.945}","{180,200,180,180,180,180,180,180,180,180,180,180}",90,{49.2},49.2,91626,50.66,{7852AK-7853AK},,,11,2024-11-04,2024-07-10 19:15:00,2024-07-10 20:15:00
263,8,50,55.5100,EASTERN INTERNATIONAL PLASTIC PACKAGING CORPORATION,15377,SA7726E,39396,1.0,"{'"2024-07-19 18:45:00'"}","{'"2024-07-19 19:45:00'"}",97.6773,1.32,2.3227,CA16070E,LDPE(HMI),21:15-21:45 CHANGE PEL. 3-1 AND SIEVER 5-1,STANDARD,8,300,40/40,Arjie Galgo,Julius Fundano,"{'"C19'": 0.12, '"L37'": 1.75, '"L38'": 2.5, '"T22'": 2.75, '"B107'": 0.0175, '"K907'": 25.3625, '"LL12'": 17.5, '"6996AK'": 6.83}","{170,170,170,170,170,170,160,160,160,160,150,150}",90,{55.51},55.51,91765,56.83,"{8296AK,8297AK}",,,8,2024-11-04,2024-07-19 18:45:00,2024-07-19 19:45:00
264,8,400,405.0000,"GLOBAL KONTEINER MANUFACTURING, INC.",14131,GA8074E,39399,4.5,"{'"2024-07-19 03:15:00'",'"2024-07-19 06:00:00'"}","{'"2024-07-19 06:00:00'",'"2024-07-19 07:45:00'"}",98.7805,5.0,1.2195,GA2595E,LDPE(HMI),STAND BY FOR BREAKTIME - 01:00-02:00,STANDARD,12,350,40/40,Arjie Galgo,Julius Fundano,"{'"W8'": 8.2, '"G22'": 3.116, '"L28'": 32.8, '"L37'": 32.8, '"K910'": 183.024, '"LL12'": 143.5, '"Y117'": 6.5600000000000005}","{170,170,170,170,160,160,160,160,160,150,150,150}",120,"{244,161}",90.0,91773,410.0,"{8316AK-8322AK,8323AK,8324AK}",,,10,2024-11-04,2024-07-19 03:15:00,2024-07-19 07:45:00
266,8,450,437.3800,"EVEREST PLASTIC CONTAINERS IND., INC.",12751,YA5188E,39373,5.0,"{'"2024-07-18 09:00:00'"}","{'"2024-07-18 14:00:00'"}",94.0602,27.62,5.9398,GA16014E,LDPE(HMI),"1. NO OVER SIZE
2. 14:30 AYAW GUMANA ANG FEEDER
3. 15:10 RESUME",STANDARD,18.00,400,40/40,Arnel Rosario,Julius Fundano,"{'"L28'": 23.0, '"L37'": 23.0, '"O55'": 0.20700000000000002, '"W33'": 57.5, '"K907'": 149.293, '"LL31'": 161.0, '"Y120'": 46.0, '"7216AK'": 5.0}","{180,180,170,170,170,160,160,160,160,160,160,160}",160,{437.38},87.476,91668,465.0,"{8019AK-8027AK,8028AK}",,,9,2024-11-04,2024-07-18 09:00:00,2024-07-18 14:00:00
268,8,500,491.5000,CANLINE INDUSTRIAL CORP.,15366,GA16014E,39392,16.42,"{'"2024-07-18 16:40:00'",'"2024-07-18 18:00:00'"}","{'"2024-07-18 18:00:00'",'"2024-07-18 00:15:00'"}",98.3,8.5,1.7,GA8074E,LDPE(HMI),"1. WITH DIESEL
2. NO OVER SIZE",STANDARD,12,400,40/40,Arnel Rosario,Julius Fundano,"{'"G39'": 47.5, '"L37'": 17.5, '"L38'": 25.0, '"LB1'": 75.0, '"B106'": 10.0, '"K910'": 216.5, '"LL12'": 100.0, '"Y120'": 8.5}","{200,200,200,180,180,180,180,180,180,180,160,160}",45,"{85,406.5}",29.933,91722,500.0,{8233AK-8242AK},,,12,2024-11-04,2024-07-18 16:40:00,2024-07-18 00:15:00
271,8,1000,1013.4300,SAN MIGUEL YAMAMURA PACKAGING CORPORATION,15382,CA16070E,39401,14.5,"{'"2024-07-19 22:00:00'",'"2024-07-20 06:00:00'",'"2024-07-20 13:00:00'",'"2024-07-20 21:00:00'",'"2024-07-22 06:40:00'"}","{'"2024-07-19 06:00:00'",'"2024-07-20 13:00:00'",'"2024-07-20 21:00:00'",'"2024-07-20 06:00:00'",'"2024-07-22 08:10:00'"}",98.8712,11.57,1.1288,BA2103E,LDPE(HMI),"1. START FOR FG- 22:38
2. CHANGE PEL 3-1 @ SIEVER 5-1
3. 21:15-21:45 NAG ADJUST PA NG F-RATE, RPM, PEL., RPM",STANDARD,6,80,40/40,Arjie Galgo,Julius Fundano,"{'"C19'": 1.5375, '"L37'": 51.25, '"SA5'": 30.75, '"K907'": 20.5, '"LL36'": 871.25, '"LL38'": 49.7125}","{170,170,170,170,160,160,160,160,160,160,170,170}",150,"{229,224,256,256,48.43}",69.8917,91779,1025.0,{8330AK-8370AK},,,8,2024-11-04,2024-07-19 22:00:00,2024-07-22 08:10:00
272,8,50,43.1800,21ST CENTURY MOULDINGS CORP.,0,YA12128E,39348,1.5,"{'"2024-07-18 01:30:00'"}","{'"2024-07-18 03:00:00'"}",100.0,0.0,0.0,YA13953E,LDPE(HMI),"1. HIRAP MAG RUN, LAGI NAGPUPUTOL
2. CHANGE RPM 130-100 @ F-RATE 10-5.5
3. MASYADONG MALUTONG ANG STRAND
4. CHANGE SETTING",STANDARD,4,130,40/40,Joel Miras,Julius Fundano,"{'"7744AK-7764AK'": 43.18}","{150,150,140,140,130,130,130,130,130,130,130,130}",90,{43.18},28.7867,91781,43.18,{8325AK},,,13,2024-11-04,2024-07-18 01:30:00,2024-07-18 03:00:00
273,8,50,54.6600,"PHIL-TOP INDUSTRIES, INC.",15431,BA17051E,39456,0.83,"{'"2024-07-30 06:35:00'"}","{'"2024-07-30 07:25:00'"}",99.3818,0.34,0.6182,RA11649E,LDPE(HMI),"",STANDARD,18,350,40/40,Aldrin Villacrusis,Julius Fundano,"{'"B78'": 0.033, '"B81'": 0.55, '"C19'": 0.01375, '"L37'": 2.75, '"L38'": 2.75, '"W35'": 11.0, '"K907'": 18.65325, '"LL12'": 19.25}","{170,170,170,160,160,160,160,160,160,160,150,150}",105,{54.66},65.8554,91946,55.0,{8792AK},,,9,2024-11-05,2024-07-30 06:35:00,2024-07-30 07:25:00
275,8,50,49.8000,"PHIL-TOP INDUSTRIES, INC.",0,TA15569E,39457,0.75,"{'"2024-07-30 15:40:00'"}","{'"2024-07-30 16:25:00'"}",99.6,0.2,0.4,TA16761E,LDPE(HMI),"",STANDARD,10,350,40/40,Aldrin Villacrusis,Julius Fundano,"{'"B78'": 0.0025, '"C19'": 0.047, '"L37'": 0.875, '"L38'": 1.25, '"W33'": 4.5, '"K910'": 9.5755, '"LL12'": 8.75, '"9110AI'": 25.0}","{170,170,170,170,160,160,150,150,150,150,160,160}",95,{49.8},66.4,91948,50.0,{8780AK},,,8,2024-11-05,2024-07-30 15:40:00,2024-07-30 16:25:00
270,8,1000,983.4000,"EVEREST PLASTIC CONTAINERS IND., INC.",12408,MA4737E,39374,29.83,"{'"2024-07-16 17:40:00'",'"2024-07-16 18:00:00'",'"2024-07-17 06:00:00'",'"2024-07-17 18:00:00'"}","{'"2024-07-16 18:00:00'",'"2024-07-17 06:00:00'",'"2024-07-17 18:00:00'",'"2024-07-17 23:30:00'"}",98.2663,17.35,1.7337,YA12128E,LDPE(HMI),"1. OVER FLOW ON FEEDER
2. CHANGE RPM TO 380-400
3. CHANGE F-RATE TO 8.0-6.0
4. CHANGE SETTING",STANDARD,6,400,40/40,Arnel Rosario,Julius Fundano,"{'"C19'": 0.4, '"L28'": 30.0, '"L37'": 30.0, '"O55'": 0.6, '"P26'": 65.0, '"P27'": 80.0, '"P28'": 134.0, '"Y98'": 35.0, '"K907'": 100.0, '"LL31'": 525.0, '"23-6033AK'": 0.75}","{180,180,170,170,160,160,160,160,150,150,150,150}",120,"{13,375,408,187.4}",32.9668,91732,1000.75,"{8052AK-8070AK,8071AK,8072AK,8243AK-8261AK}",,,15,2024-11-04,2024-07-16 17:40:00,2024-07-17 23:30:00
413,5,3000,3075.0000,GILVAN PACKAGING CORPORATION,15183,WA15123E,39273,33.75,"{'"2024-06-27 00:00:00'",'"2024-06-27 06:00:00'",'"2024-06-27 18:00:00'",'"2024-06-28 06:00:00'"}","{'"2024-06-27 06:00:00'",'"2024-06-27 18:00:00'",'"2024-06-28 06:00:00'",'"2024-06-28 09:45:00'"}",99.1935,25.0,0.8065,WA16299E,LDPE(HMI),12:00-13:00 BREAKTIME,STANDARD,17,350,60/60,Arjie Galgo,Julius Fundano,"{'"AO8'": 3.1, '"AO9'": 3.1, '"B81'": 15.5, '"L14'": 62.0, '"LL6'": 1187.3, '"W33'": 1829.0}","{170,200,170,170,170,170,160,160,160,160,160}",75,"{478,1164,1067,366}",91.1111,91414,3100.0,{7102AK-7132AK},,,8,2024-11-08,2024-06-27 00:00:00,2024-06-27 09:45:00
321,8,2250,2278.5500,"EVEREST PLASTIC CONTAINERS IND., INC.",0,KA9045E,39299,28.75,"{'"2024-06-29 20:00:00'",'"2024-07-01 07:00:00'",'"2024-07-01 13:00:00'",'"2024-07-02 07:00:00'"}","{'"2024-06-30 06:00:00'",'"2024-07-01 13:00:00'",'"2024-07-01 22:00:00'",'"2024-07-02 10:45:00'"}",99.1204,20.22,0.8796,YA3504E,LDPE(HMI),"",STANDARD,12.5,300,40/40,Aldrin Villacrusis,Julius Fundano,"{'"L14'": 79.45, '"L19'": 0.0875, '"L38'": 113.625, '"W33'": 283.75, '"K910'": 932.0625, '"LL12'": 795.375, '"R115'": 13.67, '"R119'": 54.48, '"9153AI'": 20.14, '"FG-5827AK'": 6.13}","{180,180,170,170,170,160,160,160,160,160,150,150}",120,"{740,495,740,303.55}",79.2539,91466,2298.77,"{7222AK-7266AK,7267AK,7268AK}",,,10,2024-11-06,2024-06-29 20:00:00,2024-07-02 10:45:00
200,8,1000,974.4500,21ST CENTURY MOULDINGS CORP.,15242,YA12128E,39001,20.0,"{'"2024-05-02 11:30:00'",'"2024-05-02 18:00:00'",'"2024-05-03 06:00:00'"}","{'"2024-05-02 18:00:00'",'"2024-05-03 06:00:00'",'"2024-05-03 07:30:00'"}",95.0683,50.55,4.9317,YA5124E,LDPE(HMI),"MAY OVERSIZE HINDI KG, SINALANG KASI IBANG KULAY 50KGG.",STANDARD,4,130,40/40,Roselie Mapandi,Julius Fundano,"{'"J5'": 123.0, '"L14'": 30.75, '"L38'": 30.75, '"LL6'": 358.75, '"K910'": 481.75}","{150,150,140,140,130,130,130,130,130,130,130,130}",90,"{297,616,61.45}",48.7225,90740,1025.0,"{5228AK-5247AK,5248AK}",,,4,2024-10-29,2024-05-02 11:30:00,2024-05-03 07:30:00
578,8,200,205.1100,"PLEXCO PLASTIC PRODUCTS, INC.",14604,MA12627E,39593,3.65,"{'"2024-08-27 11:45:00'"}","{'"2024-08-27 15:24:00'"}",99.087,1.89,0.913,MA4737E,LDPE(HMI),"",STANDARD,10,400,40/40,Arjie Galgo,Julius Fundano,"{'"C19'": 0.3105, '"L19'": 1.12, '"L28'": 10.35, '"L37'": 6.125, '"O55'": 0.2277, '"P28'": 28.98, '"Y98'": 1.656, '"K907'": 17.5, '"K910'": 3.2, '"LL31'": 137.5308}","{170,170,170,160,160,160,160,160,160,160,180,180}",90,{205.11},56.1945,92397,207.0,"{9826AK-9832AK,9833AK}",,,0,2024-11-15,2024-08-27 11:45:00,2024-08-27 15:24:00
72,5,1500,1427.0000,In House,15347,WA3827E,39529,23.17,"{'"2024-08-09 13:10:00'",'"2024-08-09 15:00:00'",'"2024-08-10 10:15:00'",'"2024-08-10 18:00:00'",'"2024-08-12 07:10:00'"}","{'"2024-08-09 14:00:00'",'"2024-08-09 15:40:00'",'"2024-08-10 18:00:00'",'"2024-08-11 06:00:00'",'"2024-08-12 09:05:00'"}",95.1333,73.0,4.8667,WA11278E,HDPE(HMI),Under maintenance Change heater Zone # 2 / Thermo Output,STANDARD,80,300,40/40,Edsel Mangarin,Julius Fundano,"{'"B81'": 0.75, '"L37'": 30.0, '"W33'": 225.0, '"B101'": 5.25, '"K907'": 624.0, '"LL48'": 307.5, '"LL48 POWDER'": 307.5}","{160,180,180,180,180,180,160}",120,"{50,50,471,715,141}",61.5883,92141,1500,"{9008AK-9017AK,9076AK-9085AK}",,,12,2024-10-12,2024-08-09 13:10:00,2024-08-12 09:05:00
546,8,100,99.0000,EVERGOOD PLASTIC INDUSTRY INC.,15477,TA11397E,39539,1.5,"{'"2024-08-14 05:40:00'",'"2024-08-14 06:00:00'"}","{'"2024-08-14 06:00:00'",'"2024-08-14 07:10:00'"}",99.0,1.0,1.0,MA7758E,LDPE(HMI),"",STANDARD,15,380,40/40,Arjie Galgo,Julius Fundano,"{'"C19'": 0.7, '"L28'": 5.0, '"L37'": 3.5, '"W35'": 28.0, '"K907'": 26.8, '"LL12'": 35.0, '"Y122'": 1.0}","{170,170,170,170,170,160,160,160,160,160,150,150}",105,"{20,79}",66.0,92210,100.0,{9393AK-9394AK},,,9,2024-11-14,2024-08-14 05:40:00,2024-08-14 07:10:00
547,8,50,49.8000,CYBERMANN INDUSTRIAL CORPORATION,0,MA7758E,39522,0.83,"{'"2024-08-14 08:55:00'"}","{'"2024-08-14 09:45:00'"}",98.2442,0.89,1.7558,MA4737E,PP,"",STANDARD,9,280,40/40,Aldrin Villacrusis,Julius Fundano,"{'"C19'": 0.0045, '"L28'": 0.125, '"P26'": 0.1625, '"P28'": 0.325, '"Y98'": 0.075, '"9056AK-9057AK'": 50.0}","{180,200,180,180,180,180,180,180,180,180,180,180}",150,{49.8},60.0,92209,50.69,{9391AK-9392AK},,,0,2024-11-14,2024-08-14 08:55:00,2024-08-14 09:45:00
577,8,125,123.3700,"EVEREST PLASTIC CONTAINERS IND., INC.",12751,YA5188E,39589,1.83,"{'"2024-08-27 08:00:00'",'"2024-08-27 09:23:00'"}","{'"2024-08-27 09:23:00'",'"2024-08-27 09:50:00'"}",98.696,1.63,1.304,MA,LDPE(HMI),LAGI NAPUPUTOL SA D-HEAD,STANDARD,10,360,40/40,Arjie Galgo,Julius Fundano,"{'"L28'": 6.25, '"L37'": 6.25, '"O55'": 0.056249999999999994, '"W33'": 15.625, '"K907'": 40.568749999999994, '"LL31'": 43.75, '"Y120'": 12.5}","{170,170,170,170,160,160,160,160,160,160,150,150}",115,"{100,23.37}",67.4153,92416,125.0,"{9798AK-9799AK,9800AK}",,,10,2024-11-15,2024-08-27 08:00:00,2024-08-27 09:50:00
579,8,386.05,332.9000,"EVEREST PLASTIC CONTAINERS IND., INC.",0,MA4737E,39542,7.6,"{'"2024-08-27 16:54:00'"}","{'"2024-08-28 00:30:00'"}",86.2324,53.15,13.7676,DA5176E,LDPE(HMI),"1. VACUUM ON
2. FLAT ANG PELLET PAG MABILIS ANG RPM & F-RATE",STANDARD,7,300,40/40,Arjie Galgo,Julius Fundano,"{'"C19'": 0.031045999999999997, '"L28'": 1.9205, '"9670AK'": 34.1, '"9465AK-9466AK'": 200.0, '"9483AK-9484AK'": 150.0}","{160,160,160,130,160,160,160,160,150,150,150,150}",105,{332.9},43.8026,92389,386.05,"{9810AK-9817AK,9818AK-9823AK,9824AK}",,,9,2024-11-15,2024-08-27 16:54:00,2024-08-28 00:30:00
583,8,134.37,134.3000,"EVEREST PLASTIC CONTAINERS IND., INC.",15515,BA9159E,39598,1.5,"{'"2024-08-29 13:20:00'"}","{'"2024-08-29 14:50:00'"}",99.9405,0.08,0.0595,DA,LDPE(HMI),"",STANDARD,9,300,40/40,Arjie Galgo,Julius Fundano,"{'"B78'": 0.03875, '"G34'": 0.05, '"L28'": 3.46875, '"L37'": 2.432, '"W35'": 2.375, '"B107'": 0.065, '"K907'": 36.66425, '"LL12'": 24.28125, '"3205AJ'": 26.0, '"7324AK'": 39.0}","{170,170,170,170,160,160,160,150,150,150,160,160}",120,{134.3},89.5333,92461,134.38,"{0076AL,0077AL,0110AL}",,,9,2024-11-15,2024-08-29 13:20:00,2024-08-29 14:50:00
584,8,500,502.7000,"EVEREST PLASTIC CONTAINERS IND., INC.",0,DA5173E,39599,5.83,"{'"2024-08-29 16:50:00'",'"2024-08-29 18:00:00'",'"2024-08-29 22:35:00'"}","{'"2024-08-29 18:00:00'",'"2024-08-29 22:35:00'",'"2024-08-29 22:40:00'"}",98.5686,7.3,1.4314,GA16968E,LDPE(HMI),"DOUBLE ANG LOT# 0093AL SA COMPOUNDED
VACUUM ON",STANDARD,10,280,40/40,Arjie Galgo,Julius Fundano,"{'"W8'": 97.73599999999999, '"C19'": 0.00052, '"L28'": 18.735, '"L37'": 15.86, '"O55'": 0.361124, '"Y98'": 0.90172, '"K907'": 77.44, '"LL31'": 163.665636, '"3204AB-3205AB'": 62.5, '"3205AB-3207AB'": 72.8}","{170,170,170,170,160,160,160,160,150,150,150,150}",120,"{95,399.7,8}",86.2264,92457,510.0,"{0085AL-0089AL,0090AL-0094AL}",,,11,2024-11-16,2024-08-29 16:50:00,2024-08-29 22:40:00
585,8,325,332.1100,"PHIL-TOP INDUSTRIES, INC.",15519,GA16968E,39610,5.75,"{'"2024-08-30 00:40:00'",'"2024-08-30 06:00:00'"}","{'"2024-08-30 06:00:00'",'"2024-08-30 06:25:00'"}",99.1373,2.89,0.8627,GA3383E,LDPE(HMI),"1. 02:00-03:00 BREAKTIME
2. USED NAWASA WATER",STANDARD,10,300,40/40,Aldrin Villacrusis,Julius Fundano,"{'"G39'": 0.4824, '"L28'": 16.75, '"L37'": 16.75, '"W35'": 67.0, '"Y98'": 0.7973, '"B108'": 4.0200000000000005, '"K907'": 111.9503, '"LL12'": 117.25}","{170,170,170,170,170,170,160,160,160,160,150,150}",95,"{306,26.11}",57.7583,92455,335.0,"{0078AL-0083AL,0084AL}",,,7,2024-11-16,2024-08-30 00:40:00,2024-08-30 06:25:00
586,8,375,371.1300,"EVEREST PLASTIC CONTAINERS IND., INC.",15517,GA3383E,39600,4.33,"{'"2024-08-30 08:00:00'"}","{'"2024-08-30 12:20:00'"}",98.3491,6.23,1.6509,GA4921E,LDPE(HMI),"HINDI MABILISAN, BASA ANG PELLET",STANDARD,12,300,40/40,Arjie Galgo,Julius Fundano,"{'"W8'": 110.625, '"G22'": 0.75, '"L28'": 18.75, '"L37'": 18.75, '"K907'": 87.75, '"LL31'": 131.25, '"Y119'": 7.125, '"QCEXCESS'": 2.36}","{170,170,170,170,170,170,170,160,160,150,150,150}",90,{371.13},85.7113,92449,377.36,"{0068AL-0074AL,0075AL}",,,0,2024-11-16,2024-08-30 08:00:00,2024-08-30 12:20:00
587,8,50,45.8500,"EVEREST PLASTIC CONTAINERS IND., INC.",0,GA4921E,39520,0.67,"{'"2024-08-30 13:50:00'"}","{'"2024-08-30 14:30:00'"}",99.5657,0.2,0.4343,OA16199E,LDPE(HMI),"",STANDARD,10,350,40/40,Arjie Galgo,Julius Fundano,"{'"G39'": 0.00736, '"L38'": 0.0414, '"9007AK'": 46.0}","{170,170,170,170,170,170,160,160,160,160,160,160}",110,{45.85},68.4328,92418,46.05,{9983AK},,,9,2024-11-16,2024-08-30 13:50:00,2024-08-30 16:20:00
588,8,100,97.7500,Incon Industrial Corporation,15513,OA16199E,39604,1.33,"{'"2024-08-30 16:20:00'"}","{'"2024-08-30 17:40:00'"}",97.75,2.25,2.25,DA15377E,LDPE(HMI),KUMUKULAY SA TUBIG,STANDARD,11,300,40/40,Arjie Galgo,Julius Fundano,"{'"L28'": 5.0, '"L37'": 5.0, '"LL6'": 35.0, '"O57'": 0.67, '"W33'": 2.0, '"Y98'": 8.3, '"K907'": 43.91, '"R115'": 0.12}","{170,170,170,170,170,170,160,160,160,150,150,150}",120,{97.75},73.4962,92435,100.0,{9970AK-9971AK},,,12,2024-11-16,2024-08-30 16:20:00,2024-08-30 17:40:00
589,8,200,208.7000,CDC MANUFACTURING CORP.,15484,DA15377E,39606,2.58,"{'"2024-08-30 19:40:00'"}","{'"2024-08-30 22:15:00'"}",121.1681,-36.46,-21.1681,DA16760E,LDPE(HMI),"",STANDARD,10,280,40/40,Aldrin Villacrusis,Julius Fundano,"{'"C19'": 0.037048, '"L28'": 4.631, '"L37'": 3.2417000000000002, '"V50'": 0.0052, '"W33'": 16.671599999999998, '"Y98'": 0.223588, '"K907'": 33.6253, '"LL12'": 34.184564, '"5824AI-5826AI'": 79.62}","{170,170,170,170,170,170,160,160,160,160,150,150}",90,{208.7},80.8915,92510,172.24,"{0170AL-0172AL,0180AL}",,,13,2024-11-16,2024-08-30 19:40:00,2024-08-30 22:15:00
590,8,275,285.6600,"PHIL-TOP INDUSTRIES, INC.",15529,DA16760E,39609,4.42,"{'"2024-08-30 23:45:00'"}","{'"2024-08-31 04:10:00'"}",99.5331,1.34,0.4669,KA16603E,LDPE(HMI),02:00-03:00 BREAKTIME,STANDARD,10,28,40/40,Aldrin Villacrusis,Julius Fundano,"{'"C19'": 0.476, '"I24'": 1.68, '"L28'": 14.0, '"L37'": 14.0, '"W35'": 61.6, '"Y98'": 1.4, '"K907'": 88.84400000000001, '"LL12'": 98.0, '"FG-8711AK'": 7.0}","{170,170,170,170,170,160,160,160,160,160,150,150}",130,{285.66},64.629,92497,287.0,"{0114AL-0118AL,0119AL}",,,10,2024-11-16,2024-08-30 23:45:00,2024-08-31 04:10:00
591,8,100,106.9800,CDC MANUFACTURING CORP.,15525,KA16603E,39607,1.72,"{'"2024-08-31 06:20:00'"}","{'"2024-08-31 08:03:00'"}",99.6553,0.37,0.3447,KA4595E,LDPE(HMI),"",STANDARD,10,350,40/40,Aldrin Villacrusis,Julius Fundano,"{'"L28'": 5.15, '"L37'": 5.15, '"W33'": 15.45, '"K907'": 39.964, '"LL12'": 36.05, '"R115'": 1.236, '"5-8833AJ'": 4.35}","{170,170,170,160,160,160,160,160,150,150,150,150}",90,{106.98},62.1977,92488,107.35,"{0156AL,0157AL,0158AL}",,,6,2024-11-16,2024-08-31 06:20:00,2024-08-31 08:03:00
592,8,100,106.2800,EVERGOOD PLASTIC INDUSTRY INC.,14873,KA4595E,39622,1.92,"{'"2024-08-31 10:10:00'"}","{'"2024-08-31 12:05:00'"}",98.4348,1.69,1.5652,KA5796E,LDPE(HMI),"1. 09:33-10:10 WAITING FOR COMPOUNDED
2. 10:20 STOP PRODUCTION, 10:45 RESUME",STANDARD,12,300,40/40,Arjie Galgo,Julius Fundano,"{'"L14'": 3.0, '"L38'": 3.0, '"V50'": 0.05, '"K907'": 33.1, '"LL31'": 60.0, '"R115'": 0.25, '"R119'": 0.6, '"FG-6165AK'": 7.97}","{170,170,170,170,160,160,160,160,160,160,150,150}",120,{106.28},55.3542,92541,107.97,"{0263AL,0264AL,0265AL}",,,9,2024-11-16,2024-08-31 10:10:00,2024-08-31 12:05:00
593,8,50,67.0500,H&E MANUFACTURING CORPORATION,0,KA5796E,39616,1.5,"{'"2024-08-31 14:05:00'"}","{'"2024-08-31 15:35:00'"}",98.6029,0.95,1.3971,KA9045E,PP,"",STANDARD,9,250,40/40,Arjie Galgo,Julius Fundano,"{'"W8'": 3.15, '"L14'": 2.0, '"L37'": 0.5, '"FM11'": 0.2375, '"FM27'": 1.8, '"K907'": 10.5, '"R119'": 0.2, '"4066AH'": 15.5, '"PP14 POWDER'": 34.1125}","{180,200,180,180,180,180,180,180,180,180,180,180}",100,{67.05},44.7,92544,68.0,"{8226AK,8227AK}",,,4,2024-11-16,2024-08-31 14:05:00,2024-08-31 15:35:00
624,8,50,58.1500,"ZELLER PLASTIK PHILIPPINES, INC.",0,GA4440E,39433,1.17,"{'"2024-08-01 09:30:00'"}","{'"2024-08-01 10:40:00'"}",99.266,0.43,0.734,GA4440E,PP,"",STANDARD,6.5,280,40/40,Aldrin Villacrusis,Julius Fundano,"{'"G22'": 0.011106, '"L37'": 0.1169, '"8646AK'": 25.0, '"8647AK'": 33.45}","{180,200,180,180,180,180,180,180,180,180,180,180}",0,{58.15},49.7009,91976,58.58,"{8842AK,8845AK}",,,0,2024-11-20,2024-08-01 09:30:00,2024-08-01 10:40:00
594,8,250,60.0000,"EVEREST PLASTIC CONTAINERS IND., INC.",15531,KA9045E,39618,0.75,"{'"2024-08-31 17:15:00'"}","{'"2024-08-31 18:00:00'"}",24.0,190.0,76.0,NO PURGING,LDPE(HMI),16:40 AUTO ALARM OIL PUMP UNDER MAINTENANCE,STANDARD,12.6,350,40/40,Arjie Galgo,Julius Fundano,"{'"L28'": 12.5, '"L37'": 8.75, '"LL6'": 87.5, '"W33'": 31.25, '"K907'": 102.5, '"R119'": 6.0, '"R129'": 1.5}","{180,180,170,170,170,160,160,160,160,160,150,150}",0,{60},80.0,92523,250.0,{0195AL-0199AL},,,0,2024-11-16,2024-08-31 17:15:00,2024-08-31 20:15:00
595,8,2000,1990.0000,"EVEREST PLASTIC CONTAINERS IND., INC.",15534,KA9045E,39618,24.67,"{'"2024-08-31 20:15:00'",'"2024-09-02 07:45:00'",'"2024-09-02 18:00:00'"}","{'"2024-09-01 06:00:00'",'"2024-09-02 18:00:00'",'"2024-09-02 22:40:00'"}",99.5,10.0,0.5,GA16968E,LDPE(HMI),"1. 03:00-04:00 BREAKTIME
2. LMI WITH DIESEL
3. 06:50 HEAT UP",STANDARD,13,400,40/40,Aldrin Villacrusis,Julius Fundano,"{'"L28'": 100.0, '"L37'": 70.0, '"LL6'": 700.0, '"W33'": 250.0, '"K907'": 820.0, '"R115'": 12.0, '"R119'": 48.0}","{180,180,170,170,170,160,160,160,160,160,150,150}",120,"{740,856,394}",80.6648,92524,2000.0,{0200AL-0239AL},,,15,2024-11-16,2024-08-31 20:15:00,2024-09-02 22:40:00
596,5,300,295.7000,"PHIL-TOP INDUSTRIES, INC.",15499,BA14304E,39580,4.17,"{'"2024-08-24 07:50:00'"}","{'"2024-08-24 12:00:00'"}",98.5667,4.3,1.4333,BA17051E,LDPE(HMI),"",STANDARD,20,380,40/40,Edsel Mangarin,Julius Fundano,"{'"W8'": 66.0, '"L28'": 15.0, '"L37'": 16.8, '"B107'": 2.64, '"K907'": 94.56, '"LL31'": 105.0}","{170,170,170,160,160,160,160,160,150,150,150}",90,{295.7},70.9113,92333,300.0,{9735AK-9740AK},,,18,2024-11-16,2024-08-24 07:50:00,2024-08-24 12:00:00
597,5,625,610.3800,"PHIL-TOP INDUSTRIES, INC.",15495,BA17051E,39558,8.5,"{'"2024-08-24 13:30:00'",'"2024-08-24 18:00:00'"}","{'"2024-08-24 18:00:00'",'"2024-08-24 22:00:00'"}",101.73,-10.38,-1.73,NO PURGING,LDPE(HMI),"",STANDARD,20,300,40/40,Edsel Mangarin,Julius Fundano,{},"{170,170,170,170,170,170,160,160,160,160,150,150}",0,"{310,300.38}",71.8094,92363,600.0,{},,,0,2024-11-16,2024-08-24 13:30:00,2024-08-24 22:00:00
598,5,55.01,54.6000,"PHIL-TOP INDUSTRIES, INC.",0,BA17051E,39558,0.67,"{'"2024-08-27 10:00:00'"}","{'"2024-08-27 10:40:00'"}",99.2366,0.42,0.7634,IA9912E,LDPE(HMI),07:30-10:00 UNDER MAINTENANCE DIE HEAD,STANDARD,20,380,40/40,Edsel Mangarin,Julius Fundano,"{'"B81'": 0.08199, '"C19'": 0.002733, '"L28'": 0.2733, '"8792AK'": 54.66}","{170,170,170,170,170,170,160,160,160,160,150,150}",90,{54.6},81.4925,92365,55.02,{9782AK},,,0,2024-11-16,2024-08-27 10:00:00,2024-08-27 10:40:00
599,5,250,250.0000,EVERGOOD PLASTIC INDUSTRY INC.,15507,IA9912E,39590,4.0,"{'"2024-08-27 12:10:00'"}","{'"2024-08-27 16:10:00'"}",98.0392,5.0,1.9608,BA16168E,LDPE(HMI),"1. OVER FLOW ON FEEDER PORT
2. Z1 170-180; Z2 170-180",STANDARD,6.5,400,40/40,Edsel Mangarin,Julius Fundano,"{'"C19'": 2.295, '"L28'": 12.75, '"L37'": 8.925, '"Y98'": 6.375, '"K907'": 129.795, '"LL12'": 89.25, '"R115'": 5.61}","{170,170,170,170,170,170,160,160,160,150,150}",110,{250},62.5,92378,255.0,"{9803AK-9806AK,9807AK}",,,19,2024-11-16,2024-08-27 12:10:00,2024-08-27 16:10:00
600,5,75,71.4000,"PREMIER CREATIVE PACKAGING, INC.",15501,BA16168E,39583,1.17,"{'"2024-08-27 18:00:00'"}","{'"2024-08-27 19:10:00'"}",95.4801,3.38,4.5199,BA15197E,LDPE(HMI),"",STANDARD,8,350,40/40,Arnel Rosario,Julius Fundano,"{'"C19'": 0.0051199999999999996, '"L28'": 2.56, '"L37'": 2.56, '"LL6'": 17.92, '"W33'": 10.24, '"B101'": 0.24794, '"B107'": 0.07168, '"K907'": 17.397759999999998, '"6490AK'": 23.78}","{170,170,170,170,160,160,160,150,150,160,160}",100,{71.4},61.0256,92424,74.78,"{9968AK,9969AK}",,,10,2024-11-16,2024-08-27 18:00:00,2024-08-27 19:10:00
601,5,250,248.1500,MAXEY DEVELOPMENT CORPORATION,15512,BA15197E,39584,3.33,"{'"2024-08-27 20:50:00'"}","{'"2024-08-28 00:10:00'"}",99.26,1.85,0.74,BA15197,LDPE(HMI),"",STANDARD,12,350,60/60,Arnel Rosario,Julius Fundano,"{'"L28'": 12.5, '"L37'": 8.75, '"V50'": 0.325, '"W33'": 42.5, '"B107'": 10.0, '"K907'": 88.425, '"LL12'": 87.5}","{170,170,170,170,160,160,160,160,150,150,150}",0,{248.15},74.5195,92420,250.0,{9963AK-9967AK},,,0,2024-11-16,2024-08-27 20:50:00,2024-08-27 00:10:00
602,5,308.7,299.0000,MAXEY DEVELOPMENT CORPORATION,0,BA15197E,39584,4.83,"{'"2024-08-28 00:10:00'"}","{'"2024-08-28 05:00:00'"}",96.8578,9.7,3.1422,NO PURGING,LDPE(HMI),"1. LAGING NAPUPUTOL ANG STRAND
2. 01:00-02:00 BREAKRIME",STANDARD,20,380,60/60,Arnel Rosario,Julius Fundano,"{'"L28'": 3.087, '"L37'": 2.1609, '"B107'": 2.7783, '"K907'": 20.0655, '"LL12'": 33.6483, '"9749AK-9753AK'": 246.96}","{170,170,170,170,170,170,160,160,160,150,150}",0,{299},61.9048,92421,308.7,{9957AK-9962AK},,,0,2024-11-16,2024-08-28 00:10:00,2024-08-28 05:00:00
603,5,50,43.6500,MC BRIDE CORPORATION,12925,BA15002E,39588,1.67,"{'"2024-08-29 03:20:00'"}","{'"2024-08-29 05:00:00'"}",87.3,6.35,12.7,BA9094E,PET,HOPPER DRIER - BASA,STANDARD,15,280,40/40,Roselie Mapandi,Julius Fundano,"{'"B93'": 0.6, '"V41'": 0.87, '"LL60(POWDER)'": 48.53}","{220,220,220,220,220,220,220,220,220,220,220,220}",110,{43.65},26.1377,92373,50.0,{9801AK-9802AK},,,18,2024-11-16,2024-08-29 03:20:00,2024-08-29 05:00:00
604,5,200,193.7500,"ZELLER PLASTIK PHILIPPINES, INC.",15494,BA9094E,39603,3.83,"{'"2024-08-30 07:50:00'"}","{'"2024-08-30 11:40:00'"}",94.697,10.85,5.303,BA15050E,PP,"LAGING NAPUPUTOL ANG STRAND
VACUUM ON",STANDARD,8,200,40/40,Edsel Mangarin,Julius Fundano,"{'"B89'": 0.6, '"L28'": 10.0, '"L37'": 10.0, '"B107'": 0.06, '"K907'": 40.0, '"35-7134AK'": 4.6, '"PP14 POWDER'": 139.34}","{180,200,180,180,180,180,180,180,180,180,180}",100,{193.75},50.5875,92430,204.6,"{9991AK-9997AK,9998AK}",,,15,2024-11-16,2024-08-30 07:50:00,2024-08-30 11:40:00
605,5,450,452.9700,MAXEY DEVELOPMENT CORPORATION,15535,BA15197E,39584,6.08,"{'"2024-08-30 22:00:00'"}","{'"2024-08-31 04:05:00'"}",98.4717,7.03,1.5283,BA17051E,LDPE(HMI),02:00-03:00 BREAKTIME,STANDARD,17,280,60/60,Roselie Mapandi,Julius Fundano,"{'"L28'": 23.0, '"L37'": 16.1, '"V50'": 0.5870000000000001, '"W33'": 77.1, '"B107'": 18.4, '"K907'": 163.81300000000002, '"LL12'": 161.0}","{170,170,170,170,170,170,160,160,160,150,150}",120,{452.97},74.5016,92531,460.0,"{0251AL-0257AL,0258AL,0259AL,0260AL}",,,18,2024-11-16,2024-08-30 22:00:00,2024-08-31 04:05:00
632,5,200,207.1000,"STARKSON PACKAGING, INC.",12024,UA8910E,39677,3.75,"{'"2024-09-11 12:45:00'"}","{'"2024-09-11 16:30:00'"}",98.619,2.9,1.381,WA6837E,RUBBER,"1. HINDI MATAASAN; HINDI NAPUPUTOL ANG STRAND
2. UMIINIT ANG TUBIG SA WATER TUB",STANDARD,6,220,60/60,Joel Miras,Julius Fundano,"{'"LL6'": 105.0, '"LL36'": 105.0}","{170,170,170,170,160,160,160,160,160,150,150}",60,{207.1},55.2267,92692,210.0,"{0662AL,0663AL}",,,10,2024-11-21,2024-09-11 12:45:00,2024-09-11 16:30:00
606,5,725,716.0000,"PHIL-TOP INDUSTRIES, INC.",15505,BA17051E,39611,10.0,"{'"2024-08-31 08:00:00'"}","{'"2024-08-31 18:00:00'"}",98.7586,9.0,1.2414,BA12615E,LDPE(HMI),NAWASA WATER USED,STANDARD,70,240,40/40,Edsel Mangarin,Julius Fundano,"{'"B81'": 8.3375, '"C19'": 0.2175, '"L28'": 36.25, '"L37'": 36.25, '"W35'": 145.0, '"B107'": 0.435, '"K907'": 244.76, '"LL12'": 253.75}","{170,170,170,170,170,170,160,160,160,160,150,150}",90,{716},71.6,92459,725.0,"{0095AL-0108AL,0109AL}",,,9,2024-11-16,2024-08-31 08:00:00,2024-08-31 18:00:00
607,5,250,256.2500,"PLEXCO PLASTIC PRODUCTS, INC.",15526,BA12615E,39614,4.58,"{'"2024-08-31 19:30:00'",'"2024-09-02 07:30:00'"}","{'"2024-08-31 22:00:00'",'"2024-09-02 09:35:00'"}",98.395,4.18,1.605,NO PURGING,LDPE(HMI),OVER FLOW ON FEEDER PORT,STANDARD,12,320,40/40,Roselie Mapandi,Julius Fundano,"{'"W8'": 5.1, '"B37'": 56.1, '"L28'": 12.75, '"L37'": 8.925, '"V50'": 1.02, '"B106'": 1.275, '"K907'": 80.58000000000001, '"LL31'": 89.25, '"FG-4547AK'": 5.43}","{170,170,170,170,170,170,160,160,160,150,150}",0,"{125,131.25}",55.9498,92484,260.43,"{0130AL-0133AL,0134AL,0135AL}",,,0,2024-11-16,2024-08-31 19:30:00,2024-09-02 09:35:00
608,5,5000,5489.0000,"PACKAGEWORLD, INC.",14550,BA12556E,38939,76.0,"{'"2024-05-06 03:00:00'",'"2024-05-07 06:00:00'",'"2024-05-07 18:00:00'",'"2024-05-08 06:00:00'",'"2024-05-08 18:00:00'",'"2024-05-09 06:00:00'",'"2024-05-09 18:00:00'",'"2024-05-10 06:00:00'"}","{'"2024-05-06 06:00:00'",'"2024-05-07 18:00:00'",'"2024-05-08 06:00:00'",'"2024-05-08 18:00:00'",'"2024-05-09 06:00:00'",'"2024-05-09 18:00:00'",'"2024-05-10 06:00:00'",'"2024-05-10 07:00:00'"}",109.78,-489.0,-9.78,WA11278E,RUBBER,"1. 14:00 Z2 BUMABA ANG TEMPERARURE (150-97)
2. TOTAL 4,936.4",STANDARD,12,300,60/60,Roselie Mapandi,Julius Fundano,"{'"AO8'": 5.0, '"AO9'": 5.0, '"LL36'": 1250.0, '"LL38'": 2440.0, '"LL66'": 1200.0, '"BA15050E(3303AK)'": 100.0}","{140,150,160,160,160,160,160,160,160,160,150}",105,"{195,780,780,780,780,780,780,614}",72.2237,90746,5000.0,{5257AK-5276AK},,,12,2024-11-18,2024-05-06 03:00:00,2024-05-10 07:00:00
609,5,5000,4924.0000,"PACKAGEWORLD, INC.",15192,WA12282E,38400,87.83,"{'"2024-05-02 20:20:00'",'"2024-05-03 06:00:00'",'"2024-05-03 18:00:00'",'"2024-05-04 06:00:00'",'"2024-05-04 18:00:00'",'"2024-05-06 07:20:00'",'"2024-05-06 18:00:00'"}","{'"2024-05-03 06:00:00'",'"2024-05-03 18:00:00'",'"2024-05-04 06:00:00'",'"2024-05-04 18:00:00'",'"2024-05-05 06:00:00'",'"2024-05-07 06:00:00'",'"2024-05-07 01:30:00'"}",98.48,76.0,1.52,BA12556E,RUBBER,"1. RUN LDPE 25KG FOR BLOCK SPOT
2. 05/06/2024 CHANGE SCREEN, RUN LDPE 5KG
3. HEAT UP 05:40",STANDARD,12,400,60/60,Edsel Mangarin,Julius Fundano,"{'"AO8'": 5.0, '"AO9'": 5.0, '"LL38'": 2390.0, '"LL41'": 1250.0, '"LL66'": 1200.0, '"WA15071E(9812AJ)'": 150.0}","{150,160,160,160,160,160,160,160,160,150,150}",90,"{630,780,780,780,780,690,484}",56.0628,90747,5000.0,{5277AK-5296AK},,,4,2024-11-18,2024-05-02 20:20:00,2024-05-07 01:30:00
610,5,200,202.5200,Incon Industrial Corporation,15251,WA1400E,39010,2.33,"{'"2024-05-02 14:00:00'"}","{'"2024-05-02 16:20:00'"}",96.2914,7.8,3.7086,WA12282E,LDPE(HMI),LAGING NAGPUPUTOL PUTOL ANG STRAND,STANDARD,12,380,60/60,Joel Miras,Julius Fundano,"{'"W8'": 70.0, '"B81'": 0.12, '"L14'": 7.0, '"L38'": 4.0, '"LL6'": 85.88, '"K910'": 33.0, '"18-1765AK'": 3.14, '"FG-1709AK'": 7.18}","{170,170,170,170,160,160,160,150,150,150,150}",240,{202.52},86.9185,90761,210.32,"{5338AK,5339AK}",,,16,2024-11-18,2024-05-02 14:00:00,2024-05-02 16:20:00
611,5,200,206.7500,Incon Industrial Corporation,15213,WA11678E,39011,2.42,"{'"2024-05-02 10:00:00'"}","{'"2024-05-02 12:25:00'"}",98.4524,3.25,1.5476,WA1400E,LDPE(HMI),"",STANDARD,10,300,40/40,Arnel Rosario,Julius Fundano,"{'"B81'": 0.0315, '"L14'": 6.3, '"L38'": 6.3, '"LL6'": 73.5, '"W33'": 86.1, '"K910'": 37.7685}","{170,110,110,170,160,160,160,160,160,170,170}",95,{206.75},85.4339,90759,210.0,"{5336AK,5337AK}",,,5,2024-11-18,2024-05-02 10:00:00,2024-05-02 12:25:00
1116,8,100,98.9500,CANLINE INDUSTRIAL CORP.,0,GA16014E,40134,1.42,"{'"2024-12-20 09:55:00'"}","{'"2024-12-20 11:20:00'"}",98.95,1.05,1.05,GA16706E,LDPE(HMI),"",STANDARD,10,380,40/40,Aldrin Villacrusis,Julius Fundano,"{'"G40'": 4.0, '"L28'": 2.5, '"L37'": 1.75, '"LB2'": 7.5, '"B106'": 2.6, '"K907'": 21.65, '"LL12'": 10.0, '"5728AL;5735AL'": 50.0}","{170,170,170,170,160,160,160,160,160,160,150,150}",120,{98.95},69.6831,94490,100.0,{6138AL-6139AL},,,11,2025-02-27,2024-12-20 09:55:00,2000-12-20 11:20:00
612,5,500,484.4400,FORTUNE DARUMA MARKETING CORP. (FORMERLY MARLOCH),15269,WA11278E,39054,14.75,"{'"2024-05-10 10:15:00'",'"2024-05-10 18:00:00'"}","{'"2024-05-10 18:00:00'",'"2024-05-11 01:00:00'"}",96.741,16.32,3.259,WA14429E,RUBBER,"1. Z2 UNDER MAINTENANCE
2. MAHAHABA, DI NAPUPUTOL ANG STRAND",STANDARD,30,370,40/40,Edsel Mangarin,Julius Fundano,"{'"B81'": 2.5, '"L14'": 17.5, '"L39'": 25.0, '"W33'": 220.0, '"K910'": 67.5, '"LL36'": 167.5, '"18-7410AJ'": 0.76}","{160,160,160,160,160,150,150,150,150,160,160}",120,"{245,239.44}",32.8434,90852,500.76,"{5673AK-5676AK,5677AK}",,,15,2024-11-20,2024-05-10 10:15:00,2024-05-11 01:00:00
613,1,100,104.5600,TERUMO (PHILS.) CORPORATION,13092,WA14429E,39066,4.18,"{'"2024-05-11 03:00:00'",'"2024-05-11 04:00:00'",'"2024-05-11 05:00:00'",'"2024-05-11 06:00:00'",'"2024-05-11 07:00:00'"}","{'"2024-05-11 04:00:00'",'"2024-05-11 05:00:00'",'"2024-05-11 06:00:00'",'"2024-05-11 07:00:00'",'"2024-05-11 07:11:00'"}",95.4886,4.94,4.5114,WA12282E,PP,3mm x 3mm Pellet size,STANDARD,75,280,40/40,Arnel Rosario,Julius Fundano,"{'"W8'": 31.5, '"B81'": 0.0525, '"L19'": 2.1, '"L28'": 2.1, '"T-RESIN'": 69.2475, '"17-0578AJ'": 4.5}","{180,200,180,180,180,180,180,180,180,180,180}",129,"{25,25,25,25,4.56}",25.0144,90880,109.5,{5826AK},,,16,2024-11-20,2024-05-11 03:00:00,2024-05-11 07:11:00
614,5,5000,5122.5500,"PACKAGEWORLD, INC.",15192,WA12282E,38944,72.83,"{'"2024-05-11 10:00:00'",'"2024-05-11 18:00:00'",'"2024-05-13 19:10:00'",'"2024-05-14 06:00:00'",'"2024-05-14 18:00:00'",'"2024-05-15 06:00:00'",'"2024-05-15 18:00:00'"}","{'"2024-05-11 18:00:00'",'"2024-05-12 00:00:00'",'"2024-05-14 06:00:00'",'"2024-05-14 18:00:00'",'"2024-05-15 06:00:00'",'"2024-05-15 18:00:00'",'"2024-05-16 06:00:00'"}",98.5106,77.45,1.4894,WA13183E,RUBBER,"1. 09:20-10:00 RUN LDPE 25kg FOR BLOCK SPOT 
2. 4,340 = TOTAL",STANDARD,12,400,60/60,Aldrin Villacrusis,Julius Fundano,"{'"AO8'": 5.2, '"AO9'": 5.2, '"LL38'": 2485.6, '"LL41'": 1300.0, '"LL66'": 1248.0, '"WA15071E(5085AK)'": 6.0, '"WA15071E(9813AJ)'": 150.0}","{150,160,160,160,160,160,160,160,160,150,150}",95,"{520,780,700,780,780,780,782.55}",70.3357,90864,5200.0,"{5684AK-5703AK,5704AK}",,,11,2024-11-20,2024-05-11 10:00:00,2024-05-16 06:00:00
615,1,175,181.9000,"STAR PLASTIC PRODUCTS, INC.",14743,WA13183E,39087,2.5,"{'"2024-05-16 08:00:00'"}","{'"2024-05-16 10:30:00'"}",97.7064,4.27,2.2936,WA15190E,LDPE(HMI),"",STANDARD,8,280,40/40,Arnel Rosario,Julius Fundano,"{'"B81'": 0.525, '"L14'": 3.5, '"L38'": 3.5, '"W33'": 38.5, '"K907'": 81.725, '"LL12'": 47.25, '"18-7647AJ'": 2.35, '"FG-2975AK'": 8.82}","{180,100,110,110,170,160,160,160,160,180,180}",90,{181.9},72.76,90948,186.17,"{5940AK-5942AK,5943AK}",,,16,2024-11-20,2024-05-16 08:00:00,2024-05-16 10:30:00
616,5,5000,4936.1000,NMH PACKAGING PTE. LTD.,15117,WA15190E,39048,60.17,"{'"2024-05-16 12:00:00'",'"2024-05-16 18:00:00'",'"2024-05-17 06:30:00'",'"2024-05-17 13:00:00'",'"2024-05-20 07:00:00'",'"2024-05-20 13:00:00'",'"2024-05-21 06:40:00'",'"2024-05-21 13:00:00'",'"2024-05-22 06:40:00'"}","{'"2024-05-16 18:00:00'",'"2024-05-16 22:00:00'",'"2024-05-17 13:00:00'",'"2024-05-17 22:00:00'",'"2024-05-20 13:00:00'",'"2024-05-20 22:00:00'",'"2024-05-21 13:00:00'",'"2024-05-21 22:00:00'",'"2024-05-22 11:00:00'"}",98.722,63.9,1.278,WA1400E,PP,"1. 5/16/2024 @12:00-14:00 UNDER MAINTENANCE
2. 5/21/2024 @06:30-06:40 CHANGE SCREEN",STANDARD,10,400,60/60,Edsel Mangarin,Julius Fundano,"{'"W8'": 3000.0, '"AO8'": 5.0, '"AO9'": 5.0, '"L14'": 100.0, '"L38'": 100.0, '"PP8'": 750.0, '"PP14'": 1040.0}","{200,200,200,180,180,180,180,180,180,200,200}",80,"{340,340,552,765,510,765,535,766,363.1}",82.0359,90819,5000.0,{5536AK-5585AK},,,11,2024-11-20,2024-05-16 12:00:00,2024-05-22 11:00:00
617,5,1000,1018.1200,Allied Packaging Corporation,15251,WA1400E,39106,11.92,"{'"2024-05-22 12:20:00'",'"2024-05-22 13:00:00'",'"2024-05-22 16:20:00'",'"2024-05-23 06:45:00'",'"2024-05-23 12:15:00'"}","{'"2024-05-22 13:00:00'",'"2024-05-22 14:00:00'",'"2024-05-22 21:00:00'",'"2024-05-23 12:15:00'",'"2024-05-23 12:20:00'"}",99.0852,9.4,0.9148,WA15856E,LDPE(HMI),"1. HINDI MABILISAN, MATAAS ANG READING NG Z10, LAGI NAGPUPUTOL ANG STRAND
2. 14:00 UNDER MAINTENANCE, PRODUCTION STOP; 16:20 RESUME",STANDARD,10,400,60/60,Edsel Mangarin,Julius Fundano,"{'"W8'": 358.75, '"B81'": 0.615, '"L14'": 35.875, '"L38'": 20.5, '"LL6'": 440.135, '"K910'": 169.125, '"7-5339AK'": 2.52}","{170,170,170,170,160,160,160,150,150,150,150}",40,"{53,85,396,466,18.12}",85.4128,90969,1027.52,"{6003AK-6011AK,6012AK}",,,5,2024-11-20,2024-05-22 12:20:00,2024-05-23 12:20:00
618,5,100,109.2300,I TUNG PLASTIC MOULD ENGINEERING COMPANY,15245,WA15856E,39114,1.5,"{'"2024-05-23 14:30:00'"}","{'"2024-05-23 16:00:00'"}",98.4054,1.77,1.5946,WA13000E,LDPE(HMI),SHUT OFF - 16:00,STANDARD,120,380,40/40,Arjie Galgo,Julius Fundano,"{'"B81'": 0.126, '"L14'": 5.25, '"L38'": 5.25, '"LL6'": 36.75, '"W33'": 14.7, '"K910'": 42.924, '"FG-5227AK'": 6.0}","{170,170,170,170,160,160,160,160,160,150,150}",80,{109.23},72.82,90997,111.0,{6042AK},,,6,2024-11-20,2024-05-23 14:30:00,2024-05-23 16:00:00
619,5,1000,986.3000,"PREMIER CREATIVE PACKAGING, INC.",15175,WA13000E,39113,11.67,"{'"2024-05-24 07:20:00'",'"2024-05-25 06:00:00'"}","{'"2024-05-24 15:00:00'",'"2024-05-25 10:00:00'"}",98.63,13.7,1.37,WA2127E,LDPE(HMI),"",STANDARD,10,350,40/40,Edsel Mangarin,Julius Fundano,"{'"B81'": 0.3, '"L14'": 20.0, '"L38'": 20.0, '"LL6'": 250.0, '"W33'": 380.0, '"K910'": 329.7}","{170,170,170,170,160,160,160,160,150,150,150}",60,"{670,316.3}",84.5159,90998,1000.0,{6043AK-6052AK},,,8,2024-11-20,2024-02-04 07:20:00,2024-05-25 10:00:00
620,5,150,150.0000,CEBU HIQ MANUFACTURING CORPORATION,15019,WA2127E,39122,1.67,"{'"2024-05-25 11:00:00'"}","{'"2024-05-25 12:40:00'"}",94.5835,8.59,5.4165,WA16299E,LDPE(HMI),"",STANDARD,10,350,60/60,Edsel Mangarin,Julius Fundano,"{'"W8'": 72.85, '"B81'": 0.0775, '"L14'": 3.1, '"L38'": 3.1, '"K907'": 37.1225, '"LL12'": 38.75, '"19-1063AK'": 3.59}","{170,170,170,170,160,160,160,160,160,150,150}",1175,{150},89.8204,91014,158.59,"{6166AK,6167AK}",,,8,2024-11-20,2024-05-25 11:00:00,2024-05-25 12:40:00
621,8,50,49.1400,PCPC,12514,GA8074E,39656,0.75,"{'"2024-05-06 14:45:00'"}","{'"2024-05-06 15:30:00'"}",98.28,0.86,1.72,YA7418E,LDPE(HMI),"",STANDARD,10,380,40/40,Aldrin Villacrusis,Julius Fundano,"{'"W8'": 1.0, '"G22'": 0.38, '"L28'": 4.0, '"L37'": 4.0, '"K907'": 22.32, '"LL12'": 17.5, '"Y117'": 0.8}","{170,170,170,170,160,160,160,160,160,150,150,150}",120,{49.14},65.52,92613,50.0,{0438AL},,,11,2024-11-20,2024-05-06 14:45:00,2024-05-06 15:30:00
625,3,800,811.0500,Everbright Net & Twine,15582,IA1770E,39710,13.5,"{'"2024-09-14 19:00:00'",'"2024-09-16 07:30:00'"}","{'"2024-09-14 22:00:00'",'"2024-09-16 18:00:00'"}",98.8145,9.73,1.1855,IA19154E,LDPE(HMI),"9/16/2024 @06:35 NA NA-HEAT UP, DAHIL KINUHA PA ANG SUSI",STANDARD,16,35,60/60,Roselie Mapandi,Julius Fundano,"{'"C19'": 3.2800000000000002, '"L28'": 24.6, '"L37'": 28.7, '"LL6'": 439.52000000000004, '"O60'": 188.6, '"K907'": 135.3, '"23-9986AK'": 0.78}","{150,150,140,140,140,150,150}",100,"{165,646.05}",60.0778,92796,820.78,"{0977AL-1008AL,1009AL}",,,11,2024-11-20,2024-09-14 19:00:00,2024-09-16 18:00:00
626,5,6250,6173.3000,NMH PACKAGING PTE. LTD.,15606,WA15190E,39741,75.0,"{'"2024-09-24 15:00:00'",'"2024-09-24 21:00:00'",'"2024-09-25 06:00:00'",'"2024-09-25 18:00:00'",'"2024-09-26 06:00:00'",'"2024-09-26 18:00:00'",'"2024-09-27 06:00:00'"}","{'"2024-09-24 21:00:00'",'"2024-09-25 06:00:00'",'"2024-09-25 18:00:00'",'"2024-09-26 06:00:00'",'"2024-09-26 18:00:00'",'"2024-09-27 06:00:00'",'"2024-09-27 18:00:00'"}",98.7728,76.7,1.2272,WA17031E,PP,9/26/2024 @06:00-06:20 CHANGE SCREEN,STANDARD,10,400,60/60,Roselie Mapandi,Julius Fundano,"{'"W8'": 3750.0, '"AO8'": 6.25, '"AO9'": 6.25, '"L28'": 125.0, '"L37'": 125.0, '"PP8'": 937.5, '"PP11'": 1300.0}","{200,200,200,180,180,180,180,180,180,200,200}",90,"{510,680,1020,935,1020,935,1073.3}",82.3107,92890,6250.0,"{1272AL-1333AL,1334AL}",,,4,2024-11-21,2024-09-24 15:00:00,2024-09-27 18:00:00
627,5,100,106.4000,Heritage Plastic,15547,WA15135E,39649,1.42,"{'"2024-09-06 10:35:00'"}","{'"2024-09-06 12:00:00'"}",98.6647,1.44,1.3353,WA6195E,LDPE(HMI),"",STANDARD,10,280,60/60,Roselie Mapandi,Julius Fundano,"{'"B81'": 0.05, '"L28'": 2.0, '"L37'": 2.0, '"LL6'": 27.0, '"W33'": 21.0, '"W34'": 4.1, '"K907'": 43.85, '"FG-7020AK'": 7.84}","{170,170,170,170,160,160,160,160,150,150,160}",60,{106.4},74.9296,92621,107.84,"{0302AL,0303AL,0304AL}",,,3,2024-11-21,2024-09-06 10:35:00,2024-09-06 12:00:00
628,5,100,101.9700,Heritage Plastic,15549,WA6195E,39650,1.33,"{'"2024-09-06 13:00:00'"}","{'"2024-09-06 14:20:00'"}",95.4954,4.81,4.5046,NO PURGING,LDPE(HMI),"",STANDARD,8,300,60/60,Roselie Mapandi,Julius Fundano,"{'"L28'": 2.04, '"L37'": 2.04, '"LL6'": 28.05, '"W33'": 22.236, '"B101'": 2.04, '"K907'": 45.59400000000001, '"18-1148AH'": 4.15, '"22-3542AI'": 0.63}","{170,170,170,170,170,170,160,160,160,150,150}",0,{101.97},76.6692,92634,106.78,"{0306AL,0307AL,0308AL}",,,0,2024-11-21,2024-09-06 13:00:00,2024-09-06 14:20:00
629,5,7,7.0000,"TRADESPHERE INDUSTRIAL COMMODITIES, INC.",15488,WA6837E,39551,0.33,"{'"2024-09-04 10:30:00'"}","{'"2024-09-04 10:50:00'"}",100.0,0.0,0.0,WA13000E,LDPE(HMI),"",STANDARD,20,380,-,Roselie Mapandi,Julius Fundano,"{'"W8'": 0.84, '"B81'": 0.0056, '"L28'": 0.35, '"L37'": 0.35, '"P26'": 1.4, '"K907'": 0.7, '"LL48 POWDER'": 3.3544}","{170,170,170,170,170,170,160,160,160,150,150}",70,{7},21.2121,92500,7.0,{9722AK},,,4,2024-11-21,2024-09-04 10:30:00,2024-09-04 10:50:00
630,5,1000,959.3000,"PREMIER CREATIVE PACKAGING, INC.",15524,WA13000E,39613,9.58,"{'"2024-09-04 12:00:00'",'"2024-09-05 06:30:00'",'"2024-09-05 13:00:00'"}","{'"2024-09-04 17:00:00'",'"2024-09-05 09:05:00'",'"2024-09-05 15:00:00'"}",98.8419,11.24,1.1581,WA15856E,LDPE(HMI),09:05-12:00 STOP PRODUCTION,STANDARD,10,350,40/40,Edsel Mangarin,Julius Fundano,"{'"B81'": 0.28500000000000003, '"L28'": 19.0, '"L37'": 19.0, '"LL6'": 237.5, '"W33'": 361.0, '"K907'": 313.21500000000003, '"7726AK'": 20.54}","{170,170,170,170,160,160,160,160,150,150,150}",100,"{400,218,341.3}",100.1357,92475,970.54,"{0120AL-0128AL,0129AL}",,,5,2024-11-21,2024-09-04 12:00:00,2024-09-05 15:00:00
631,5,100,107.8200,I TUNG PLASTIC MOULD ENGINEERING COMPANY,14298,WA15856E,39627,1.75,"{'"2024-09-06 07:40:00'"}","{'"2024-09-06 09:25:00'"}",99.6212,0.41,0.3788,WA15135E,LDPE(HMI),"",STANDARD,8,300,40/40,Roselie Mapandi,Julius Fundano,"{'"B81'": 0.12, '"L28'": 5.0, '"L37'": 5.0, '"W33'": 14.0, '"K907'": 40.88, '"LL12'": 35.0, '"FG-8511AK'": 8.23}","{170,170,170,170,160,160,160,160,160,150,150}",70,{107.82},61.6114,92556,108.23,{9999AK},,,5,2024-11-21,2024-09-06 07:40:00,2024-09-06 09:25:00
633,5,25,28.2500,"TRADESPHERE INDUSTRIAL COMMODITIES, INC.",15488,WA6837E,39681,0.5,"{'"2024-09-11 17:30:00'"}","{'"2024-09-11 18:00:00'"}",94.1667,1.75,5.8333,WA12841E,HDPE(HMI),"OVER FLOW ON FEEDER PORT
CHANGE RPM(220); F-RATE(7-6)",STANDARD,7,350,-,Joel Miras,Julius Fundano,"{'"W8'": 3.6, '"B81'": 0.024, '"L28'": 1.5, '"L37'": 1.5, '"P26'": 6.0, '"K907'": 3.0, '"LL48 POWDER'": 14.376}","{170,170,170,170,170,170,160,160,160,150,150}",90,{28.25},56.5,92710,30.0,{0544AL},,,6,2024-11-21,2024-09-11 17:30:00,2024-09-11 17:00:00
634,5,500,504.4100,"PHIL-TOP INDUSTRIES, INC.",15559,WA12841E,39675,5.92,"{'"2024-09-11 19:30:00'"}","{'"2024-09-12 01:25:00'"}",98.0694,9.93,1.9306,WA6947E,LDPE(HMI),"",STANDARD,10,350,60/60,Arnel Rosario,Julius Fundano,"{'"B81'": 0.1212, '"L37'": 10.1, '"L38'": 10.1, '"W35'": 101.0, '"K907'": 196.8288, '"LL12'": 186.85, '"FG-7041AK'": 9.34}","{170,170,170,160,160,160,160,150,150,150,150}",155,{504.41},85.2044,92694,514.34,"{0664AL-0667AL,0668AL}",,,9,2024-11-21,2024-09-11 19:30:00,2024-09-12 01:25:00
635,5,2000,1963.0500,NMH PACKAGING PTE. LTD.,15552,WA15190E,39663,24.17,"{'"2024-09-12 19:00:00'",'"2024-09-13 06:00:00'",'"2024-09-13 12:00:00'",'"2024-09-13 18:00:00'"}","{'"2024-09-13 06:00:00'",'"2024-09-13 09:10:00'",'"2024-09-13 18:00:00'",'"2024-09-13 22:00:00'"}",98.1525,36.95,1.8475,WA15190E,PP,"05:00-06:00 BREAKTIME
9/13/2024 @09:10 STOP PRODUCTION, Z2 LOW TEMP. UNDER MAINTENANCE",STANDARD,10,380,60/60,Roselie Mapandi,Julius Fundano,"{'"W8'": 1200.0, '"AO8'": 2.0, '"AO9'": 2.0, '"L28'": 40.0, '"L37'": 40.0, '"PP8 POWDER'": 300.0, '"PP14 POWDER'": 416.0}","{200,200,200,180,180,180,180,180,180,200,200}",0,"{850,255,512,346.05}",81.2185,92734,2000.0,{0549AL-0568AL},,,0,2024-11-21,2024-09-12 19:00:00,2024-09-13 22:00:00
636,5,1000,1005.4000,"ATLANTA INDUSTRIES, INC.",15560,WA6947E,39678,13.5,"{'"2024-09-12 04:00:00'",'"2024-09-12 06:00:00'"}","{'"2024-09-12 06:00:00'",'"2024-09-12 17:30:00'"}",98.4123,16.22,1.5877,WA15190E,PP,02:00-03:00 BREAKTIME,STANDARD,12,380,40/40,Arnel Rosario,Julius Fundano,"{'"W8'": 406.0, '"I24'": 0.11165, '"L28'": 50.75, '"L37'": 35.525, '"Y86'": 0.203, '"FG-2117AK'": 6.62, '"PP14 POWDER'": 522.4103500000001}","{180,200,200,200,180,180,180,180,180,180,180}",90,"{150,855.4}",74.4741,92705,1021.62,"{0674AL-0683AL,0684AL}",,,8,2024-11-21,2024-09-12 04:00:00,2024-09-12 17:30:00
637,5,3000,2971.8400,GILVAN PACKAGING CORPORATION,15590,WA15123E,39719,33.17,"{'"2024-09-19 00:40:00'",'"2024-09-19 06:00:00'",'"2024-09-19 18:00:00'",'"2024-09-20 06:00:00'"}","{'"2024-09-19 06:00:00'",'"2024-09-19 18:00:00'",'"2024-09-20 06:00:00'",'"2024-09-20 09:50:00'"}",99.0613,28.16,0.9387,WA13183E,LDPE(HMI),"1. 9/19/2024 @02:00-03:00 BREAKTIME
2. TOTAL = 2,971.84",STANDARD,10,380,60/60,Edsel Mangarin,Julius Fundano,"{'"AO8'": 3.0, '"AO9'": 3.0, '"B81'": 15.0, '"L37'": 60.0, '"LL6'": 1149.0, '"W33'": 1770.0}","{170,170,170,174,160,160,160,150,150,160,160}",90,"{390,1164,1067,350.84}",89.5942,92814,3000.0,{1068AL-1097AL},,,5,2024-11-21,2024-09-19 00:40:00,2024-09-20 09:50:00
638,5,4250,4282.0000,NMH PACKAGING PTE. LTD.,15569,WA15190E,39663,53.33,"{'"2024-09-13 22:00:00'",'"2024-09-14 06:00:00'",'"2024-09-14 11:30:00'",'"2024-09-14 18:00:00'",'"2024-09-16 08:00:00'",'"2024-09-16 18:00:00'",'"2024-09-17 06:00:00'"}","{'"2024-09-14 06:00:00'",'"2024-09-14 08:30:00'",'"2024-09-14 18:00:00'",'"2024-09-15 06:00:00'",'"2024-09-16 18:00:00'",'"2024-09-17 06:00:00'",'"2024-09-17 08:20:00'"}",100.7529,-32.0,-0.7529,WA13183E,PP,"1. 9/14/2024 @08:30 PRODUCTION CUT, PROCCED TO WA2123E; 11:30 RESUME
2. 02:00-03:00 BREAKTIME
3. PPG - 55-58",STANDARD,10,380,60/60,Arnel Rosario,Julius Fundano,"{'"W8'": 2550.0, '"AO8'": 4.25, '"AO9'": 4.25, '"L28'": 85.0, '"L37'": 85.0, '"PP8'": 637.5, '"PP14'": 884.0}","{200,200,200,180,180,180,180,180,180,200,200}",90,"{595,215,552,935,850,935,200}",80.2925,92737,4250.0,"{0569AL-0610AL,0611AL}",,,6,2024-11-21,2024-09-13 22:00:00,2024-09-17 08:20:00
639,5,250,253.3200,"STAR PLASTIC PRODUCTS, INC.",15576,WA13183E,39693,2.5,"{'"2024-09-17 09:50:00'"}","{'"2024-09-17 12:20:00'"}",97.4308,6.68,2.5692,WA13183E,LDPE(HMI),"",STANDARD,8,280,40/40,Roselie Mapandi,Julius Fundano,"{'"B81'": 0.78, '"L28'": 5.2, '"L37'": 5.2, '"W35'": 57.2, '"K907'": 121.42, '"LL12'": 70.2}","{180,100,110,110,170,160,160,160,180,180}",80,{253.32},101.328,92767,260.0,"{0812AL-0813AL,0814AL}",,,7,2024-11-21,2024-09-17 09:50:00,2024-09-17 12:20:00
640,5,50,29.0000,"STAR PLASTIC PRODUCTS, INC.",15576,WA13183E,39693,0.5,"{'"2024-09-20 11:20:00'"}","{'"2024-09-20 11:50:00'"}",96.6667,1.0,3.3333,WA16973E,LDPE(HMI),"",STANDARD,8,280,40/40,Roselie Mapandi,Julius Fundano,"{'"B81'": 0.09, '"L28'": 0.6, '"L37'": 0.6, '"W35'": 6.6, '"K907'": 14.01, '"LL12'": 8.1}","{180,100,110,110,170,160,160,160,160,180,180}",110,{29},58.0,92847,30.0,{1022AL},,,10,2024-11-21,2024-09-20 11:20:00,2024-09-20 11:50:00
641,5,275,271.6000,"PHIL-TOP INDUSTRIES, INC.",15580,WA16973E,39703,3.67,"{'"2024-09-20 13:40:00'"}","{'"2024-09-20 17:20:00'"}",98.6954,3.59,1.3046,WA8512E,LDPE(HMI),"",STANDARD,20,380,40/40,Roselie Mapandi,Julius Fundano,"{'"B81'": 0.0208, '"L28'": 1.04, '"L37'": 1.04, '"W35'": 13.364, '"K907'": 22.50144, '"LL12'": 14.04, '"0956AL-0957AL'": 163.096, '"0957AL-0958AL'": 60.088}","{170,170,170,170,170,170,170,160,160,150,150}",100,{271.6},74.0054,92861,275.19,"{1159AL-1160AL,1161AL}",,,14,2024-11-21,2024-09-20 13:40:00,2024-09-20 17:20:00
642,5,100,107.5300,SANICON MANUFACTURING CORP.,15570,WA16299E,39698,1.33,"{'"2024-09-17 13:40:00'"}","{'"2024-09-17 15:00:00'"}",99.1974,0.87,0.8026,WA16973E,LDPE(HMI),"",STANDARD,10,380,40/40,Roselie Mapandi,Julius Fundano,"{'"B81'": 0.04, '"L28'": 5.0, '"L37'": 5.0, '"LL6'": 35.0, '"W33'": 17.0, '"K907'": 37.96, '"FG-8781AK'": 8.4}","{180,180,170,170,170,160,160,160,180,180}",90,{107.53},80.8496,92756,108.4,{0808AL},,,9,2024-11-21,2024-09-17 13:40:00,2024-09-17 15:00:00
643,5,250,257.5000,"PHIL-TOP INDUSTRIES, INC.",15580,WA16973E,39703,3.17,"{'"2024-09-17 16:30:00'",'"2024-09-17 18:00:00'"}","{'"2024-09-17 18:00:00'",'"2024-09-17 19:40:00'"}",97.1698,7.5,2.8302,WA2123E,LDPE(HMI),"",STANDARD,20,380,40/40,Edsel Mangarin,Julius Fundano,"{'"B81'": 0.0742, '"L28'": 5.3, '"L37'": 5.3, '"W35'": 68.10499999999999, '"K907'": 114.6708, '"LL12'": 71.55}","{170,170,170,170,170,170,160,160,160,150,150}",90,"{120,137.5}",81.2303,92784,265.0,"{0956AL-0957AL,0958AL}",,,6,2024-11-21,2024-09-17 16:30:00,2024-09-17 19:40:00
644,5,60,57.8000,KPC INTERNATIONAL CORPORATION,15581,WA2123E,39444,0.67,"{'"2024-09-14 09:45:00'"}","{'"2024-09-14 10:25:00'"}",96.3333,2.2,3.6667,WA15190,PP,"",STANDARD,10,350,60/60,Edsel Mangarin,Julius Fundano,"{'"W8'": 30.0, '"AO8'": 0.06, '"AO9'": 0.06, '"L28'": 1.2, '"L37'": 1.2, '"PP14'": 27.48}","{180,200,180,180,180,180,180,180,180,180,180}",65,{57.8},86.2687,92780,60.0,{0955AL},,,5,2024-11-21,2024-09-14 09:45:00,2024-09-14 10:25:00
645,8,500,446.7600,"EVEREST PLASTIC CONTAINERS IND., INC.",15618,GA4921E,39755,18.42,"{'"2024-09-27 21:00:00'"}","{'"2024-09-27 02:35:00'"}",99.28,3.24,0.72,GA8074E,LDPE(HMI),"",STANDARD,15,350,40/40,Arjie Galgo,Julius Fundano,"{'"G34'": 2.475, '"L28'": 13.5, '"L37'": 13.5, '"W35'": 44.775, '"Y89'": 14.85, '"K907'": 131.4, '"LL31'": 225.0, '"Y118'": 4.5}","{180,180,170,170,170,160,160,160,160,160,160,160}",90,{446.76},24.2541,92946,450.0,{1611AL-1619AL},,,6,2024-11-22,2024-09-27 21:00:00,2024-09-27 02:35:00
646,8,142,141.1800,"EVEREST PLASTIC CONTAINERS IND., INC.",0,GA16706E,39753,1.83,"{'"2024-09-30 18:45:00'"}","{'"2024-09-30 20:35:00'"}",99.3596,0.91,0.6404,BA9159E,LDPE(HMI),"",STANDARD,10,320,40/40,Aldrin Villacrusis,Julius Fundano,"{'"L28'": 0.19188000000000002, '"Y107'": 0.020714, '"1746AL'": 50.0, '"1747AL'": 50.0, '"1748AL'": 41.88}","{170,170,170,170,170,170,160,160,160,160,150,150}",145,{141.18},77.1475,93059,142.09,"{1788AL,1789AL,1790AL}",,,10,2024-11-22,2024-09-30 18:45:00,2024-09-30 20:35:00
647,8,125,129.9200,"EVEREST PLASTIC CONTAINERS IND., INC.",15615,GA16706E,39753,1.92,"{'"2024-09-27 17:30:00'",'"2024-09-27 18:00:00'"}","{'"2024-09-27 18:00:00'",'"2024-09-27 19:25:00'"}",98.7084,1.7,1.2916,GA4921E,LDPE(HMI),"",STANDARD,12,350,40/40,Arjie Galgo,Julius Fundano,"{'"C19'": 0.03175, '"G34'": 0.0635, '"L28'": 6.35, '"L37'": 6.35, '"W33'": 17.145, '"K907'": 52.292249999999996, '"LL12'": 44.45, '"Y107'": 0.3175, '"36-6393AK'": 4.62}","{170,170,170,170,170,170,160,160,160,160,150,150}",95,"{30,99.92}",67.6667,92932,131.62,"{1519AL-1520AL,1521AL}",,,7,2024-11-22,2024-09-27 17:30:00,2024-09-27 19:25:00
648,6,9.42,9.2000,"PHIL-TOP INDUSTRIES, INC.",0,BA17051E,39558,2.17,"{'"2024-08-17 09:48:00'"}","{'"2024-08-17 11:58:00'"}",97.6645,0.22,2.3355,NO PURGING,LDPE(HMI),"",STANDARD,10,400,-,Jowie Vasquez,Julius Fundano,"{'"B81'": 0.01404, '"C19'": 0.00047, '"L28'": 0.047, '"9584AK'": 9.36}","{160,170,160,160,160,0,160}",0,{9.2},4.2396,92320,9.42,{9711AK},,,0,2024-11-22,2024-08-17 09:48:00,2024-09-17 11:58:00
426,6,9.42,9.2000,"PHIL-TOP INDUSTRIES, INC.",0,BA17051E,39558,2.17,"{'"2024-08-17 09:48:00'"}","{'"2024-08-17 11:58:00'"}",97.6645,0.22,2.3355,NO PURING,LDPE(HMI),"",STANDARD,10,400,40/40,Joel Miras,Julius Fundano,"{'"B81'": 0.01404, '"C19'": 0.00047, '"L28'": 0.047, '"9584AK'": 9.36}","{160,170,160,160,160,160}",0,{9.2},4.2396,92320,9.42,{9711AK},,,0,2024-11-08,2024-08-17 09:48:00,2024-08-17 11:58:00
649,8,50,57.7000,HYATT PLASTIC,15624,OA4303E,39766,1.67,"{'"2024-09-27 13:50:00'"}","{'"2024-09-27 15:30:00'"}",95.2145,2.9,4.7855,GA16706E,LDPE(HMI),"1. VACUUM ON
2. LMI WITH DIESEL
3. OVER FLOW ON FEEDER PORT
4. RPM - 420-380; FRATE - 10-8",STANDARD,8,380,100/100,Aldrin Villacrusis,Julius Fundano,"{'"L28'": 2.2, '"L37'": 2.2, '"O56'": 5.5, '"W35'": 5.5, '"K907'": 9.9, '"LL12'": 22.0, '"Y120'": 7.7, '"FG-6019AK'": 5.6}","{180,180,170,170,170,160,160,160,160,160,150,150}",120,{57.7},34.5509,92962,60.6,"{1631AL,1632AL}",,,12,2024-11-22,2024-09-27 13:50:00,2024-09-27 15:30:00
650,8,325,325.0000,"EVEREST PLASTIC CONTAINERS IND., INC.",12185,BA5327E,39760,6.17,"{'"2024-09-30 08:50:00'",'"2024-09-30 13:00:00'"}","{'"2024-09-30 13:00:00'",'"2024-09-30 15:00:00'"}",97.4513,8.5,2.5487,GA16706E,LDPE(HMI),LMI WITH DIESEL,STANDARD,11,300,40/40,Roselie Mapandi,Julius Fundano,"{'"W8'": 4.98, '"B37'": 66.4, '"B89'": 0.996, '"L28'": 16.6, '"L37'": 16.6, '"V50'": 1.1620000000000001, '"K907'": 109.062, '"LL31'": 116.2, '"19-5930AK'": 1.5}","{170,170,170,170,160,160,160,160,160,160,150,150}",120,"{216,109}",52.6742,92974,333.5,"{1522AL-1527AL,1665AL}",,,15,2024-11-22,2024-09-30 08:50:00,2024-09-30 15:00:00
293,8,100,106.6400,Incon Industrial Corporation,15344,KA8595E,39347,2.17,"{'"2024-07-09 10:00:00'"}","{'"2024-07-09 12:10:00'"}",98.0417,2.13,1.9583,BA9159E,PP,12:00-13:00 BREAKTIME,STANDARD,8,200,40/40,Roselie Mapandi,Julius Fundano,"{'"W8'": 12.75, '"L25'": 4.25, '"FM11'": 1.9549999999999998, '"FP21'": 1.9549999999999998, '"K910'": 21.25, '"R115'": 0.16999999999999998, '"9893AJ'": 23.77, '"PP14 POWDER'": 42.67}","{170,170,170,170,170,170,170,170,170,170,175,175}",860,{106.64},49.1429,91597,108.77,"{7777AK,7778AK,7779AK-7780AK}",,,9,2024-11-05,2024-07-09 10:00:00,2024-07-09 12:10:00
651,8,125,128.4800,EVERSTRONG HELMET MANUFACTURING CORP.,15619,BA17296E,39754,2.0,"{'"2024-09-28 02:20:00'",'"2024-09-30 05:00:00'"}","{'"2024-09-28 03:00:00'",'"2024-09-30 06:20:00'"}",97.3333,3.52,2.6667,BA5327E,LDPE(HMI),"1. RELIVER MC#3 03:-04:00
2. 04:00-05:00 BREAKTIME",STANDARD,20,380,40/40,Roselie Mapandi,Julius Fundano,"{'"B89'": 7.128, '"C19'": 0.066, '"L28'": 6.6, '"L37'": 6.6, '"V50'": 3.168, '"B108'": 27.72, '"K907'": 34.518, '"LL12'": 46.2}","{170,170,170,170,170,170,160,160,160,160,150,150}",90,"{100,28.48}",64.24,92953,132.0,"{1623AL-1624AL,1625AL}",,,6,2024-11-23,2024-09-28 02:20:00,2024-09-30 06:20:00
652,8,125,127.1900,PLASTIC CONTAINER PACKAGING CORP,15626,GA8074E,39773,1.58,"{'"2024-09-28 04:05:00'"}","{'"2024-09-28 05:40:00'"}",99.3672,0.81,0.6328,GA12411E,LDPE(HMI),"",STANDARD,12,350,40/40,Arjie Galgo,Julius Fundano,"{'"W8'": 2.56, '"G34'": 0.735, '"G39'": 0.4028, '"L28'": 10.24, '"L37'": 10.24, '"LL6'": 44.8, '"K907'": 57.0254, '"Y117'": 1.9968}","{170,170,170,170,160,160,160,160,150,150,150,150}",90,{127.19},80.5,92988,128.0,"{1622AL,1680AL,1681AL}",,,5,2024-11-23,2024-09-28 04:05:00,2024-09-28 05:40:00
653,8,500,528.7800,GENSTAR MANUFACTURING CORP.,0,GA12411E,39724,8.73,"{'"2024-09-28 07:10:00'",'"2024-09-28 13:00:00'"}","{'"2024-09-28 13:00:00'",'"2024-09-28 15:54:00'"}",99.279,3.84,0.721,BA15002E,PP,"1. VACUUM ON
2. KUMUKULAY SA TUBIG
3. LMI WITH DIESEL",STANDARD,9,350,40/40,Aldrin Villacrusis,Julius Fundano,"{'"C19'": 0.08516599999999999, '"G34'": 0.94737, '"G40'": 0.6495, '"L28'": 1.330725, '"L37'": 0.9581219999999999, '"Y98'": 14.37183, '"1149AL'": 15.005, '"PP6 POWDER'": 8.271787, '"1138AL-1149AL'": 285.0, '"1150AL-1158AL'": 206.0}","{200,200,180,180,180,180,180,180,180,180,185,185}",121,"{351,177.78}",60.5704,93029,532.62,"{1643AL-1654AL,1655AL-1662AL,1663AL}",,,13,2024-11-23,2024-09-28 07:10:00,2024-09-28 15:54:00
654,8,50,56.6000,MC BRIDE CORPORATION,12925,BA15002E,39767,2.5,"{'"2024-09-28 17:55:00'"}","{'"2024-09-28 20:25:00'"}",94.3333,3.4,5.6667,BA12861E,PET,PPG 115,STANDARD,6,200,40/40,Arjie Galgo,Julius Fundano,"{'"B93'": 0.72, '"V41'": 1.044, '"LL60 POWDER'": 58.236}","{220,220,220,220,220,220,220,220,220,220,220,220}",125,{56.6},22.64,92927,60.0,"{1494AL,1495AL}",,,12,2024-11-23,2024-09-28 17:55:00,2024-09-28 20:25:00
655,8,125,131.0000,"AG CANPRINT, INC.",15617,BA12861E,39752,2.33,"{'"2024-09-28 22:30:00'"}","{'"2024-09-29 00:50:00'"}",98.4962,2.0,1.5038,BA17296E,PP,"",STANDARD,6.5,330,40/40,Roselie Mapandi,Julius Fundano,"{'"B37'": 39.0, '"L28'": 6.5, '"L37'": 4.55, '"V50'": 0.7280000000000001, '"W35'": 1.95, '"B106'": 0.9099999999999999, '"K907'": 24.362, '"10-8005AK'": 3.0, '"PP6 POWDER'": 52.0}","{200,200,190,190,180,180,180,180,180,180,190,190}",90,{131},56.2232,92941,133.0,"{1560AL-1563AL,1564AL}",,,7,2024-11-23,2024-09-28 22:30:00,2024-09-29 00:50:00
656,3,105.55,102.3500,EVERGOOD PLASTIC INDUSTRY INC.,15487,RA2508E,39775,1.63,"{'"2024-09-30 19:00:00'"}","{'"2024-09-30 20:38:00'"}",98.2623,1.81,1.7377,OA7922E,LDPE(HMI),"",STANDARD,9,40,60/60,Joel Miras,Julius Fundano,"{'"L28'": 2.0, '"L37'": 2.1, '"LL6'": 19.5, '"W33'": 0.93, '"K907'": 20.12, '"R116'": 0.0555, '"R130'": 3.95, '"7383AK'": 55.5}","{160,140,140,150,150,150,150}",117,{102.35},62.7914,93003,104.16,{1702AL-1703AL},,,19,2024-11-23,2024-09-30 19:00:00,2024-09-30 20:38:00
657,3,500,500.0000,EVERGOOD PLASTIC INDUSTRY INC.,15487,RA2508E,39775,8.83,"{'"2024-09-30 10:10:00'",'"2024-09-30 18:00:00'"}","{'"2024-09-30 18:00:00'",'"2024-09-30 19:00:00'"}",98.0392,10.0,1.9608,RA2508E,LDPE(HMI),OVER FLOW ON FEEDER/VENT PORT,STANDARD,9,40,60/60,Arnel Rosario,Julius Fundano,"{'"L28'": 20.4, '"L37'": 21.419999999999998, '"LL6'": 198.9, '"W33'": 9.485999999999999, '"K907'": 205.22400000000002, '"R116'": 14.28, '"R130'": 40.29}","{160,140,140,150,150,150,150}",0,"{440,60}",56.6251,93007,510.0,"{1704AL-1712AL,1713AL,1714AL}",,,0,2024-11-23,2024-09-30 10:10:00,2024-09-30 19:00:00
658,3,50,53.9000,GILVAN PACKAGING CORPORATION,15637,OA7922E,39779,0.92,"{'"2024-09-30 22:35:00'"}","{'"2024-09-30 23:30:00'"}",95.196,2.72,4.804,OA8984E,HDPE(HMI),"",STANDARD,10,36,40/40,Joel Miras,Julius Fundano,"{'"L28'": 2.4, '"L37'": 1.6800000000000002, '"O55'": 3.456, '"W33'": 0.9792000000000001, '"Y98'": 2.4, '"K907'": 20.284799999999997, '"FG-7629AK'": 8.62, '"LL48 POWDER'": 16.8}","{180,170,160,150,150,150,160}",90,{53.9},58.587,93017,56.62,"{1715AL,1716AL}",,,14,2024-11-23,2024-08-30 22:35:00,2024-09-30 23:30:00
659,3,75,75.6600,"EVEREST PLASTIC CONTAINERS IND., INC.",15528,RA4665E,39764,1.17,"{'"2024-09-30 07:30:00'"}","{'"2024-09-30 08:40:00'"}",94.575,4.34,5.425,RA2508E,LDPE(HMI),"",STANDARD,12,25,80/80,Arnel Rosario,Julius Fundano,"{'"L28'": 4.0, '"L37'": 4.0, '"W33'": 1.6, '"K907'": 22.832, '"LL31'": 40.0, '"R110'": 3.44, '"R117'": 0.048, '"R124'": 4.08}","{150,130,130,150,150,150,150}",90,{75.66},64.6667,92949,80.0,"{1620AL,1621AL}",,,9,2024-11-23,2024-09-30 07:30:00,2024-09-30 08:40:00
660,3,6500,6365.0000,SAN MIGUEL YAMAMURA PACKAGING CORPORATION,15473,RA12739E,39756,91.97,"{'"2024-09-25 09:22:00'",'"2024-09-25 18:00:00'",'"2024-09-26 06:00:00'",'"2024-09-26 18:00:00'",'"2024-09-27 06:00:00'",'"2024-09-27 18:00:00'",'"2024-09-28 06:00:00'",'"2024-09-28 18:00:00'"}","{'"2024-09-25 18:00:00'",'"2024-09-26 06:00:00'",'"2024-09-26 18:00:00'",'"2024-09-27 06:00:00'",'"2024-09-27 18:00:00'",'"2024-09-28 06:00:00'",'"2024-09-28 18:00:00'",'"2024-09-29 05:20:00'"}",97.1756,185.0,2.8244,RA4665E,LDPE(HMI),"TOTAL = 6,473.98",STANDARD,10,32,40/40,Arnel Rosario,Julius Fundano,"{'"L28'": 131.0, '"L37'": 524.0, '"LL6'": 1310.0, '"V50'": 32.75, '"K907'": 3163.65, '"LL52'": 982.5, '"R122'": 144.1, '"R129'": 262.0}","{150,150,140,140,140,150,160}",90,"{620,792,865,795,865,865,805,758}",69.2074,92924,6550.0,{1362AL-1492AL},,,0,2024-11-23,2024-09-25 09:22:00,2024-09-28 06:00:00
661,5,375,377.4900,METRO CONTAINER CORPORATION,15620,WA17031E,39770,4.33,"{'"2024-09-27 19:30:00'"}","{'"2024-09-27 23:50:00'"}",98.6283,5.25,1.3717,NO PURGING,PP,"",STANDARD,15,300,40/40,Roselie Mapandi,Julius Fundano,"{'"B81'": 0.45599999999999996, '"L28'": 7.6, '"L37'": 7.6, '"V50'": 0.0076, '"W35'": 133.0, '"K907'": 117.3364, '"22-9568AK'": 2.74, '"PP14 POWDER'": 114.0}","{220,220,220,210,210,200,200,200,200,180,180}",0,{377.49},87.1801,92957,382.74,"{1626AL-1628AL,1629AL}",,,0,2024-11-23,2024-09-27 19:30:00,2024-09-27 23:50:00
662,8,500,470.0000,EVERGOOD PLASTIC INDUSTRY INC.,15614,YA5124E,39750,6.25,"{'"2024-09-25 11:15:00'"}","{'"2024-09-25 17:30:00'"}",98.9474,5.0,1.0526,YA5124E,LDPE(HMI),"",STANDARD,24,380,40/40,Aldrin Villacrusis,Julius Fundano,"{'"L28'": 14.25, '"L37'": 33.25, '"LL6'": 166.25, '"O56'": 6.6499999999999995, '"W35'": 59.375, '"Y89'": 47.5, '"K907'": 147.725}","{200,200,170,170,170,170,160,160,160,160,150,150}",0,{470},75.2,92920,475.0,"{1349AL-1357AL,1358AL}",,,0,2024-11-23,2024-09-25 11:15:00,2024-09-25 17:30:00
663,8,3.17,2.7800,"EVEREST PLASTIC CONTAINERS IND., INC.",0,YA16164E,39534,0.08,"{'"2024-09-25 09:10:00'"}","{'"2024-09-25 09:15:00'"}",87.6972,0.39,12.3028,YA4178E,LDPE(HMI),"",STANDARD,12,300,40/40,Aldrin Villacrusis,Julius Fundano,"{'"L28'": 0.013584, '"L37'": 0.031696, '"W33'": 0.13584, '"Y98'": 0.004245, '"LL31'": 0.15848, '"0539AL'": 2.83}","{170,170,170,160,160,160,150,150,150,150,150,150}",120,{2.78},34.75,92906,3.17,{1347AL},,,15,2024-11-23,2024-09-25 09:10:00,2024-09-25 09:15:00
664,8,25,23.7300,"EVEREST PLASTIC CONTAINERS IND., INC.",15469,YA16164E,39534,0.5,"{'"2024-09-25 08:40:00'"}","{'"2024-09-25 09:10:00'"}",94.92,1.27,5.08,YA16164E,LDPE(HMI),"",STANDARD,8,250,40/40,Aldrin Villacrusis,Julius Fundano,"{'"L28'": 0.75, '"L37'": 1.75, '"W33'": 7.5, '"Y98'": 0.235, '"K907'": 5.955, '"LL31'": 8.75, '"Y107'": 0.06}","{170,170,170,160,160,160,150,150,150,150,150,150}",0,{23.73},47.46,92903,25.0,{1023AL},,,0,2024-11-23,2024-09-25 08:40:00,2024-09-25 09:10:00
442,9,5000,4567.0000,"PACKAGEWORLD, INC.",15433,WA12282E,39460,45.88,"{'"2024-08-07 11:30:00'",'"2024-08-07 18:00:00'",'"2024-08-07 22:00:00'",'"2024-08-08 06:00:00'",'"2024-08-08 13:00:00'",'"2024-08-08 22:00:00'",'"2024-08-09 08:00:00'",'"2024-08-09 13:00:00'"}","{'"2024-08-07 18:00:00'",'"2024-08-07 22:00:00'",'"2024-08-08 06:00:00'",'"2024-08-08 13:00:00'",'"2024-08-08 22:00:00'",'"2024-08-09 01:38:00'",'"2024-08-09 13:00:00'",'"2024-08-09 15:45:00'"}",91.34,433.0,8.66,NO PURGING,LDPE(HMI),"1. 14:00 PROD. STOP, CHANGE PELLETIZER @14:30 RESUME
2. 01:45 SHUT OFF - GEAR BOX OIL LEAK
3. 8/13/2024 PURGING & CHANGE SCREEN @ 06:50-07:50",STANDARD,25,380,60/60,Arnel Rosario,Julius Fundano,"{'"AO8'": 5.0, '"AO9'": 5.0, '"LL36'": 1250.0, '"LL38'": 2390.0, '"LL66'": 1200.0, '"WA15071E(5086AK)'": 150.0}","{160,160,160,160,150,150,150,150,150,160,160}",0,"{625,400,800,700,900,353,500,289}",99.5423,92002,5000.0,{8873AK-8922AK},,,0,2024-11-09,2024-08-07 11:30:00,2000-01-01 00:00:00
667,8,2025,2020.4400,SAN MIGUEL YAMAMURA PACKAGING CORPORATION,15599,GA1225E,39726,28.17,"{'"2024-09-23 17:20:00'",'"2024-09-23 18:00:00'",'"2024-09-24 06:00:00'",'"2024-09-24 18:00:00'"}","{'"2024-09-23 18:00:00'",'"2024-09-24 06:00:00'",'"2024-09-24 18:00:00'",'"2024-09-24 21:30:00'"}",99.7748,4.56,0.2252,GA8074E,LDPE(HMI),"",STANDARD,6.5,420,40/40,Arnel Rosario,Julius Fundano,"{'"C19'": 1.7415, '"G34'": 46.575, '"L28'": 60.75, '"L37'": 60.75, '"LL6'": 708.75, '"W35'": 40.5, '"K907'": 1065.4334999999999, '"Y124'": 40.5}","{200,200,200,200,170,170,170,170,170,170,180,180}",120,"{45,825,900,250.44}",71.7231,92887,2025.0,"{1231AL-1270AL,1271AL}",,,9,2024-11-25,2024-09-23 17:20:00,2024-09-24 21:30:00
668,8,50,51.9000,ALPHATECH DEVELOPMENT CORPORATION,15591,GA8074E,39749,0.58,"{'"2024-09-24 23:30:00'"}","{'"2024-09-25 00:05:00'"}",97.9245,1.1,2.0755,WA8827E,LDPE(HMI),01:00-02:00 BREAKTIME,STANDARD,1.2,250,40/40,Arnel Rosario,Julius Fundano,"{'"W8'": 1.06, '"G39'": 0.4028, '"L28'": 4.24, '"L37'": 4.24, '"LL6'": 18.55, '"K907'": 23.6804, '"Y117'": 0.8268}","{170,170,170,170,160,160,160,160,160,150,150,150}",175,{51.9},89.4828,92911,53.0,{1348AL},,,14,2024-11-25,2024-09-24 23:30:00,2024-09-25 00:05:00
669,3,500,511.5200,SPI CORPORATION,13416,RA12372E,39740,7.17,"{'"2024-09-23 14:50:00'"}","{'"2024-09-23 22:00:00'"}",99.1702,4.28,0.8298,RA12739E,LDPE(HMI),13:25-14:50 WAITING FOR COMPOUNDED,STANDARD,8.5,260,60/60,Roselie Mapandi,Julius Fundano,"{'"L28'": 25.5, '"L37'": 25.5, '"O55'": 5.61, '"V50'": 11.22, '"K907'": 238.17, '"LL12'": 204.0, '"FG-6709AK'": 5.8}","{150,150,140,140,150,150,150}",82,{511.52},71.3417,92883,515.8,"{1220AL-1229AL,1230AL}",,,13,2024-11-25,2024-09-23 14:50:00,2024-09-23 22:00:00
670,5,5000,5029.0400,Amazon Mfg. Corp.,15565,WA8512E,39684,67.58,"{'"2024-09-20 19:00:00'",'"2024-09-21 06:00:00'",'"2024-09-21 18:00:00'",'"2024-09-23 07:20:00'",'"2024-09-23 07:30:00'",'"2024-09-24 06:00:00'"}","{'"2024-09-21 06:00:00'",'"2024-09-21 18:00:00'",'"2024-09-22 05:00:00'",'"2024-09-23 18:00:00'",'"2024-09-24 06:00:00'",'"2024-09-24 06:25:00'"}",98.6086,70.96,1.3914,WA16245E,LDPE(HMI),9/23/2024 06:50-07:20 CHANGE SCREEN,STANDARD,10,380,40/40,Edsel Mangarin,Julius Fundano,"{'"L28'": 255.0, '"L37'": 178.5, '"LL6'": 1785.0, '"U11'": 765.0, '"K907'": 2116.5}","{160,160,160,180,160,160,160,150,150,150}",95,"{930,1116,1023,992,933,35.04}",74.4161,92717,5100.0,{0689AL-0739AL},,,13,2024-11-25,2024-09-20 19:00:00,2024-09-24 06:25:00
671,8,50,53.2900,"ZELLER PLASTIK PHILIPPINES, INC.",15602,BA9080E,39727,1.08,"{'"2024-09-23 14:45:00'"}","{'"2024-09-23 15:50:00'"}",96.8909,1.71,3.1091,GA1225E,PP,"",STANDARD,8,200,40/40,Aldrin Villacrusis,Julius Fundano,"{'"B89'": 0.6599999999999999, '"L14'": 2.75, '"L28'": 2.75, '"V50'": 0.1375, '"K907'": 5.5, '"PP6 POWDER'": 43.2025}","{180,200,180,180,180,180,180,180,180,180,185,185}",90,{53.29},49.3426,92869,55.0,"{1170AL,1171AL}",,,8,2024-11-25,2024-09-23 14:45:00,2024-09-23 15:50:00
672,8,200,204.5000,"ZELLER PLASTIK PHILIPPINES, INC.",15603,GA4352E,39728,4.08,"{'"2024-09-23 09:10:00'"}","{'"2024-09-23 13:15:00'"}",97.4227,5.41,2.5773,BA9080E,PP,"",STANDARD,9,250,40/40,Aldrin Villacrusis,Julius Fundano,"{'"G22'": 2.52, '"L28'": 6.0, '"L37'": 6.0, '"K907'": 40.0, '"Y107'": 0.64, '"36-6383AK'": 3.81, '"FG-8830AK'": 6.1, '"PP14 POWDER'": 144.84}","{180,200,180,180,180,180,180,180,180,180,185,185}",90,{204.5},50.1225,92871,209.91,"{1162AL-1168AL,1169AL}",,,6,2024-11-25,2024-09-23 09:10:00,2024-09-23 13:15:00
673,3,100,104.8700,I TUNG PLASTIC MOULD ENGINEERING COMPANY,14672,RA16016E,39742,1.42,"{'"2024-09-23 10:45:00'"}","{'"2024-09-23 12:10:00'"}",98.101,2.03,1.899,RA12372E,LDPE(HMI),"",STANDARD,8.5,22,40/40,Joel Miras,Julius Fundano,"{'"I24'": 0.8160000000000001, '"L28'": 5.1, '"L37'": 5.1, '"W33'": 1.53, '"K907'": 51.193799999999996, '"LL12'": 35.7, '"R115'": 2.295, '"Y116'": 0.2652, '"3-0354AK'": 4.9}","{150,150,120,120,130,140,150}",75,{104.87},73.8521,92898,106.9,"{1335AL,1336AL,1337AL}",,,12,2024-11-25,2024-09-23 10:45:00,2024-09-23 12:10:00
330,8,50,54.1000,"MILLERS PACKAGING MANUFACTURING COMPANY, INC.",15414,RA11649E,39442,2.5,"{'"2024-07-30 09:10:00'",'"2024-07-30 10:30:00'"}","{'"2024-07-30 10:30:00'",'"2024-07-30 11:40:00'"}",93.437,3.8,6.563,KA2871E,PP,"1. VACUUM ON - LESS 5 DEGRE CELSIUS
2. HINDI MABILISAN DAHIL BASA AT MAGASPANG",STANDARD,6.5,230,60/60,Aldrin Villacrusis,Julius Fundano,"{'"L37'": 2.65, '"L38'": 4.24, '"K907'": 7.95, '"R110'": 4.24, '"R116'": 9.01, '"PP6 POWDER'": 24.91, '"FG-3-3342AK'": 4.9}","{175,195,175,175,175,175,175,175,175,175,175,175}",120,"{0,54.1}",21.64,91898,57.9,"{8679AK,8680AK}",,,11,2024-11-06,2024-07-30 09:10:00,2024-07-30 11:40:00
674,3,1011.68,1002.7200,"EVEREST PLASTIC CONTAINERS IND., INC.",0,RA4665E,39132,14.5,"{'"2024-09-01 01:00:00'",'"2024-09-02 07:30:00'"}","{'"2024-09-01 06:00:00'",'"2024-09-02 17:00:00'"}",99.1143,8.96,0.8857,BA4756E,LDPE(HMI),"1. 02:00-03:00 BREAKTIME
2. 9/2/2024 HEAT UP, @06:50 NA NA-HEAT UP, DAHIL LATE ANG KUMUHA NG SUSI (NONOY)",STANDARD,11,25,80/80,Arnel Rosario,Julius Fundano,"{'"L37'": 38.9108, '"9322AJ'": 50.0, '"FG-8527AK'": 23.0, '"6222AK-6223AK'": 100.0, '"6226AK-6241AK'": 774.58, '"FG-9320AJ,9322AJ'": 25.19}","{150,130,130,140,140,150,150}",120,"{295,707.72}",69.1531,92481,1011.68,{0136AL-0155AL},,,17,2024-11-27,2024-09-01 01:00:00,2024-09-02 17:00:00
675,3,250,254.1300,EVERGOOD PLASTIC INDUSTRY INC.,0,BA4756E,39621,3.58,"{'"2024-09-08 01:00:00'"}","{'"2024-09-08 04:35:00'"}",97.7799,5.77,2.2201,BA17051E,LDPE(HMI),"",STANDARD,2.3,28,40/40,Joel Miras,Julius Fundano,"{'"L38'": 0.777, '"V42'": 0.05957, '"V49'": 0.05957, '"0183AL-0188AL'": 259.0}","{150,150,140,140,130,130,150}",120,{254.13},70.986,92643,259.9,{0511AL-0515AL},,,21,2024-11-27,2024-09-08 01:00:00,2024-09-08 04:35:00
676,3,250,259.0000,EVERGOOD PLASTIC INDUSTRY INC.,15533,BA4756E,39621,5.22,"{'"2024-09-02 19:00:00'"}","{'"2024-09-03 00:13:00'"}",99.0061,2.6,0.9939,WA6365E,LDPE(HMI),"1. OVER FLOW ON FEEDER; VENT & VACUUM
2. CHANGE F-RATE 8.5-6; RPM 25-40",STANDARD,6,38,40/40,Joel Miras,Julius Fundano,"{'"L37'": 7.8, '"L38'": 7.8, '"V42'": 0.611, '"V49'": 0.611, '"W33'": 17.16, '"B101'": 3.9, '"B106'": 6.239999999999999, '"K907'": 124.878, '"LL12'": 91.0, '"35-6865AK'": 1.6}","{150,150,150,130,130,140,140}",107,{259},49.6169,92519,261.6,"{0183AL-0186AL,0187AL,0188AL}",,,20,2024-11-27,2024-09-02 19:00:00,2024-09-03 00:13:00
712,8,50,48.1500,"SUAREZ METAPLAS INDUSTRIES, INC.",12727,GA2595E,39661,1.92,"{'"2024-09-09 09:40:00'"}","{'"2024-09-09 11:35:00'"}",96.3,1.85,3.7,CA17279E,PET,"",STANDARD,8,200,40/40,Aldrin Villacrusis,Julius Fundano,"{'"B93'": 0.83125, '"Y121'": 0.21375, '"3304AK'": 2.5, '"LL60(POWDER)'": 46.455}","{230,230,220,220,220,220,220,220,220,220,225,225}",115,{48.15},25.0781,92671,50.0,{0488AL-0489AL},,,10,2024-11-29,2024-09-09 09:40:00,2024-09-09 11:35:00
677,3,375,475.2000,PHILPLAST MFG. CORP. (FORMER EMPIRE PLASTIC),15527,WA6365E,39615,7.92,"{'"2024-09-03 03:00:00'",'"2024-09-04 06:40:00'"}","{'"2024-09-03 06:00:00'",'"2024-09-04 11:35:00'"}",123.8209,-91.42,-23.8209,BA9550E,LDPE(HMI),"1. CHANGE RPM 25-10; F-RATE 6.5
2. HINDI MABILISAN, LAGI NAG A-ALARM
3. MALUTONG ANG STRAND
4. AUTO ALARM, HIGH AMP.",STANDARD,6,8,60/60,Arnel Rosario,Julius Fundano,"{'"B81'": 8.404, '"L28'": 7.64, '"L37'": 7.64, '"W33'": 83.27600000000001, '"K907'": 169.99, '"LL12'": 105.05, '"29-120AJ'": 1.78}","{150,150,150,140,140,150,150}",120,"{130,345.2}",60.0,92502,383.78,"{0174AL-0176AL,0177AL}",,,9,2024-11-27,2024-09-03 03:00:00,2024-09-04 11:35:00
678,3,50,54.0700,H&E MANUFACTURING CORPORATION,15537,BA9550E,39626,1.08,"{'"2024-09-04 13:35:00'"}","{'"2024-09-04 14:40:00'"}",95.0097,2.84,4.9903,BA9094E,PP,"",STANDARD,6.7,22,40/40,Arnel Rosario,Julius Fundano,"{'"W8'": 3.71, '"B78'": 0.2385, '"G22'": 0.1961, '"L28'": 2.65, '"L37'": 2.65, '"K907'": 10.6, '"21-8371AK'": 3.91, '"PP14 POWDER'": 32.9554}","{180,200,180,180,180,180,180}",40,{54.07},50.0648,92555,56.91,"{0310AL,0311AL}",,,6,2024-11-27,2024-09-04 13:35:00,2024-09-04 14:40:00
679,3,6,5.1000,"ZELLER PLASTIK PHILIPPINES, INC.",15494,BA9094E,39603,0.33,"{'"2024-09-04 15:20:00'"}","{'"2024-09-04 15:40:00'"}",85.0,0.9,15.0,BA2103E,PP,"",STANDARD,8,25,40/40,Edsel Mangarin,Julius Fundano,"{'"B89'": 0.018, '"L28'": 0.3, '"L37'": 0.3, '"B107'": 0.0018, '"K907'": 1.2, '"PP14 POWDER'": 4.1802}","{180,200,180,180,180,180,180}",100,{5.1},15.4545,92572,6.0,{0286AL},,,9,2024-11-27,2024-09-04 15:20:00,2024-09-04 15:40:00
1117,8,450,413.7300,CANLINE INDUSTRIAL CORP.,0,GA16014E,40134,5.92,"{'"2024-12-19 18:00:00'",'"2024-12-20 07:00:00'"}","{'"2024-12-19 21:00:00'",'"2024-12-20 09:55:00'"}",91.94,36.27,8.06,0,LDPE(HMI),"SHUT OFF  FOR B-TIME

2100-2000
12/19/24

12/20/24
HEAT UP	",STANDARD,10,280,40/40,Arjie Galgo,Julius Fundano,"{'"6137AL(12)'": 25.0, '"6137AL(20)'": 25.0, '"6136AL(1-3)'": 75.0, '"6136AL(4-6)'": 75.0, '"6136AL(7-11)'": 125.0, '"6137AL(13-17)'": 125.0}","{170,170,170,170,160,160,160,160,160,160,150,150}",0,"{210,203.73}",69.8868,94499,450.0,"{6151AL,6152AL}",,,0,2025-02-27,2024-12-19 18:00:00,2024-12-20 09:55:00
680,3,500,498.5600,"MOLDEX PRODUCTS, INC.",15544,BA2103E,39634,9.75,"{'"2024-09-05 07:40:00'",'"2024-09-05 11:20:00'"}","{'"2024-09-05 10:00:00'",'"2024-09-05 18:45:00'"}",97.4073,13.27,2.5927,BA7861E,HDPE(HMI),"1. 08:15 AUTO ALARM
2. CHANGE F-RATE 8.6; RPM 22/25
3. NO OVER SIZE
4. 10:00 PRODUCTION STOP, WALANG HANGIN ANG PELLETIZER, @11:20 RESUME",STANDARD,8.6,25,40/40,Arnel Rosario,Julius Fundano,"{'"AO8'": 0.505, '"AO9'": 0.505, '"L28'": 25.25, '"L37'": 25.25, '"W35'": 25.25, '"B106'": 24.24, '"B107'": 24.24, '"21-8197AK'": 1.39, '"FG-8507AK'": 5.44, '"LL48 POWDER'": 379.76}","{180,180,180,180,180,180,180}",90,"{128,370.56}",51.1344,92600,511.83,"{0402AL-0421AL,0422AL}",,,11,2024-11-27,2024-09-05 07:40:00,2024-09-05 18:45:00
681,3,2050,2018.8500,SAN MIGUEL YAMAMURA PACKAGING CORPORATION,15508,BA7861E,39594,40.75,"{'"2024-09-05 20:15:00'",'"2024-09-05 21:00:00'",'"2024-09-06 06:00:00'",'"2024-09-06 18:00:00'",'"2024-09-07 06:00:00'"}","{'"2024-09-05 21:00:00'",'"2024-09-06 06:00:00'",'"2024-09-06 18:00:00'",'"2024-09-07 06:00:00'",'"2024-09-07 13:00:00'"}",98.4805,31.15,1.5195,IA16887,LDPE(HMI),"1. 1ST PELLET HINDI MABILISAN, LAGI NAG OOVER FLOW SA FEEDER PORT
2. RPM - 40-45; F.RATE 8.2-7-6.5
3. HINDI BUMABAGSAK ANG COMPOUNDED",STANDARD,6.5,45,40/40,Arnel Rosario,Julius Fundano,"{'"L37'": 123.0, '"LB2'": 307.5, '"V50'": 5.74, '"B107'": 22.55, '"B108'": 358.75, '"K907'": 822.46, '"LL12'": 410.0}","{200,180,180,180,130,130,180}",120,"{35,420,624,572,367.85}",49.5423,92579,2050.0,{0361AL-0401AL},,,10,2024-11-27,2024-09-05 20:15:00,2024-09-07 13:00:00
682,3,475,481.0000,"PHIL-TOP INDUSTRIES, INC.",15546,IA16887E,39647,8.0,"{'"2024-09-07 15:00:00'",'"2024-09-07 18:00:00'"}","{'"2024-09-07 18:00:00'",'"2024-09-07 23:00:00'"}",97.8438,10.6,2.1562,BA4756E,LDPE(HMI),"1. CHANGE F-RATE 9.2-8.6; RPM 35-28
2. OVER FLOW ON FEEDER & VENT PORT",STANDARD,8.6,28,40/40,Joel Miras,Julius Fundano,"{'"C19'": 2.91, '"I24'": 4.365, '"L28'": 24.25, '"L37'": 24.25, '"W35'": 12.125, '"K907'": 245.895, '"LL12'": 169.75, '"Y116'": 1.455, '"FG-8726AK'": 6.6}","{160,110,110,140,140,150,150}",120,"{180,301}",60.125,92649,491.6,"{0439AL-0446AL,0519AL-0520AL}",,,13,2024-11-27,2024-09-07 15:00:00,2024-09-07 23:00:00
683,3,395,390.5300,"PHIL-TOP INDUSTRIES, INC.",0,BA17051E,39611,5.67,"{'"2024-09-09 09:00:00'",'"2024-09-09 13:00:00'"}","{'"2024-09-09 13:00:00'",'"2024-09-09 14:40:00'"}",98.6486,5.35,1.3514,KA4595E,LDPE(HMI),"",STANDARD,8.3,28,40/40,Joel Miras,Julius Fundano,"{'"B81'": 0.92, '"L28'": 4.0, '"L37'": 4.0, '"W35'": 16.0, '"B107'": 0.05, '"K907'": 24.0, '"LL12'": 31.03, '"0287AL-0288AL'": 315.88}","{150,150,140,140,140,150,160}",120,"{280,110.53}",68.8765,92642,395.88,{0503AL-0510AL},,,10,2024-11-27,2024-09-09 09:00:00,2024-09-09 14:40:00
684,3,250,253.4600,EVERGOOD PLASTIC INDUSTRY INC.,15392,KA4595E,39662,3.17,"{'"2024-09-09 16:40:00'"}","{'"2024-09-09 19:50:00'"}",97.4846,6.54,2.5154,KA15913E,LDPE(HMI),"",STANDARD,8.6,25,40/40,Arnel Rosario,Julius Fundano,"{'"L37'": 7.8, '"L38'": 7.8, '"V50'": 0.13, '"K907'": 86.06, '"LL31'": 156.0, '"R115'": 0.65, '"R119'": 1.5599999999999998}","{150,130,130,140,140,150,150}",90,{253.46},79.9558,92676,260.0,"{0652AL-0655AL,0656AL,0657AL}",,,7,2024-11-27,2024-09-09 16:40:00,2024-09-09 19:50:00
685,3,330,327.3700,"EVEREST PLASTIC CONTAINERS IND., INC.",15538,YA7418E,37428,4.67,"{'"2024-09-10 15:40:00'",'"2024-09-10 18:00:00'"}","{'"2024-09-10 18:00:00'",'"2024-09-10 20:20:00'"}",99.203,2.63,0.797,VA16737E,LDPE(HMI),VACUUM ON,STANDARD,10,38,40/40,Joel Miras,Julius Fundano,"{'"L28'": 9.0, '"L37'": 9.0, '"LL6'": 63.0, '"W33'": 34.74, '"K907'": 59.067, '"R110'": 0.153, '"Y120'": 5.04, '"0491AL-0493AL'": 150.0}","{150,100,100,130,130,150,150}",120,"{160,167.37}",70.1006,92673,330.0,{0646AL-0651AL},,,9,2024-11-27,2024-09-10 15:40:00,2024-09-10 20:20:00
686,3,250,242.3200,"EVEREST PLASTIC CONTAINERS IND., INC.",15553,VA16737E,39667,4.67,"{'"2024-09-10 22:20:00'"}","{'"2024-09-11 03:00:00'"}",96.928,7.68,3.072,VA4086E,LDPE(HMI),"12:20-01:20 BREAKTIME
NO OVER SIZE",STANDARD,9.3,28,40/40,Arnel Rosario,Julius Fundano,"{'"C19'": 0.0375, '"L28'": 12.5, '"L37'": 12.5, '"V50'": 2.0, '"W35'": 16.675, '"B108'": 12.5, '"K907'": 106.2875, '"LL12'": 87.5}","{150,130,130,140,140,150,150}",90,{242.32},51.8887,92653,250.0,{0523AL-0527AL},,,9,2024-11-27,2024-09-10 22:20:00,2024-09-11 03:00:00
687,3,300,290.7500,EASTERN INTERNATIONAL PLASTIC PACKAGING CORPORATION,15464,VA4086E,39655,5.25,"{'"2024-09-11 04:30:00'",'"2024-09-11 06:00:00'"}","{'"2024-09-11 06:00:00'",'"2024-09-11 09:45:00'"}",96.9167,9.25,3.0833,VA16737E,LDPE(HMI),VACUUM ON,STANDARD,9.5,25,40/40,Arnel Rosario,Julius Fundano,"{'"W8'": 5.28, '"L37'": 12.0, '"LL6'": 92.352, '"V50'": 10.08, '"B106'": 0.288, '"FM27'": 24.0, '"K907'": 96.0, '"0351AJ-0353AJ'": 60.0}","{150,130,130,140,140,150,150}",120,"{85,205.75}",55.381,92611,300.0,{0426AL-0437AL},,,9,2024-11-27,2024-09-11 04:30:00,2024-09-11 09:45:00
688,3,300,295.2800,"EVEREST PLASTIC CONTAINERS IND., INC.",15553,VA16737E,39667,5.0,"{'"2024-09-12 17:30:00'",'"2024-09-12 18:00:00'"}","{'"2024-09-12 18:00:00'",'"2024-09-12 22:30:00'"}",98.4267,4.72,1.5733,BA16168E,LDPE(HMI),"",STANDARD,9.3,200,40/40,Edsel Mangarin,Julius Fundano,"{'"C19'": 0.045, '"L28'": 15.0, '"L37'": 15.0, '"V50'": 2.4, '"W35'": 20.01, '"B108'": 15.0, '"K907'": 127.545, '"LL12'": 105.0}","{150,130,130,140,150,150,150}",120,"{25,270.28}",59.056,92741,300.0,{0785AL-0790AL},,,16,2024-11-28,2024-09-12 17:30:00,2024-09-12 22:30:00
689,3,300,306.6400,"PREMIER CREATIVE PACKAGING, INC.",15501,BA16168E,39687,5.5,"{'"2024-09-13 00:30:00'"}","{'"2024-09-13 06:00:00'"}",98.9161,3.36,1.0839,BA9159E,LDPE(HMI),02:00-03:00 BREAKTIME,STANDARD,10,35,40/40,Arnel Rosario,Julius Fundano,"{'"C19'": 0.031, '"L28'": 15.5, '"L37'": 15.5, '"LL6'": 108.5, '"W33'": 62.0, '"B101'": 2.6969999999999996, '"B107'": 0.434, '"K907'": 105.33800000000001}","{150,130,130,140,140,150,150}",109,{306.64},55.7527,92726,310.0,"{0762AL-0766AL,0767AL,0768AL}",,,13,2024-11-28,2024-09-13 00:30:00,2024-09-13 06:00:00
690,3,150,149.0000,EVERGOOD PLASTIC INDUSTRY INC.,15567,BA9159E,39689,2.35,"{'"2024-09-13 07:49:00'"}","{'"2024-09-13 10:10:00'"}",99.1351,1.3,0.8649,RA7886E,LDPE(HMI),VACUUM ON,STANDARD,8.3,20,40/40,Joel Miras,Julius Fundano,"{'"G34'": 0.15000000000000002, '"L28'": 7.5, '"L37'": 7.5, '"W35'": 4.800000000000001, '"B107'": 0.195, '"K907'": 77.355, '"LL12'": 52.5, '"QCEXCESS'": 0.3}","{150,150,130,130,140,150,150}",110,{149},63.4043,92740,150.3,"{0782AL-0783AL,0784AL}",,,13,2024-11-28,2024-09-13 07:49:00,2024-09-13 10:10:00
691,3,300,303.0300,EASTERN INTERNATIONAL PLASTIC PACKAGING CORPORATION,14058,RA7886E,39691,5.65,"{'"2024-09-13 12:00:00'"}","{'"2024-09-13 17:39:00'"}",99.3541,1.97,0.6459,IA16887E,LDPE(HMI),"1. CHANGE RPM - 45; F-RATE - 5.5
2. OVER FLOW ON FEEDER PORT",STANDARD,5.5,45,40/40,Joel Miras,Julius Fundano,"{'"C19'": 0.10675, '"L28'": 15.25, '"L37'": 10.675, '"K907'": 144.76825, '"LL12'": 106.75, '"R122'": 24.4, '"Y116'": 3.05}","{150,140,140,150,150,150,150}",121,{303.03},53.6336,92729,305.0,"{0769AL-0773AL,0774AL}",,,17,2024-11-28,2024-09-13 12:00:00,2024-09-13 17:39:00
694,3,475,160.0000,"PHIL-TOP INDUSTRIES, INC.",0,IA16887E,39647,2.33,"{'"2024-09-13 19:40:00'"}","{'"2024-09-13 22:00:00'"}",33.0886,323.55,66.9114,IA1770E,LDPE(HMI),"",STANDARD,9,35,40/40,Roselie Mapandi,Julius Fundano,"{'"C19'": 0.530002, '"L28'": 1.20455, '"0520AL'": 31.82, '"0439AL-0446AL'": 450.0}","{160,150,150,140,140,150,150}",115,{160},68.6695,92747,483.55,"{0793AL-0801AL,0802AL}",,,16,2024-11-28,2024-09-13 19:40:00,2024-09-14 10:30:00
695,3,2600,2580.0000,SAN MIGUEL YAMAMURA PACKAGING CORPORATION,15382,CA16070E,39706,108.67,"{'"2024-09-17 13:40:00'",'"2024-09-17 18:00:00'",'"2024-09-18 06:00:00'",'"2024-09-18 14:30:00'",'"2024-09-18 18:00:00'",'"2024-09-19 06:00:00'",'"2024-09-19 18:00:00'",'"2024-09-20 06:00:00'",'"2024-09-20 18:00:00'",'"2024-09-21 06:00:00'",'"2024-09-21 18:00:00'",'"2024-09-23 07:00:00'"}","{'"2024-09-17 18:00:00'",'"2024-09-18 06:00:00'",'"2024-09-18 08:50:00'",'"2024-09-18 18:00:00'",'"2024-09-19 06:00:00'",'"2024-09-19 18:00:00'",'"2024-09-20 06:00:00'",'"2024-09-20 18:00:00'",'"2024-09-21 06:00:00'",'"2024-09-21 18:00:00'",'"2024-09-22 06:00:00'",'"2024-09-23 09:00:00'"}",99.2308,20.0,0.7692,RA16016E,RUBBER,"9/18/2024 @08:50 - PRODUCTION STOP, UNDER MAINTENACE, BIGLA NA LANG TUMIGIL ANG PELLETIZER. @14:30 RESUME",STANDARD,3.8,9,40/40,Joel Miras,Julius Fundano,"{'"C19'": 4.65, '"L37'": 155.0, '"SA5'": 93.0, '"K907'": 62.0, '"LL36'": 2635.0, '"LL38'": 150.35}","{180,170,150,150,150,180,180}",105,"{115,275,55,88,275,300,275,300,275,300,275,47}",23.7416,92778,2600.0,{0831AL-0954AL},,,22,2024-11-28,2024-09-17 13:40:00,2024-09-23 09:00:00
696,8,725,716.3900,"PHIL-TOP INDUSTRIES, INC.",15536,GA16968E,39610,11.17,"{'"2024-09-03 00:40:00'",'"2024-09-03 07:00:00'"}","{'"2024-09-03 06:00:00'",'"2024-09-03 12:50:00'"}",98.8124,8.61,1.1876,GA6246E,LDPE(HMI),02:00-03:00 BREAKTIME,STANDARD,9,320,40/40,Aldrin Villacrusis,Julius Fundano,"{'"G39'": 1.044, '"L28'": 36.25, '"L37'": 36.25, '"W35'": 145.0, '"Y98'": 1.74, '"B108'": 8.700000000000001, '"K907'": 242.26600000000002, '"LL12'": 253.75}","{170,170,170,170,170,170,160,160,160,160,150,150}",100,"{305,411.39}",64.1352,92550,725.0,"{0270AL-0283AL,0284AL}",,,7,2024-11-28,2024-09-03 00:40:00,2024-09-03 12:50:00
697,8,500,507.4500,EVERGOOD PLASTIC INDUSTRY INC.,15480,YA5993E,39623,7.42,"{'"2024-09-04 15:50:00'",'"2024-09-04 21:00:00'"}","{'"2024-09-04 21:00:00'",'"2024-09-04 23:15:00'"}",98.9953,5.15,1.0047,OA16199E,LDPE(HMI),"1. OVER FLOW ON FEEDER PORT
2. RPM 400-420; FEEDRATE 15-12",STANDARD,12,420,40/40,Joel Miras,Julius Fundano,"{'"L28'": 25.5, '"L37'": 17.85, '"O56'": 7.905, '"W33'": 64.26, '"K907'": 147.135, '"LL31'": 178.5, '"Y120'": 68.85, '"04-7395AK'": 2.6}","{190,190,180,180,170,170,160,160,160,160,150,150}",120,"{356,151.45}",68.3895,92526,512.6,"{0240AL-0249AL,0250AL}",,,17,2024-11-29,2024-09-04 15:50:00,2024-09-04 23:15:00
698,8,100,97.5600,Incon Industrial Corporation,0,OA16199E,39604,1.47,"{'"2024-09-05 01:15:00'"}","{'"2024-09-05 02:43:00'"}",96.0709,3.99,3.9291,TA16900E,LDPE(HMI),KUMUKULAY SA TUBIG,STANDARD,80,250,40/40,Joel Miras,Julius Fundano,"{'"L14'": 0.1955, '"L38'": 0.1955, '"LL6'": 1.3685, '"W33'": 0.0782, '"Y98'": 0.244375, '"K910'": 1.7204, '"9970AK-9971AK'": 97.75}","{170,170,170,170,170,170,160,160,160,150,150,150}",122,{97.56},66.3673,92558,101.55,{0312AL-0313AL},,,16,2024-11-29,2024-09-05 01:15:00,2024-09-05 02:43:00
699,8,50,73.7000,Incon Industrial Corporation,15541,TA16900E,39586,1.42,"{'"2024-09-05 13:20:00'"}","{'"2024-09-05 14:45:00'"}",98.0444,1.47,1.9556,TA15557E,PP,"",STANDARD,9,200,40/40,Aldrin Villacrusis,Julius Fundano,"{'"B38'": 0.2625, '"C12'": 0.021, '"L28'": 2.625, '"L37'": 2.625, '"P26'": 5.775, '"9988AK'": 14.64, '"9989AK'": 8.03, '"PP14 POWDER'": 41.1915}","{180,200,180,180,180,180,180,180,180,180,185,185}",90,{73.7},51.9014,92577,75.17,"{0290AL,0291AL}",,,9,2024-11-29,2024-09-05 13:20:00,2024-09-05 14:45:00
700,8,150,158.0000,I TUNG PLASTIC MOULD ENGINEERING COMPANY,15539,TA15557E,39628,2.08,"{'"2024-09-05 16:15:00'"}","{'"2024-09-05 18:20:00'"}",98.8736,1.8,1.1264,GA8074E,LDPE(HMI),18:20 SHUT OFF,STANDARD,10,280,40/40,Aldrin Villacrusis,Julius Fundano,"{'"C19'": 2.5575, '"L28'": 7.75, '"L37'": 7.75, '"LL6'": 54.25, '"W33'": 17.36, '"K907'": 65.2085, '"Y116'": 0.124, '"23-8518AK'": 4.8}","{170,170,170,170,170,160,160,160,160,160,150,150}",105,{158},75.9615,92565,159.8,"{0321AL-0322AL,0323AL,0324AL}",,,5,2024-11-29,2024-09-05 16:15:00,2024-09-05 18:20:00
701,8,100,108.8000,Ecopack Corporation,15540,DA16945E,39629,2.0,"{'"2024-09-04 00:45:00'"}","{'"2024-09-04 02:45:00'"}",98.9091,1.2,1.0909,YA7418E,PP,03:00-04:00 BREAKTIME,STANDARD,10,200,60/60,Aldrin Villacrusis,Julius Fundano,"{'"C19'": 0.132, '"I24'": 2.75, '"L28'": 5.5, '"L37'": 5.5, '"W33'": 19.8, '"Y98'": 4.95, '"K907'": 32.868, '"PP14 POWDER'": 38.5}","{180,200,180,180,180,180,180,180,180,180,190,190}",165,{108.8},54.4,92568,110.0,"{0325AL-0327AL,0328AL}",,,9,2024-11-29,2024-09-04 00:45:00,2024-09-04 02:45:00
702,8,250,273.4800,"EVEREST PLASTIC CONTAINERS IND., INC.",15538,YA7418E,37428,3.83,"{'"2024-09-04 05:30:00'",'"2024-09-04 06:00:00'"}","{'"2024-09-04 06:00:00'",'"2024-09-04 09:20:00'"}",99.4473,1.52,0.5527,YA7822E,LDPE(HMI),"",STANDARD,10,300,40/40,Aldrin Villacrusis,Julius Fundano,"{'"L28'": 13.75, '"L37'": 13.75, '"LL6'": 96.25, '"W33'": 53.075, '"K907'": 90.24125, '"R110'": 0.23374999999999999, '"Y120'": 7.7}","{170,170,170,170,160,160,160,160,160,160,150,150}",90,"{35,238.48}",71.4047,92561,275.0,"{0315AL-0319AL,0320AL}",,,7,2024-11-29,2024-09-04 05:30:00,2024-09-04 09:20:00
703,8,250,255.5000,EASTERN INTERNATIONAL PLASTIC PACKAGING CORPORATION,15530,YA7822E,39624,3.5,"{'"2024-09-04 10:50:00'",'"2024-09-04 13:00:00'"}","{'"2024-09-04 13:00:00'",'"2024-09-04 14:20:00'"}",98.7287,3.29,1.2713,YA5993E,LDPE(HMI),"",STANDARD,12,370,40/40,Arjie Galgo,Julius Fundano,"{'"I24'": 0.8349000000000001, '"L28'": 12.65, '"L37'": 8.855, '"W33'": 20.240000000000002, '"K907'": 78.8601, '"LL12'": 88.55, '"Y120'": 7.59, '"Y122'": 35.42, '"FG-9339AJ'": 5.79}","{170,170,170,170,160,160,160,160,160,160,150,150}",90,"{158,97.5}",73.0,92522,258.79,"{0189AL-0192AL,0193AL,0194AL}",,,0,2024-11-29,2024-09-04 10:50:00,2024-09-04 14:20:00
704,8,50,48.0000,"EVEREST PLASTIC CONTAINERS IND., INC.",15538,YA7418E,37428,0.67,"{'"2024-09-06 17:30:00'"}","{'"2024-09-06 18:10:00'"}",96.0,2.0,4.0,YA7418E,LDPE(HMI),"",STANDARD,10,230,40/40,Aldrin Villacrusis,Julius Fundano,"{'"L28'": 2.5, '"L37'": 2.5, '"LL6'": 17.5, '"W33'": 9.65, '"K907'": 16.4075, '"R110'": 0.0425, '"Y120'": 1.4}","{170,170,170,170,160,160,160,160,160,160,150,150}",0,{48},71.6418,92629,50.0,{0490AL},,,0,2024-11-29,2024-09-06 17:30:00,2024-09-06 18:10:00
705,8,274.22,273.2800,"EVEREST PLASTIC CONTAINERS IND., INC.",0,YA7418E,39428,3.83,"{'"2024-09-06 18:10:00'"}","{'"2024-09-06 22:00:00'"}",99.6572,0.94,0.3428,DA5173E,LDPE(HMI),"",STANDARD,10,280,40/40,Aldrin Villacrusis,Julius Fundano,"{'"L28'": 0.6837, '"R110'": 0.060166, '"0320AL'": 23.48, '"0315AL-0319AL'": 250.0}","{170,170,170,170,170,160,160,160,160,160,150,150}",120,{273.28},71.3525,92631,274.22,"{0491AL-0495AL,0496AL}",,,11,2024-11-29,2024-09-06 18:10:00,2024-09-06 22:00:00
706,8,399.145,394.0300,"EVEREST PLASTIC CONTAINERS IND., INC.",0,DA5173E,39599,4.33,"{'"2024-09-07 08:00:00'"}","{'"2024-09-07 12:20:00'"}",98.7173,5.12,1.2827,OA14302E,LDPE(HMI),VACUUM ON,STANDARD,9,250,40/40,Aldrin Villacrusis,Julius Fundano,"{'"W8'": 34.104, '"C19'": 0.000825, '"L37'": 9.149999999999999, '"L38'": 7.05, '"O55'": 0.052313, '"Y98'": 0.4188, '"K907'": 26.175, '"LL31'": 63.224063, '"0089AL'": 13.05, '"0094AL'": 8.0, '"3207AB'": 4.75, '"0085AL-0086AL'": 175.0, '"3206AB-3207AB'": 58.17}","{170,170,160,160,150,150,150,140,140,140,150,150}",110,{394.03},91.0,92618,399.15,"{0294AL-0300AL,0301AL}",,,8,2024-11-29,2024-09-07 08:00:00,2024-09-07 12:20:00
707,8,11,101.7700,Incon Industrial Corporation,15545,OA14302E,39646,1.33,"{'"2024-09-07 14:10:00'"}","{'"2024-09-07 15:30:00'"}",99.2007,0.82,0.7993,OA8984E,LDPE(HMI),"",STANDARD,8,300,40/40,Aldrin Villacrusis,Julius Fundano,"{'"L28'": 5.0, '"L37'": 5.0, '"LL6'": 35.0, '"O57'": 0.175, '"W33'": 6.7, '"Y98'": 0.5, '"K907'": 47.625, '"9-5838AK'": 2.59}","{170,170,160,160,160,150,150,150,150,150,150,150}",90,{101.77},76.5188,92606,102.59,"{0423AL,0424AL}",,,11,2024-11-29,2024-09-07 14:10:00,2024-09-07 15:30:00
708,8,150,153.2500,EVERGOOD PLASTIC INDUSTRY INC.,15548,OA8984E,39660,2.25,"{'"2024-09-07 17:00:00'",'"2024-09-07 18:00:00'"}","{'"2024-09-07 18:00:00'",'"2024-09-07 19:15:00'"}",97.6115,3.75,2.3885,OA16199E,LDPE(HMI),"",STANDARD,10,350,40/40,Edsel Mangarin,Julius Fundano,"{'"L28'": 7.85, '"L37'": 5.495, '"LL6'": 54.95, '"O56'": 10.048, '"W33'": 15.6529, '"K907'": 61.952200000000005, '"R110'": 1.0519}","{170,170,170,170,160,160,160,160,160,160,150,150}",90,"{68,85.25}",68.1111,92657,157.0,"{0497AL-0498AL,0499AL,0500AL,0528AL}",,,11,2024-11-29,2024-09-07 17:00:00,2024-09-07 19:15:00
709,8,100,97.7000,Incon Industrial Corporation,0,OA16199E,39604,1.25,"{'"2024-09-07 20:45:00'"}","{'"2024-09-07 22:00:00'"}",99.0069,0.98,0.9931,GA6246E,LDPE(HMI),OPEN VACUUM,STANDARD,20,250,40/40,Edsel Mangarin,Julius Fundano,"{'"L28'": 0.14634, '"W33'": 0.9756, '"0312AL-0313AL'": 97.56}","{170,170,170,170,170,170,160,160,160,150,150,150}",95,{97.7},78.16,92663,98.68,{0617AL-0618AL},,,0,2024-11-29,2024-09-07 20:45:00,2024-09-07 22:00:00
710,8,50,52.2000,PLASTIMER INDUSTRIAL CORP.,0,GA6246E,39625,1.0,"{'"2024-09-07 23:40:00'"}","{'"2024-09-08 00:40:00'"}",97.5701,1.3,2.4299,YA7418E,PP,"",STANDARD,12,300,40/40,Edsel Mangarin,Julius Fundano,"{'"W8'": 0.267, '"L28'": 0.27, '"L37'": 0.27, '"Y98'": 1.39, '"K907'": 0.54, '"PP14 POWDER'": 2.613, '"0261AL-0262AL'": 48.15}","{180,200,180,180,180,180,180,180,180,180,180,180}",120,{52.2},52.2,92639,53.5,{0501AL-0502AL},,,14,2024-11-29,2024-09-07 23:40:00,2024-09-08 00:40:00
711,8,250,241.6000,"EVEREST PLASTIC CONTAINERS IND., INC.",15538,YA7418E,39428,3.17,"{'"2024-09-08 02:40:00'",'"2024-09-09 07:00:00'"}","{'"2024-09-08 05:00:00'",'"2024-09-09 07:50:00'"}",96.64,8.4,3.36,GA2595E,LDPE(HMI),NO OVER SIZE,STANDARD,10,350,40/40,Edsel Mangarin,Julius Fundano,"{'"L28'": 12.5, '"L37'": 12.5, '"LL6'": 87.5, '"W33'": 48.25, '"K907'": 82.0375, '"R110'": 0.2125, '"Y120'": 7.0}","{170,170,170,170,160,160,160,160,160,160,150,150}",110,"{175,66.6}",76.2145,92662,250.0,{0612AL-0616AL},,,13,2024-11-29,2024-09-08 02:40:00,2024-09-09 07:50:00
713,8,50,54.3000,EVERGOOD PLASTIC INDUSTRY INC.,15551,CA17279E,39666,1.13,"{'"2024-09-09 13:30:00'"}","{'"2024-09-09 14:38:00'"}",98.7273,0.7,1.2727,RA12739E,PP,"VACUUM ON
FLAT ANG PELLET KAPAG MABILIS",STANDARD,9,320,40/40,Arjie Galgo,Julius Fundano,"{'"C19'": 0.32999999999999996, '"L37'": 2.75, '"L38'": 2.75, '"K907'": 5.5, '"PP14 POWDER'": 43.67}","{180,200,180,180,180,180,180,180,180,180,180,180}",105,{54.3},48.0531,92651,55.0,"{0521AL,0522AL}",,,9,2024-11-29,2024-09-09 13:30:00,2024-09-09 14:38:00
714,8,2000,1980.4000,SAN MIGUEL YAMAMURA PACKAGING CORPORATION,15473,RA12739E,39658,24.37,"{'"2024-09-09 16:23:00'",'"2024-09-10 07:00:00'",'"2024-09-10 18:00:00'",'"2024-09-11 01:25:00'"}","{'"2024-09-09 22:00:00'",'"2024-09-10 18:00:00'",'"2024-09-11 01:25:00'",'"2024-09-11 01:45:00'"}",99.02,19.6,0.98,RA7886E,LDPE(HMI),VACUUM ON,STANDARD,9,320,40/40,Arjie Galgo,Julius Fundano,"{'"L28'": 40.0, '"L37'": 160.0, '"LL6'": 400.0, '"V50'": 10.0, '"K907'": 966.0, '"LL52'": 300.0, '"R122'": 44.0, '"R129'": 80.0}","{190,190,180,180,170,170,170,170,160,160,160,160}",15,"{453,904,608,15.4}",81.2638,92625,2000.0,{0448AL-0487AL},,,5,2024-11-29,2024-09-09 16:23:00,2024-09-11 01:45:00
715,8,175,183.0000,EASTERN INTERNATIONAL PLASTIC PACKAGING CORPORATION,13187,RA7886E,39672,2.33,"{'"2024-09-11 04:15:00'",'"2024-09-11 06:00:00'"}","{'"2024-09-11 06:00:00'",'"2024-09-11 06:35:00'"}",98.9189,2.0,1.0811,GA8074E,LDPE(HMI),"1. 02:00-03:00 STAND BY FOR BREAKTIME
2. LMI WITH DIESEL",STANDARD,10,350,40/40,Arjie Galgo,Julius Fundano,"{'"C19'": 0.06475, '"L28'": 9.25, '"L37'": 9.25, '"K907'": 85.03525, '"LL12'": 64.75, '"R122'": 14.8, '"Y116'": 1.85}","{170,170,170,170,160,160,160,160,160,150,150,150}",115,"{136,47}",78.5408,92689,185.0,"{0658AL-0660AL,0661AL}",,,14,2024-11-29,2024-09-11 04:15:00,2024-09-11 06:35:00
716,8,150,153.5400,"GLOBAL KONTEINER MANUFACTURING, INC.",12514,GA8074E,39673,1.83,"{'"2024-09-11 08:30:00'"}","{'"2024-09-11 10:20:00'"}",99.0581,1.46,0.9419,GA4254E,LDPE(HMI),"",STANDARD,12,380,40/40,Aldrin Villacrusis,Julius Fundano,"{'"W8'": 3.1, '"G22'": 1.178, '"L28'": 12.4, '"L37'": 12.4, '"K907'": 69.19200000000001, '"LL12'": 54.25, '"Y117'": 2.48}","{170,170,170,170,160,160,160,160,160,150,150,150}",100,{153.54},83.9016,92683,155.0,"{0545AL-0546AL,0547AL}",,,7,2024-11-29,2024-09-11 08:30:00,2024-09-11 10:20:00
717,8,50,54.1000,Incon Industrial Corporation,15447,GA4254E,39679,1.17,"{'"2024-09-11 12:00:00'"}","{'"2024-09-11 13:10:00'"}",98.6686,0.73,1.3314,TA15569E,PP,"1. VACUUM ON
2. @14:45-16:30 UNDER MAINTENANCE, PINALITAN NG WIRE ANG HEATER SA DIE HEAD DAHIL NAG SPARK",STANDARD,8,300,40/40,Aldrin Villacrusis,Julius Fundano,"{'"W8'": 5.5, '"C19'": 0.0145, '"G22'": 3.15, '"L37'": 2.5, '"L38'": 1.5, '"B107'": 0.6, '"K907'": 5.0, '"6-7562AK'": 4.83, '"PP14 POWDER'": 31.7355}","{180,200,180,180,180,180,180,180,180,180,185,185}",95,{54.1},46.2393,92696,54.83,"{0669AL,0670AL}",,,9,2024-12-03,2024-09-11 12:00:00,2024-09-11 13:10:00
718,8,250,254.3900,"PHIL-TOP INDUSTRIES, INC.",15523,TA15569E,39674,3.77,"{'"2024-09-11 16:30:00'",'"2024-09-11 18:00:00'"}","{'"2024-09-11 18:00:00'",'"2024-09-11 20:16:00'"}",98.6008,3.61,1.3992,WA3827E,LDPE(HMI),"",STANDARD,10,350,40/40,Aldrin Villacrusis,Julius Fundano,"{'"B78'": 0.01275, '"C19'": 0.34425, '"L28'": 12.75, '"L37'": 8.925, '"W33'": 39.525, '"B101'": 0.5865, '"K907'": 103.60650000000001, '"LL12'": 89.25, '"FG-6316AK'": 3.0}","{170,170,170,160,160,160,150,150,150,150,160,160}",104,"{100,154.39}",67.4775,92699,258.0,"{0540AL-0541AL,0542AL-0543AL,0672AL,0673AL}",,,9,2024-12-03,2024-09-11 16:30:00,2024-09-11 20:16:00
719,8,1000,975.0000,"MUZON PLASTIC MANUFACTURING, INC.",15558,WA3827E,39671,15.83,"{'"2024-09-11 22:00:00'",'"2024-09-12 06:00:00'"}","{'"2024-09-12 06:00:00'",'"2024-09-12 13:50:00'"}",97.5,25.0,2.5,KA8595E,HDPE(HMI),"1. STANDBY 2 HRS. RELIEVER & BREAKTIME
2. CRUSHED OVERSIZE 13.4KG.",STANDARD,10,380,40/40,Arjie Galgo,Julius Fundano,"{'"B81'": 0.5, '"L37'": 20.0, '"W33'": 150.0, '"B101'": 3.5, '"K907'": 416.0, '"LL48 POWDER'": 410.0}","{200,200,200,180,180,180,180,180,180,180,190,190}",120,"{420,555}",61.5919,92672,1000.0,{0636AL-0645AL},,,12,2024-12-03,2024-09-11 22:00:00,2024-09-12 13:50:00
720,8,100,103.3100,Incon Industrial Corporation,15561,KA8595E,39680,2.33,"{'"2024-09-12 15:50:00'",'"2024-09-12 16:40:00'",'"2024-09-12 18:00:00'"}","{'"2024-09-12 16:15:00'",'"2024-09-12 18:00:00'",'"2024-09-12 18:35:00'"}",94.3988,6.13,5.6012,GA16014E,PP,"1. @16:15-16:40 - AUTO ALARM, MASYADONG MABABA ANG SETTING KAYA PINA INIT PA.
2. CHANGE SETTING Z1 DIE HEAD 180°",STANDARD,8.5,230,40/40,Aldrin Villacrusis,Julius Fundano,"{'"W8'": 15.0, '"L25'": 5.0, '"FM11'": 2.3, '"FP21'": 2.3, '"K907'": 25.0, '"R115'": 0.2, '"5-6294AK'": 2.8, '"FG-7280AK'": 6.64, '"PP14 POWDER'": 50.2}","{170,170,170,170,170,170,170,170,170,170,175,175}",90,"{12,63,28.31}",44.3391,92707,109.44,"{0685AL-0687AL,0688AL}",,,7,2024-12-03,2024-09-12 15:50:00,2024-09-18 03:05:00
721,8,250,250.0000,CANLINE INDUSTRIAL CORP.,15562,GA16014E,39683,3.92,"{'"2024-09-12 20:05:00'"}","{'"2024-09-13 00:00:00'"}",100.0,0.0,0.0,GA16014,LDPE(HMI),HINDI MABAGSAK NAG COMPOUNDED,STANDARD,12,400,40/40,Arjie Galgo,Julius Fundano,"{'"G40'": 23.75, '"L28'": 12.5, '"L37'": 8.75, '"LB2'": 37.5, '"B106'": 5.0, '"K907'": 108.25, '"LL12'": 50.0, '"Y120'": 4.25}","{190,190,180,180,170,170,170,170,170,170,160,160}",0,{250},63.7755,92718,250.0,{0740AL-0744AL},,,0,2024-12-03,2024-09-12 20:05:00,2024-09-03 00:00:00
722,8,250,245.0000,CANLINE INDUSTRIAL CORP.,15563,GA16014E,39683,4.77,"{'"2024-09-13 00:00:00'"}","{'"2024-09-13 04:46:00'"}",98.0,5.0,2.0,GA16014E,LDPE(HMI),01:00-02:00 STANDBY FOR BREAKTIME,STANDARD,12,400,40/40,Arjie Galgo,Julius Fundano,"{'"G39'": 23.75, '"L28'": 12.5, '"L37'": 8.75, '"LB2'": 37.5, '"B106'": 5.0, '"K907'": 108.25, '"LL12'": 50.0, '"Y120'": 4.25}","{200,200,200,180,180,180,180,180,180,180,160,160}",0,{245},51.3627,92719,250.0,{0745AL-0749AL},,,0,2024-12-03,2024-09-13 00:00:00,2024-09-13 04:46:00
723,8,500,492.6400,CANLINE INDUSTRIAL CORP.,15566,GA16014E,39683,7.57,"{'"2024-09-13 04:46:00'",'"2024-09-13 06:00:00'"}","{'"2024-09-13 06:00:00'",'"2024-09-13 12:20:00'"}",98.528,7.36,1.472,GA8074E,LDPE(HMI),LMI WITH DIESEL,STANDARD,12,400,40/40,Arjie Galgo,Julius Fundano,"{'"G39'": 47.5, '"L28'": 25.0, '"L37'": 17.5, '"B106'": 10.0, '"K907'": 216.5, '"LL12'": 175.0, '"Y120'": 8.5}","{200,200,200,180,180,180,180,180,180,180,160,160}",120,"{80,412.64}",65.0779,92720,500.0,{0750AL-0759AL},,,14,2024-12-03,2024-09-13 04:46:00,2024-09-13 12:20:00
724,8,153.94,153.5300,"GLOBAL KONTEINER MANUFACTURING, INC.",0,GA8074E,39701,1.92,"{'"2024-09-13 14:20:00'"}","{'"2024-09-13 16:15:00'"}",99.7337,0.41,0.2663,YA5917E,LDPE(HMI),"",STANDARD,12,300,40/40,Arjie Galgo,Julius Fundano,"{'"G22'": 0.033779, '"L28'": 0.368496, '"0545AL-0547AL'": 153.54}","{170,170,170,170,160,160,160,160,160,150,150,150}",110,{153.53},79.9635,92762,153.94,{0809AL-0811AL},,,10,2024-12-04,2024-09-13 14:20:00,2024-09-13 16:15:00
725,8,250,304.1300,EVERGOOD PLASTIC INDUSTRY INC.,15568,YA5917E,39690,4.5,"{'"2024-09-13 18:05:00'",'"2024-09-14 06:15:00'"}","{'"2024-09-13 22:00:00'",'"2024-09-14 06:50:00'"}",99.0651,2.87,0.9349,YA15776E,LDPE(HMI),"",STANDARD,14,380,40/40,Arjie Galgo,Julius Fundano,"{'"L28'": 15.35, '"L37'": 15.35, '"O55'": 0.046049999999999994, '"W35'": 23.025, '"K907'": 107.40395000000001, '"LL12'": 107.45, '"Y120'": 38.375}","{170,170,170,170,160,160,160,160,160,160,150,150}",90,"{262,42.13}",67.5844,92732,307.0,"{0775AL-0779AL,0780AL,0781AL}",,,8,2024-12-04,2024-09-13 18:05:00,2024-09-14 06:50:00
726,8,50,52.1800,SANICON MANUFACTURING CORP.,15573,YA15776E,39697,0.83,"{'"2024-09-14 08:20:00'"}","{'"2024-09-14 09:10:00'"}",93.3787,3.7,6.6213,KA15913E,LDPE(HMI),LMI WITH DIESEL,STANDARD,10,350,40/40,Aldrin Villacrusis,Julius Fundano,"{'"L28'": 2.3, '"L37'": 2.3, '"W35'": 9.2, '"K907'": 13.57, '"LL12'": 16.1, '"Y107'": 1.15, '"Y116'": 1.38, '"04-7204AK'": 4.12, '"FG-6352AK'": 5.76}","{170,170,170,170,170,160,160,160,160,160,150,150}",120,{52.18},62.8675,92751,55.88,{0807AL},,,14,2024-12-04,2024-09-14 08:20:00,2024-09-14 09:10:00
727,8,50,43.6600,"EVEREST PLASTIC CONTAINERS IND., INC.",0,KA15913E,39668,0.75,"{'"2024-09-14 11:10:00'"}","{'"2024-09-14 11:55:00'"}",96.7642,1.46,3.2358,BA4701E,PP,"",STANDARD,9,230,40/40,Aldrin Villacrusis,Julius Fundano,"{'"L28'": 0.1125, '"R115'": 0.00765, '"0625AL-0626AL'": 45.0}","{180,200,180,180,180,180,180,180,180,180,180,180}",90,{43.66},58.2133,92748,45.12,{0803AL},,,6,2024-12-04,2024-09-14 11:10:00,2024-09-14 11:55:00
728,8,300,294.0400,Incon Industrial Corporation,15571,BA4701E,39699,6.08,"{'"2024-09-14 13:25:00'"}","{'"2024-09-14 19:30:00'"}",98.0133,5.96,1.9867,GA8074E,PP,"",STANDARD,10,300,40/40,Arjie Galgo,Julius Fundano,"{'"B78'": 1.3199999999999998, '"G22'": 0.033, '"L28'": 9.0, '"L37'": 9.0, '"B107'": 0.12, '"PP14 POWDER'": 280.527}","{180,200,180,180,180,180,180,180,180,180,180,180}",105,{294.04},48.3618,92774,300.0,"{0815AL-0819AL,0820AL,0821AL-0826AL}",,,9,2024-12-04,2024-09-14 13:25:00,2024-09-14 19:30:00
729,8,125,128.5300,EASTERN INTERNATIONAL PLASTIC PACKAGING CORPORATION,12514,GA8074E,39708,1.67,"{'"2024-09-14 21:15:00'",'"2024-09-16 07:35:00'"}","{'"2024-09-14 22:00:00'",'"2024-09-16 08:30:00'"}",98.8692,1.47,1.1308,GA2595E,LDPE(HMI),09/16/2024 @06:35 HEAT UP,STANDARD,10,300,40/40,Arjie Galgo,Julius Fundano,"{'"W8'": 2.6, '"G22'": 0.988, '"L28'": 10.4, '"L37'": 10.4, '"K907'": 58.032, '"LL12'": 45.5, '"Y117'": 2.08}","{170,170,170,170,160,160,160,160,160,150,150,150}",90,"{58,70.53}",76.9641,92777,130.0,"{0828AL-0829AL,0830AL}",,,5,2024-12-04,2024-09-14 21:15:00,2024-09-16 08:30:00
730,8,50,49.3200,ALCOS GLOBAL CORP.,12727,GA2595E,39696,2.33,"{'"2024-09-16 11:20:00'"}","{'"2024-09-16 13:40:00'"}",98.64,0.68,1.36,GA16070E,PET,"1. PPG 106
2. ADD 10 HAL FINE SCREEN IN SIEVER - 2ND LAYER
3. 10:00-11:20 WAITING FOR COMPOUNDED",STANDARD,9,200,40/40,Aldrin Villacrusis,Julius Fundano,"{'"B93'": 0.83125, '"Y121'": 0.21375, '"3304AK'": 2.5, '"LL60(POWDER)'": 46.455}","{210,220,200,220,220,220,220,220,220,225,225,0}",120,{49.32},21.1674,92745,50.0,{0791AL-0792AL},,,0,2024-12-04,2024-09-16 11:20:00,2024-09-16 13:40:00
731,8,3000,500.0000,SAN MIGUEL YAMAMURA PACKAGING CORPORATION,15382,CA16070E,39706,17.5,"{'"2024-09-16 16:00:00'",'"2024-09-16 18:00:00'",'"2024-09-17 06:00:00'"}","{'"2024-09-16 18:00:00'",'"2024-09-17 06:00:00'",'"2024-09-17 09:30:00'"}",100.0,0.0,0.0,TA16972E,LDPE(HMI),"1. PROD. START @15:40 CHANGE PELL. - 10-1
2.@16:00 START OF BAGGING
3. @09:30-10:20 UNDER MAINTENANCE
4. @10:20-11:10 HEAT UP
5. @11:10 START PURGE
6. SHUT OFF Z2, NAGPALIT NG CONTRLOLER
7. 03:00-04:00 BREAKTIME",STANDARD,6,100,40/40,Arjie Galgo,Julius Fundano,"{'"C19'": 4.65, '"L37'": 155.0, '"SA5'": 93.0, '"K907'": 62.0, '"LL36'": 2635.0, '"LL38'": 150.35}","{180,180,180,180,170,170,170,170,170,170,180,180}",50,"{54,332,114}",28.5714,92778,500.0,{0831AL-0954AL},,,12,2024-12-04,2024-09-16 16:00:00,2024-09-17 09:30:00
732,8,250,257.3300,"PHIL-TOP INDUSTRIES, INC.",15579,TA16972E,39704,3.45,"{'"2024-09-17 13:00:00'"}","{'"2024-09-17 16:27:00'"}",98.9731,2.67,1.0269,BA12013,LDPE(HMI),"1. OVER FLOW ON VENT PORT
2. CHANGE F-RATE 10-9; RPM 350-300",STANDARD,9,300,40/40,Arjie Galgo,Julius Fundano,"{'"C19'": 0.988, '"L28'": 13.0, '"L37'": 13.0, '"W35'": 39.0, '"Y98'": 0.38999999999999996, '"B108'": 2.6, '"K907'": 100.022, '"LL12'": 91.0}","{170,170,170,170,160,160,160,160,160,160,150,150}",118,{257.33},74.5884,92787,260.0,"{0959AL-0962AL,0963AL,0964AL}",,,11,2024-12-04,2024-09-17 13:00:00,2024-09-17 16:27:00
733,8,150,153.3000,CEBU HIQ MANUFACTURING CORPORATION,15585,BA12013E,39714,2.0,"{'"2024-09-17 18:25:00'"}","{'"2024-09-17 20:25:00'"}",98.9032,1.7,1.0968,GA13429E,LDPE(HMI),"",STANDARD,12,350,40/40,Aldrin Villacrusis,Julius Fundano,"{'"W8'": 9.6875, '"L28'": 7.75, '"L37'": 5.425, '"LL6'": 54.25, '"V50'": 0.10850000000000001, '"B101'": 9.375, '"B106'": 0.62, '"B108'": 1.8, '"K907'": 65.98400000000001}","{170,170,170,170,170,170,160,160,160,160,150,150}",105,{153.3},76.65,92803,155.0,"{1024AL-1025AL,1026AL,1027AL}",,,8,2024-12-04,2024-09-17 18:25:00,2024-09-17 20:25:00
734,8,50,56.3800,CEBU HIQ MANUFACTURING CORPORATION,15587,GA13429E,39715,1.08,"{'"2024-09-17 22:10:00'"}","{'"2024-09-17 23:15:00'"}",98.4803,0.87,1.5197,GA3933E,LDPE(HMI),"1. @00:45-01:00 CHANGE PELLETIZER
2. Z10-Z5 MAY MGA BOLITAS NG BEARING NA NATANGGAL",STANDARD,10,350,40/40,Aldrin Villacrusis,Julius Fundano,"{'"G39'": 1.4300000000000002, '"L28'": 2.75, '"L37'": 2.75, '"W35'": 2.09, '"K907'": 25.014, '"LL12'": 19.25, '"Y107'": 1.7160000000000002, '"11-0885AK'": 2.25}","{170,170,170,170,160,160,160,160,160,160,150,150}",105,{56.38},52.2037,92806,57.25,"{1028AL,1029AL}",,,0,2024-12-04,2024-09-17 22:10:00,2024-09-17 23:15:00
780,8,300,330.1200,"MOLDEX PRODUCTS, INC.",0,GA3933E,39812,5.17,"{'"2024-10-18 17:30:00'",'"2024-10-18 18:00:00'"}","{'"2024-10-18 18:00:00'",'"2024-10-18 22:40:00'"}",99.7763,0.74,0.2237,GA4952E,PP,"",STANDARD,90,320,40/40,Aldrin Villacrusis,Julius Fundano,"{'"L28'": 0.99255, '"L37'": 0.99255, '"W35'": 4.30105, '"Y53'": 2.481375, '"PP11'": 24.317475, '"2247AL'": 27.77, '"2242AL-2247AL'": 270.0}","{200,200,180,180,180,180,180,180,180,180,180,180}",90,"{27,303.12}",63.853,93391,330.86,"{2577AL-2582AL,2583AL}",,,8,2024-12-05,2024-10-18 17:30:00,2024-10-18 22:40:00
735,8,300,307.1400,"MOLDEX PRODUCTS, INC.",15589,GA3933E,39716,5.83,"{'"2024-09-18 01:00:00'",'"2024-09-18 06:00:00'"}","{'"2024-09-18 06:00:00'",'"2024-09-18 06:50:00'"}",99.0774,2.86,0.9226,YA16164E,PP,"@03:00-04:00 BREAKTINE
LMI WITH DIESEL",STANDARD,9,300,40/40,Aldrin Villacrusis,Julius Fundano,"{'"AO8'": 0.30700000000000005, '"AO9'": 0.30700000000000005, '"G39'": 15.657, '"L28'": 9.21, '"L37'": 9.21, '"W35'": 40.831, '"PP11'": 202.313, '"Y115'": 29.165, '"31-5670AK'": 3.0}","{200,200,180,180,180,180,180,180,180,180,185,185}",120,"{258,49.14}",52.6827,92809,310.0,"{1030AL-1040AL,1041AL}",,,7,2024-12-04,2024-09-18 01:00:00,2024-09-18 06:50:00
736,8,3,2.8300,"EVEREST PLASTIC CONTAINERS IND., INC.",15469,YA16164E,39534,9.7,"{'"2024-09-18 19:45:00'"}","{'"2024-09-18 10:03:00'"}",94.3333,0.17,5.6667,YA5993E,LDPE(HMI),"1. @08:45-09:15 SHUT OFF, UNDER MAINTENANCE
2. @09:15-09:45 HEAT UP
3. NAG PALIT NG BLOWER SA PANEL BOARD- ENGR. BENJIE & DODIE",STANDARD,12,300,40/40,Arjie Galgo,Julius Fundano,"{'"L28'": 0.09, '"L37'": 0.21, '"W33'": 0.9, '"Y98'": 0.0282, '"K907'": 0.7146, '"LL31'": 1.05, '"Y107'": 0.0072}","{170,170,170,160,160,160,150,150,150,150,150,150}",92,{2.83},0.2918,92678,3.0,{0539AL},,,9,2024-12-04,2024-09-18 09:45:00,2024-09-18 10:03:00
737,8,500,504.6400,EVERGOOD PLASTIC INDUSTRY INC.,15480,YA5993E,39711,7.5,"{'"2024-09-18 11:35:00'",'"2024-09-18 18:00:00'",'"2024-09-18 18:55:00'"}","{'"2024-09-18 18:00:00'",'"2024-09-18 18:55:00'",'"2024-09-18 19:05:00'"}",97.9883,10.36,2.0117,YA15776E,LDPE(HMI),"1. OVER FLOW ON FEEDER PORT
2. CHANGE RPM 360-380; F-RATE 150-12",STANDARD,10,380,40/40,Arjie Galgo,Julius Fundano,"{'"L28'": 25.75, '"L37'": 18.025, '"O56'": 7.9825, '"W33'": 64.89, '"K907'": 148.5775, '"LL31'": 180.25, '"Y120'": 69.525}","{170,170,170,170,160,160,160,160,160,160,160,160}",105,"{435,63,6.64}",67.2853,92790,515.0,"{0965AL-0974AL,0975AL}",,,9,2024-12-04,2024-09-18 11:35:00,2024-09-18 09:05:00
738,8,50,53.5000,SANICON MANUFACTURING CORP.,0,YA15776E,39697,0.75,"{'"2024-09-18 20:50:00'"}","{'"2024-09-18 21:35:00'"}",98.1111,1.03,1.8889,OA14302E,LDPE(HMI),LMI WITH DIESEL,STANDARD,9,280,40/40,Aldrin Villacrusis,Julius Fundano,"{'"L28'": 0.132025, '"Y116'": 1.5843, '"0807AL'": 52.81}","{170,170,170,170,160,160,160,160,160,150,150,150}",115,{53.5},71.3333,92831,54.53,{1014AL},,,11,2024-12-04,2024-09-18 20:50:00,2024-09-18 21:35:00
739,8,100,100.0000,Incon Industrial Corporation,0,OA14302E,39646,1.42,"{'"2024-09-18 23:30:00'"}","{'"2024-09-19 00:55:00'"}",98.1065,1.93,1.8935,BA9159E,LDPE(HMI),03:00-04:00 BREAKTIME,STANDARD,9,300,40/4-,Aldrin Villacrusis,Julius Fundano,"{'"L28'": 0.253975, '"O57'": 0.012191, '"Y98'": 0.071113, '"0760AL'": 101.59}","{170,170,170,170,160,160,160,160,150,150,150,150}",125,{100},70.4225,92846,101.93,{1011AL-1012AL},,,11,2024-12-04,2024-09-18 23:30:00,2024-09-19 00:55:00
740,8,50,49.8200,EVERGOOD PLASTIC INDUSTRY INC.,0,BA9159E,39689,0.67,"{'"2024-09-19 04:00:00'"}","{'"2024-09-19 04:40:00'"}",99.3816,0.31,0.6184,GA8074E,LDPE(HMI),"",STANDARD,9,300,40/40,Aldrin Villacrusis,Julius Fundano,"{'"L28'": 0.125, '"B107'": 0.0065, '"0782AL'": 50.0}","{170,170,170,160,160,160,150,150,150,150,160,160}",120,{49.82},74.3582,92838,50.13,{1020AL},,,10,2024-12-04,2024-09-19 04:00:00,2024-09-19 04:40:00
741,8,125,128.2300,EASTERN INTERNATIONAL PLASTIC PACKAGING CORPORATION,0,GA8074E,39708,1.58,"{'"2024-09-19 06:40:00'"}","{'"2024-09-19 08:15:00'"}",99.4957,0.65,0.5043,GA8074E,LDPE(HMI),"",STANDARD,10,350,40/40,Arjie Galgo,Julius Fundano,"{'"G22'": 0.028276999999999997, '"L28'": 0.32132499999999997, '"0830AL'": 28.53, '"0828AL-0829AL'": 100.0}","{170,170,170,170,160,160,160,160,160,150,150,150}",0,{128.23},81.1582,92837,128.88,"{1017AL-1018AL,1019AL}",,,0,2024-12-04,2024-09-19 06:40:00,2024-09-19 08:15:00
742,8,50,50.0000,EASTERN INTERNATIONAL PLASTIC PACKAGING CORPORATION,15591,GA8074E,39708,0.67,"{'"2024-09-19 08:15:00'"}","{'"2024-09-19 08:55:00'"}",100.0,0.0,0.0,GA2595E,LDPE(HMI),"",STANDARD,12,400,40/40,Arjie Galgo,Julius Fundano,"{'"W8'": 1.0, '"G39'": 0.38, '"L28'": 4.0, '"L37'": 4.0, '"LL6'": 17.5, '"K907'": 22.34, '"Y117'": 0.78}","{170,170,170,170,160,160,160,160,160,150,150,150}",100,{50},74.6269,92835,50.0,{1016AL},,,9,2024-12-04,2024-09-19 08:15:00,2024-09-19 08:55:00
743,8,100,94.7000,ALCOS GLOBAL CORP.,12727,GA2595E,39721,4.08,"{'"2024-09-19 10:35:00'"}","{'"2024-09-19 14:40:00'"}",94.7,5.3,5.3,BA16168E,PET,"1. PPG 127
2. ADDITIONAL 1 SCREEN ON THE TOP OF 2ND LAYER
3. LMI WITH DIESEL",STANDARD,6,200,40/40,Arjie Galgo,Julius Fundano,"{'"B93'": 1.6625, '"Y121'": 0.4275, '"3304AK'": 5.0, '"LL60(POWDER)'": 92.91}","{210,230,230,230,230,230,230,230,230,230,230,230}",120,{94.7},23.2108,92826,100.0,{1128AL-1131AL},,,12,2024-12-04,2024-09-19 10:35:00,2024-09-19 14:40:00
744,8,300,313.3000,"PREMIER CREATIVE PACKAGING, INC.",0,BA16168E,39687,3.92,"{'"2024-09-19 16:40:00'",'"2024-09-19 18:00:00'"}","{'"2024-09-19 18:00:00'",'"2024-09-19 20:35:00'"}",99.3058,2.19,0.6942,BA13023E,LDPE(HMI),"",STANDARD,10,300,40/40,Arjie Galgo,Julius Fundano,"{'"L28'": 0.459945, '"L37'": 0.459945, '"LL6'": 3.219615, '"W33'": 1.53315, '"B107'": 0.061326, '"K907'": 3.127626, '"0762AL(1-13)'": 306.63}","{170,170,170,170,160,160,160,160,160,160,170,170}",95,"{100,213.3}",79.9235,92821,315.49,{1102AL-1107AL},,,13,2024-12-04,2024-09-19 16:40:00,2024-09-19 20:35:00
745,8,300,299.0800,GENSTAR MANUFACTURING CORP.,15596,BA13023E,39725,4.75,"{'"2024-09-19 22:10:00'"}","{'"2024-09-20 02:55:00'"}",98.7063,3.92,1.2937,IA15368E,LDPE(HMI),"1. @03:00-04:00 BREAKTIME
2. OVER FLOW ON FEEDER PORT
3. RPM 380-420; FEEDRATE 10-13.5
4. LMI WITH DIESEL",STANDARD,13.5,420,40/40,Aldrin Villacrusis,Julius Fundano,"{'"C19'": 2.85, '"L28'": 15.0, '"L37'": 10.5, '"LL6'": 105.0, '"W35'": 12.0, '"B106'": 42.0, '"B107'": 10.5, '"K907'": 102.15, '"35-5345AK'": 3.0}","{200,200,170,170,170,170,160,160,160,160,170,170}",180,{299.08},62.9642,92842,303.0,"{1132AL-1136AL,1137AL}",,,14,2024-12-04,2024-09-19 22:10:00,2024-09-20 02:55:00
746,8,150,157.2300,CDC MANUFACTURING CORP.,15592,IA15368E,39720,2.25,"{'"2024-09-20 05:55:00'"}","{'"2024-09-20 08:10:00'"}",99.03,1.54,0.97,GA12411E,LDPE(HMI),LMI WITH DIESEL,STANDARD,12,300,40/40,Aldrin Villacrusis,Julius Fundano,"{'"C19'": 2.263, '"I24'": 5.58, '"L28'": 7.75, '"L37'": 5.425, '"LL6'": 54.25, '"W35'": 31.0, '"Y98'": 3.1, '"K907'": 45.632000000000005, '"23-6532AK'": 3.77}","{170,170,170,170,160,160,160,160,160,160,170,170}",140,{157.23},69.88,92818,158.77,"{1098AL-1099AL,1100AL,1101AL}",,,13,2024-12-04,2024-09-20 05:55:00,2024-09-20 08:10:00
747,8,500,506.0000,GENSTAR MANUFACTURING CORP.,15598,GA12411E,39724,9.42,"{'"2024-09-20 10:30:00'",'"2024-09-20 18:00:00'",'"2024-09-20 19:37:00'"}","{'"2024-09-20 18:00:00'",'"2024-09-20 19:37:00'",'"2024-09-20 19:55:00'"}",98.0107,10.27,1.9893,GA1225E,PP,"1. LMI WITH DIESEL
2. CHANGE PELL. 5-9; 20MINS. DELAY FOR CHANGE PELL.
3. HINDI NABAGSAK ANG COMPOUDED
4. RPM 400-420; F-RATE 11-8.6",STANDARD,8.6,420,40/40,Arjie Galgo,Julius Fundano,"{'"C19'": 1.6480000000000001, '"G34'": 18.0, '"G40'": 12.9, '"L28'": 25.75, '"L37'": 18.025, '"Y98'": 44.805, '"B107'": 20.6, '"K907'": 167.272, '"28-6435AK'": 1.27, '"PP6 POWDER'": 206.0}","{200,200,200,180,180,180,180,180,180,180,190,190}",105,"{402,89,15}",53.7155,92853,516.27,"{1138AL-1149AL,1150AL-1157AL,1158AL}",,,13,2024-12-04,2024-09-20 10:30:00,2024-09-20 19:55:00
748,8,1500,1470.0000,SAN MIGUEL YAMAMURA PACKAGING CORPORATION,15599,GA1225E,39726,20.75,"{'"2024-09-20 21:40:00'",'"2024-09-21 08:00:00'",'"2024-09-21 18:00:00'"}","{'"2024-09-21 06:00:00'",'"2024-09-21 18:00:00'",'"2024-09-21 20:25:00'"}",97.5823,36.42,2.4177,GA1225E,LDPE(HMI),"1. OVER FLOW ON FEEDER PORT/ VENT PORT & VACCUM PORT
2. 14KGS. UNCRUSHED",STANDARD,6.5,420,40/40,Aldrin Villacrusis,Julius Fundano,"{'"C19'": 1.2900000000000003, '"G34'": 34.50000000000001, '"L28'": 45.0, '"L37'": 45.0, '"LL6'": 525.0, '"W35'": 30.0, '"K907'": 789.21, '"Y124'": 30.0, '"28-8018AK'": 0.44, '"FG-5727AK'": 5.98}","{200,200,200,200,170,170,170,160,160,160,160,160}",0,"{545,746,179}",70.8434,92865,1506.42,"{1172AL-1200AL,1201AL,1202AL}",,,0,2024-12-04,2024-09-20 21:40:00,2024-09-21 20:25:00
749,8,500,490.3000,SAN MIGUEL YAMAMURA PACKAGING CORPORATION,15601,GA1225E,39726,6.58,"{'"2024-09-21 20:25:00'"}","{'"2024-09-22 03:00:00'"}",98.06,9.7,1.94,GA13429E,LDPE(HMI),"1. LUMALAKI/ LUMILIIT ANG STRAND
2. CHANGE RPM 420-380; F-RATE 7-6.5
3. VACUUM ON
4. 03:00-04:00 BREAKTIME",STANDARD,6.7,360,40/40,Aldrin Villacrusis,Julius Fundano,"{'"C19'": 0.43, '"G34'": 5.75, '"G40'": 5.75, '"L28'": 15.0, '"L37'": 15.0, '"LL6'": 100.0, '"W34'": 5.0, '"W35'": 5.0, '"K907'": 263.07, '"LL52'": 75.0, '"Y124'": 10.0}","{200,200,200,200,180,180,180,180,180,180,180,180}",105,{490.3},74.5137,92867,500.0,"{1203AL-1207AL,1208AL-1212AL}",,,10,2024-12-04,2024-09-21 20:25:00,2024-09-22 03:00:00
750,8,50,55.2500,CEBU HIQ MANUFACTURING CORPORATION,0,GA13429E,39715,0.92,"{'"2024-09-22 05:45:00'",'"2024-09-23 07:00:00'"}","{'"2024-09-22 06:00:00'",'"2024-09-23 07:40:00'"}",97.7011,1.3,2.2989,YA4352E,LDPE(HMI),"",STANDARD,10,400,40/40,Aldrin Villacrusis,Julius Fundano,"{'"G39'": 0.090208, '"L28'": 0.08457, '"1028AL-1029AL'": 56.38}","{170,170,170,160,160,160,160,160,160,160,150,150}",90,"{15,40.25}",60.0543,92875,56.55,{1213AL-1214AL},,,7,2024-12-04,2024-09-22 05:45:00,2024-09-23 07:40:00
751,8,125,128.5700,EVERGOOD PLASTIC INDUSTRY INC.,15612,OA8984E,39765,1.83,"{'"2024-09-27 08:50:00'",'"2024-09-27 11:00:00'"}","{'"2024-09-27 09:20:00'",'"2024-09-27 12:20:00'"}",97.4015,3.43,2.5985,OA4303E,LDPE(HMI),"@09:20 PROD. STOP, UNDER MAINTENANCE BUMABA ANG TEMP. NG Z1 - 200 SETTING, 110 READING. @11:00 RESUME",STANDARD,9.5,420,40/40,Aldrin Villacrusis,Julius Fundano,"{'"L28'": 6.6, '"L37'": 6.6, '"LL6'": 46.2, '"O56'": 8.448, '"W35'": 13.2, '"K907'": 50.0676, '"R110'": 0.8844000000000001}","{200,200,170,170,160,160,160,160,160,160,150,150}",90,"{30,98.57}",70.2568,92929,132.0,"{1496AL-1497AL,1498AL}",,,9,2024-12-04,2024-09-27 08:50:00,2024-09-27 12:20:00
752,8,500,487.9000,CYBERMANN INDUSTRIAL CORPORATION,15457,MA7758E,39759,9.5,"{'"2024-09-26 21:50:00'",'"2024-09-27 06:00:00'"}","{'"2024-09-27 06:00:00'",'"2024-09-27 07:20:00'"}",97.58,12.1,2.42,OA8984E,PP,"04:00 Z1 SETTING 180, REACH READING 101",STANDARD,11,350,40/40,Arjie Galgo,Julius Fundano,"{'"C19'": 0.9, '"L28'": 25.0, '"L37'": 17.5, '"O55'": 0.5, '"P26'": 32.5, '"P28'": 65.0, '"Y98'": 15.0, '"K907'": 50.0, '"PP6 POWDER'": 293.6}","{180,200,180,180,180,180,180,180,180,180,180,180}",90,"{410,77.9}",51.3579,92970,500.0,"{1540AL-1558AL,1559AL}",,,4,2024-12-04,2024-09-26 21:50:00,2024-09-27 07:20:00
753,8,100,101.8600,"EVEREST PLASTIC CONTAINERS IND., INC.",15538,YA7418E,37428,1.5,"{'"2024-09-26 18:30:00'"}","{'"2024-09-26 20:00:00'"}",97.0095,3.14,2.9905,MA7758E,LDPE(HMI),SCREEN SIZE 60/60,STANDARD,10,300,40/40,Arjie Galgo,Julius Fundano,"{'"L28'": 5.25, '"L37'": 5.25, '"LL6'": 36.75, '"W33'": 20.265, '"K907'": 34.455749999999995, '"R110'": 0.08925, '"Y120'": 2.94}","{170,170,170,170,160,160,160,160,160,160,150,150}",110,{101.86},67.9067,92881,105.0,"{1218AL,1219AL}",,,10,2024-12-04,2024-09-26 18:30:00,2024-09-26 20:00:00
754,8,1000,994.3200,"EVEREST PLASTIC CONTAINERS IND., INC.",15625,YA6053E,39763,12.83,"{'"2024-09-26 03:25:00'",'"2024-09-26 06:00:00'"}","{'"2024-09-26 06:00:00'",'"2024-09-26 16:15:00'"}",99.432,5.68,0.568,YA7418E,LDPE(HMI),"16:15-17:00 UNDER MAINTENANCE, BUMABA ANG TEMP. NG Z1",STANDARD,14.5,380,40/40,Arjie Galgo,Julius Fundano,"{'"L28'": 50.0, '"L37'": 50.0, '"LL6'": 350.0, '"O55'": 0.215, '"W35'": 150.0, '"Y89'": 100.0, '"K907'": 299.785}","{180,180,170,170,170,170,160,160,160,160,160,160}",90,"{194,800.32}",77.4996,92958,1000.0,{1499AL-1518AL},,,13,2024-12-04,2024-02-06 03:25:00,2024-09-26 16:15:00
755,8,100,100.0000,"EVEREST PLASTIC CONTAINERS IND., INC.",15610,YA5124E,39750,1.0,"{'"2024-09-25 23:30:00'"}","{'"2024-09-26 00:30:00'"}",100.0,0.0,0.0,YA6053E,LDPE(HMI),02:00-03:00 BREAKTIME,STANDARD,24,380,40/40,Arjie Galgo,Julius Fundano,"{'"L28'": 3.0, '"L37'": 7.0, '"LL6'": 35.0, '"O56'": 1.44, '"W35'": 12.5, '"K907'": 31.08, '"Y120'": 9.98}","{200,200,170,170,170,170,160,160,160,160,150,150}",90,{100},100.0,92935,100.0,{1529AL-1530AL},,,12,2024-12-04,2024-09-25 23:30:00,2024-09-26 00:30:00
756,8,425,424.1200,"EVEREST PLASTIC CONTAINERS IND., INC.",15614,YA5124E,39750,5.5,"{'"2024-09-25 17:30:00'",'"2024-09-25 18:00:00'"}","{'"2024-09-25 18:00:00'",'"2024-09-25 23:00:00'"}",99.7929,0.88,0.2071,NO PURGING,LDPE(HMI),"",STANDARD,24,380,40/40,Aldrin Villacrusis,Julius Fundano,"{'"L28'": 12.75, '"L37'": 29.75, '"LL6'": 148.75, '"O56'": 5.949999999999999, '"W35'": 53.125, '"Y89'": 42.5, '"K907'": 132.175}","{200,200,170,170,170,170,160,160,160,160,150,150}",0,"{38,386.12}",77.1127,92937,425.0,"{1531AL-1538AL,1539AL}",,,0,2024-12-04,2024-09-25 17:30:00,2024-09-25 23:00:00
757,8,125,50.0000,"EVEREST PLASTIC CONTAINERS IND., INC.",0,GA16706E,39753,0.67,"{'"2024-09-30 17:00:00'"}","{'"2024-09-30 17:40:00'"}",35.1173,92.38,64.8827,NO PURGING,LDPE(HMI),"17:40 PROD. STOP
CUT 50KGS.",STANDARD,9,280,40/40,Aldrin Villacrusis,Julius Fundano,"{'"G34'": 0.01559, '"L28'": 0.6496, '"L37'": 0.6496, '"W33'": 1.403136, '"K907'": 5.1968, '"LL12'": 4.5472, '"1521AL'": 29.92, '"1519AL-1520AL'": 100.0}","{170,170,170,170,170,170,160,160,160,160,150,150}",0,{50},74.6269,93035,142.38,"{1746AL-1747AL,1748AL}",,,0,2024-12-04,2024-09-30 17:00:00,2024-09-30 17:40:00
758,1,1000,999.0000,TERUMO (PHILS.) CORPORATION,13467,YA14431E,39758,40.0,"{'"2024-10-09 14:00:00'",'"2024-10-11 08:00:00'",'"2024-10-12 07:30:00'",'"2024-10-17 07:30:00'",'"2024-10-17 18:00:00'"}","{'"2024-10-09 18:00:00'",'"2024-10-11 18:00:00'",'"2024-10-12 18:00:00'",'"2024-10-17 18:00:00'",'"2024-10-17 23:00:00'"}",97.9383,21.03,2.0617,GA14431E,PP,3mm x 3mm Pellet size,STANDARD,85,250,40/40,Roselie Mapandi,Julius Fundano,"{'"W8'": 24.36, '"L28'": 50.75, '"L37'": 50.75, '"Y107'": 13.195, '"T-RESIN'": 875.945, '"FG-2979AK'": 5.03}","{180,200,180,180,180,180,180,180,180,180}",60,"{100,250,263,262,124}",24.975,93115,1020.03,"{1882AL-1921AL,1922AL}",,,8,2024-12-05,2024-10-09 14:00:00,2024-10-17 23:00:00
759,1,1000,499.0000,TERUMO (PHILS.) CORPORATION,13467,YA14431E,39758,20.0,"{'"2024-10-12 13:30:00'",'"2024-10-12 14:30:00'",'"2024-10-12 15:30:00'",'"2024-10-12 16:30:00'",'"2024-10-12 17:30:00'",'"2024-10-17 07:30:00'",'"2024-10-17 08:30:00'",'"2024-10-17 09:30:00'",'"2024-10-17 10:30:00'",'"2024-10-17 11:30:00'",'"2024-10-17 12:30:00'",'"2024-10-17 13:30:00'",'"2024-10-17 14:30:00'",'"2024-10-17 15:30:00'",'"2024-10-17 16:30:00'",'"2024-10-17 17:30:00'",'"2024-10-17 18:00:00'",'"2024-10-17 19:00:00'",'"2024-10-17 20:00:00'",'"2024-10-17 21:00:00'",'"2024-10-17 22:00:00'"}","{'"2024-10-12 14:30:00'",'"2024-10-12 15:30:00'",'"2024-10-12 16:30:00'",'"2024-10-12 17:30:00'",'"2024-10-12 18:00:00'",'"2024-10-17 08:30:00'",'"2024-10-17 09:30:00'",'"2024-10-17 10:30:00'",'"2024-10-17 11:30:00'",'"2024-10-17 12:30:00'",'"2024-10-17 13:30:00'",'"2024-10-17 14:30:00'",'"2024-10-17 15:30:00'",'"2024-10-17 16:30:00'",'"2024-10-17 17:30:00'",'"2024-10-17 18:00:00'",'"2024-10-17 19:00:00'",'"2024-10-17 20:00:00'",'"2024-10-17 21:00:00'",'"2024-10-17 22:00:00'",'"2024-10-17 23:00:00'"}",48.9201,521.03,51.0799,GA144331E,PP,3mm x 3mm Pellet size,STANDARD,85,250,40/40,Roselie Mapandi,Julius Fundano,"{'"W8'": 24.36, '"L28'": 50.75, '"L37'": 50.75, '"Y107'": 13.195, '"T-RESIN'": 875.945, '"FG-2979AK'": 5.03}","{180,200,180,180,180,180,180,180,180,180}",60,"{25,25,25,25,13,25,25,25,25,25,25,25,25,25,25,12,25,25,25,25,24}",24.95,93115,1020.03,"{1882AL-1921AL,1922AL}",,,8,2024-12-05,2024-10-12 13:30:00,2024-10-17 23:00:00
1119,8,250,242.2000,CANLINE INDUSTRIAL CORP.,0,GA16014E,40134,3.55,"{'"2024-12-17 09:40:00'"}","{'"2024-12-17 13:13:00'"}",96.88,7.8,3.12,GA13854E,LDPE(HMI),"",STANDARD,8.5,30,40/40,Joel Miras,Julius Fundano,"{'"G40'": 10.0, '"L28'": 6.25, '"L37'": 4.375, '"LB2'": 18.75, '"B106'": 7.0, '"K907'": 53.625, '"LL12'": 25.0, '"5597AL-5599AL'": 125.0}","{150,150,150,140,140,140,150,160,160,160,150,150}",107,{242.2},68.2254,94458,250.0,{5912AL-5916AL},,,18,2025-02-28,2024-12-17 09:40:00,2024-12-17 13:13:00
760,1,1000,500.0000,TERUMO (PHILS.) CORPORATION,13467,YA14431E,39758,20.0,"{'"2024-10-09 14:00:00'",'"2024-10-09 15:00:00'",'"2024-10-09 16:00:00'",'"2024-10-09 17:00:00'",'"2024-10-11 08:00:00'",'"2024-10-11 09:00:00'",'"2024-10-11 10:00:00'",'"2024-10-11 11:00:00'",'"2024-10-11 12:00:00'",'"2024-10-11 13:00:00'",'"2024-10-11 14:00:00'",'"2024-10-11 15:00:00'",'"2024-10-11 16:00:00'",'"2024-10-11 17:00:00'",'"2024-10-12 07:30:00'",'"2024-10-12 08:30:00'",'"2024-10-12 09:30:00'",'"2024-10-12 10:30:00'",'"2024-10-12 11:30:00'",'"2024-10-12 12:30:00'"}","{'"2024-10-09 15:00:00'",'"2024-10-09 16:00:00'",'"2024-10-09 17:00:00'",'"2024-10-09 18:00:00'",'"2024-10-11 09:00:00'",'"2024-10-11 10:00:00'",'"2024-10-11 11:00:00'",'"2024-10-11 12:00:00'",'"2024-10-11 13:00:00'",'"2024-10-11 14:00:00'",'"2024-10-11 15:00:00'",'"2024-10-11 16:00:00'",'"2024-10-11 17:00:00'",'"2024-10-11 18:00:00'",'"2024-10-12 08:30:00'",'"2024-10-12 09:30:00'",'"2024-10-12 10:30:00'",'"2024-10-12 11:30:00'",'"2024-10-12 12:30:00'",'"2024-10-12 13:30:00'"}",49.0182,520.03,50.9818,GA144331E,PP,3mm x 3mm Pellet size,STANDARD,85,250,40/40,Roselie Mapandi,Julius Fundano,"{'"W8'": 24.36, '"L28'": 50.75, '"L37'": 50.75, '"Y107'": 13.195, '"T-RESIN'": 875.945, '"FG-2979AK'": 5.03}","{180,200,180,180,180,180,180,180,180,180}",60,"{25,25,25,25,25,25,25,25,25,25,25,25,25,25,25,25,25,25,25,25}",25.0,93115,1020.03,"{1882AL-1921AL,1922AL}",,,8,2024-12-05,2024-10-09 14:00:00,2024-10-12 13:30:00
761,1,1000,999.0000,TERUMO (PHILS.) CORPORATION,13467,YA14431E,39758,40.0,"{'"2024-10-09 14:00:00'",'"2024-10-09 15:00:00'",'"2024-10-09 16:00:00'",'"2024-10-09 17:00:00'",'"2024-10-11 08:00:00'",'"2024-10-12 07:30:00'",'"2024-10-17 07:30:00'",'"2024-10-17 18:00:00'"}","{'"2024-10-09 15:00:00'",'"2024-10-09 16:00:00'",'"2024-10-09 17:00:00'",'"2024-10-09 18:00:00'",'"2024-10-11 18:00:00'",'"2024-10-12 18:00:00'",'"2024-10-17 18:00:00'",'"2024-10-17 23:00:00'"}",97.9383,21.03,2.0617,GA144331E,PP,3mm x 3mm Pellet size,STANDARD,85,250,40/40,Roselie Mapandi,Julius Fundano,"{'"W8'": 24.36, '"L28'": 50.75, '"L37'": 50.75, '"Y107'": 13.195, '"T-RESIN'": 875.945, '"FG-2979AK'": 5.03}","{180,200,180,180,180,180,180,180,180,180}",60,"{25,25,25,25,250,263,262,124}",24.975,93115,1020.03,"{1882AL-1921AL,1922AL}",,,8,2024-12-05,2024-10-09 14:00:00,2024-10-17 23:00:00
762,8,3029.7,2925.0000,In House,15347,WA3827E,39362,42.0,"{'"2024-07-12 04:20:00'",'"2024-07-12 06:00:00'",'"2024-07-12 18:00:00'",'"2024-07-13 06:00:00'",'"2024-07-13 18:00:00'"}","{'"2024-07-12 06:00:00'",'"2024-07-12 18:00:00'",'"2024-07-13 06:00:00'",'"2024-07-13 18:00:00'",'"2024-07-13 22:20:00'"}",106.1822,-170.3,-6.1822,YA16164E,HDPE(HMI),"",STANDARD,8,360,40/40,Edsel Mangarin,Julius Fundano,"{'"B81'": 1.5125, '"L14'": 10.0, '"L37'": 50.5, '"W33'": 453.75, '"B101'": 10.5875, '"K907'": 983.4, '"LL48'": 517.625, '"LL53'": 102.5, '"9906AI'": 4.7, '"LL48 POWDER'": 517.625, '"LL53 POWDER'": 102.5}","{200,200,200,180,180,180,180,180,180,180,180,180}",120,"{115,876,805,876,253}",69.6429,91656,2754.7,"{7797AK-7801AK,7854AK-7863AK,7991AK-8000AK,8006AK-8008AK,8009AK,7864AK}",,,10,2024-12-05,2024-07-12 04:20:00,2024-07-13 22:20:00
763,5,2025,2008.0000,KPC INTERNATIONAL CORPORATION,15593,WA2123E,39444,24.5,"{'"2024-09-17 21:10:00'",'"2024-09-18 06:00:00'",'"2024-09-18 14:30:00'",'"2024-09-18 18:00:00'",'"2024-09-18 22:10:00'"}","{'"2024-09-18 06:00:00'",'"2024-09-18 13:00:00'",'"2024-09-18 18:00:00'",'"2024-09-18 22:10:00'",'"2024-09-18 23:10:00'"}",99.1605,17.0,0.8395,WA15123E,PP,"1. 9/17/2024 PPG-57-58
2. @13:00-14:30 CHANGE PELLETIZER 9-10",STANDARD,12,380,60/60,Edsel Mangarin,Julius Fundano,"{'"W8'": 1012.5, '"AO8'": 2.025, '"AO9'": 2.025, '"L28'": 40.5, '"L37'": 40.5, '"PP11'": 927.45}","{180,200,180,180,180,180,180,180,180,180,180}",90,"{670,595,297,363,83}",81.9592,92833,2025.0,"{1108AL-1126AL,1127AL}",,,14,2024-12-05,2024-09-17 21:10:00,2024-09-18 23:10:00
764,5,500,491.3000,Incon Industrial Corporation,15709,WA11678E,39874,5.83,"{'"2024-10-19 22:20:00'"}","{'"2024-10-20 04:10:00'"}",97.3951,13.14,2.6049,WA15123E,LDPE(HMI),10/21/2024 CONTINUE PURGING @06:20-07:20,STANDARD,10,300,40/40,Edsel Mangarin,Julius Fundano,"{'"B81'": 0.075, '"L28'": 15.0, '"L37'": 15.0, '"LL6'": 175.0, '"W33'": 205.0, '"K907'": 89.925, '"18-8176AK'": 4.44}","{170,110,110,170,160,160,160,160,160,170,170}",190,{491.3},84.271,93408,504.44,"{2612AL-2615AL,2616AL}",,,10,2024-12-05,2024-10-19 22:20:00,2024-10-20 04:10:00
766,5,200,196.4000,"STARKSON PACKAGING, INC.",12024,UA8910E,39870,9.25,"{'"2024-10-19 18:35:00'"}","{'"2024-10-19 09:20:00'"}",94.8288,10.71,5.1712,WA11678E,RUBBER,PANGIT ANG PUTOL KAPAG MATULIN ANG TAKBO,STANDARD,6.5,250,60/60,Edsel Mangarin,Julius Fundano,"{'"LL6'": 100.0, '"LL36'": 100.0, '"FG-0663AL'": 7.11}","{170,170,170,170,160,160,160,160,160,150,150}",60,{196.4},21.2324,93377,207.11,"{2494AL,2495AL}",,,6,2024-12-05,2024-10-19 18:35:00,2024-10-19 09:20:00
767,5,1500,1512.0000,"PREMIER CREATIVE PACKAGING, INC.",15524,WA13000E,39861,17.75,"{'"2024-10-18 21:05:00'",'"2024-10-19 06:00:00'"}","{'"2024-10-19 05:00:00'",'"2024-10-19 15:50:00'"}",98.9639,15.83,1.0361,UA8910E,LDPE(HMI),"",STANDARD,10,350,40/40,Jowie Vasquez,Julius Fundano,"{'"B81'": 0.4575, '"L28'": 30.5, '"L37'": 30.5, '"LL6'": 381.25, '"W33'": 579.5, '"K907'": 502.7925, '"5-QCEXCESS'": 2.83}","{170,170,170,170,160,160,160,160,150,150,150}",160,"{690,822}",85.1831,93398,1527.83,"{2372AL-2380AL,2381AL,2496AL-2500AL}",,,14,2024-12-05,2024-10-18 21:05:00,2024-10-19 15:50:00
768,3,500,509.5700,EVERGOOD PLASTIC INDUSTRY INC.,15487,RA2508E,39887,7.93,"{'"2024-10-21 08:24:00'"}","{'"2024-10-21 16:20:00'"}",98.7539,6.43,1.2461,RA4665E,LDPE(HMI),"1. OVER FLOW ON FEEDER & VACUUM
2. 10/21/2024 @05:55 HEAT UP",STANDARD,9,42,60/60,Joel Miras,Julius Fundano,"{'"L28'": 20.0, '"L37'": 21.0, '"LL6'": 195.0, '"W33'": 9.299999999999999, '"K907'": 201.20000000000002, '"R116'": 13.999999999999998, '"R130'": 39.5, '"3-8051AK'": 4.1, '"30-6407AK'": 2.15, '"FG-9564AK'": 9.4, '"1-QCEXCESS'": 0.35}","{160,150,150,140,140,150,150}",80,{509.57},64.2585,93431,516.0,"{2617AL-2625AL,2626AL,2627AL}",,,12,2024-12-05,2024-10-21 08:24:00,2024-10-21 16:20:00
769,8,50,51.3000,GILVAN PACKAGING CORPORATION,15633,MA11346E,39878,1.08,"{'"2024-10-20 03:40:00'"}","{'"2024-10-20 04:45:00'"}",98.6538,0.7,1.3462,MA4737E,LDPE(HMI),"* @05:00-06:00 BREAKTIME
* 10/21/2024 @05:55 HEAT UP",STANDARD,7,380,40/40,Aldrin Villacrusis,Julius Fundano,"{'"C19'": 0.0416, '"L28'": 2.6, '"L37'": 2.6, '"O55'": 0.052000000000000005, '"P26'": 1.56, '"P28'": 8.84, '"W35'": 0.312, '"Y98'": 0.78, '"K907'": 5.2, '"LL31'": 30.014400000000002}","{170,170,170,160,160,160,150,150,150,150,160,160}",795,{51.3},47.5,93388,52.0,"{2584AL,2585AL}",,,5,2024-12-05,2024-10-20 03:40:00,2024-10-20 04:45:00
770,8,50,51.4000,GILVAN PACKAGING CORPORATION,15637,OA7922E,39879,1.0,"{'"2024-10-20 00:40:00'"}","{'"2024-10-20 01:40:00'"}",98.8462,0.6,1.1538,MA11346E,HDPE(HMI),"* OVERFLOW ON FEEDER
* HINDI BUMABAGSAK",STANDARD,7.5,380,40/40,Aldrin Villacrusis,Julius Fundano,"{'"L28'": 2.6, '"L37'": 1.8199999999999998, '"O55'": 3.7439999999999998, '"W33'": 1.0608, '"Y98'": 2.6, '"K907'": 21.9752, '"LL48 POWDER'": 18.2}","{200,200,200,180,180,180,170,170,170,170,170,170}",120,{51.4},51.4,93390,52.0,"{2586AL,2587AL}",,,12,2024-12-05,2024-10-20 00:40:00,2024-10-20 01:40:00
771,8,50,54.5300,EVERGOOD PLASTIC INDUSTRY INC.,15708,CA17279E,39876,1.17,"{'"2024-10-19 15:20:00'"}","{'"2024-10-19 16:30:00'"}",95.1658,2.77,4.8342,OA2860E,PP,"* LAGI NAGPUPUTOL
* VACUUM ON",STANDARD,7,300,40/40,Arjie Galgo,Julius Fundano,"{'"C19'": 0.318, '"L28'": 2.65, '"L37'": 2.65, '"K907'": 5.3, '"15-0522AL'": 4.3, '"PP7 POWDER'": 42.082}","{180,200,180,180,180,180,180,180,180,180,180,180}",120,{54.53},46.6068,93400,57.3,"{2501AL,2502AL}",,,12,2024-12-05,2024-10-19 15:20:00,2024-10-19 16:30:00
772,8,250,276.1500,Una Internationale,0,OA2860E,39854,4.67,"{'"2024-10-19 18:30:00'"}","{'"2024-10-19 23:10:00'"}",98.7273,3.56,1.2727,OA7922E,LDPE(HMI),VACUUM ON,STANDARD,10,350,60/60,Aldrin Villacrusis,Julius Fundano,"{'"L28'": 2.5427999999999997, '"L37'": 2.5427999999999997, '"LL6'": 12.96828, '"Y89'": 1.01712, '"K907'": 5.0855999999999995, '"R103'": 1.2713999999999999, '"2371AL'": 26.28, '"2366AL-2371AL'": 228.0}","{170,170,170,160,160,160,150,150,150,150,160,160}",90,{276.15},59.1328,93435,279.71,"{2632AL-2636AL,2637AL}",,,5,2024-12-05,2024-10-19 18:30:00,2024-10-19 23:10:00
773,8,150,176.1600,"EVEREST PLASTIC CONTAINERS IND., INC.",15669,GA4952E,39817,2.5,"{'"2024-10-19 00:10:00'"}","{'"2024-10-19 02:40:00'"}",99.1724,1.47,0.8276,GA16415E,LDPE(HMI),VACUUM ON,STANDARD,10,350,40/40,Aldrin Villacrusis,Julius Fundano,"{'"G34'": 7.595, '"L28'": 2.8, '"L37'": 2.8, '"LL6'": 24.5, '"W33'": 3.458, '"Y89'": 2.5549999999999997, '"K907'": 28.917, '"2323AL-2324AL'": 90.0, '"2324AL-2325AL'": 15.0}","{170,170,170,170,160,160,160,160,160,160,150,150}",110,{176.16},70.464,93433,177.63,"{2628AL-2630AL,2631AL}",,,10,2024-12-05,2024-10-19 00:10:00,2024-10-19 02:40:00
774,8,625,646.2500,METRO CONTAINER CORPORATION,0,GA16415E,39868,7.92,"{'"2024-10-19 04:30:00'",'"2024-10-19 06:00:00'"}","{'"2024-10-19 05:00:00'",'"2024-10-19 13:25:00'"}",99.4231,3.75,0.5769,CA17279E,LDPE(HMI),05:00-06:00 BREAKTIME,STANDARD,13,350,40/40,Aldrin Villacrusis,Julius Fundano,"{'"G34'": 1.99992, '"L28'": 30.082, '"L37'": 43.082, '"LL6'": 210.574, '"W33'": 70.20416, '"K907'": 220.4618, '"Y107'": 25.22624, '"Y119'": 0.00988, '"GA15849E(1544AJ)'": 48.36}","{170,170,170,170,160,160,160,160,150,150,150,150}",115,"{37,609.25}",81.5972,93413,650.0,{2593AL-2605AL},,,9,2024-12-05,2024-10-19 04:30:00,2024-10-19 13:25:00
775,3,300,299.4000,EASTERN INTERNATIONAL PLASTIC PACKAGING CORPORATION,15645,RA7886E,39871,4.25,"{'"2024-10-20 00:45:00'"}","{'"2024-10-20 05:00:00'"}",98.1639,5.6,1.8361,RA2508E,LDPE(HMI),"* 05:00-06:00 BREAKTIME
* NO OVER SIZE",STANDARD,7.5,48,40/40,Joel Miras,Julius Fundano,"{'"C19'": 0.10675, '"L28'": 15.25, '"L37'": 15.25, '"LL6'": 106.75, '"K907'": 140.19325, '"R122'": 24.4, '"Y116'": 3.05}","{150,140,140,150,150,150,150}",84,{299.4},70.4471,93375,305.0,"{2527AL-2531AL,2532AL,2533AL}",,,12,2024-12-05,2024-10-20 00:45:00,2024-10-20 05:00:00
776,3,50,57.5000,GILVAN PACKAGING CORPORATION,13745,RA15449E,39877,1.25,"{'"2024-10-19 22:10:00'"}","{'"2024-10-19 23:25:00'"}",97.112,1.71,2.888,RA7886E,LDPE(HMI),"PANGIT ANG PUTOL NG PELLET KAPAG MABILIS, MARAMING MAHAHABANG PUTOL",STANDARD,10,13,40/40,Joel Miras,Julius Fundano,"{'"L28'": 1.5, '"L37'": 3.5, '"LL31'": 41.37, '"R115'": 1.0, '"R117'": 2.63, '"FG-7631AK'": 9.21}","{150,150,140,140,130,100,130}",80,{57.5},46.0,93393,59.21,"{2588AL,2589AL}",,,11,2024-12-05,2024-10-19 22:10:00,2024-10-19 23:25:00
777,3,5500,5488.6500,SAN MIGUEL YAMAMURA PACKAGING CORPORATION,15473,RA12739E,39860,80.5,"{'"2024-10-15 11:00:00'",'"2024-10-15 18:00:00'",'"2024-10-16 06:00:00'",'"2024-10-16 18:00:00'",'"2024-10-18 06:15:00'",'"2024-10-18 18:00:00'",'"2024-10-19 06:00:00'",'"2024-10-19 18:00:00'"}","{'"2024-10-15 18:00:00'",'"2024-10-16 06:00:00'",'"2024-10-16 18:00:00'",'"2024-10-17 06:00:00'",'"2024-10-18 18:00:00'",'"2024-10-19 05:00:00'",'"2024-10-19 18:00:00'",'"2024-10-19 20:45:00'"}",98.8946,61.35,1.1054,RA15449E,LDPE(HMI),"* 10/18/2024 @06:00-06:15 CHANGE SCREEN
* TOTAL = 5,488.65",STANDARD,10.2,28,40/40,Joel Miras,Julius Fundano,"{'"L28'": 111.0, '"L37'": 444.0, '"LL6'": 1110.0, '"V50'": 27.75, '"K907'": 2680.65, '"LL52'": 832.5, '"R122'": 122.1, '"R129'": 222.0}","{150,140,140,150,150,150,150}",85,"{482,775,840,775,822,775,840,179.65}",68.182,93333,5550.0,{2382AL-2492AL},,,14,2024-12-05,2024-10-15 11:00:00,2024-10-19 20:45:00
778,5,6250,6200.8100,NMH PACKAGING PTE. LTD.,15678,WA15190E,39833,77.33,"{'"2024-10-14 11:40:00'",'"2024-10-14 18:00:00'",'"2024-10-15 06:00:00'",'"2024-10-16 06:00:00'",'"2024-10-17 06:15:00'",'"2024-10-17 18:00:00'",'"2024-10-18 06:00:00'"}","{'"2024-10-14 18:00:00'",'"2024-10-15 06:00:00'",'"2024-10-15 18:00:00'",'"2024-10-16 18:00:00'",'"2024-10-17 18:00:00'",'"2024-10-18 06:00:00'",'"2024-10-18 17:15:00'"}",99.1337,54.19,0.8663,-,PP,"* 10/16/2024 57-52 PPG
* @09:20-09:50 CHANGE PELL. 10-9
* TOTAL = 6,200.81",STANDARD,10,400,60/60,Roselie Mapandi,Julius Fundano,"{'"W8'": 3750.0, '"AO8'": 6.25, '"AO9'": 6.25, '"L28'": 125.0, '"L37'": 125.0, '"0610AL'": 5.0, '"PP8 POWDER'": 937.5, '"PP11 POWDER'": 1300.0}","{200,200,200,180,180,180,180,180,180,180,200,200}",45,"{450,935,1020,935,963,935,962.81}",80.1863,93237,6255.0,"{2169AL-2230AL,2231AL}",,,7,2024-12-05,2024-10-14 11:40:00,2024-10-18 17:15:00
779,5,100,102.1000,SANICON MANUFACTURING CORP.,15570,WA16299E,39863,1.25,"{'"2024-10-18 18:35:00'"}","{'"2024-10-18 19:50:00'"}",97.2381,2.9,2.7619,WA13000E,LDPE(HMI),"",STANDARD,10,380,40/40,Edsel Mangarin,Julius Fundano,"{'"B81'": 0.042, '"L28'": 5.25, '"L37'": 5.25, '"LL6'": 36.75, '"W33'": 17.85, '"K907'": 39.858}","{180,180,170,170,170,170,160,160,160,180,180}",70,{102.1},81.68,93335,105.0,{2493AL},,,0,2024-12-05,2024-10-18 18:35:00,2024-10-18 19:50:00
781,8,50,53.5800,PLASTIMER INDUSTRIAL CORP.,15440,GA6246E,39875,1.17,"{'"2024-10-18 14:50:00'"}","{'"2024-10-18 16:00:00'"}",93.7697,3.56,6.2303,GA3933E,PP,"",STANDARD,9,300,40/40,Arjie Galgo,Julius Fundano,"{'"W8'": 2.3, '"B89'": 0.5428, '"C19'": 0.0276, '"G22'": 1.794, '"L28'": 2.3, '"L37'": 2.3, '"Y98'": 6.4399999999999995, '"K907'": 4.6, '"6-9105AK'": 2.0, '"31-0502AL'": 2.2, '"FG-8757AK'": 6.94, '"PP14 POWDER'": 25.6956}","{180,200,180,180,180,180,180,180,180,180,180,180}",90,{53.58},45.7949,93396,57.14,"{2590AL,2591AL}",,,0,2024-12-05,2024-10-18 14:50:00,2024-10-18 16:00:00
782,8,125,130.2300,"AG CANPRINT, INC.",13689,YA12705E,39867,1.7,"{'"2024-10-18 11:10:00'"}","{'"2024-10-18 12:52:00'"}",99.2758,0.95,0.7242,GA6246E,LDPE(HMI),KUMUKULAY SA TUBIG,STANDARD,10,300,40/40,Arjie Galgo,Julius Fundano,"{'"W8'": 5.08, '"L28'": 6.35, '"L37'": 4.445, '"Y98'": 7.62, '"K907'": 56.515, '"LL31'": 44.45, '"Y107'": 2.54, '"4-5078AK'": 4.18}","{170,170,170,170,160,160,160,160,150,150,150,150}",118,{130.23},76.6059,93361,131.18,"{2518AL-2519AL,2520AL}",,,11,2024-12-05,2024-10-18 11:10:00,2024-10-18 12:52:00
798,5,3000,2961.4200,GILVAN PACKAGING CORPORATION,15590,WA15123E,39869,35.0,"{'"2024-10-21 07:20:00'",'"2024-10-21 18:00:00'",'"2024-10-22 06:00:00'",'"2024-10-22 18:00:00'"}","{'"2024-10-21 18:00:00'",'"2024-10-22 05:00:00'",'"2024-10-22 18:00:00'",'"2024-10-22 19:20:00'"}",98.714,38.58,1.286,UA8910,LDPE(HMI),"* 10/21/2024 @05:55 START HEAT UP
* Z2 BUMABA ANG TEMP.
*PANGIT ANG PUTOL NG STRAND SA PELLETIZER #9 - MAPUROL",STANDARD,10,350,60/60,Edsel Mangarin,Julius Fundano,"{'"AO8'": 3.0, '"AO9'": 3.0, '"B81'": 15.0, '"L37'": 60.0, '"LL6'": 1149.0, '"W33'": 1770.0}","{170,170,170,160,160,160,160,150,150,160,160,160}",120,"{900,935,1020,106.42}",84.612,93378,3000.0,{2534AL-2563AL},,,11,2024-12-05,2024-10-21 07:20:00,2024-10-22 19:20:00
799,8,1000,965.3400,"EVEREST PLASTIC CONTAINERS IND., INC.",12408,MA4737E,39890,30.25,"{'"2024-10-21 09:00:00'",'"2024-10-21 18:00:00'",'"2024-10-22 06:00:00'"}","{'"2024-10-21 18:00:00'",'"2024-10-22 05:00:00'",'"2024-10-22 16:15:00'"}",96.0174,40.04,3.9826,GA13854E,LDPE(HMI),"* 08:00-09:00 WAITING FOR COMPOUNDED
* OVER FLOW ON FEEDER PORT. RPM FROM 400-430; F-RATE FROM 5-5.5
* 05:00-06:00 BREAKTIME",STANDARD,5.8,420,40/40,Aldrin Villacrusis,Julius Fundano,"{'"C19'": 0.4, '"L28'": 30.0, '"L37'": 30.0, '"O55'": 0.6, '"P26'": 65.0, '"P27'": 80.0, '"P28'": 134.0, '"Y98'": 35.0, '"K907'": 100.0, '"LL31'": 525.0, '"FG-QCEXCESS'": 5.38}","{180,180,170,170,160,160,160,160,140,140,160,160}",90,"{285,352,328.34}",31.9121,93454,1005.38,"{2648AL-2686AL,2687AL}",,,14,2024-12-05,2024-10-21 09:00:00,2024-10-22 16:15:00
800,8,100,120.3500,REIMAGINE PACKAGING CORPORATION,0,GA13854E,39857,1.67,"{'"2024-10-22 17:45:00'",'"2024-10-22 18:00:00'"}","{'"2024-10-22 18:00:00'",'"2024-10-22 19:25:00'"}",107.3308,-8.22,-7.3308,GA13703E,LDPE(HMI),"* KUMUKULAY SA TUBIG
* TOTAL = 111.35",STANDARD,10,350,40/40,Roselie Mapandi,Julius Fundano,"{'"L28'": 0.56065, '"L37'": 0.392455, '"LL6'": 1.3455599999999999, '"W33'": 1.68195, '"Y98'": 1.2894949999999998, '"K907'": 3.70029, '"2346AL'": 11.16, '"2344AL-2346AL'": 92.0}","{170,170,170,170,160,160,160,160,160,160,150,150}",90,"{22,98.35}",72.0659,93476,112.13,"{2608AL-2609AL,2610AL}",,,0,2024-12-05,2024-10-22 17:45:00,2024-10-22 19:25:00
801,8,125,131.0700,"PRESTIGE PLASTICS, INC.",15723,GA13703E,39897,2.75,"{'"2024-10-22 20:55:00'",'"2024-10-22 22:00:00'"}","{'"2024-10-22 22:00:00'",'"2024-10-22 23:40:00'"}",98.6973,1.73,1.3027,KA15193E,PP,HINDI BUMABAGSAK,STANDARD,13,350,40/40,Roselie Mapandi,Julius Fundano,"{'"G40'": 3.6959999999999997, '"L28'": 6.6, '"L37'": 6.6, '"W35'": 18.48, '"B107'": 0.792, '"K907'": 39.732, '"Y119'": 9.9, '"13-2543AJ'": 0.8, '"PP11 POWDER'": 46.2}","{180,200,180,180,180,180,180,180,180,180,180,180}",120,"{50,81.07}",47.6618,93512,132.8,"{2833AL-2836AL,2837AL}",,,12,2024-12-05,2024-10-22 20:55:00,2024-10-22 23:40:00
802,8,250,254.6200,"EVEREST PLASTIC CONTAINERS IND., INC.",15557,KA15913E,39894,4.92,"{'"2024-10-22 01:40:00'",'"2024-10-22 06:00:00'"}","{'"2024-10-22 06:00:00'",'"2024-10-22 06:35:00'"}",98.9969,2.58,1.0031,KA2871E,PP,"",STANDARD,9,300,40/40,Arjie Galgo,Julius Fundano,"{'"L28'": 12.5, '"L37'": 12.5, '"W33'": 67.5, '"Y98'": 0.17500000000000004, '"K907'": 69.625, '"R115'": 0.19999999999999998, '"FG-1067AL'": 7.2, '"PP14 POWDER'": 87.5}","{180,200,180,180,180,180,180,180,180,180,180,180}",90,"{212,42.62}",51.752,93471,257.2,"{2799AL-2806AL,2807AL,2808AL}",,,5,2024-12-05,2024-10-22 01:40:00,2024-10-22 06:35:00
803,8,100,108.1200,EVERGOOD PLASTIC INDUSTRY INC.,15725,BA4701E,39908,2.28,"{'"2024-10-23 02:10:00'"}","{'"2024-10-23 04:27:00'"}",99.1927,0.88,0.8073,GA6246E,PP,10/23/2024 @05:00-06:00 BREAKTIME,STANDARD,9,300,40/40,Arjie Galgo,Julius Fundano,"{'"G22'": 0.011550000000000001, '"L28'": 3.15, '"L37'": 3.15, '"B107'": 0.504, '"27-7208AK'": 4.0, '"PP11 POWDER'": 98.18445}","{180,200,180,180,180,180,180,180,180,180,180,180}",33,{108.12},47.4211,93530,109.0,"{2822AL-2824AL,2825AL}",,,3,2024-12-05,2024-10-23 02:10:00,2024-10-23 04:27:00
804,8,1250,1265.7800,"EVEREST PLASTIC CONTAINERS IND., INC.",15715,KA2871E,39891,14.17,"{'"2024-10-23 08:05:00'",'"2024-10-23 13:00:00'",'"2024-10-23 21:00:00'"}","{'"2024-10-23 13:00:00'",'"2024-10-23 21:00:00'",'"2024-10-23 22:15:00'"}",99.6097,4.96,0.3903,BA4756E,LDPE(HMI),"TOTAL = 1,265.78",STANDARD,12,280,40/40,Aldrin Villacrusis,Julius Fundano,"{'"W8'": 264.6414, '"L28'": 63.1, '"L37'": 63.1, '"LL6'": 441.7, '"Y98'": 1.5144, '"K907'": 419.69072000000006, '"R119'": 7.9506, '"R129'": 0.30288, '"FG-8230AK'": 8.74}","{170,170,170,170,160,160,160,160,160,160,160,160}",120,"{440,712,113.78}",89.3282,93460,1270.74,"{2699AL-2722AL,2723AL,2724AL}",,,9,2024-12-06,2024-10-23 08:05:00,2024-10-23 22:15:00
805,8,24.4,23.8200,EVERGOOD PLASTIC INDUSTRY INC.,0,BA4756E,39827,0.38,"{'"2024-10-23 00:15:00'"}","{'"2024-10-23 00:38:00'"}",97.583,0.59,2.417,BA4710E,LDPE(HMI),"",STANDARD,10,300,40/40,Arjie Galgo,Julius Fundano,"{'"L28'": 0.021942, '"V42'": 0.001707, '"V49'": 0.001707, '"2364AL'": 24.38}","{170,170,170,170,160,160,160,160,150,150,150,150}",92,{23.82},62.6842,93451,24.41,{2647AL},,,6,2024-12-06,2024-10-23 00:15:00,2024-10-23 00:38:00
806,8,100,103.1600,REIMAGINE PACKAGING CORPORATION,15697,GA13854E,39857,2.0,"{'"2024-10-16 10:30:00'"}","{'"2024-10-16 12:30:00'"}",96.2224,4.05,3.7776,NO PURGING,LDPE(HMI),"* 10/16/2024 CHANGE PELL. FROM 8-10
* KUMUKULAY SA TUBIG
* OVER FLOW ON FEEDER",STANDARD,10,380,40/40,Arjie Galgo,Julius Fundano,"{'"G40'": 2.14, '"L28'": 5.0, '"L37'": 3.5, '"LL6'": 35.0, '"W33'": 3.4, '"Y98'": 11.5, '"K907'": 39.46, '"FG-8171AK'": 7.13, '"4-QCEXCESS'": 0.08}","{180,180,170,170,170,170,160,160,160,160,150,150}",0,{103.16},51.58,93314,107.21,"{2344AL,2345AL,2346AL}",,,0,2024-12-06,2024-10-16 10:30:00,2024-10-16 12:30:00
807,8,50,53.6700,PLASTIMER INDUSTRIAL CORP.,0,GA6246E,39875,1.08,"{'"2024-10-24 07:00:00'"}","{'"2024-10-24 08:05:00'"}",98.4409,0.85,1.5591,GA16415E,PP,"",STANDARD,8,250,40/40,Aldrin Villacrusis,Julius Fundano,"{'"L28'": 0.13395, '"Y98'": 0.8037, '"2590AL-2591AL'": 53.58}","{180,200,180,180,180,180,180,180,180,180,185,185}",90,{53.67},49.6944,93541,54.52,{2865AL},,,8,2024-12-06,2024-10-24 07:00:00,2024-10-24 08:05:00
808,8,625,644.5900,METRO CONTAINER CORPORATION,0,GA16415E,39868,7.72,"{'"2024-10-24 09:35:00'"}","{'"2024-10-24 17:18:00'"}",99.4323,3.68,0.5677,NO PURGING,LDPE(HMI),"",STANDARD,10,300,40/40,Aldrin Villacrusis,Julius Fundano,"{'"G34'": 0.407138, '"L28'": 1.615625, '"2605AL'": 46.25, '"2593AL-2604AL'": 600.0}","{170,170,170,160,160,160,160,160,160,150,150,150}",0,{644.59},83.4961,93548,648.27,"{2866AL-2877AL,2878AL}",,,9,2024-12-06,2024-10-24 09:35:00,2024-10-24 17:19:00
809,8,250,260.0800,"EVEREST PLASTIC CONTAINERS IND., INC.",15717,VA16737E,39893,3.25,"{'"2024-10-24 19:15:00'"}","{'"2024-10-24 22:30:00'"}",99.2407,1.99,0.7593,VA4869E,LDPE(HMI),"",STANDARD,10,380,40/40,Arnel Rosario,Julius Fundano,"{'"C19'": 0.036000000000000004, '"L28'": 12.0, '"L37'": 12.0, '"LL6'": 84.0, '"V50'": 1.92, '"W35'": 16.008, '"B108'": 12.0, '"K907'": 102.036, '"2-0804AL'": 1.79, '"FG-0790AL'": 20.28}","{170,170,170,170,160,160,160,160,160,160,150,150}",100,{260.08},80.0246,93482,262.07,"{2809AL-2812AL,2813AL,2814AL}",,,15,2024-12-06,2024-10-24 19:15:00,2024-10-24 22:30:00
810,8,100,104.7300,EVERGOOD PLASTIC INDUSTRY INC.,15724,VA4869E,39896,1.42,"{'"2024-10-25 00:10:00'"}","{'"2024-10-25 01:35:00'"}",97.2514,2.96,2.7486,MA4737E,LDPE(HMI),"",STANDARD,9.6,280,40/40,Arnel Rosario,Julius Fundano,"{'"W8'": 13.635, '"L28'": 5.05, '"L37'": 5.05, '"LL6'": 35.35, '"V50'": 0.404, '"B101'": 0.1515, '"K907'": 41.248400000000004, '"R119'": 0.1111, '"FG-4876AK'": 5.0, '"2-QCEXCESS'": 1.69}","{170,170,170,170,170,160,160,160,160,160,150,150}",120,{104.73},73.7535,93515,107.69,"{2838AL,2839AL,2840AL}",,,8,2024-12-06,2024-10-25 00:10:00,2024-10-25 01:35:00
811,8,125,130.4000,GENSTAR MANUFACTURING CORP.,12408,MA4737E,39912,4.08,"{'"2024-10-25 04:35:00'",'"2024-10-25 06:00:00'"}","{'"2024-10-25 05:00:00'",'"2024-10-25 09:40:00'"}",96.5926,4.6,3.4074,MA4737E,LDPE(HMI),"* VACUUM ON
* 10/25/2024 @05:00-06:00 BREAKTIME
* 10/25/2024 2HRS. STANDBY FOR BREAKTIME",STANDARD,5.5,430,40/40,Arnel Rosario,Julius Fundano,"{'"C19'": 0.054, '"L28'": 4.05, '"L37'": 4.05, '"O55'": 0.081, '"P26'": 8.775, '"P27'": 10.8, '"P28'": 18.09, '"Y98'": 4.725, '"K907'": 13.5, '"LL31'": 70.875}","{160,160,160,160,160,160,160,160,160,150,150,150}",0,"{14,116.4}",31.9608,93526,135.0,"{2572AL-2575AL,2576AL}",,,0,2024-12-06,2024-10-25 04:35:00,2024-10-25 09:40:00
812,8,50,50.0000,In House,12408,MA4737E,39912,1.58,"{'"2024-10-25 09:40:00'"}","{'"2024-10-25 11:15:00'"}",100.0,0.0,0.0,BA15002E,LDPE(HMI),VACUUM ON,STANDARD,8,280,40/40,Aldrin Villacrusis,Julius Fundano,"{'"C19'": 0.02, '"L28'": 1.5, '"L37'": 1.5, '"O55'": 0.03, '"P26'": 3.25, '"P27'": 4.0, '"P28'": 6.7, '"Y98'": 1.75, '"K907'": 5.0, '"LL31'": 26.25}","{160,160,160,160,160,160,160,160,150,150,150,150}",115,{50},31.6456,93546,50.0,{2879AL-2880AL},,,12,2024-12-06,2024-10-25 09:40:00,2024-10-25 11:15:00
813,8,50,51.0000,MC BRIDE CORPORATION,12925,BA15002E,39910,2.0,"{'"2024-10-25 13:10:00'"}","{'"2024-10-25 15:10:00'"}",92.7273,4.0,7.2727,BA13023E,PET,PPG - 114,STANDARD,8,200,40/40,Aldrin Villacrusis,Julius Fundano,"{'"B93'": 0.6599999999999999, '"V41'": 0.9570000000000001, '"LL60(POWDER)'": 53.382999999999996}","{220,220,200,220,220,220,220,220,220,220,225,225}",110,{51},25.5,93488,55.0,"{2815AL,2816AL}",,,10,2024-12-06,2024-10-25 13:10:00,2024-10-25 15:10:00
814,8,300,302.1000,GENSTAR MANUFACTURING CORP.,15596,BA13023E,39913,5.17,"{'"2024-10-25 17:00:00'",'"2024-10-25 18:00:00'"}","{'"2024-10-25 18:00:00'",'"2024-10-25 22:10:00'"}",98.0685,5.95,1.9315,BA16130E,LDPE(HMI),"",STANDARD,12,380,40/40,Arnel Rosario,Julius Fundano,"{'"C19'": 2.907, '"L28'": 15.3, '"L37'": 10.71, '"LL6'": 107.1, '"W35'": 12.24, '"B106'": 42.84, '"B107'": 10.71, '"K907'": 104.193, '"21-9317AK'": 2.05}","{170,170,170,170,160,160,160,150,150,150,160,160}",120,"{55,247.1}",58.4333,93524,308.05,"{2841AL-2845AL,2846AL,2847AL}",,,12,2024-12-06,2024-10-25 17:00:00,2024-10-25 22:10:00
815,8,250,204.6900,"PHIL-TOP INDUSTRIES, INC.",15728,BA16130E,39918,2.5,"{'"2024-10-26 00:10:00'"}","{'"2024-10-26 02:40:00'"}",97.4714,5.31,2.5286,OA16199E,LDPE(HMI),"",STANDARD,10,350,40/40,Arnel Rosario,Julius Fundano,"{'"L28'": 10.5, '"L37'": 10.5, '"LL6'": 114.891, '"P26'": 10.5, '"B107'": 0.609, '"K907'": 63.0}","{170,170,170,170,170,160,160,150,150,150,160,160}",120,{204.69},81.876,93559,210.0,"{2911AL-2914AL,2915AL}",,,12,2024-12-06,2024-10-26 00:10:00,2024-10-26 02:40:00
816,3,500,488.6600,"EVEREST PLASTIC CONTAINERS IND., INC.",15718,RA5277E,39895,7.08,"{'"2024-10-24 02:10:00'",'"2024-10-24 06:32:00'"}","{'"2024-10-24 05:00:00'",'"2024-10-24 10:47:00'"}",97.124,14.47,2.876,RA13698E,LDPE(HMI),"* VACUUM ON
* 06:00-06:32 CLEANING PELLETIZER #9 FROM WA15190E
* NO OVER SIZE
* 10/22/2024 @05:00-06:00 BREAKTIME
* 10/22/2024 SHUT OFF
* 10/22/2024 @05:00 HEAT UP",STANDARD,9,30,40/40,Arnel Rosario,Julius Fundano,"{'"L37'": 74.25, '"LL6'": 173.25, '"O55'": 4.95, '"K907'": 220.76999999999998, '"R117'": 21.78, '"30-6202AK'": 4.95, '"30-6859AK'": 3.18}","{150,150,140,140,140,150,150}",103,"{200,288.66}",69.0198,93479,503.13,"{2688AL-2696AL,2697AL,2698AL}",,,13,2024-12-06,2024-10-24 02:10:00,2024-10-24 10:47:00
818,3,17,15.3600,SAN MIGUEL YAMAMURA PACKAGING CORPORATION,15473,RA12739E,39756,0.17,"{'"2024-10-04 07:50:00'"}","{'"2024-10-04 08:00:00'"}",90.3529,1.64,9.6471,GA1225E,LDPE(HMI),"",STANDARD,10,28,40/40,Arnel Rosario,Julius Fundano,"{'"L28'": 0.34, '"L37'": 1.36, '"LL6'": 3.4, '"V50'": 0.085, '"K907'": 8.211, '"LL52'": 2.55, '"R122'": 0.374, '"R129'": 0.68}","{150,130,130,150,150,150,150}",120,{15.36},90.3529,93084,17.0,{1669AL},,,10,2024-12-06,2024-10-04 07:50:00,2024-10-04 08:00:00
819,3,450,443.7200,"EVEREST PLASTIC CONTAINERS IND., INC.",0,GA4921E,39775,6.03,"{'"2024-10-02 16:30:00'",'"2024-10-02 18:00:00'"}","{'"2024-10-02 18:00:00'",'"2024-10-02 22:32:00'"}",98.4731,6.88,1.5269,BA12615E,LDPE(HMI),LAGING NAGPUPUTOL KAPAG MABILIS,STANDARD,9,28,40/40,Joel Miras,Julius Fundano,"{'"G34'": 1.831716, '"L28'": 1.1169, '"W35'": 0.89352, '"1611AL-1619AL'": 446.76}","{170,170,170,170,160,160,160}",118,"{110,333.72}",73.5854,93038,450.6,{1749AL-1757AL},,,15,2024-12-06,2024-10-02 16:30:00,2024-10-02 22:32:00
820,3,175,181.4500,"STAR PLASTIC PRODUCTS, INC.",15658,RA13616E,39811,3.0,"{'"2024-10-03 18:45:00'"}","{'"2024-10-03 21:45:00'"}",99.088,1.67,0.912,NO PUGING,LDPE(HMI),OVER FLOW ON FEEDER & VACUUM; RPM - 36; F-RATE - 7,STANDARD,7,37,40/40,Joel Miras,Julius Fundano,"{'"L28'": 9.0, '"L37'": 6.3, '"LL6'": 63.0, '"Y98'": 2.34, '"K907'": 93.96, '"R115'": 5.4, '"30-6485AK'": 3.12}","{150,110,110,150,150,150,150}",0,{181.45},60.4833,93109,183.12,"{1670AL-1672AL,1673AL}",,,0,2024-12-06,2024-10-03 18:45:00,2024-10-03 21:45:00
1231,3,50,51.5000,"ZELLER PLASTIK PHILIPPINES, INC.",15783,GA4440E,40252,1.17,"{'"2025-01-07 10:00:00'"}","{'"2025-01-07 11:10:00'"}",99.0385,0.5,0.9615,GA16127E,PP,"",STANDARD,7.3,20,40/40,Arnel Rosario,Julius Fundano,"{'"W8'": 0.026000000000000002, '"G40'": 0.1456, '"L37'": 2.6, '"Y118'": 1.56, '"PP14 POWDER'": 47.668400000000005}","{180,200,180,180,180,180,180}",110,{51.5},44.0171,94573,52.0,"{6315AL,6316AL}",,,9,2025-03-24,2025-01-07 10:00:00,2025-01-07 11:10:00
821,3,300,301.2800,EASTERN INTERNATIONAL PLASTIC PACKAGING CORPORATION,15645,RA7886E,39802,4.67,"{'"2024-10-03 12:30:00'"}","{'"2024-10-03 17:10:00'"}",98.7803,3.72,1.2197,RA13616E,LDPE(HMI),"CHANGE F-RATE FROM 7.5-6
RPM - 40
OVER FLOW ON FEEDER PORT",STANDARD,6,40,40/40,Arnel Rosario,Julius Fundano,"{'"C19'": 0.10675, '"L28'": 15.25, '"L37'": 15.25, '"LL6'": 106.75, '"K907'": 140.19325, '"R122'": 24.4, '"Y116'": 3.05}","{150,130,130,150,150,150,150}",95,{301.28},64.5139,93065,305.0,"{1795AL-1799AL,1800AL}",,,7,2024-12-06,2024-10-03 12:30:00,2024-10-03 17:10:00
822,3,200,202.8800,"PLEXCO PLASTIC PRODUCTS, INC.",12515,RA12706E,39803,3.33,"{'"2024-10-03 07:40:00'"}","{'"2024-10-03 11:00:00'"}",97.3326,5.56,2.6674,RA7886E,LDPE(HMI),"",STANDARD,8.3,28,40/40,Arnel Rosario,Julius Fundano,"{'"W8'": 2.639, '"L28'": 10.15, '"L37'": 10.15, '"K907'": 98.049, '"LL31'": 71.05, '"R115'": 5.481, '"R119'": 5.481, '"FG-6370AK'": 5.44}","{150,130,130,150,150,150,150}",90,{202.88},60.9249,93044,208.44,"{1758AL-1760AL,1761AL,1762AL}",,,9,2024-12-06,2024-10-03 07:40:00,2024-10-03 11:00:00
823,3,200,202.0500,"PLEXCO PLASTIC PRODUCTS, INC.",15526,BA12615E,39804,5.17,"{'"2024-10-03 00:30:00'"}","{'"2024-10-03 05:40:00'"}",98.561,2.95,1.439,RA12706E,LDPE(HMI),"* OVER FLOW ON FEEDER
* RPM FROM 35-42
* F-RATE FROM 10-6.7-7",STANDARD,7,42,40/40,Joel Miras,Julius Fundano,"{'"W8'": 4.1, '"B37'": 45.1, '"L28'": 10.25, '"L37'": 7.175, '"V50'": 0.82, '"B106'": 1.025, '"K907'": 64.78, '"LL31'": 71.75}","{150,150,140,140,140,150,150}",120,{202.05},39.0812,93047,205.0,"{1763AL-1765AL,1766AL,1767AL}",,,15,2024-12-06,2024-10-03 00:30:00,2024-10-03 05:40:00
824,8,625,616.7000,"PHIL-TOP INDUSTRIES, INC.",15646,BA17051E,39806,8.67,"{'"2024-10-03 11:20:00'",'"2024-10-03 18:00:00'"}","{'"2024-10-03 18:00:00'",'"2024-10-03 20:00:00'"}",98.672,8.3,1.328,MA7758E,LDPE(HMI),"",STANDARD,20,380,40/40,Roselie Mapandi,Julius Fundano,"{'"B81'": 7.1875, '"C19'": 0.1875, '"L28'": 31.25, '"L37'": 31.25, '"LL6'": 218.75, '"W35'": 125.0, '"B107'": 0.375, '"K907'": 211.0}","{170,170,170,170,170,170,160,160,160,160,150,150}",120,"{460,156.7}",71.1303,93089,625.0,"{1801AL-1812AL,1813AL}",,,15,2024-12-06,2024-10-03 11:20:00,2024-10-03 20:00:00
825,8,800,771.2700,In House,15558,WA3827E,39801,11.5,"{'"2024-10-02 04:30:00'",'"2024-10-02 06:00:00'"}","{'"2024-10-02 05:00:00'",'"2024-10-02 17:00:00'"}",96.4087,28.73,3.5913,NO PURGING,HDPE(HMI),"* 05:00-06:00 BREAKTIME
* 57.39KGS. OVER SIZE
* TOTAL = 771.27",STANDARD,8,350,40/40,Roselie Mapandi,Julius Fundano,"{'"B81'": 0.4, '"L37'": 16.0, '"W33'": 120.0, '"B101'": 2.8, '"K907'": 332.8, '"LL48 POWDER'": 328.0}","{200,200,200,180,180,180,180,180,180,180,180,180}",0,"{30,741.27}",67.067,93061,800.0,"{1697AL-1701AL,1791AL-1793AL}",,,0,2024-12-06,2024-10-02 04:30:00,2024-10-02 17:00:00
827,3,50,51.5000,ALPHATECH DEVELOPMENT CORPORATION,0,GA8074E,39799,0.75,"{'"2024-10-01 02:33:00'"}","{'"2024-10-01 03:18:00'"}",98.9623,0.54,1.0377,GA17119E,LDPE(HMI),"",STANDARD,8,24,40/40,Joel Miras,Julius Fundano,"{'"G39'": 0.011418, '"L28'": 0.12975, '"1348AL'": 51.9}","{150,150,150,130,130,120,140}",162,{51.5},68.6667,93032,52.04,{1744AL},,,14,2024-12-06,2024-10-01 02:33:00,2024-10-01 03:18:00
828,3,350,366.1200,EASTERN INTERNATIONAL PLASTIC PACKAGING CORPORATION,12514,GA8074E,39799,18.83,"{'"2024-10-01 21:20:00'"}","{'"2024-10-01 02:30:00'"}",98.9514,3.88,1.0486,GA8074E,LDPE(HMI),"",STANDARD,8.3,28,40/40,Joel Miras,Julius Fundano,"{'"W8'": 7.4, '"G22'": 2.8120000000000003, '"L28'": 29.6, '"L37'": 29.6, '"K907'": 165.168, '"LL12'": 129.5, '"Y117'": 5.92}","{150,150,130,130,130,120,140}",0,{366.12},19.4434,93031,370.0,"{1736AL-1742AL,1743AL}",,,0,2024-12-06,2024-10-01 21:20:00,2024-10-01 02:30:00
829,3,50,54.3800,HYATT PLASTIC,0,OA4303E,39766,1.78,"{'"2024-10-01 17:30:00'",'"2024-10-01 18:00:00'"}","{'"2024-10-01 18:00:00'",'"2024-10-01 19:17:00'"}",93.2442,3.94,6.7558,GA8074E,LDPE(HMI),VACUUM ON,STANDARD,8.3,32,100/100,Joel Miras,Julius Fundano,"{'"L28'": 0.13848, '"Y120'": 0.48468, '"1631AL-1632AL'": 57.7}","{160,150,150,140,140,150,150}",118,"{15,39.38}",30.5506,93033,58.32,{1745AL},,,20,2024-12-06,2024-10-01 17:30:00,2024-10-01 19:17:00
830,3,750,717.8300,EVERGOOD PLASTIC INDUSTRY INC.,15627,OA8984E,39774,11.75,"{'"2024-10-01 01:00:00'",'"2024-10-01 08:00:00'"}","{'"2024-10-01 04:45:00'",'"2024-10-01 16:00:00'"}",99.011,7.17,0.989,OA4303E,LDPE(HMI),"* OVER FLOW ON FEEDER
* HINDI BUMABAGSAK ANG COMPOUNDED
* 06:00-08:00 WAITING FOR COMPOUNDED
* RPM 38; F-RATE 12-10
* KUNTI LANG ANG LUMALABAS NA COMPOUNDED SA FEEDER
* 05:00-06:00 BREAKTIME
* WAITING FOR COMPOUNDED OF OA8984E",STANDARD,10,40,40/40,Arnel Rosario,Julius Fundano,"{'"L28'": 36.25, '"L37'": 36.25, '"LL6'": 253.75, '"O60'": 46.4, '"W35'": 72.5, '"K907'": 274.9925, '"R130'": 4.857500000000001}","{150,150,150,150,140,140,150}",90,"{236.43,481.4}",61.0919,92990,725.0,"{1682AL-1695AL,1696AL}",,,8,2024-12-06,2024-10-01 01:00:00,2024-10-01 16:00:00
832,3,225,223.0000,"PHIL-TOP INDUSTRIES, INC.",15648,GA16968E,39805,3.67,"{'"2024-10-04 15:00:00'"}","{'"2024-10-04 18:40:00'"}",111.5,-23.0,-11.5,GA16968E,LDPE(HMI),"",STANDARD,9,28,40/40,Joel Miras,Julius Fundano,"{'"G39'": 0.288, '"L28'": 10.0, '"L37'": 10.0, '"LL6'": 70.0, '"W35'": 40.0, '"Y98'": 0.48, '"B108'": 2.4, '"K907'": 66.832}","{150,150,150,150,150,130,130}",0,{223},60.7629,93090,200.0,{1816AL-1819AL},,,0,2024-12-06,2024-10-04 15:00:00,2024-10-04 18:40:00
833,3,250,255.7800,"PHIL-TOP INDUSTRIES, INC.",15649,GA16968E,39805,3.92,"{'"2024-10-04 18:45:00'",'"2024-10-05 06:30:00'"}","{'"2024-10-04 22:00:00'",'"2024-10-05 07:10:00'"}",102.312,-5.78,-2.312,GA16968E,LDPE(HMI),"",STANDARD,9,28,40/40,Joel Miras,Julius Fundano,"{'"G34'": 0.36, '"L28'": 12.5, '"L37'": 12.5, '"LL6'": 87.5, '"W35'": 50.0, '"Y98'": 0.6, '"B108'": 3.0, '"K907'": 83.54}","{150,150,150,150,150,130,130}",0,"{209,46.78}",65.25,93074,250.0,{1821AL-1825AL},,,0,2024-12-06,2024-10-04 18:45:00,2024-10-05 07:10:00
834,1,100,106.8000,TERUMO (PHILS.) CORPORATION,14286,GA14433E,39757,4.25,"{'"2024-10-09 08:30:00'",'"2024-10-09 09:30:00'",'"2024-10-09 10:30:00'",'"2024-10-09 11:30:00'",'"2024-10-09 12:30:00'"}","{'"2024-10-09 09:30:00'",'"2024-10-09 10:30:00'",'"2024-10-09 11:30:00'",'"2024-10-09 12:30:00'",'"2024-10-09 12:45:00'"}",97.8201,2.38,2.1799,YA14431E,PP,3mm x 3mm Pellet size,STANDARD,85,250,40/40,Roselie Mapandi,Julius Fundano,"{'"W8'": 1.1, '"G22'": 1.15, '"L19'": 5.0, '"L28'": 5.0, '"Y98'": 1.5, '"T-RESIN'": 86.25, '"FG-7725AK'": 9.18}","{180,200,180,180,180,180,180,180,180,180}",65,"{25,25,25,25,6.8}",25.1294,93112,109.18,"{1717AL-1719AL,1720AL}",,,4,2024-12-06,2024-10-09 08:30:00,2024-10-09 12:45:00
836,5,5000,4933.0000,NMH PACKAGING PTE. LTD.,15397,WA15190E,39416,60.33,"{'"2024-07-24 13:00:00'",'"2024-07-25 06:40:00'",'"2024-07-25 18:00:00'",'"2024-07-26 06:00:00'",'"2024-07-26 18:00:00'",'"2024-07-27 06:00:00'"}","{'"2024-07-24 18:00:00'",'"2024-07-25 18:00:00'",'"2024-07-26 06:00:00'",'"2024-07-26 18:00:00'",'"2024-07-27 06:00:00'",'"2024-07-27 14:00:00'"}",98.66,67.0,1.34,WA2123E,PP,"TOTAL = 4,933",STANDARD,10,400,60/60,Arnel Rosario,Julius Fundano,"{'"W8'": 3000.0, '"AO8'": 5.0, '"AO9'": 5.0, '"L37'": 100.0, '"L38'": 100.0, '"PP8'": 750.0, '"PP14'": 1040.0}","{200,200,200,180,180,180,180,180,180,200,200}",60,"{425,958,935,1020,935,660}",81.7669,91844,5000.0,{8536AK-8585AK},,,4,2024-12-06,2024-07-24 13:00:00,2024-07-27 14:00:00
837,8,50,55.7000,GILVAN PACKAGING CORPORATION,15633,MA11346E,39780,1.33,"{'"2024-10-01 16:40:00'"}","{'"2024-10-01 18:00:00'"}",97.4799,1.44,2.5201,YA4584E,LDPE(HMI),"",STANDARD,12,300,40/40,Roselie Mapandi,Julius Fundano,"{'"C19'": 0.0384, '"L28'": 2.4, '"L37'": 2.4, '"O55'": 0.048, '"P26'": 1.44, '"P28'": 8.16, '"W35'": 0.288, '"Y98'": 0.72, '"K907'": 4.8, '"LL31'": 27.7056, '"23-0855AK'": 4.05, '"FG-6624AK'": 5.09}","{180,170,170,170,170,170,160,160,160,160,160,160}",120,{55.7},41.8797,93022,57.14,"{1723AL,1724AL}",,,0,2024-12-06,2024-10-01 16:40:00,2024-10-01 18:00:00
838,8,200,196.2900,CDC MANUFACTURING CORP.,15484,DA15377E,39772,2.5,"{'"2024-10-01 12:30:00'"}","{'"2024-10-01 15:00:00'"}",98.145,3.71,1.855,MA11346E,LDPE(HMI),"",STANDARD,10,280,40/40,Roselie Mapandi,Julius Fundano,"{'"C19'": 0.08, '"L28'": 10.0, '"L37'": 7.0, '"V50'": 0.08, '"W33'": 36.0, '"Y98'": 0.5, '"K907'": 76.34, '"LL12'": 70.0}","{170,170,170,170,170,170,160,160,160,150,150,150}",100,{196.29},78.516,92977,200.0,{1674AL-1677AL},,,8,2024-12-06,2024-10-01 12:30:00,2024-10-01 15:00:00
839,8,175,175.0000,EVERGOOD PLASTIC INDUSTRY INC.,15690,OA8984E,39845,2.42,"{'"2024-10-12 23:00:00'"}","{'"2024-10-13 01:25:00'"}",100.0,0.0,0.0,GA3933E,LDPE(HMI),"",STANDARD,12,350,40/40,Arjie Galgo,Julius Fundano,"{'"L28'": 8.75, '"L37'": 8.75, '"LL6'": 61.25, '"O60'": 11.2, '"W35'": 17.5, '"K907'": 66.3775, '"R103'": 1.1724999999999999}","{170,170,170,170,160,160,160,160,150,150,150,150}",35,{175},72.314,93285,175.0,"{3007AL-3009AL,3010AL}",,,11,2024-12-07,2024-10-12 23:00:00,2024-10-13 01:25:00
840,8,200,196.0400,EVERGOOD PLASTIC INDUSTRY INC.,15689,OA8984E,39845,2.67,"{'"2024-10-12 20:20:00'"}","{'"2024-10-12 23:00:00'"}",98.02,3.96,1.98,NO PURGING,LDPE(HMI),"",STANDARD,12,350,40/40,Arjie Galgo,Julius Fundano,"{'"L28'": 10.0, '"L37'": 10.0, '"LL6'": 70.0, '"O60'": 12.8, '"W35'": 20.0, '"K907'": 75.86, '"R110'": 1.34}","{170,170,170,170,160,160,160,160,150,150,150,150}",0,{196.04},73.4232,93283,200.0,{3003AL-3006AL},,,0,2024-12-07,2024-10-12 20:20:00,2024-10-12 23:00:00
841,8,100,102.3900,GENSTAR MANUFACTURING CORP.,15691,YA13953E,39848,1.83,"{'"2024-10-12 16:35:00'",'"2024-10-12 17:35:00'",'"2024-10-12 18:00:00'"}","{'"2024-10-12 17:35:00'",'"2024-10-12 18:00:00'",'"2024-10-12 18:25:00'"}",96.0236,4.24,3.9764,OA8984E,LDPE(HMI),"* VACUUM ON
* KUMUKULAY SA TUBIG
* LOT # 3001AL BUNUKOD NG SALANG, DAHIL IBA ANG KULAY NG COMPOUNDED, CHANGE SETTING: RPM 420; FEEDRATE 5.5
* OVER FLOW ON FEEDER PORT",STANDARD,5.5,420,40/40,Aldrin Villacrusis,Julius Fundano,"{'"C19'": 0.025, '"L28'": 5.0, '"L37'": 3.5, '"LL6'": 35.0, '"W33'": 10.0, '"Y98'": 18.0, '"K907'": 28.475, '"FG-8190AK'": 6.1, '"1-QCEXCESS'": 0.53}","{170,170,170,160,160,160,160,160,160,160,150,150}",115,"{65,10,27.39}",55.9508,93282,106.63,"{3000AL,3001AL,3002AL}",,,10,2024-12-07,2024-10-12 16:35:00,2024-10-12 18:25:00
842,8,500,496.7300,EVERGOOD PLASTIC INDUSTRY INC.,15614,YA5124E,39840,6.75,"{'"2024-10-12 08:15:00'"}","{'"2024-10-12 15:00:00'"}",99.346,3.27,0.654,YA13953E,LDPE(HMI),"",STANDARD,11.5,380,40/40,Aldrin Villacrusis,Julius Fundano,"{'"L28'": 15.0, '"L37'": 35.0, '"LL6'": 175.0, '"O56'": 7.0, '"W35'": 62.5, '"Y89'": 50.0, '"K907'": 155.5}","{180,180,170,170,170,170,160,160,160,160,150,150}",95,{496.73},73.5896,93240,500.0,{2232AL-2241AL},,,8,2024-12-07,2024-10-12 08:15:00,2024-10-12 15:00:00
843,8,100,104.2500,I TUNG PLASTIC MOULD ENGINEERING COMPANY,15539,TA15557E,39844,1.58,"{'"2024-10-12 04:50:00'",'"2024-10-12 06:00:00'"}","{'"2024-10-12 06:00:00'",'"2024-10-12 06:25:00'"}",99.2857,0.75,0.7143,YA5124E,LDPE(HMI),02:00-03:00 breaktime,STANDARD,10,300,40/40,Arjie Galgo,Julius Fundano,"{'"C19'": 1.6004999999999998, '"L28'": 4.85, '"L37'": 4.85, '"LL6'": 33.95, '"W33'": 10.864, '"K907'": 40.807900000000004, '"Y116'": 0.0776, '"FG-0324AL'": 8.0}","{170,170,170,170,170,160,160,160,160,160,160,160}",110,"{86,18.25}",65.981,93252,105.0,"{2256AL,2257AL}",,,9,2024-12-07,2024-10-12 04:50:00,2024-10-12 06:25:00
844,8,100,106.5600,I TUNG PLASTIC MOULD ENGINEERING COMPANY,15686,IA15764E,39843,1.25,"{'"2024-10-12 00:45:00'"}","{'"2024-10-12 02:00:00'"}",99.3103,0.74,0.6897,TA15557E,LDPE(HMI),"",STANDARD,10,300,40/40,Arjie Galgo,Julius Fundano,"{'"C19'": 0.9689999999999999, '"I24'": 7.14, '"L28'": 5.1, '"L37'": 3.57, '"LL6'": 35.7, '"W33'": 1.02, '"K907'": 47.022000000000006, '"Y116'": 1.4789999999999999, '"FG-7619AK'": 5.3}","{170,170,170,170,160,160,160,160,150,150,150,150}",60,{106.56},85.248,93266,107.3,"{1850AL,1851AL,1852AL}",,,0,2024-12-07,2024-10-12 00:45:00,2024-10-12 02:00:00
845,3,95,94.8700,"PHIL-TOP INDUSTRIES, INC.",0,BA17051E,39806,1.42,"{'"2024-10-11 17:45:00'",'"2024-10-11 18:00:00'"}","{'"2024-10-11 18:00:00'",'"2024-10-11 19:10:00'"}",99.8632,0.13,0.1368,BA7688E,LDPE(HMI),"",STANDARD,8.3,25,40/40,Arnel Rosario,Julius Fundano,"{'"1810AL-1811AL'": 95.0}","{150,130,130,150,150,150,150}",90,"{17,77.87}",66.8099,93232,95.0,{1847AL},,,8,2024-12-07,2024-10-11 17:45:00,2024-10-11 19:10:00
846,8,125,130.4500,"AG CANPRINT, INC.",15683,RA12860E,39842,2.33,"{'"2024-10-11 20:25:00'"}","{'"2024-10-11 22:45:00'"}",98.9082,1.44,1.0918,IA15764E,PP,"HINDI BUMABAGSAK ANG COMPOUNDED

LMI W/ DIESEL",STANDARD,9,380,40/40,Arjie Galgo,Julius Fundano,"{'"L28'": 6.35, '"L37'": 6.35, '"W35'": 2.54, '"K907'": 50.8, '"R115'": 5.08, '"R119'": 5.08, '"3-2967AJ'": 1.77, '"3-3270AG'": 3.12, '"PP11 POWDER'": 50.8}","{200,200,180,180,180,180,180,180,180,180,180,180}",120,{130.45},55.9871,93247,131.89,"{2251AL-2254AL,2255AL}",,,12,2024-12-07,2024-10-11 20:25:00,2024-10-11 22:45:00
848,8,200,204.5200,Incon Industrial Corporation,15545,OA14302E,39838,3.08,"{'"2024-10-10 10:00:00'"}","{'"2024-10-10 13:05:00'"}",98.3837,3.36,1.6163,GA3933E,LDPE(HMI),"",STANDARD,9,250,40/40,Aldrin Villacrusis,Julius Fundano,"{'"L28'": 10.25, '"L37'": 10.25, '"LL6'": 71.75, '"O57'": 0.35875, '"W33'": 13.735000000000001, '"Y98'": 1.025, '"K907'": 97.63125, '"9-7080AK'": 2.88}","{170,170,160,160,160,160,160,150,150,150,150,150}",105,{204.52},66.4026,93230,207.88,"{1841AL-1843AL,1844AL,1845AL}",,,8,2024-12-07,2024-10-10 10:00:00,2024-10-10 13:05:00
849,3,200,198.3000,EVERGOOD PLASTIC INDUSTRY INC.,15675,BA4756E,39827,2.67,"{'"2024-10-09 12:10:00'"}","{'"2024-10-09 14:50:00'"}",99.15,1.7,0.85,BA4756E(trial),LDPE(HMI),"",STANDARD,8.3,28,40/40,Joel Miras,Julius Fundano,"{'"L28'": 6.0, '"L37'": 6.0, '"LL6'": 70.0, '"V42'": 0.47, '"V49'": 0.47, '"W33'": 13.2, '"B101'": 3.0, '"B106'": 4.8, '"K907'": 96.06}","{150,150,140,140,130,130,150}",0,{198.3},74.2697,93201,200.0,{2081AL-2084AL},,,0,2024-12-07,2024-10-09 10:12:00,2024-10-09 14:50:00
850,3,59.13,56.4000,EVERGOOD PLASTIC INDUSTRY INC.,15676,BA4756E,39827,0.77,"{'"2024-10-09 14:52:00'"}","{'"2024-10-09 15:38:00'"}",95.3831,2.73,4.6169,GA17119E,LDPE(HMI),"",STANDARD,8.3,28,40/40,Joel Miras,Julius Fundano,"{'"L28'": 1.65, '"L37'": 1.65, '"LL6'": 19.25, '"V42'": 0.12924999999999998, '"V49'": 0.12924999999999998, '"W33'": 3.63, '"B106'": 1.3199999999999998, '"B108'": 0.704, '"K907'": 26.5375, '"0515AL'": 4.13}","{150,150,140,140,130,130,150}",117,{56.4},73.2468,93200,59.13,"{2079AL,2080AL}",,,13,2024-12-07,2024-10-09 14:52:00,2024-10-09 15:38:00
851,3,165.61,163.0000,EVERGOOD PLASTIC INDUSTRY INC.,15673,BA3925E,39826,2.5,"{'"2024-10-09 06:30:00'"}","{'"2024-10-09 09:00:00'"}",98.424,2.61,1.576,BA3925E(2nd form),LDPE(HMI),"",STANDARD,8,32,40/40,Joel Miras,Julius Fundano,"{'"C19'": 0.08157, '"L28'": 4.8942, '"L37'": 4.8942, '"LL6'": 57.099000000000004, '"V50'": 0.358908, '"W33'": 23.6553, '"B106'": 5.8730400000000005, '"K907'": 66.283782, '"21-8485AK'": 2.47}","{150,140,130,130,130,140,140}",0,{163},65.2,93194,165.61,"{2073AL-2075AL,2076AL}",,,0,2024-12-07,2024-10-09 06:30:00,2024-10-09 09:00:00
852,3,96.86,93.7000,EVERGOOD PLASTIC INDUSTRY INC.,0,BA3925E,39826,1.33,"{'"2024-10-09 09:00:00'"}","{'"2024-10-09 10:20:00'"}",96.7376,3.16,3.2624,GA17119E,LDPE(HMI),"",STANDARD,8,32,40/40,Joel Miras,Julius Fundano,"{'"C19'": 0.019372, '"L28'": 1.16232, '"L37'": 1.16232, '"LL6'": 19.473703, '"V50'": 0.072645, '"W35'": 8.7174, '"B106'": 1.35604, '"K907'": 16.4662, '"BA2688E(6632AK)'": 48.43}","{150,140,130,130,130,140,140}",110,{93.7},70.4511,93195,96.86,{2077AL-2078AL},,,16,2024-12-07,2024-10-09 09:00:00,2024-10-09 10:20:00
853,8,1075,1066.1600,"EVEREST PLASTIC CONTAINERS IND., INC.",15625,YA6053E,39763,13.92,"{'"2024-10-09 12:10:00'",'"2024-10-09 18:00:00'"}","{'"2024-10-09 18:00:00'",'"2024-10-10 02:05:00'"}",99.1777,8.84,0.8223,OA8984E,LDPE(HMI),"",STANDARD,11,350,40/40,Aldrin Villacrusis,Julius Fundano,"{'"L28'": 51.25, '"L37'": 51.25, '"LL6'": 358.75, '"O55'": 0.22037500000000002, '"W35'": 153.75, '"Y89'": 102.5, '"K907'": 307.27962500000007, '"1508AL'": 50.0}","{180,180,170,170,170,160,160,160,160,160,150,150}",55,"{445,621.16}",76.592,93209,1075.0,"{1927AL-1941AL,1942AL,2159AL-2163AL,2164AL}",,,11,2024-12-07,2024-10-09 12:10:00,2024-10-09 02:05:00
854,8,500,489.3500,"ZELLER PLASTIK PHILIPPINES, INC.",15671,WA14068E,39825,6.92,"{'"2024-10-09 03:30:00'",'"2024-10-09 06:00:00'"}","{'"2024-10-09 06:00:00'",'"2024-10-09 10:25:00'"}",97.8035,10.99,2.1965,YA6053E,HDPE(HMI),"* NO OVER SIZE
* 01:00-02:00 BREAKITME",STANDARD,7,300,40/40,Arjie Galgo,Julius Fundano,"{'"B81'": 0.25, '"L37'": 10.0, '"W33'": 75.0, '"B101'": 1.75, '"K907'": 208.0, '"5-QCEXCESS'": 0.34, '"LL48 POWDER'": 205.0}","{200,200,180,180,180,180,170,170,170,170,180,180}",105,"{176,313.35}",70.7153,93177,500.34,"{2061AL-2064AL,2065AL}",,,8,2024-12-07,2024-10-09 03:30:00,2024-10-09 10:25:00
855,8,50,59.9000,H&E MANUFACTURING CORPORATION,15662,BA4521E,39822,1.25,"{'"2024-10-08 23:45:00'"}","{'"2024-10-09 01:00:00'"}",97.6365,1.45,2.3635,WA14068E,PP,"",STANDARD,8,300,40/40,Arjie Galgo,Julius Fundano,"{'"B89'": 0.05, '"L28'": 1.5, '"L37'": 1.5, '"V50'": 0.0475, '"K907'": 5.0, '"5916AE'": 5.9, '"QCEXCESS'": 0.93, '"21-1545AK'": 4.52, '"PP14 POWDER'": 41.9025}","{180,200,180,180,180,180,180,180,180,180,185,185}",60,{59.9},47.92,93148,61.35,"{1986AL,1987AL}",,,7,2024-12-07,2024-10-08 23:45:00,2024-10-09 01:00:00
856,8,50,54.6500,H&E MANUFACTURING CORPORATION,15665,KA6414E,39820,1.13,"{'"2024-10-08 18:25:00'"}","{'"2024-10-08 19:33:00'"}",98.256,0.97,1.744,BA4549E,PP,"",STANDARD,7,300,40/40,Arjie Galgo,Julius Fundano,"{'"C19'": 0.0025, '"L28'": 1.5, '"L37'": 1.5, '"O55'": 0.055, '"V50'": 0.22, '"K907'": 10.0, '"FG-5591AJ'": 5.62, '"PP11 POWDER'": 36.7225}","{180,200,180,180,180,180,180,180,180,180,180,180}",92,{54.65},48.3628,93142,55.62,"{1678AL,1679AL}",,,8,2024-12-07,2024-10-08 18:25:00,2024-10-08 19:33:00
857,8,50,55.8600,H&E MANUFACTURING CORPORATION,15661,BA4549E,39821,1.17,"{'"2024-10-08 21:05:00'"}","{'"2024-10-08 22:15:00'"}",98.7624,0.7,1.2376,BA4521E,PP,"",STANDARD,7,300,40/40,Arjie Galgo,Julius Fundano,"{'"G34'": 0.06, '"L28'": 1.5, '"L37'": 1.5, '"B107'": 0.1175, '"K907'": 5.0, '"FG-7005AK'": 6.56, '"PP14 POWDER'": 41.8225}","{180,200,180,180,180,180,180,180,180,180,180,180}",90,{55.86},47.7436,93129,56.56,"{1721AL,1722AL}",,,5,2024-12-07,2024-10-08 21:05:00,2024-10-08 22:15:00
858,8,800,793.3000,21ST CENTURY MOULDINGS CORP.,15659,YA12128E,39814,15.33,"{'"2024-10-08 01:10:00'",'"2024-10-08 06:00:00'",'"2024-10-08 16:08:00'"}","{'"2024-10-08 06:00:00'",'"2024-10-08 16:08:00'",'"2024-10-08 16:30:00'"}",99.1625,6.7,0.8375,KA6414E,LDPE(HMI),"",STANDARD,4.5,125,40/40,Arjie Galgo,Julius Fundano,"{'"J5'": 96.0, '"L28'": 24.0, '"L37'": 24.0, '"LL6'": 280.0, '"K907'": 376.0}","{110,110,110,110,110,110,110,110,110,110,125,125}",115,"{208,567,18.3}",51.7482,93126,800.0,{1948AL-1963AL},,,10,2024-12-07,2024-10-08 01:10:00,2024-10-08 16:30:00
1123,8,400,392.1000,CANLINE INDUSTRIAL CORP.,15841,GA16014E,40134,7.58,"{'"2024-12-06 01:50:00'",'"2024-12-06 06:00:00'"}","{'"2024-12-06 05:00:00'",'"2024-12-06 10:25:00'"}",98.025,7.9,1.975,CA17279E,LDPE(HMI),"PELLETIZER #10
SIEVER#8

12-05-24
0500-0600
B-TIME
12-05-24
CHANGE F.RATE -8.3/7.6
RPM 42-45
OVERFLOW ON
FEEDER FORT

66.3	",STANDARD,8.3,45,40/40,Arnel Rosario,Julius Fundano,"{'"G40'": 38.0, '"L28'": 20.0, '"L37'": 14.0, '"Y89'": 6.8, '"B106'": 8.0, '"K907'": 173.2, '"LL12'": 140.0}","{170,130,130,150,150,150,150,160,160,160,150,150}",118,"{161,231.1}",51.7282,94224,400.0,{5308AL-5315AL},,,6,2025-02-28,2024-12-06 01:50:00,2024-12-06 05:00:00
859,8,250,223.2100,21ST CENTURY MOULDINGS CORP.,15660,YA12128E,39814,5.17,"{'"2024-10-07 20:00:00'",'"2024-10-08 00:30:00'"}","{'"2024-10-08 00:30:00'",'"2024-10-08 01:10:00'"}",89.284,26.79,10.716,YA12128E,LDPE(HMI),"* VACUUM ON 
* 19:30-20:00 HINDI NA NA-UMPISAHAN AGAD NAG ADJUST PA NG SETTING, LAGI NAG PUPUTULPUTOL
* MALAKI/ MALIIT ANG STRAND HINDI MABILISA ANG TAKBO
* CRUSHED OVER SIZE 20KGS.
* HINDI MATAKBO NG MAAYOS MAGASPANG ANG STRAND
* PROCEED TO PROD. COMPOUND",STANDARD,4,110,40/40,Arjie Galgo,Julius Fundano,"{'"J6'": 30.0, '"L28'": 7.5, '"L37'": 7.5, '"LL6'": 87.5, '"K907'": 117.5}","{100,100,100,100,100,100,100,100,100,100,115,115}",0,"{200,23.21}",43.1741,93125,250.0,{1943AL-1947AL},,,0,2024-12-07,2024-10-07 20:00:00,2024-10-08 01:10:00
860,3,500,502.1300,GREENPACK PLASTIC MANUFACTURING CORPORATION,15666,BA6822E,39823,7.5,"{'"2024-10-08 11:30:00'",'"2024-10-08 18:00:00'"}","{'"2024-10-08 18:00:00'",'"2024-10-08 19:00:00'"}",98.2507,8.94,1.7493,BA2091E,LDPE(HMI),NO OVER SIZE,STANDARD,9,30,40/40,Arnel Rosario,Julius Fundano,"{'"W8'": 35.35, '"L28'": 25.25, '"L37'": 17.675, '"LL6'": 176.75, '"B101'": 29.29, '"B106'": 2.7775000000000003, '"K907'": 217.9075, '"FG-9675AK'": 5.87, '"3-QCEXCESS'": 0.2}","{150,150,140,140,140,150,150}",100,"{440,62.13}",66.9507,93145,511.07,"{1975AL-1983AL,1984AL,1985AL}",,,0,2024-12-07,2024-10-08 11:30:00,2024-10-08 19:00:00
861,3,103.2,91.1500,In House,0,GA4952E,39817,5.17,"{'"2024-10-08 04:20:00'",'"2024-10-08 06:00:00'"}","{'"2024-10-08 06:00:00'",'"2024-10-08 09:30:00'"}",88.3236,12.05,11.6764,BA6822E,LDPE(HMI),"* VACUUM ON
* COMPOUNDED MIX PELLET SAMPLE
* HINDI MAITAKBO NG MAAYOS LAGING NAPUPUTOL, TINAASAN NA ANG SETTING GANUN PA RIN HINDI MAHATAK",STANDARD,9.5,36,40/40,Joel Miras,Julius Fundano,"{'"6486AK'": 25.8, '"6487AK'": 25.8, '"6488AK'": 25.8, '"6489AK'": 25.8}","{150,130,130,140,140,150,150}",120,"{25,66.15}",17.6306,93187,103.2,{2072AL},,,15,2024-12-07,2024-10-08 04:20:00,2024-10-08 09:30:00
862,3,250,253.2300,"EVEREST PLASTIC CONTAINERS IND., INC.",15670,GA4952E,39817,5.17,"{'"2024-10-07 23:10:00'"}","{'"2024-10-08 04:20:00'"}",97.55,6.36,2.45,GA4952E,LDPE(HMI),"* VACUUM ON
* 00:00-01:00 BREAKTIME",STANDARD,9.5,36,40/40,Arnel Rosario,Julius Fundano,"{'"G34'": 11.36, '"G40'": 3.692, '"L28'": 8.48, '"L37'": 8.48, '"LL6'": 74.2, '"W33'": 10.4728, '"Y89'": 7.7379999999999995, '"K907'": 87.5772, '"9326AK'": 40.0, '"16-9325AK'": 0.59, '"FG-6420AK'": 7.0}","{150,130,130,140,140,150,150}",0,{253.23},48.9807,93186,259.59,"{2066AL-2069AL,2070AL,2071AL}",,,0,2024-12-07,2024-10-07 23:10:00,2024-10-08 04:20:00
863,3,25,24.2600,"EVEREST PLASTIC CONTAINERS IND., INC.",15618,GA4921E,39755,0.25,"{'"2024-10-07 21:20:00'"}","{'"2024-10-07 21:35:00'"}",97.04,0.74,2.96,GA4952E,LDPE(HMI),"",STANDARD,12,400,40/40,Arnel Rosario,Julius Fundano,"{'"G34'": 0.1375, '"L28'": 0.75, '"L37'": 0.75, '"W35'": 2.4875, '"Y89'": 0.825, '"K907'": 7.3, '"LL31'": 12.5, '"Y118'": 0.25}","{170,170,170,170,160,160,160,160,150,150,150,150}",95,{24.26},97.04,93175,25.0,{2060AL},,,9,2024-12-07,2024-10-07 21:20:00,2024-10-07 21:35:00
864,3,500,475.0000,"EVEREST PLASTIC CONTAINERS IND., INC.",0,GA4921E,39755,6.33,"{'"2024-10-07 15:00:00'",'"2024-10-07 18:00:00'"}","{'"2024-10-07 18:00:00'",'"2024-10-07 21:20:00'"}",99.5557,2.12,0.4443,NO PURGING,LDPE(HMI),"* LAGI NAG PUPUTOL PAG MABILIS ANG TAKBO
* CHANGE RPM FROM 30-26; F-RATE 8.3
* VACUUM ON",STANDARD,8.3,26,40/40,Arnel Rosario,Julius Fundano,"{'"L28'": 0.95424, '"W35'": 8.111040000000001, '"Y89'": 1.5744960000000001, '"LL31'": 22.758624, '"1757AL'": 25.22, '"1749AL-1757AL'": 418.5}","{150,150,140,140,130,130,150}",0,"{218,257}",75.0395,93173,477.12,"{2050AL-2058AL,2059AL}",,,0,2024-12-07,2024-10-07 15:00:00,2024-10-07 21:20:00
865,3,375,363.8200,EASTERN INTERNATIONAL PLASTIC PACKAGING CORPORATION,0,GA8074E,39799,4.87,"{'"2024-10-07 08:33:00'"}","{'"2024-10-07 13:25:00'"}",98.9179,3.98,1.0821,GA4921E(corr),LDPE(HMI),"",STANDARD,8.3,25,40/40,Joel Miras,Julius Fundano,"{'"G22'": 0.21967199999999998, '"L28'": 1.46448, '"1743AL'": 16.12, '"1736AL-1742AL'": 350.0}","{150,150,130,130,130,120,140}",95,{363.82},74.7064,93167,367.8,"{2039AL-2045AL,2046AL}",,,14,2024-12-07,2024-10-07 08:33:00,2024-10-07 13:25:00
866,8,718.97,717.5000,"EVEREST PLASTIC CONTAINERS IND., INC.",0,OA8984E,39765,9.58,"{'"2024-10-07 08:00:00'"}","{'"2024-10-07 17:35:00'"}",99.7955,1.47,0.2045,YA12128E,LDPE(HMI),"* 06:20 heat up
* LMI W/ DIESEL",STANDARD,10,300,40/40,Aldrin Villacrusis,Julius Fundano,"{'"O60'": 1.1445750000000001, '"1695AL'": 50.0, '"1696AL'": 17.83, '"1682AL-1694AL'": 650.0}","{170,170,170,170,160,160,160,160,160,160,150,150}",145,{717.5},74.8956,93165,718.97,"{2026AL-2038AL,1814AL,1815AL}",,,13,2024-12-07,2024-10-07 08:00:00,2024-10-07 17:35:00
867,8,200,199.7000,CDC MANUFACTURING CORP.,0,DA15377E,39772,2.25,"{'"2024-10-05 15:55:00'"}","{'"2024-10-05 18:10:00'"}",98.7783,2.47,1.2217,OA5866E,LDPE(HMI),15:00-15:55 WAITING FOR COMPOUNDED,STANDARD,11,280,40/40,Aldrin Villacrusis,Julius Fundano,"{'"L28'": 0.294435, '"L37'": 0.206105, '"W33'": 1.059966, '"Y98'": 0.014721999999999999, '"K907'": 2.2477169999999997, '"LL12'": 2.061045, '"1677AL'": 46.29, '"1674AL-1676AL'": 150.0}","{170,170,170,170,160,160,160,160,160,150,150,150}",90,{199.7},88.7556,93157,202.17,"{2019AL-2021AL,2022AL}",,,8,2024-12-07,2024-10-05 15:55:00,2024-10-05 18:10:00
1237,1,50,51.1000,"ZELLER PLASTIK PHILIPPINES, INC.",0,GA4440E,40252,2.25,"{'"2025-01-11 17:15:00'",'"2025-01-11 18:00:00'"}","{'"2025-01-11 18:00:00'",'"2025-01-11 19:30:00'"}",99.204,0.41,0.796,GA8074E,PP,	,STANDARD,80,400,40/40,Edsel Mangarin,Julius Fundano,"{'"G40'": 0.008652, '"6315AL-6316AL'": 51.5}","{180,200,180,180,180,180,180,180,180,180}",60,"{17,34.1}",22.7111,94651,51.51,{6646AL},,,11,2025-03-25,2025-01-11 17:15:00,2025-01-11 19:30:00
868,8,310,307.8200,"MOLDEX PRODUCTS, INC.",15668,GA3933E,39812,4.75,"{'"2024-10-05 08:15:00'"}","{'"2024-10-05 13:00:00'"}",99.2968,2.18,0.7032,DA15377E,PP,LMI W/ DIESEL,STANDARD,9,300,40/40,Roselie Mapandi,Julius Fundano,"{'"AO8'": 0.31000000000000005, '"AO9'": 0.31000000000000005, '"G40'": 14.26, '"L28'": 9.3, '"L37'": 9.3, '"W35'": 40.3, '"Y53'": 35.03, '"PP11'": 201.19}","{200,200,180,180,180,180,180,180,180,180,180,180}",120,{307.82},64.8042,93146,310.0,"{1870AL-1880AL,1881AL}",,,14,2024-12-07,2024-10-05 08:15:00,2024-10-05 13:00:00
869,8,100,105.5500,SAN MIGUEL YAMAMURA PACKAGING CORPORATION,15672,OA5866E,39829,1.5,"{'"2024-10-05 19:40:00'"}","{'"2024-10-05 21:10:00'"}",97.4608,2.75,2.5392,OA8984E,LDPE(HMI),"",STANDARD,18,380,40/40,Aldrin Villacrusis,Julius Fundano,"{'"L28'": 5.1, '"L37'": 5.1, '"LL6'": 35.7, '"O55'": 9.69, '"W35'": 3.06, '"Y98'": 4.896, '"K907'": 38.454, '"FG-2571AI'": 6.02, '"3-QCEXCESS'": 0.28}","{180,180,170,170,170,160,160,160,160,150,150,150}",50,{105.55},70.3667,93168,108.3,"{2049AL,2048AL,2047AL}",,,9,2024-12-07,2024-10-05 19:40:00,2024-10-05 21:10:00
870,8,325,323.7800,"MOLDEX PRODUCTS, INC.",0,GA3933E,39812,5.08,"{'"2024-10-10 14:50:00'",'"2024-10-10 18:00:00'"}","{'"2024-10-10 18:00:00'",'"2024-10-10 19:55:00'"}",99.6246,1.22,0.3754,GA16968E,PP,"",STANDARD,9,250,40/40,Aldrin Villacrusis,Julius Fundano,"{'"AO8'": 0.08125, '"AO9'": 0.08125, '"G40'": 2.9250000000000003, '"L28'": 2.4375, '"L37'": 2.4375, '"PP11'": 73.28750000000001, '"1879AL'": 18.75, '"1870AL-1878AL'": 225.0}","{180,200,180,180,180,180,180,180,180,180,185,185}",95,"{200,123.78}",63.7362,93298,325.0,"{2258AL-2263AL,2264AL}",,,8,2024-12-07,2024-10-10 14:50:00,2024-10-10 19:55:00
871,8,250,254.5600,H&E MANUFACTURING CORPORATION,15679,OA2469E,39835,3.25,"{'"2024-10-10 05:00:00'",'"2024-10-10 06:00:00'"}","{'"2024-10-10 06:00:00'",'"2024-10-10 08:15:00'"}",98.4415,4.03,1.5585,OA14302E,LDPE(HMI),03:00-04:00 STAND BY FOR BREAKTIME,STANDARD,12,350,40/40,Arjie Galgo,Julius Fundano,"{'"L28'": 12.25, '"L37'": 8.575, '"LL6'": 85.75, '"O46'": 33.467, '"W33'": 8.1585, '"K907'": 64.9495, '"Y122'": 31.85, '"FG-8948AK'": 12.43, '"3-QCEXCESS'": 1.16}","{180,180,170,170,170,160,160,160,160,160,170,170}",105,"{77,177.56}",78.3262,93227,258.59,"{1835AL-1838AL,1839AL,1840AL}",,,10,2024-12-09,2024-10-10 05:00:00,2024-10-10 08:15:00
872,8,200,195.4600,H&E MANUFACTURING CORPORATION,12727,GA2595E,39836,7.92,"{'"2024-10-11 10:30:00'",'"2024-10-11 18:00:00'"}","{'"2024-10-11 18:00:00'",'"2024-10-11 18:25:00'"}",97.73,4.54,2.27,RA12860E,PET,"* PPG - 119-115
* VACUUM ON 
* MARAMING MALILIIT NA DUROG SA PELLETIZER #9",STANDARD,7,200,40/40,Aldrin Villacrusis,Julius Fundano,"{'"B93'": 3.325, '"Y121'": 0.855, '"4084AK'": 10.0, '"LL60(POWDER)'": 185.82}","{220,220,200,220,220,220,220,220,220,220,225,225}",120,"{185,10.46}",24.6793,93264,200.0,{2265AL-2272AL},,,11,2024-12-09,2024-10-11 10:30:00,2024-10-11 18:25:00
873,3,650,640.0000,"EVEREST PLASTIC CONTAINERS IND., INC.",15663,BA7688E,39819,10.8,"{'"2024-10-11 20:40:00'",'"2024-10-12 06:00:00'"}","{'"2024-10-12 06:00:00'",'"2024-10-12 07:28:00'"}",98.4615,10.0,1.5385,BA7688E(trial),LDPE(HMI),"* VACUUM ON
* F-RATE - 8.2/7.5; RPM - 40
* OVER FLOW ON FEEDER PORT
* 00:40-01:40 FOR BREAKTIME",STANDARD,8.2,40,40/40,Arnel Rosario,Julius Fundano,"{'"B89'": 45.5, '"C19'": 2.21, '"L28'": 32.5, '"L37'": 32.5, '"LL6'": 227.5, '"V50'": 0.78, '"K907'": 309.01}","{150,140,140,150,150,150,150}",0,"{550,90}",59.2593,93151,650.0,{1988AL-2000AL},,,0,2024-12-09,2024-10-11 20:40:00,2024-10-12 07:28:00
874,3,350,356.9000,"EVEREST PLASTIC CONTAINERS IND., INC.",15664,BA7688E,39819,4.3,"{'"2024-10-12 07:30:00'"}","{'"2024-10-12 11:48:00'"}",98.4579,5.59,1.5421,BA4140E,LDPE(HMI),VACUUM ON,STANDARD,8.2,40,40/40,Joel Miras,Julius Fundano,"{'"C19'": 1.19, '"L28'": 17.5, '"L37'": 17.5, '"LL6'": 122.5, '"V50'": 0.42000000000000004, '"B106'": 24.5, '"K907'": 166.39, '"FG-2288AH'": 5.44, '"2-QCEXCESS'": 0.42, '"FG-QCEXCESS'": 6.63}","{150,140,140,150,150,150,150}",87,{356.9},83.0,93162,362.49,"{2001AL-2006AL,2007AL,2008AL}",,,15,2024-12-09,2024-10-12 07:30:00,2024-10-12 11:48:00
875,3,700,692.8600,Everbright Net & Twine,15485,BA4140E,39832,9.92,"{'"2024-10-12 13:15:00'",'"2024-10-12 18:00:00'"}","{'"2024-10-12 18:00:00'",'"2024-10-12 23:10:00'"}",97.4541,18.1,2.5459,BA12068E,LDPE(HMI),VACUUM ON,STANDARD,12,32,60/60,Arnel Rosario,Julius Fundano,"{'"L28'": 28.0, '"L37'": 28.0, '"LB2'": 105.0, '"LL6'": 340.48, '"V40'": 1.26, '"V42'": 1.26, '"B106'": 14.700000000000001, '"B107'": 111.3, '"K907'": 70.0, '"19-3912AK'": 4.34, '"19-5160AK'": 2.12, '"27-7892AK'": 4.5}","{150,150,150,140,140,140,150}",90,"{330,362.86}",69.8448,93261,710.96,"{2085AL-2111AL,2112AL}",,,10,2024-12-09,2024-10-12 13:15:00,2024-10-12 23:10:00
876,8,200,203.1000,Incon Industrial Corporation,15513,OA16199E,39914,2.7,"{'"2024-10-26 04:40:00'",'"2024-10-26 06:00:00'"}","{'"2024-10-26 06:00:00'",'"2024-10-26 07:22:00'"}",96.224,7.97,3.776,NO PURGING,LDPE(HMI),"* OPEN VACUUM PORT
* 10/26/2024 @07:22 SHUT OFF - FOR ECON ASSEMBLE
* 10/26/2024 @05:00-06:00 FOR BREAKTIME
* KUMUKULAY SA TIBIG",STANDARD,12,250,40/40,Arnel Rosario,Julius Fundano,"{'"L28'": 10.35, '"L37'": 10.35, '"LL6'": 72.45, '"O57'": 1.3868999999999998, '"W33'": 4.14, '"Y98'": 17.180999999999997, '"K907'": 90.8937, '"R115'": 0.24839999999999998, '"33-2276AK'": 2.12, '"33-4914AK'": 1.95}","{170,170,170,170,170,160,160,160,160,150,150,150}",0,"{100,103.1}",75.2222,93540,211.07,"{2860AL-2862AL,2863AL,2864AL}",,,0,2024-12-09,2024-10-26 04:40:00,2024-10-26 07:22:00
877,3,925,915.3200,21ST CENTURY MOULDINGS CORP.,15727,RA15101E,39915,13.17,"{'"2024-10-26 10:00:00'",'"2024-10-26 18:00:00'"}","{'"2024-10-26 18:00:00'",'"2024-10-26 23:10:00'"}",98.9535,9.68,1.0465,RA4665E,LDPE(HMI),10/26/2024 @07:30 HEAT UP MC#3,STANDARD,10,29,40/40,Arnel Rosario,Julius Fundano,"{'"L28'": 46.25, '"L37'": 32.375, '"LL6'": 323.75, '"K907'": 469.2525, '"R117'": 20.35, '"R119'": 3.4225, '"R129'": 29.6}","{150,150,140,140,130,130,150}",90,"{560,355.32}",69.5004,93555,925.0,"{2892AL-2909AL,2910AL}",,,5,2024-12-09,2024-10-26 10:00:00,2024-10-26 23:10:00
878,3,125,127.8100,"PRESTIGE PLASTICS, INC.",15722,RA13698E,39898,2.0,"{'"2024-10-24 14:20:00'"}","{'"2024-10-24 16:20:00'"}",96.1918,5.06,3.8082,NO PRUGING,PP,10/24/2024 @12:30-14:06 WAITING FOR COMPOUNDED,STANDARD,30,40,40/40,Joel Miras,Julius Fundano,"{'"L28'": 6.35, '"L37'": 6.35, '"K907'": 56.515, '"R115'": 11.684, '"R119'": 1.651, '"FG-2491AJ'": 5.81, '"1-QCEXCESS'": 0.06, '"PP6 POWDER'": 44.45}","{180,200,180,180,180,180,180}",0,{127.81},63.905,93508,132.87,"{2828AL-2831AL,2832AL}",,,0,2024-12-09,2024-10-24 14:20:00,2024-10-24 16:20:00
879,3,400,407.5700,CDC MANUFACTURING CORP.,15731,DA15377E,39923,5.37,"{'"2024-10-28 18:25:00'",'"2024-10-28 22:00:00'"}","{'"2024-10-28 22:00:00'",'"2024-10-28 23:47:00'"}",98.992,4.15,1.008,GA1225E,LDPE(HMI),"* STAND BY BREAKTIME & RELIEVER MC#9, 2HRS. STAND BY 16:00-17:00",STANDARD,9.5,35,40/40,Arjie Galgo,Julius Fundano,"{'"C19'": 0.162, '"L28'": 20.25, '"L37'": 14.175, '"LL6'": 141.75, '"V50'": 0.162, '"W33'": 72.9, '"Y98'": 1.053, '"K907'": 154.54799999999997, '"FG-0314AL'": 6.72}","{150,150,140,140,140,140,140}",118,"{271,136.57}",75.8976,93566,411.72,"{2919AL-2926AL,2927AL}",,,13,2024-12-09,2024-10-28 18:25:00,2024-10-28 23:47:00
880,3,75,79.9400,CDC MANUFACTURING CORP.,15592,IA15368E,39924,1.33,"{'"2024-10-28 11:40:00'"}","{'"2024-10-28 13:00:00'"}",97.2151,2.29,2.7849,DA15377E,LDPE(HMI),"* STAND BY FOR CHANGE WATER COOLING TOWER
* 15:40 STAND BY FOR BREAKTIME & RELIEVER BREAKTIME MC#9, 2HRS.",STANDARD,8.6,28,40/40,Arnel Rosario,Julius Fundano,"{'"C19'": 1.095, '"I24'": 2.7, '"L28'": 3.75, '"L37'": 2.625, '"LL6'": 26.25, '"W35'": 15.0, '"Y98'": 1.5, '"K907'": 22.080000000000002, '"FG-1101AL'": 7.23}","{150,130,130,140,140,150,150}",120,{79.94},60.1053,93563,82.23,"{2916AL,2917AL}",,,11,2024-12-09,2024-10-28 11:40:00,2024-10-28 13:00:00
881,3,509.31,490.6000,"EVEREST PLASTIC CONTAINERS IND., INC.",0,RA4665E,39892,7.0,"{'"2024-10-27 00:40:00'",'"2024-10-28 07:00:00'"}","{'"2024-10-27 05:00:00'",'"2024-10-28 09:40:00'"}",96.3264,18.71,3.6736,IA15368E,LDPE(HMI),"* 10/27/2024 @05:00-06:00 BREAKTIME
* 10/27/2024 CHANGE F-RATE FROM 12-10; RPM 28-25
* OVER FLOW ON VACUUM PORT
* 10/28/2024 @06:20 NA NA-HEAT UP DAHIL KINUHA PA ANG SUSI
* 10/27/2024 @06:00 SHUT OFF",STANDARD,12,28,80/80,Arnel Rosario,Julius Fundano,"{'"2725AL-2735AL'": 509.31}","{150,130,130,140,140,150,150}",120,"{315,175.6}",70.0857,93580,509.31,{3261AL-3270AL},,,10,2024-12-11,2024-10-27 00:40:00,2024-10-28 09:40:00
882,5,125,128.8700,"Toprite Plastic Industries, Inc.",15547,WA15135E,39928,1.33,"{'"2024-10-28 14:20:00'"}","{'"2024-10-28 15:40:00'"}",98.0746,2.53,1.9254,NO PURGING,LDPE(HMI),"* OVER FLOW ON FEEDER PORT
* F-RATE FROM 10-70; RPM FROM 380-400
* 10/28/2024 @15:40 SHUT OFF",STANDARD,70,400,60/60,Aldrin Villacrusis,Julius Fundano,"{'"B81'": 0.0625, '"L28'": 2.5, '"L37'": 2.5, '"LL6'": 33.75, '"W33'": 26.25, '"W34'": 5.125, '"K907'": 54.8125, '"FG-0304AL'": 6.4}","{170,170,170,170,160,160,160,160,160,150,150}",0,{128.87},96.8947,93571,131.4,"{2930AL,2931AL}",,,0,2024-12-11,2024-10-28 14:20:00,2024-10-28 15:40:00
883,5,100,106.0600,NPPET GLOBAL INNOVENTION INC.,15732,WA1815E,39925,1.08,"{'"2024-10-28 11:45:00'"}","{'"2024-10-28 12:50:00'"}",95.6012,4.88,4.3988,WA15135E,LDPE(HMI),"",STANDARD,8.4,280,60/60,Aldrin Villacrusis,Julius Fundano,"{'"W8'": 25.65, '"B81'": 0.0285, '"L28'": 1.9, '"L37'": 1.9, '"LL6'": 25.65, '"K907'": 39.8715, '"FG-6390AK'": 10.28, '"FG-7194AK'": 5.66}","{170,170,170,170,160,160,160,160,160,150,150}",80,{106.06},98.2037,93564,110.94,{2918AL},,,8,2024-12-11,2024-10-28 11:45:00,2024-10-28 12:50:00
884,5,1000,1011.2300,CEBU JUNTRADE CORPORATION,15726,WA5835E,39916,10.33,"{'"2024-10-26 21:40:00'",'"2024-10-26 22:00:00'",'"2024-10-28 08:00:00'"}","{'"2024-10-26 22:00:00'",'"2024-10-27 06:00:00'",'"2024-10-28 10:00:00'"}",98.2053,18.48,1.7947,WA1815E,LDPE(HMI),"* VACUUM ON
* 10/27/2024 @06:00 SHUT OFF
* 10/28/2024 @06:20 HAET UP",STANDARD,12,350,60/60,Roselie Mapandi,Julius Fundano,"{'"B81'": 0.306, '"L28'": 20.4, '"L37'": 20.4, '"LL6'": 275.4, '"W35'": 275.4, '"K907'": 428.094, '"17-8819AJ'": 3.09, '"1-QCEXCESS'": 0.19, '"FG-QCXCESS'": 6.43}","{170,170,170,170,170,160,160,160,160,160,150,150}",105,"{30,792,189.23}",97.8925,93552,1029.71,"{2882AL-2890AL,2891AL}",,,6,2024-12-11,2024-10-26 21:40:00,2024-10-28 10:00:00
885,5,6250,6120.7500,NMH PACKAGING PTE. LTD.,15606,WA15190E,39889,73.3,"{'"2024-10-23 06:32:00'",'"2024-10-23 18:00:00'",'"2024-10-24 16:00:00'",'"2024-10-24 21:00:00'",'"2024-10-25 06:20:00'",'"2024-10-25 13:00:00'",'"2024-10-25 22:00:00'",'"2024-10-26 06:00:00'",'"2024-10-26 13:00:00'",'"2024-10-26 19:08:00'"}","{'"2024-10-23 18:00:00'",'"2024-10-24 05:00:00'",'"2024-10-24 21:00:00'",'"2024-10-25 06:00:00'",'"2024-10-25 13:00:00'",'"2024-10-25 22:00:00'",'"2024-10-26 05:00:00'",'"2024-10-26 13:00:00'",'"2024-10-26 19:08:00'",'"2024-10-26 20:10:00'"}",97.932,129.25,2.068,WA5835E,PP,"* 10:40-11:30 CHANGE PELLETIZER, FROM PELLETIZER #9-#5
* PPG 55-58-60
* 10/23/2024 COMPOUNDED PELLET BILDG NA RESIN
* 10/25/2024 @06:00-06:20 CHANGE SCREEN
* 10/24/2024 @05:00-06:00 FOR BREAKTIME
* 10/25/2024 @05:00-06:00 STAND BY FOR MC#8
*10/24/2024 @05:00 SHUT OFF
* 10/24/2024 @15:20 HEAT UP",STANDARD,10,400,60/60,Arnel Rosario,Julius Fundano,"{'"W8'": 3735.0, '"AO8'": 6.225, '"AO9'": 6.225, '"L28'": 124.5, '"L37'": 124.5, '"PP8'": 933.75, '"PP11'": 1294.8, '"0610AL'": 25.0}","{200,200,200,180,180,180,180,180,180,180,200,200}",90,"{905,935,425,765,550,765,595,595,515,70.75}",83.5027,93520,6250.0,"{2737AL-2796AL,2797AL-2798AL}",,,5,2024-12-11,2024-10-23 06:32:00,2024-10-26 20:10:00
886,1,225,230.7800,"EVEREST PLASTIC CONTAINERS IND., INC.",15737,YA7418E,37428,9.25,"{'"2024-10-30 16:30:00'",'"2024-10-30 23:00:00'"}","{'"2024-10-30 21:00:00'",'"2024-10-31 03:45:00'"}",98.2043,4.22,1.7957,OA16199E,LDPE(HMI),"* VACUUM ON
* 21:00 PROD. STOP, TUMATAGAS ANG TUBIG SA HOSE NG COOLING TOWER (UNDER MAINTENANCE)
* 22:45 HEAT UP
* 23:00 PROD. RESUME
* 05:00-06:00 BREAKTIME",STANDARD,95,400,40/40,Edsel Mangarin,Julius Fundano,"{'"L28'": 9.4, '"L37'": 9.4, '"LL6'": 65.8, '"W33'": 36.284, '"Y89'": 5.264, '"K907'": 61.6922, '"R103'": 0.1598, '"1021AI'": 7.0, '"1015AI,1021AI'": 40.0}","{120,140,150,150,150,150,150,150,150,150}",75,"{112,118.78}",24.9492,93609,235.0,"{2941AL-2944AL,2945AL}",,,5,2024-12-11,2024-10-30 16:30:00,2024-10-31 03:45:00
887,1,3,1.3000,TERUMO (PHILS.) CORPORATION,13467,YA14431E,39758,0.17,"{'"2024-10-30 15:00:00'"}","{'"2024-10-30 15:10:00'"}",43.3333,1.7,56.6667,YA7418E,PP,"* 12:55 START HEAT UP
* 6KGS. BAGSAK HDPE(LMI)
* 15:00 CHANGE SCREEN",STANDARD,85,250,40/40,Arjie Galgo,Julius Fundano,"{'"W8'": 0.072, '"L28'": 0.15, '"L37'": 0.15, '"Y107'": 0.039, '"T-RESIN'": 2.589}","{180,200,180,180,180,180,180,180,180,180}",80,{1.3},7.6471,93505,3.0,{1924AL},,,10,2024-12-11,2024-10-30 15:00:00,2024-10-30 15:10:00
888,6,3,2.8800,"EVEREST PLASTIC CONTAINERS IND., INC.",15718,RA5277E,39895,1.07,"{'"2024-10-29 15:48:00'"}","{'"2024-10-29 16:52:00'"}",96.0,0.12,4.0,NO PURGING,LDPE(HMI),* PUT SETTING USED,STANDARD,10,200,-,Jowie Vasquez,Julius Fundano,"{'"L37'": 0.45, '"LL6'": 1.05, '"O55'": 0.03, '"K907'": 1.338, '"R117'": 0.132}","{170,170,160,160,160,0,160}",0,{2.88},2.6916,93567,3.0,{2928AL},,,0,2024-12-11,2024-10-29 15:48:00,2024-10-29 16:52:00
889,9,4000,3958.0000,"PACKAGEWORLD, INC.",14550,BA12556E,39886,39.67,"{'"2024-10-28 16:20:00'",'"2024-10-28 22:00:00'",'"2024-10-29 06:00:00'",'"2024-10-29 13:00:00'",'"2024-10-29 21:00:00'",'"2024-10-30 07:40:00'"}","{'"2024-10-28 22:00:00'",'"2024-10-29 06:00:00'",'"2024-10-29 13:00:00'",'"2024-10-29 21:00:00'",'"2024-10-30 03:00:00'",'"2024-10-30 12:40:00'"}",98.95,42.0,1.05,NO PURGING,RUBBER,"* 10/28/2024 @14:30 START HEAT UP, RUN LDPE FOR BLACK SPOT (15KGS.). CHANGE SCREEN
* 10/30/2024 @07:40 NA NAUMPISAHAN, WALA PANG COMPOUNDED 
* 10/30/2024 @03:00-04:00 BREAKTIME
* 03:00 SHUT OFF, WALA NG COMPOUNDED
* 04:00-06:00 NAGBALOT NG FINISH GOOD (MEGA BAG)",STANDARD,22,380,60/60,Edsel Mangarin,Julius Fundano,"{'"AO8'": 4.0, '"AO9'": 4.0, '"LL36'": 1000.0, '"LL38'": 1952.0, '"LL66'": 960.0, '"BA15050E(4906AK)'": 80.0}","{170,170,170,170,160,160,160,160,150,150}",0,"{560,800,700,800,608,490}",99.7731,93449,4000.0,{2638AL-2645AL},,,0,2024-12-11,2024-10-28 16:20:00,2024-10-30 12:40:00
890,1,100,103.0000,GENSTAR MANUFACTURING CORP.,15740,GA12888E,39940,4.5,"{'"2024-10-31 16:30:00'"}","{'"2024-10-31 21:00:00'"}",97.0874,3.09,2.9126,DA15377E,LDPE(HMI),"",STANDARD,80,400,40/40,Edsel Mangarin,Julius Fundano,"{'"G40'": 1.03, '"L28'": 5.15, '"L37'": 5.15, '"W35'": 12.36, '"Y98'": 7.21, '"K907'": 24.205, '"Y107'": 6.695, '"3-4635AE'": 1.37, '"3-6984AE'": 1.72, '"PP6 POWDER'": 41.2}","{120,140,150,150,150,150,150,150,140,140}",90,{103},22.8889,93618,106.09,"{2977AL-2979AL,2980AL}",,,6,2024-12-11,2024-10-31 16:30:00,2024-10-31 21:00:00
891,1,200,223.0000,Incon Industrial Corporation,0,OA16199E,39914,3.0,"{'"2024-10-31 06:00:00'",'"2024-10-31 13:00:00'"}","{'"2024-10-31 07:00:00'",'"2024-10-31 15:00:00'"}",98.8169,2.67,1.1831,GA12888E,LDPE(HMI),OPEN VACUUM PORT,STANDARD,80,400,40/40,Roselie Mapandi,Julius Fundano,"{'"L28'": 1.12835, '"L37'": 1.12835, '"LL6'": 6.205925, '"Y98'": 4.174895, '"K907'": 9.929480000000002, '"2860AL-2863AL'": 180.0, '"2863AL-2864AL'": 23.1}","{120,140,150,150,150,150,150,150,150,140,140}",90,"{175,48}",74.3333,93605,225.67,"{2946AL-2949AL,2950AL}",,,0,2024-12-11,2024-10-31 06:00:00,2024-10-31 15:00:00
892,1,400,403.4000,CDC MANUFACTURING CORP.,0,DA15377E,39923,13.42,"{'"2024-10-31 22:30:00'",'"2024-11-04 07:00:00'"}","{'"2024-11-01 05:00:00'",'"2024-11-04 13:55:00'"}",98.9769,4.17,1.0231,YA5917E,LDPE(HMI),"* 10/31/2024 @05:00-06:00 BREAKTIME
* 11/04/2024 06:00 HEAT UP",STANDARD,80,380,40/40,Aldrin Villacrusis,Julius Fundano,"{'"2919AL'": 50.0, '"2920AL'": 50.0, '"2921AL'": 50.0, '"2922AL'": 50.0, '"2923AL'": 50.0, '"2924AL'": 50.0, '"2925AL'": 50.0, '"2926AL'": 50.0, '"2927AL'": 7.57}","{120,140,150,150,150,150,150,150,140,140}",95,"{195,208.4}",30.0596,93622,407.57,"{2981AL,2982AL}",,,6,2024-12-11,2024-10-31 22:30:00,2024-11-04 13:55:00
893,3,250,251.5500,EVERGOOD PLASTIC INDUSTRY INC.,15638,KA4595E,39944,5.83,"{'"2024-11-04 15:00:00'"}","{'"2024-11-04 09:10:00'"}",97.8794,5.45,2.1206,RA,LDPE(HMI),VACUUM ON,STANDARD,8,25,40/40,Roselie Mapandi,Julius Fundano,"{'"L28'": 7.5, '"L37'": 7.5, '"V50'": 0.125, '"K907'": 82.75000000000001, '"LL31'": 150.0, '"R115'": 0.625, '"R119'": 1.4999999999999998, '"1667AL'": 3.54, '"5-0657AL'": 3.46}","{150,130,130,140,140,150,150}",690,{251.55},43.1475,93630,257.0,"{2983AL-2986AL,2987AL,2988AL}",,,7,2024-12-11,2024-11-04 15:00:00,2024-11-04 09:10:00
894,3,7500,6000.0000,SAN MIGUEL YAMAMURA PACKAGING CORPORATION,15599,GA1225E,39926,79.5,"{'"2024-10-29 01:45:00'",'"2024-10-29 06:00:00'",'"2024-10-29 13:00:00'",'"2024-10-29 22:00:00'",'"2024-10-30 06:00:00'",'"2024-10-30 13:00:00'",'"2024-10-30 23:35:00'",'"2024-10-31 06:00:00'",'"2024-10-31 13:00:00'",'"2024-10-31 22:00:00'",'"2024-11-04 07:10:00'"}","{'"2024-10-29 06:00:00'",'"2024-10-29 13:00:00'",'"2024-10-29 22:00:00'",'"2024-10-30 06:00:00'",'"2024-10-30 13:00:00'",'"2024-10-30 22:00:00'",'"2024-10-31 05:00:00'",'"2024-10-31 13:00:00'",'"2024-10-31 22:00:00'",'"2024-11-01 06:00:00'",'"2024-11-04 13:00:00'"}",80.0,1500.0,20.0,KA4595E,LDPE(HMI),"* OVER FLOW ON VACUUM & VENT PORT
* CHANGE RPM FROM 30-26; F-RATE FROM 7.3-8.3
* 10/30/2024 MC#3 SHUT OFF, @22:00 FOR MC#1 COOLING TOWER MAINTENANCE
* 10/30/2024 HEAT UP, @23:00 BREAKTIME
* 11/04/2024 @05:55 HEAT UP; @06:55-07:10 CHANGE SCREEN",STANDARD,8.3,26,40/40,Arnel Rosario,Julius Fundano,"{'"C19'": 6.45, '"G34'": 172.5, '"L28'": 225.0, '"L37'": 225.0, '"LL6'": 2625.0, '"W35'": 150.0, '"K907'": 3946.05, '"Y124'": 150.0}","{170,150,120,110,110,150,150}",120,"{317,525,675,600,525,675,405,525,675,600,478}",75.4717,93573,7500.0,{3018AL-3167AL},,,13,2024-12-11,2024-10-29 01:45:00,2024-11-04 13:00:00
895,5,250,289.2000,In House,15558,WA3827E,39936,4.5,"{'"2024-11-04 21:00:00'"}","{'"2024-11-05 01:30:00'"}",94.5531,16.66,5.4469,WA15190E,HDPE(HMI),"* VACUUM ON
* 11/04/2024 @21:00 Z10 NAWAWALA ANG READING DISPLAY
* 11/04/2024 @19:10 MC#5 HEAT UP",STANDARD,80,300,40/40,Arnel Rosario,Julius Fundano,"{'"B81'": 0.135, '"L37'": 5.4, '"W33'": 40.5, '"B101'": 0.945, '"K907'": 112.32, '"LL48 POWDER'": 110.7, '"WA14068E(0367AJ)'": 12.96, '"WA14068E(9350AI)'": 22.896}","{200,200,200,180,180,180,180,180,180,200,200}",60,{289.2},64.2667,93590,305.86,{2938AL-2940AL},,,8,2024-12-11,2024-11-04 21:00:00,2024-11-04 01:30:00
896,1,200,203.4100,EVERGOOD PLASTIC INDUSTRY INC.,15741,YA5917E,39943,12.67,"{'"2024-11-04 15:30:00'",'"2024-11-04 18:00:00'",'"2024-11-05 03:37:00'"}","{'"2024-11-04 18:00:00'",'"2024-11-05 03:37:00'",'"2024-11-05 04:10:00'"}",98.9204,2.22,1.0796,YA5124E,LDPE(HMI),"* OVER FLOW ON FEEDER PORT
* RPM - 400; FEEDRATE - 60
* 11/04/2024 LAGI UMAAPAW SA FEEDER PORT",STANDARD,65,400,40/40,Aldrin Villacrusis,Julius Fundano,"{'"L28'": 10.25, '"L37'": 10.25, '"LL6'": 71.75, '"O55'": 0.03075, '"W35'": 15.375, '"Y89'": 25.625, '"K907'": 71.71924999999999, '"1-QCEXCESS'": 0.63}","{200,200,180,180,150,150,150,150,150,150}",90,"{43,152,8.41}",16.0545,93626,205.63,"{2972AL-2974AL,2975AL,2976AL}",,,8,2024-12-11,2024-11-04 15:30:00,2024-11-05 04:10:00
897,3,300,293.7000,EASTERN INTERNATIONAL PLASTIC PACKAGING CORPORATION,15645,RA7886E,39935,5.03,"{'"2024-11-04 20:40:00'",'"2024-11-05 06:10:00'"}","{'"2024-11-04 22:00:00'",'"2024-11-05 09:52:00'"}",97.9,6.3,2.1,RA7310E,LDPE(HMI),11/5/2024 HEAT UP,STANDARD,7.5,38,40/40,Joel Miras,Julius Fundano,"{'"C19'": 0.105, '"L28'": 15.0, '"L37'": 15.0, '"LL6'": 105.0, '"K907'": 137.895, '"R122'": 24.0, '"Y116'": 3.0}","{150,140,140,150,150,150,150}",94,"{88,205.7}",58.3897,93589,300.0,{2932AL-2937AL},,,15,2024-12-11,2024-11-04 20:40:00,2024-11-05 09:52:00
898,3,250,253.8000,"PHIL-TOP INDUSTRIES, INC.",12042,RA7310E,39946,6.57,"{'"2024-11-05 11:26:00'",'"2024-11-05 13:00:00'"}","{'"2024-11-05 13:00:00'",'"2024-11-05 18:00:00'"}",98.159,4.76,1.841,RA7310E,LDPE(HMI),"",STANDARD,9.5,18,40/40,Joel Miras,Julius Fundano,"{'"L37'": 25.5, '"LL31'": 211.65, '"R115'": 5.1, '"R117'": 12.75, '"30-6350AK'": 3.45, '"1-QCEXCESS'": 0.11}","{150,120,110,110,110,170,160}",105,"{62,191.8}",38.6301,93649,258.56,"{2998AL,2989AL-2997AL}",,,6,2024-12-11,2024-11-05 11:26:00,2024-11-05 18:00:00
899,3,5,4.9800,SAN MIGUEL YAMAMURA PACKAGING CORPORATION,15473,RA12739E,39860,0.17,"{'"2024-11-05 19:45:00'"}","{'"2024-11-05 19:55:00'"}",99.6,0.02,0.4,DA15377E,LDPE(HMI),22:00-SHUT OFF,STANDARD,20,380,40/40,Aldrin Villacrusis,Julius Fundano,"{'"L28'": 0.1, '"L37'": 0.4, '"LL6'": 1.0, '"V50'": 0.025, '"K907'": 2.415, '"LL52'": 0.75, '"R122'": 0.11, '"R129'": 0.2}","{150,170,170,170,170,170,160,160,160,150,150}",120,{4.98},29.2941,93655,5.0,{2503AL},,,14,2024-12-11,2024-11-05 19:45:00,2024-11-05 19:55:00
900,1,500,496.4600,EVERGOOD PLASTIC INDUSTRY INC.,15614,YA5124E,39941,20.0,"{'"2024-11-05 05:40:00'",'"2024-11-05 06:00:00'",'"2024-11-05 18:00:00'"}","{'"2024-11-05 06:00:00'",'"2024-11-05 18:00:00'",'"2024-11-06 01:40:00'"}",99.292,3.54,0.708,YA5993E,LDPE(HMI),"",STANDARD,100,400,40/40,Aldrin Villacrusis,Julius Fundano,"{'"L28'": 15.0, '"L37'": 35.0, '"LL6'": 175.0, '"O56'": 7.0, '"W35'": 62.5, '"Y89'": 50.0, '"K907'": 155.5}","{130,140,150,150,150,150,150,150,150,150}",90,"{5,300,191.46}",24.823,93612,500.0,{2962AL-2971AL},,,4,2024-12-11,2024-11-05 05:40:00,2024-11-06 01:40:00
901,1,50,55.2900,METRO CONTAINER CORPORATION,15749,OA17117E,39953,2.33,"{'"2024-11-09 19:05:00'"}","{'"2024-11-09 21:25:00'"}",98.4158,0.89,1.5842,GA16680E,LDPE(HMI),KUMUKULAY SA TUBIG,STANDARD,90,350,40/40,Arjie Galgo,Julius Fundano,"{'"I24'": 0.5, '"L28'": 2.5, '"L37'": 2.5, '"O55'": 1.15, '"Y98'": 5.0, '"K907'": 13.35, '"FG-8186AK'": 6.18, '"PP6 POWDER'": 25.0}","{180,200,180,180,180,180,180,180,180,180}",105,{55.29},23.7296,93684,56.18,"{1925AL,1926AL}",,,8,2024-12-11,2024-11-09 19:05:00,2024-11-09 21:25:00
902,1,100,106.0400,"PREMIER CREATIVE PACKAGING, INC.",15750,GA16680E,39954,4.5,"{'"2024-11-09 23:10:00'"}","{'"2024-11-10 03:40:00'"}",99.1028,0.96,0.8972,BA4701E,PP,05:00-06:00 SHUT OFF FOR BREAKTIME,STANDARD,85,350,40/40,Arjie Galgo,Julius Fundano,"{'"G40'": 0.21, '"L28'": 5.25, '"L37'": 5.25, '"B107'": 0.0052499999999999995, '"K907'": 10.5, '"11-0154AK'": 2.0, '"PP6 POWDER'": 83.78475}","{180,200,180,180,180,180,180,180,180,180}",80,{106.04},23.5644,93682,107.0,"{3519AL-3521AL,3522AL}",,,3,2024-12-11,2024-11-09 23:10:00,2024-11-10 03:40:00
903,3,400,401.8000,CDC MANUFACTURING CORP.,0,DA15377E,39923,5.17,"{'"2024-11-06 06:30:00'"}","{'"2024-11-06 11:40:00'"}",99.1854,3.3,0.8146,BA12618E,LDPE(HMI),"* 05:00 HEAT UP
* PURGING LD - +4
* MAINIT PA DIE HEAD NAGPUPUTOL PUTOL
* SAVER # 8
* PELLETIZER # 9",STANDARD,9.2,350,40/40,Edsel Mangarin,Julius Fundano,"{'"C19'": 0.088748, '"L28'": 1.6136, '"2981AL'": 200.0, '"2982AL'": 203.4}","{150,130,130,140,140,150,150}",90,{401.8},77.7176,93671,405.1,{3502AL-3509AL},,,16,2024-12-11,2024-11-06 06:30:00,2024-11-06 11:40:00
905,3,350,372.2500,Amazon Mfg. Corp.,15747,BA7924E,39949,5.33,"{'"2024-11-06 23:00:00'"}","{'"2024-11-07 04:20:00'"}",99.3302,2.51,0.6698,TA16124E,LDPE(HMI),"* 11/06/2024 MC#3; PELLETIZER #11; SEIVER #8
* 11/06/2024 @05:00-06:00 BREAKTIME",STANDARD,9.5,35,40/40,Joel Miras,Julius Fundano,"{'"L28'": 18.0, '"L37'": 12.6, '"LB2'": 54.0, '"W33'": 16.128, '"B107'": 1.44, '"B108'": 37.44, '"K907'": 148.392, '"2504AJ'": 4.37, '"27-8863AK'": 2.57, '"FG-3737AK'": 5.7, '"3-QCEXCESS'": 2.12, '"LL48 POWDER'": 72.0}","{150,140,140,130,130,140,140}",180,{372.25},69.8405,93663,374.76,"{3446AL-3452AL,3453AL}",,,17,2024-12-11,2024-11-06 23:00:00,2024-11-07 04:20:00
904,3,250,257.0000,"PHIL-TOP INDUSTRIES, INC.",15743,BA12618E,39947,3.67,"{'"2024-11-06 14:20:00'"}","{'"2024-11-06 18:00:00'"}",99.2278,2.0,0.7722,NO PURGING,LDPE(HMI),"* 13:00-14:00 CHANGE PELLETIZER
* MC#11; SEIVER #8",STANDARD,8.5,28,40/40,Edsel Mangarin,Julius Fundano,"{'"W8'": 12.75, '"B37'": 10.2, '"B89'": 2.2, '"L28'": 12.75, '"L37'": 12.75, '"B106'": 0.605, '"K907'": 114.49499999999999, '"LL31'": 89.25, '"1-6328AK'": 4.0}","{152,147,131,132,140,149,145}",180,{257},70.0272,93653,259.0,"{3334AL-3337AL,3338AL,3339AL}",,,0,2024-12-11,2024-11-06 14:20:00,2024-11-06 18:00:00
906,3,250,247.0000,Amazon Mfg. Corp.,15748,BA7924E,39949,3.33,"{'"2024-11-06 19:40:00'"}","{'"2024-11-06 23:00:00'"}",98.8,3.0,1.2,BA7924E,LDPE(HMI),"* 11/06/2024 MC#3; PELLETIZER #11; SEIVER #8
* 05:00-06:00 BREAKTIME",STANDARD,9.5,35,40/40,Arnel Rosario,Julius Fundano,"{'"L28'": 12.5, '"L37'": 8.75, '"LB2'": 37.5, '"W35'": 16.25, '"B107'": 1.0, '"B108'": 26.0, '"K907'": 98.0, '"LL48 POWDER'": 50.0}","{150,140,140,130,130,140,140}",0,{247},74.1742,93661,250.0,{3441AL-3445AL},,,0,2024-12-11,2024-11-06 19:40:00,2024-11-06 23:00:00
907,5,1000,1009.0000,Allied Packaging Corporation,15607,WA16245E,39997,10.75,"{'"2024-11-08 13:30:00'",'"2024-11-08 18:00:00'"}","{'"2024-11-08 18:00:00'",'"2024-11-09 00:15:00'"}",98.6797,13.5,1.3203,DA15377E,LDPE(HMI),"11/08/2024 MC#5; PELLETIZER #5; SEIVER #3

TOTAL = 1,009KGS.",STANDARD,10,380,40/40,Roselie Mapandi,Julius Fundano,"{'"W8'": 571.2, '"B81'": 1.02, '"L28'": 20.4, '"L37'": 51.0, '"K907'": 153.0, '"LL12'": 223.38, '"29-1346AL'": 2.5}","{170,170,170,170,170,170,160,160,160,150,150}",120,"{415,594}",93.8605,93749,1022.5,"{3777AL-3785AL,3786AL}",,,9,2024-12-11,2024-11-08 13:30:00,2024-11-09 00:15:00
908,5,200,250.9500,EVERGOOD PLASTIC INDUSTRY INC.,0,YA5917E,39943,3.0,"{'"2024-11-09 10:30:00'"}","{'"2024-11-09 13:30:00'"}",98.6982,3.31,1.3018,YA5124E,LDPE(HMI),"SEIVER #3
PANGIT ANG PUTOL NG PELLETIZER MC#5",STANDARD,320,400,40/40,Aldrin Villacrusis,Julius Fundano,"{'"L28'": 2.5427, '"L37'": 2.5427, '"LL6'": 17.7989, '"W35'": 4.06832, '"Y89'": 6.61102, '"K907'": 17.29036, '"2972AL-2976AL'": 203.41}","{180,180,170,160,160,160,160,140,140,140,140}",90,{250.95},83.65,93697,254.26,{3589AL-3593AL},,,12,2024-12-11,2024-11-09 10:30:00,2024-11-09 13:30:00
909,8,4600,796.0000,SAN MIGUEL YAMAMURA PACKAGING CORPORATION,15601,GA1225E,39926,11.25,"{'"2024-10-31 14:25:00'",'"2024-11-04 09:00:00'",'"2024-11-04 18:00:00'"}","{'"2024-10-31 15:30:00'",'"2024-11-04 18:00:00'",'"2024-11-04 19:10:00'"}",17.2641,3814.72,82.7359,NO PURGING,LDPE(HMI),"* 11/04/2024 @15:00-15:45 PROD. STOP UNDER MAINTENANCE
* 10/31/2024 @15:30 SHUT OFF
* 11/05/2024 @05:00 HEAT UP
* OVER FLOW ON FEEDER PORT. CHANGE FEEDRATE FROM 8.6-6.5; RPM FROM 300-350
* 11/04/2024 @19:10 PROD. STOP, SHUT OFF, SOBRANG INIT NG TUBIG - PROCEED TO MC#5",STANDARD,6.5,360,40/40,Arnel Rosario,Julius Fundano,"{'"C19'": 3.956, '"G40'": 105.80000000000001, '"L28'": 138.0, '"L37'": 138.0, '"LL6'": 920.0, '"W34'": 46.0, '"W35'": 46.0, '"K907'": 2420.2439999999997, '"LL52'": 690.0, '"Y124'": 92.0, '"FG-1666AL'": 6.23, '"FG-QCEXCESS'": 4.49}","{200,200,200,200,200,200,200,200,200,210,210,0}",0,"{85,628,83}",70.7556,93581,4610.72,"{3168AL-3258AL,3259AL,3260AL}",,,0,2024-12-12,2024-10-31 14:25:00,2024-11-04 19:10:00
910,1,50,56.8000,TERUMO (PHILS.) CORPORATION,13469,OA14430E,39900,2.28,"{'"2024-11-07 06:40:00'",'"2024-11-07 07:40:00'",'"2024-11-07 08:40:00'"}","{'"2024-11-07 07:40:00'",'"2024-11-07 08:40:00'",'"2024-11-07 08:57:00'"}",97.561,1.42,2.439,TA14363E,PP,"3mm x 3mm Pellet size
Pelletizer #8
Siever #7",STANDARD,80,250,40/40,Aldrin Villacrusis,Julius Fundano,"{'"W8'": 1.06, '"L28'": 1.06, '"L37'": 2.65, '"O57'": 1.06, '"T-RESIN'": 45.58, '"9-8222AI'": 0.58, '"9-8550AI'": 4.64, '"DP-C17197E'": 0.7949999999999999, '"DP-Y17205E'": 0.7949999999999999}","{180,200,180,180,180,180,180,180,180,180}",93,"{25,25,6.8}",24.9123,93528,58.22,"{2848AL,2849AL}",,,5,2024-12-12,2024-11-07 06:40:00,2024-11-07 08:57:00
911,1,50,56.9500,TERUMO (PHILS.) CORPORATION,13472,TA14363E,39901,2.28,"{'"2024-11-07 10:30:00'",'"2024-11-07 11:30:00'",'"2024-11-07 12:30:00'"}","{'"2024-11-07 11:30:00'",'"2024-11-07 12:30:00'",'"2024-11-07 12:47:00'"}",98.0544,1.13,1.9456,GA14433E,PP,"3mm x 3mm Pelletizer size
Pelletizer #8
Siever #7",STANDARD,80,250,40/40,Aldrin Villacrusis,Julius Fundano,"{'"W8'": 2.1580000000000004, '"C12'": 0.1248, '"L28'": 2.6, '"L37'": 2.6, '"Y98'": 0.00624, '"T-RESIN'": 44.51096, '"FG-7318AJ'": 6.08}","{180,200,180,180,180,180,180,180,180,180}",93,"{25,25,6.95}",24.9781,93532,58.08,"{2850AL,2851AL}",,,5,2024-12-12,2024-11-07 10:30:00,2024-11-07 12:47:00
912,1,150,157.0000,TERUMO (PHILS.) CORPORATION,15719,GA14433E,39902,6.33,"{'"2024-11-07 14:20:00'",'"2024-11-07 15:20:00'",'"2024-11-07 16:20:00'",'"2024-11-07 17:20:00'",'"2024-11-07 18:20:00'",'"2024-11-07 19:20:00'",'"2024-11-07 20:20:00'"}","{'"2024-11-07 15:20:00'",'"2024-11-07 16:20:00'",'"2024-11-07 17:20:00'",'"2024-11-07 18:20:00'",'"2024-11-07 19:20:00'",'"2024-11-07 20:20:00'",'"2024-11-07 20:40:00'"}",97.923,3.33,2.077,BA14432E,PP,"3mm x 3mm Pellet size
Pelletizer #8
Siever #7",STANDARD,80,250,40/40,Aldrin Villacrusis,Julius Fundano,"{'"W8'": 1.705, '"G22'": 1.8599999999999999, '"L19'": 7.75, '"L28'": 7.75, '"Y98'": 2.2475, '"T-RESIN'": 133.6875, '"FG-1720AL'": 5.33}","{180,200,180,180,180,180,180,180,180,180}",110,"{25,25,25,25,25,25,7}",24.8025,93534,160.33,"{2852AL-2856AL,2857AL}",,,8,2024-12-12,2024-11-07 14:20:00,2024-11-07 20:40:00
913,5,500,494.2400,EVERGOOD PLASTIC INDUSTRY INC.,0,YA5124E,39941,6.17,"{'"2024-11-09 15:00:00'",'"2024-11-09 18:00:00'"}","{'"2024-11-09 18:00:00'",'"2024-11-09 21:10:00'"}",99.1753,4.11,0.8247,MA4737E,LDPE(HMI),"Pelletizer #5
Siever #3
TOTAL = 494.24",STANDARD,300,430,80/80,Roselie Mapandi,Julius Fundano,"{'"L28'": 0.7446900000000001, '"O58'": 1.1418579999999998, '"2971AL'": 46.46, '"2962AL-2970AL'": 450.0}","{180,180,170,170,170,170,160,160,160,160,160}",120,"{240,254.24}",80.1037,93746,498.35,"{3738AL-3746AL,3747AL}",,,10,2024-12-12,2024-11-09 15:00:00,2024-11-09 21:10:00
914,1,100,106.0000,"EVEREST PLASTIC CONTAINERS IND., INC.",15725,BA4701E,39963,4.17,"{'"2024-11-11 07:00:00'"}","{'"2024-11-11 11:10:00'"}",99.0654,1.0,0.9346,NO PURGING,PP,11/11/2024 @01:10 SHUT OFF,STANDARD,100,250,40/40,Aldrin Villacrusis,Julius Fundano,"{'"G22'": 0.011770000000000001, '"L28'": 3.21, '"L37'": 3.21, '"B107'": 0.5136, '"PP11 POWDER'": 100.05463}","{180,200,180,180,180,180,180,180,180,180}",0,{106},25.4197,93702,107.0,"{3595AL-3597AL,3598AL}",,,0,2024-12-12,2024-11-11 07:00:00,2024-11-11 11:10:00
915,5,300,306.5900,"PHIL-TOP INDUSTRIES, INC.",15757,GA14271E,39969,3.67,"{'"2024-11-12 12:40:00'"}","{'"2024-11-12 16:20:00'"}",99.0982,2.79,0.9018,NO PURGING,LDPE(HMI),"MC#5
PELLETIZER #5
SIEVER #3",STANDARD,20,380,40/40,Roselie Mapandi,Julius Fundano,"{'"W8'": 69.0, '"G40'": 1.5, '"L28'": 15.0, '"L37'": 16.8, '"K907'": 86.69999999999999, '"LL12'": 105.0, '"Y107'": 6.0, '"6-9729AK'": 2.01, '"FG-8225AK'": 7.12, '"4-QCEXCESS'": 0.25}","{170,170,170,170,170,170,160,160,160,150,150}",0,{306.59},83.5395,93761,309.38,"{3720AL-3724AL,3725AL,3726AL}",,,0,2024-12-12,2024-11-12 12:40:00,2024-11-12 16:20:00
916,3,250,250.8100,"EVEREST PLASTIC CONTAINERS IND., INC.",15752,CA1578E,39961,5.42,"{'"2024-11-12 04:10:00'",'"2024-11-12 06:00:00'"}","{'"2024-11-12 05:00:00'",'"2024-11-12 10:35:00'"}",96.4691,9.18,3.5309,BA5327E,LDPE(HMI),"* SIEVER #9
* PELLETIZER #11
* OVER FLOW ON VACUUM & VENT PORT
* CHANGE RPM FROM 23-18; FEEDRATE FROM 9-8.3
* 11/12/2024 MC#3; PELLETIZER #11; SIEVER #8
* 11/12/2024 HINDI MABILISAN, OVER FLOW ON VACUUM & FEEDER - F-RATE 8.3-7.5; RPM 20-18",STANDARD,8.3,18,40/40,Arnel Rosario,Julius Fundano,"{'"C19'": 25.5, '"L28'": 12.75, '"L37'": 8.925, '"LL6'": 114.75, '"K907'": 93.075, '"15-5351AK'": 4.1, '"1-QCEXCESS'": 0.89}","{150,140,140,150,150,150,150}",135,"{40,210.81}",46.2749,93711,259.99,"{3609AL-3612AL,3613AL,3614AL}",,,12,2024-12-12,2024-11-12 04:10:00,2024-11-12 10:35:00
917,8,100,98.5000,SAN MIGUEL YAMAMURA PACKAGING CORPORATION,0,GA1225E,39926,1.25,"{'"2024-11-08 08:45:00'"}","{'"2024-11-08 10:00:00'"}",98.5,1.5,1.5,RA2508E,LDPE(HMI),"",STANDARD,6.7,420,40/40,Joel Miras,Julius Fundano,"{'"3118AL(1-2)'": 50.0, '"3118AL(27-28)'": 50.0}","{200,200,200,200,170,170,170,170,170,170,180,180}",210,{98.5},78.8,93672,100.0,{3510AL},,,17,2024-12-12,2024-11-08 08:45:00,2024-11-08 10:00:00
918,8,500,504.5900,"EVEREST PLASTIC CONTAINERS IND., INC.",15718,RA5277E,39959,6.75,"{'"2024-11-09 02:00:00'",'"2024-11-09 06:00:00'"}","{'"2024-11-09 05:00:00'",'"2024-11-09 09:45:00'"}",97.0365,15.41,2.9635,RA9825E,LDPE(HMI),11/08/2024 @05:00-06:00 BREAKTIME,STANDARD,15,400,40/40,Arnel Rosario,Julius Fundano,"{'"L37'": 78.0, '"LL6'": 182.0, '"O55'": 5.2, '"K907'": 231.92, '"R117'": 22.88}","{180,180,180,170,170,170,170,160,160,160,160,150}",1020,"{240,264.59}",74.7541,93689,520.0,"{3564AL-3573AL,3574AL}",,,13,2024-12-12,2024-11-09 02:00:00,2024-11-09 09:45:00
919,8,2950,3000.0000,SAN MIGUEL YAMAMURA PACKAGING CORPORATION,15769,RA9825E,39960,38.75,"{'"2024-11-09 12:45:00'",'"2024-11-09 18:00:00'",'"2024-11-10 06:00:00'",'"2024-11-11 08:30:00'",'"2024-11-11 18:00:00'"}","{'"2024-11-09 18:00:00'",'"2024-11-10 06:00:00'",'"2024-11-10 17:00:00'",'"2024-11-11 18:00:00'",'"2024-11-11 19:00:00'"}",100.0,0.0,0.0,NO PURGING,LDPE(HMI),"* 11/10/2024 @17:00-18:00 BREAKTIME
* 11/11/2024 @08:30 NA NAUMPISAHAN DAHIL TINANGGAL PA ANG PLASTIC NA NAKADIKIT SA CUTTER BLADE
* 11/11/2024 @05:50 HEAT UP
* Z12 NO TEMP. - CHANGE SETTING (HINDI MA SAVE KAPAG BLANGKO)",STANDARD,10,400,40/40,Arnel Rosario,Julius Fundano,"{'"I24'": 153.0, '"L28'": 150.0, '"L37'": 150.0, '"LL6'": 1050.0, '"K907'": 1380.0, '"R115'": 117.0}","{200,200,180,180,170,170,170,170,160,160,160,150}",0,"{400,880,880,760,80}",77.4194,93752,3000.0,{3791AL-3850AL},,,0,2024-12-12,2024-11-09 12:45:00,2024-11-11 19:00:00
926,1,125,128.7000,"EVEREST PLASTIC CONTAINERS IND., INC.",15756,GA4921E,40007,5.42,"{'"2024-11-14 07:50:00'"}","{'"2024-11-14 13:15:00'"}",99.0,1.3,1.0,GA4440E,LDPE(HMI),"PELLETIZER 8
SIEVER 7
0600 HEAT-UP",STANDARD,100,250,40/40,Aldrin Villacrusis,Julius Fundano,"{'"G40'": 0.78, '"L28'": 3.9, '"L37'": 3.9, '"W35'": 12.934999999999999, '"Y89'": 4.29, '"K907'": 37.894999999999996, '"LL31'": 65.0, '"Y118'": 1.3}","{120,140,150,150,150,150,150,150,140,140}",80,{128.7},23.7454,93853,130.0,"{4228AL-4229AL,4230AL}",,,4,2025-02-03,2024-11-14 07:50:00,2024-11-14 13:15:00
1120,8,265,259.7400,GENSTAR MANUFACTURING CORP.,15885,GA12411E,40193,4.5,"{'"2024-12-21 09:05:00'"}","{'"2024-12-21 13:35:00'"}",98.3417,4.38,1.6583,GA6246E,PP,"12/21/24
 BREAKTIME 1400-1500
1400- SHUT OFF
01-02-25
0550 HEAT UP
",STANDARD,9,420,40/40,Aldrin Villacrusis,Julius Fundano,"{'"C19'": 0.8320000000000001, '"G40'": 15.6, '"L28'": 13.0, '"L37'": 9.1, '"B107'": 10.4, '"K907'": 84.44800000000001, '"Y127'": 22.62, '"31-1663AL'": 3.78, '"4-QCEXCESS'": 0.34, '"PP14 POWDER'": 104.0}","{200,200,180,180,180,180,180,180,180,180,190,190}",25,{259.74},57.72,94505,264.12,"{6157AL-6166AL,6167AL}",,,5,2025-02-28,2024-12-21 09:05:00,2024-12-21 13:35:00
920,8,6100,5956.2400,SAN MIGUEL YAMAMURA PACKAGING CORPORATION,15601,GA1225E,39926,67.75,"{'"2024-10-31 14:25:00'",'"2024-11-04 09:00:00'",'"2024-11-04 18:00:00'",'"2024-11-05 07:30:00'",'"2024-11-05 18:00:00'",'"2024-11-06 06:00:00'",'"2024-11-06 18:00:00'",'"2024-11-07 06:00:00'"}","{'"2024-10-31 15:30:00'",'"2024-11-04 18:00:00'",'"2024-11-04 19:10:00'",'"2024-11-05 18:00:00'",'"2024-11-06 05:00:00'",'"2024-11-06 18:00:00'",'"2024-11-07 05:00:00'",'"2024-11-07 18:00:00'"}",97.472,154.48,2.528,NO PURGING,LDPE(HMI),"*11/6/2024 CHANGE RPM FROM 400-420
* OVER FLOW ON FEEDER PORT
* 11/5/2024 @05:00-06:00 BREAKTIME
* 11/6/2024 @05:00-06:00 BREAKTIME
* 11/6/2024 @10:00 OVER FLOW ON FEEDRATE CHANGE TO 6
* 11/7/2024 @10:00-10:20 PROD. STOP UMIINIT ANG FILTER
* Z12 NO TEMP. - CHANGE SETTING (HINDI MA SAVE KAPAG BLANGKO)",STANDARD,6,350,40/40,Arnel Rosario,Julius Fundano,"{'"C19'": 5.245999999999999, '"G34'": 34.5, '"G40'": 105.80000000000001, '"L28'": 183.0, '"L37'": 183.0, '"LL6'": 1445.0, '"W34'": 46.0, '"W35'": 76.0, '"K907'": 3209.4539999999997, '"LL52'": 690.0, '"Y124'": 122.0, '"FG-1666AL'": 6.23, '"FG-QCEXCESS'": 4.49}","{220,220,220,200,200,200,200,200,200,220,220,150}",0,"{85,628,83,804,847,885,792,864}",87.915,93581,6110.72,"{3018AL-3167AL,3168AL-3258AL,3259AL,3260AL}",,,0,2024-12-12,2024-10-31 14:25:00,2024-11-08 08:45:00
921,3,250,258.0000,"PHIL-TOP INDUSTRIES, INC.",15744,TA16124E,39948,3.58,"{'"2024-11-07 07:25:00'"}","{'"2024-11-07 11:00:00'"}",98.6842,3.44,1.3158,CMA,LDPE(HMI),"PELLETIZER #11
SIEVER #8",STANDARD,30,40,40/40,Edsel Mangarin,Julius Fundano,"{'"C19'": 3.57, '"L28'": 12.75, '"L37'": 12.75, '"LL6'": 89.25, '"V50'": 0.102, '"W33'": 35.7, '"Y98'": 1.02, '"K907'": 99.85799999999999, '"FG-1260AK'": 6.44}","{150,150,150,150,150,130,130}",100,{258},72.067,93666,261.44,"{3454AL-3457AL,3458AL,3459AL}",,,13,2024-12-12,2024-11-07 07:25:00,2024-11-07 11:00:00
922,5,125,133.0000,"EVEREST PLASTIC CONTAINERS IND., INC.",15761,OA8984E,39962,2.08,"{'"2024-11-12 18:15:00'"}","{'"2024-11-12 20:20:00'"}",99.0541,1.27,0.9459,TA15557E,LDPE(HMI),"PELLETIZER MC#5
SIEVER MC#3",STANDARD,13,380,40/40,Edsel Mangarin,Julius Fundano,"{'"L28'": 6.35, '"L37'": 6.35, '"LL6'": 44.45, '"O58'": 8.128, '"W35'": 12.7, '"K907'": 48.171099999999996, '"R103'": 0.8509, '"9-0528AL'": 3.25, '"9-1498AL'": 3.57, '"3-QCEXCESS'": 0.45}","{170,170,170,170,170,170,160,160,160,150,150}",120,{133},63.9423,93725,134.27,"{3652AL-3653AL,3654AL}",,,15,2024-12-12,2024-11-12 18:15:00,2024-11-12 20:20:00
923,1,50,56.1300,EVERGOOD PLASTIC INDUSTRY INC.,15763,KA4607E,39993,2.5,"{'"2024-11-13 12:50:00'"}","{'"2024-11-13 15:20:00'"}",96.493,2.04,3.507,GA8074E,PP,"PELETIZER 8
SIEVER 7",STANDARD,90,230,40/40,Aldrin Villacrusis,Julius Fundano,"{'"L28'": 1.5, '"L37'": 1.5, '"V50'": 0.055, '"K907'": 5.0, '"R115'": 0.055, '"R119'": 0.135, '"11-9912M'": 0.38, '"QCEXCESS'": 0.63, '"11-1934AA'": 2.35, '"11-5970AA'": 4.81, '"PP14 POWDER'": 41.755}","{180,200,180,180,180,180,180,180,180,180}",85,{56.13},22.452,93755,58.17,"{3852AL,3853AL}",,,5,2025-02-01,2024-11-13 12:50:00,2024-11-13 15:20:00
924,1,50,42.6500,Incon Industrial Corporation,0,KA5796E,39989,3.0,"{'"2024-11-13 09:50:00'"}","{'"2024-11-13 12:50:00'"}",97.2634,1.2,2.7366,KA4607E,PP,"",STANDARD,100,250,40/40,Aldrin Villacrusis,Julius Fundano,"{'"W8'": 2.058, '"L37'": 1.6219999999999999, '"FM11'": 0.1767, '"FM27'": 1.1, '"K907'": 6.86, '"R119'": 0.12976000000000001, '"4066AH'": 9.546636, '"PP14 POWDER'": 22.353540000000002}","{180,200,180,180,180,180,180,180,180,180}",80,{42.65},14.2167,93763,43.85,"{3640AL,3641AL}",,,3,2025-02-01,2024-11-13 09:50:00,2024-11-13 11:30:00
927,1,50,60.7000,"ZELLER PLASTIK PHILIPPINES, INC.",15783,GA4440E,40024,2.75,"{'"2024-11-14 14:35:00'"}","{'"2024-11-14 17:20:00'"}",98.4112,0.98,1.5888,RA15449E,LDPE(HMI),"PELLETIZER 8
SIEVER 7
1800 SHUT OFF",STANDARD,100,230,40/40,Aldrin Villacrusis,Julius Fundano,"{'"W8'": 0.0285, '"G22'": 0.14, '"G40'": 0.0196, '"L37'": 2.85, '"Y118'": 1.71, '"FG-9020AK'": 3.7, '"4-QCEXCESS'": 0.98, '"PP14 POWDER'": 52.2519}","{180,180,180,180,180,180,180,180,180,180}",40,{60.7},22.0727,93837,61.68,"{4150AL-4151AL,4152AL}",,,5,2025-02-03,2024-11-14 14:35:00,2024-11-14 17:20:00
961,8,150,155.6900,Incon Industrial Corporation,15800,KA8595E,40022,3.25,"{'"2024-11-22 01:20:00'"}","{'"2024-11-22 04:35:00'"}",97.3062,4.31,2.6937,VA17300E,PP,"B-TIME
0500",STANDARD,8,200,40/40,nonoy,Julius Fundano,"{'"W8'": 24.0, '"FP4'": 1.3599999999999999, '"L25'": 8.0, '"FM11'": 8.0, '"K907'": 40.0, '"R115'": 0.32, '"PP14 POWDER'": 78.32}","{180,200,180,180,180,180,180,180,180,180,180,180}",90,{155.69},47.9046,94000,160.0,"{4620AL-4624AL,4625AL}",,,6,2025-02-04,2024-11-22 01:20:00,2024-11-22 04:35:00
940,9,5500,5422.8000,"PACKAGEWORLD, INC.",15433,WA12282E,40076,54.25,"{'"2024-11-29 10:30:00'",'"2024-11-29 18:00:00'",'"2024-11-30 06:00:00'",'"2024-11-30 13:00:00'",'"2024-12-05 10:00:00'",'"2024-12-05 18:00:00'"}","{'"2024-11-30 18:00:00'",'"2024-11-30 06:00:00'",'"2024-11-30 13:00:00'",'"2024-11-30 21:00:00'",'"2024-12-05 18:00:00'",'"2024-12-05 05:45:00'"}",98.5964,77.2,1.4036,BA17070E,LDPE(HMI),"HEAT UP 0800 - 11/29/2024
RUN LDPE 15 FOR BLACK SPOT

HEAT UP START - 0800 AM
CHANGE SCREEN 
RUN LD 6Kg - 0900-1000",STANDARD,25,380,60/60,Arjie Galgo,Julius Fundano,"{'"AO8'": 5.5, '"AO9'": 5.5, '"LL36'": 1375.0, '"LL38'": 2629.0, '"LL66'": 1320.0, '"WA15071E(4649AL'": 165.0}","{160,160,160,160,150,150,150,150,150,160,160}",120,"{746,1200,700,800,800,1176.8}",99.9594,94050,5500.0,{4796AL-4806AL},,,10,2025-02-03,2024-11-29 10:30:00,2024-12-05 05:45:00
943,9,600,596.6100,"PACKAGEWORLD, INC.",15230,WA15071E,40076,15.42,"{'"2024-11-22 17:25:00'",'"2024-11-22 18:00:00'"}","{'"2024-11-22 18:00:00'",'"2024-11-22 02:00:00'"}",99.435,3.39,0.565,WA12282E,RUBBER,"MAHABA ANG PUTOL PAG MABILIS ANG PELL. SPEED 
RPM 300
F. RATE 15
*SHUT OFF FOR B-TIME 0500-0600 - 11/22/2025",STANDARD,25,300,40/40,Aldrin Villacrusis,Julius Fundano,"{'"W8'": 60.0, '"AO8'": 0.6, '"AO9'": 0.6, '"LL38'": 538.8}","{170,170,170,170,160,160,160,160,160,150,150}",180,"{40,556.61}",38.6907,94003,600.0,{4649AL-4654AL},,,13,2025-02-03,2024-11-22 17:25:00,2024-11-22 02:00:00
944,9,175,170.7700,"STAR PLASTIC PRODUCTS, INC.",15685,WA13183E,40066,1.75,"{'"2024-11-22 11:20:00'"}","{'"2024-11-22 13:05:00'"}",91.9701,14.91,8.0299,WA16299E,LDPE(HMI),"",STANDARD,15,400,40/40,Aldrin Villacrusis,Julius Fundano,"{'"B81'": 0.525, '"L28'": 3.5, '"L37'": 3.5, '"LL6'": 47.25, '"W35'": 38.5, '"K907'": 81.725, '"29-1022AL'": 4.0, '"FG-2274AL'": 6.32, '"5-QCEXCESS'": 0.36}","{170,170,170,170,170,170,160,160,150,150,150}",85,{170.77},97.5829,93970,185.68,"{4581AL,4582AL}",,,8,2025-02-03,2024-11-22 11:20:00,2024-11-22 13:05:00
945,9,250,239.1900,"PHIL-TOP INDUSTRIES, INC.",15580,WA16973E,40053,2.42,"{'"2024-11-19 02:20:00'",'"2024-11-19 08:00:00'"}","{'"2024-11-19 04:25:00'",'"2024-11-19 08:20:00'"}",95.6645,10.84,4.3355,WA15190E,LDPE(HMI),"0600 SHUT OFF TO EXTRUDER 3
0700 HEAT UP
PELLETEIZER #3
SIEVER #2",STANDARD,30,400,40/40,Arjie Galgo,Julius Fundano,"{'"B81'": 0.06144, '"L28'": 4.32, '"L37'": 4.32, '"W35'": 55.512, '"K907'": 93.46752, '"LL12'": 58.31999999999999, '"0957AL-0958AL'": 34.03}","{160,160,160,160,150,150,150,150,150,150,150}",35,"{197.19,42}",98.8388,93949,250.03,"{4524AL,4525AL,4526AL}",,,6,2025-02-04,2024-11-19 02:20:00,2024-11-19 08:20:00
946,9,100,106.6300,SANICON MANUFACTURING CORP.,15570,WA16299E,40071,1.17,"{'"2024-11-22 14:30:00'"}","{'"2024-11-22 15:40:00'"}",97.2724,2.99,2.7276,WA15071E,LDPE(HMI),"",STANDARD,15,400,40/40,Aldrin Villacrusis,Julius Fundano,"{'"B81'": 0.04, '"L28'": 5.0, '"L37'": 5.0, '"LL6'": 35.0, '"W33'": 17.0, '"K907'": 37.96, '"17-2493AL'": 2.1, '"FG-0808AL'": 7.52}","{170,170,170,170,160,160,160,160,150,150,150}",391,{106.63},91.1368,93961,109.62,{4366AL},,,7,2025-02-04,2024-11-22 14:30:00,2024-11-22 15:40:00
947,9,150,128.7000,CEBU HIQ MANUFACTURING CORPORATION,15496,WA2127E,40034,1.33,"{'"2024-11-15 13:40:00'"}","{'"2024-11-15 15:00:00'"}",96.4406,4.75,3.5594,WA15123E,LDPE(HMI),"VACCUM ON
HINDI BUMABAGSAK
PELLETIZER #3
SIEVER#2",STANDARD,20,280,60/60,Aldrin Villacrusis,Julius Fundano,"{'"W8'": 61.1, '"B81'": 0.065, '"L28'": 2.6, '"L37'": 2.6, '"K907'": 31.135, '"LL12'": 32.5, '"22-9677AK'": 3.2, '"5-QCEXCESS'": 0.25}","{170,170,170,170,160,160,160,150,150,160,160}",90,{128.7},96.7669,93865,133.45,{4253AL},,,5,2025-02-04,2024-11-15 13:40:00,2024-11-15 15:00:00
948,9,3000,3027.9600,GILVAN PACKAGING CORPORATION,15590,WA15123E,40015,45.5,"{'"2024-11-15 16:30:00'",'"2024-11-15 18:00:00'",'"2024-11-16 18:20:00'",'"2024-11-18 23:30:00'"}","{'"2024-11-15 18:00:00'",'"2024-11-15 06:00:00'",'"2024-11-16 06:00:00'",'"2024-11-18 00:50:00'"}",98.9419,32.38,1.0581,WA16973E,LDPE(HMI),"-MAINIT MASYADO ANG TUBIG PAG -NAG-LUKO HINDI MAHAWAKAN
-MAHABA ANG PUTOL PAG-MABILIS -ANG PELL.RPM.
-11824 HEAT UP 2210
-CHANGE SCREEN 111624
-SHUT OFF 111724",STANDARD,25,400,60/60,argie,Julius Fundano,{},"{170,170,170,170,160,160,160,160,160,160,160}",90,"{170,1378,1336,143.96}",66.5486,93825,3060.34,{},,,0,2025-02-04,2024-11-15 16:30:00,2024-11-18 00:50:00
949,8,725,725.0000,Amazon Mfg. Corp.,15802,GA1956E,40068,16.75,"{'"2024-11-27 18:35:00'"}","{'"2024-11-27 01:50:00'"}",41.9419,1003.58,58.0581,GA4440E,LDPE(HMI),"PELLETIZER #9
SIEVER #1
BASA AT FLAT ANG PELLET KAPAG MABILIS RPM 400
FEEDRATE 16
725 KGS CUT",STANDARD,380,14,40/40,Aldrin Villacrusis,Julius Fundano,"{'"G40'": 53.664, '"L28'": 86.0, '"L37'": 86.0, '"LL6'": 584.8, '"W35'": 33.54, '"Y89'": 129.0, '"B107'": 21.5, '"K907'": 467.496, '"LL52'": 86.0, '"Y124'": 172.0, '"36-4540AI'": 4.5, '"4-QCEXCESS'": 4.08}","{170,170,170,170,170,170,160,160,160,160,150,150}",110,{725},43.2836,94073,1728.58,"{4941AL-4974AL,4975AL}",,,9,2025-02-04,2024-11-27 18:35:00,2024-11-27 01:50:00
950,8,825,809.6300,"ZELLER PLASTIK PHILIPPINES, INC.",15603,GA4352E,40097,16.33,"{'"2024-11-28 07:10:00'",'"2024-11-28 18:00:00'"}","{'"2024-11-28 18:00:00'",'"2024-11-28 23:30:00'"}",98.137,15.37,1.863,GA17119E,PP,"PELL. 9
SIEVER 1
VACCUM ON
LAGI NAG PUPUTOL SA D- HEAD",STANDARD,9,250,40/40,Aldrin Villacrusis,Julius Fundano,"{'"G22'": 10.395, '"L28'": 24.75, '"L37'": 24.75, '"K907'": 165.0, '"Y107'": 2.64, '"PP14 POWDER'": 597.465}","{180,200,180,180,180,180,180,180,180,180,180,180}",630,"{533,276.63}",49.5793,94069,825.0,{4900AL-4932AL},,,8,2025-02-04,2024-11-28 07:10:00,2024-11-28 23:30:00
951,8,50,50.0000,"EVEREST PLASTIC CONTAINERS IND., INC.",15737,YA7418E,40008,0.67,"{'"2024-11-27 09:00:00'"}","{'"2024-11-27 09:40:00'"}",100.0,0.0,0.0,YA7822E,LDPE(HMI),"PELL. 9
SIEVER 1",STANDARD,10,250,40/40,Arjie Galgo,Julius Fundano,"{'"L28'": 2.5, '"L37'": 2.5, '"LL6'": 17.5, '"W33'": 9.65, '"Y89'": 1.4, '"K907'": 16.4075, '"R103'": 0.0425}","{170,170,170,170,160,160,160,160,160,160,150,150}",90,{50},74.6269,94062,50.0,{4877AL},,,8,2025-02-04,2024-11-27 09:00:00,2024-11-27 09:40:00
952,8,200,205.9500,EASTERN INTERNATIONAL PLASTIC PACKAGING CORPORATION,15812,YA7822E,40086,2.75,"{'"2024-11-27 11:10:00'"}","{'"2024-11-27 13:55:00'"}",98.5831,2.96,1.4169,YA7418E,LDPE(HMI),"PELL. 9
SIEVER 1",STANDARD,12,400,40/40,Arjie Galgo,Julius Fundano,"{'"I24'": 0.6699, '"L28'": 10.15, '"L37'": 7.105, '"LL6'": 71.05, '"W35'": 16.240000000000002, '"Y89'": 6.09, '"K907'": 63.27510000000001, '"Y122'": 28.42, '"FG-0309AL'": 5.32, '"1-QCEXCESS'": 0.59}","{170,170,170,170,160,160,160,160,160,160,150,150}",115,{205.95},74.8909,94059,208.91,"{4872AL-4874AL,4876AL,4875AL}",,,10,2025-02-04,2024-11-27 11:10:00,2024-11-27 13:55:00
953,8,750,742.8000,"EVEREST PLASTIC CONTAINERS IND., INC.",15737,YA7418E,40008,14.33,"{'"2024-11-26 22:20:00'",'"2024-11-27 06:00:00'"}","{'"2024-11-26 05:00:00'",'"2024-11-27 09:00:00'"}",99.04,7.2,0.96,YA7418E,LDPE(HMI),"PELLETIZER 9
SIEVER 1
0500-0600
BREAKTIME",STANDARD,10,230,40/40,Aldrin Villacrusis,Julius Fundano,"{'"L28'": 30.0, '"L37'": 30.0, '"LL6'": 210.0, '"W33'": 115.8, '"Y89'": 16.8, '"K907'": 196.89, '"R103'": 0.51, '"7385AI-7387AI'": 150.0}","{170,170,170,170,170,160,160,160,160,160,150,150}",0,"{515,227.8}",51.8353,94041,750.0,{4718AL-4732AL},,,0,2025-02-04,2024-11-26 22:20:00,2024-11-27 09:00:00
954,8,250,252.1700,"PHIL-TOP INDUSTRIES, INC.",0,TA16970E,40051,3.67,"{'"2024-11-26 08:00:00'"}","{'"2024-11-26 11:40:00'"}",98.805,3.05,1.195,DA16710E,LDPE(HMI),"PRODUCTION STOP INSTALL UNG BLOWER NG MC#8
1200-1420 Z4 HEAT UP Z7 MABABA ANG READING UNDER MAINIT",STANDARD,20,380,40/40,NONOY,Julius Fundano,"{'"L28'": 0.636425, '"V50'": 0.012729, '"4550AL-4555AL'": 254.57}","{170,170,170,170,170,170,160,160,160,160,150,150}",160,{252.17},68.7112,94040,255.22,{4713AL-4717AL},,,7,2025-02-04,2024-11-26 08:00:00,2024-11-26 11:40:00
955,8,100,110.3000,"GLOBAL KONTEINER MANUFACTURING, INC.",0,GA8074E,40072,1.33,"{'"2024-11-25 14:00:00'"}","{'"2024-11-25 15:20:00'"}",98.2541,1.96,1.7459,TA16970E,LDPE(HMI),"PELLETIZER 9
SIEVER 1
1700 SHUT OFF
1700-2100 CLEANING EXTRUDER AREA",STANDARD,10,280,40/40,Aldrin Villacrusis,Julius Fundano,"{'"W8'": 0.0864, '"L28'": 0.3456, '"L37'": 0.3456, '"LL6'": 1.512, '"K907'": 1.9008, '"Y117'": 0.06695999999999999, '"4483AL'": 11.0, '"4481AL-4483AL'": 97.0}","{170,170,170,170,160,160,160,160,150,150,150,150}",100,{110.3},82.9323,94039,112.26,"{4710AL-4711AL,4712AL}",,,10,2025-02-04,2024-11-25 14:00:00,2024-11-25 15:20:00
956,8,500,494.8300,GREENPACK PLASTIC MANUFACTURING CORPORATION,15806,DA16710E,40080,6.0,"{'"2024-11-26 14:20:00'",'"2024-11-26 18:00:00'"}","{'"2024-11-26 18:00:00'",'"2024-11-26 20:20:00'"}",98.966,5.17,1.034,YA7418E,LDPE(HMI),"",STANDARD,20,380,40/40,Aldrin Villacrusis,Julius Fundano,"{'"C19'": 0.15, '"I24'": 3.0, '"L28'": 25.0, '"L37'": 25.0, '"LL6'": 175.0, '"W33'": 62.5, '"K907'": 207.85, '"Y127'": 1.5}","{170,170,170,170,170,170,160,160,160,160,150,150}",120,"{305,189.83}",82.4717,94018,500.0,{4667AL-4676AL},,,14,2025-02-04,2024-11-26 14:20:00,2024-11-26 18:00:00
958,8,590,585.1700,Everbright Net & Twine,0,IA1770E,39995,8.67,"{'"2024-11-23 09:35:00'",'"2024-11-23 18:00:00'"}","{'"2024-11-23 18:00:00'",'"2024-11-23 18:15:00'"}",99.1007,5.31,0.8993,GA6050E,LDPE(HMI),"PELLETIZER 9
SIEVER 1",STANDARD,10,380,60/60,Aldrin Villacrusis,Julius Fundano,"{'"L37'": 1.925, '"LL6'": 29.48, '"K907'": 9.075, '"3895AL-3903AL'": 550.0}","{170,170,170,170,160,160,160,160,160,160,170,170}",1320,"{570,15.17}",67.4937,93994,590.48,{4626AL-4647AL},,,12,2025-02-04,2024-11-23 09:35:00,2024-11-23 18:15:00
959,8,350,295.6900,Amazon Mfg. Corp.,15802,GA1956E,40068,3.92,"{'"2024-11-22 04:00:00'",'"2024-11-24 06:45:00'"}","{'"2024-11-22 05:00:00'",'"2024-11-24 09:40:00'"}",98.5633,4.31,1.4367,GA8074E,LDPE(HMI),"AUTO ALARM 1000-1300
PRODUCTION STOP- INSTALL BLOWER
11-24-2024
SHUT OFF",STANDARD,20,380,40/40,NONOY,Julius Fundano,"{'"G40'": 9.36, '"L28'": 15.0, '"L37'": 15.0, '"LL6'": 102.0, '"W35'": 5.85, '"Y89'": 22.5, '"B107'": 3.75, '"K907'": 81.54, '"LL52'": 15.0, '"Y124'": 30.0}","{170,170,170,170,170,170,160,160,160,160,150,150}",200,"{60,235.69}",75.4311,94010,300.0,{4661AL-4666AL},,,5,2025-02-04,2024-11-22 04:00:00,2024-11-24 09:40:00
960,8,100,102.0000,SAN MIGUEL YAMAMURA PACKAGING CORPORATION,15601,GA1225E,39929,1.5,"{'"2024-11-22 07:00:00'"}","{'"2024-11-22 08:30:00'"}",97.1429,3.0,2.8571,YA5124E,LDPE(HMI),"",STANDARD,20,380,40/40,Edsel Mangarin,Julius Fundano,"{'"C19'": 0.08127, '"G40'": 2.1734999999999998, '"L28'": 2.835, '"L37'": 2.835, '"LL6'": 18.9, '"W34'": 0.9450000000000001, '"W35'": 0.9450000000000001, '"K907'": 49.72023, '"LL52'": 14.175, '"Y124'": 1.8900000000000001, '"3158AL(1)'": 10.5}","{170,170,170,170,170,170,160,160,160,160,150,150}",120,{102},68.0,93909,105.0,"{4368AL,4369AL}",,,14,2025-02-04,2024-11-22 07:00:00,2024-11-22 08:30:00
1012,3,150,148.0000,In House,0,VA4086E,39992,2.9,"{'"2024-11-27 00:26:00'"}","{'"2024-11-27 03:20:00'"}",98.6667,2.0,1.3333,00,LDPE(HMI),"VACCUM ON 
LESS 5°C
FLAT ANG STRAND PAGMABILIS ANG MAIN MOTOR
RPM CHANGE  25-20
F.RATE 8.5
",STANDARD,8.5,20,40/40,Joel Miras,Julius Fundano,"{'"4614AL'": 150.0}","{145,145,125,135,135,145,145}",0,{148},51.0345,94029,150.0,{4693AL-4698AL},,,0,2025-02-12,2024-11-27 00:26:00,2024-11-27 03:20:00
1107,1,25,24.8900,Incon Industrial Corporation,15813,VA17300E,40044,1.05,"{'"2024-12-04 22:15:00'"}","{'"2024-12-04 23:18:00'"}",99.56,0.11,0.44,BA4756E,PP,"",STANDARD,80,400,40/40,NONOY,Julius Fundano,"{'"L28'": 1.0, '"L37'": 1.0, '"V50'": 0.042, '"W35'": 0.5, '"B108'": 1.2, '"K907'": 9.258, '"4655AL'": 5.0, '"PP14 POWDER'": 7.0}","{180,200,180,180,180,180,180,180,180,180,180}",92,{24.89},23.7048,94220,25.0,{5262AL},,,7,2025-02-26,2024-12-04 22:15:00,2024-12-04 23:18:00
962,8,50,54.8900,H&E MANUFACTURING CORPORATION,15803,GA6050E,40082,1.08,"{'"2024-11-22 20:15:00'"}","{'"2024-11-22 21:20:00'"}",97.669,1.31,2.331,GA13527E,PP,"",STANDARD,15,300,40/40,NONOY,Julius Fundano,"{'"W8'": 2.255, '"G40'": 1.886, '"L28'": 1.6400000000000001, '"L37'": 1.6400000000000001, '"K907'": 4.1, '"Y127'": 3.157, '"FG-9809AJ'": 15.2, '"PP14 POWDER'": 26.322000000000003}","{180,200,180,180,180,180,180,180,180,180,180,180}",90,{54.89},50.8241,94007,56.2,"{4656AL,4657AL}",,,9,2025-02-04,2024-11-22 20:15:00,2024-11-22 21:20:00
963,8,875,878.6100,"EVEREST PLASTIC CONTAINERS IND., INC.",0,YA5124E,40010,11.83,"{'"2024-11-22 10:40:00'",'"2024-11-22 18:00:00'"}","{'"2024-11-22 18:00:00'",'"2024-11-22 22:30:00'"}",99.3453,5.79,0.6547,KA8595E,LDPE(HMI),	,STANDARD,20,380,40/40,Edsel Mangarin,Julius Fundano,"{'"L28'": 1.32276, '"O60'": 1.234576, '"4057AL'": 31.84, '"4040AL-4056AL'": 850.0}","{170,170,170,170,170,170,160,160,160,160,150,150}",120,"{560,318.61}",74.2697,93980,884.4,"{4589AL-4605AL,4606AL}",,,11,2025-02-04,2024-11-22 10:40:00,2024-11-22 22:30:00
965,8,50,47.9300,"ZELLER PLASTIK PHILIPPINES, INC.",15799,GA4136E,40055,1.17,"{'"2024-11-21 00:40:00'"}","{'"2024-11-21 01:50:00'"}",95.86,2.07,4.14,GA8074E,LDPE(HMI),"",STANDARD,20,380,40/40,NONOY,Julius Fundano,"{'"B78'": 0.0455, '"G40'": 0.13, '"L28'": 1.5, '"L37'": 1.5, '"K907'": 5.0, '"PP14 POWDER'": 41.8245}","{170,170,170,170,170,170,160,160,160,160,150,150}",90,{47.93},40.9658,93951,50.0,{4556AL-4557AL},,,10,2025-02-04,2024-11-21 00:20:00,2024-11-21 01:50:00
966,8,100,108.0000,"GLOBAL KONTEINER MANUFACTURING, INC.",15778,GA8074E,40072,1.25,"{'"2024-11-21 03:20:00'"}","{'"2024-11-21 04:35:00'"}",97.6051,2.65,2.3949,GA1225E,LDPE(HMI),B-TIME 0500,STANDARD,20,380,40/40,NONOY,Julius Fundano,"{'"W8'": 2.0, '"G40'": 0.98, '"L28'": 8.0, '"L37'": 8.0, '"LL6'": 35.0, '"K907'": 44.46, '"Y117'": 1.56, '"16-0811AL'": 3.53, '"16-1019AL'": 3.23, '"16-1622AL'": 2.19, '"4-QCEXCESS'": 1.7}","{170,170,170,170,170,170,160,160,160,160,150,150}",25,{108},86.4,93956,110.65,"{4481AL,4482AL,4483AL}",,,11,2025-02-04,2024-11-21 03:20:00,2024-11-21 04:35:00
967,8,25,23.6800,"ZELLER PLASTIK PHILIPPINES, INC.",0,GA4440E,40024,0.5,"{'"2024-11-21 22:00:00'"}","{'"2024-11-21 22:30:00'"}",94.6821,1.33,5.3179,GA4136E,PP,"",STANDARD,15,300,40/40,NONOY,Julius Fundano,"{'"G22'": 0.006875, '"4150AL'": 25.0}","{180,200,180,180,180,180,180,180,180,180,180,180}",130,{23.68},47.36,93939,25.01,{4477AL},,,9,2025-02-04,2024-11-21 22:00:00,2024-11-21 22:30:00
968,8,25,28.5300,Incon Industrial Corporation,15796,VA17300E,40044,0.5,"{'"2024-11-19 18:30:00'"}","{'"2024-11-19 19:00:00'"}",95.1,1.47,4.9,GA17119E,PP,"PELL. 5
SIEVER 3",STANDARD,15,300,40/40,NONOY,Julius Fundano,"{'"L28'": 1.5, '"L37'": 1.5, '"V50'": 0.06, '"W35'": 0.75, '"B108'": 1.8, '"K907'": 13.89, '"PP14 POWDER'": 10.5}","{200,180,180,180,180,180,180,180,180,180,180,180}",120,{28.53},57.06,93914,30.0,{4476AL},,,11,2025-02-05,2024-11-19 18:30:00,2024-11-19 19:00:00
969,8,650,645.1000,METRO CONTAINER CORPORATION,0,GA17119E,39952,14.83,"{'"2024-11-18 16:45:00'",'"2024-11-18 18:00:00'",'"2024-11-19 21:00:00'"}","{'"2024-11-18 18:00:00'",'"2024-11-18 19:55:00'",'"2024-11-19 03:00:00'"}",98.4284,10.3,1.5716,RA1279E,LDPE(HMI),"PELLETIZER #9
SIEVER 1
*KUMULAY SA TUBIG
*SHUT OFF Z10 NAG AALARM
* 11-19-2024 PROD. CONT. MC#5 B-TIME 0500",STANDARD,10,300,40/40,Aldrin Villacrusis,Julius Fundano,"{'"L28'": 4.4835, '"L37'": 2.5, '"LL6'": 17.5, '"W33'": 5.184, '"Y98'": 11.331199999999999, '"K907'": 21.0, '"3512AL-3515AL'": 200.0, '"4242AL-4249AL'": 393.4}","{170,170,170,170,170,160,160,160,160,160,150,150}",120,"{85,140,420.1}",43.4997,93892,655.4,"{4542AL-4549AL,4392AL-4396AL}",,,12,2025-02-05,2024-11-18 16:45:00,2024-11-19 03:00:00
970,8,50,23.0000,EASTERN INTERNATIONAL PLASTIC PACKAGING CORPORATION,0,GA8074E,40002,0.42,"{'"2024-11-18 12:10:00'"}","{'"2024-11-18 12:35:00'"}",88.4956,2.99,11.5044,RA15449E,LDPE(HMI),"PELLETIZER #9
SIEVER #1
* AUTO ALARM INVERTER READING FAULTS 30004",STANDARD,9,250,40/40,Aldrin Villacrusis,Julius Fundano,"{'"W8'": 0.02, '"L28'": 0.08, '"L37'": 0.08, '"LL6'": 0.35, '"K907'": 0.44, '"Y117'": 0.0155, '"3977AL'": 25.0}","{170,170,170,170,170,170,160,160,160,160,150,150}",95,{23},54.7619,93902,25.99,{4469AL},,,5,2025-02-05,2024-11-18 12:10:00,2024-11-18 12:35:00
971,8,25,27.7900,Incon Industrial Corporation,0,VA17300E,40044,0.58,"{'"2024-11-23 07:30:00'"}","{'"2024-11-23 08:05:00'"}",96.6945,0.95,3.3055,IA1770E,PP,"PELLETIZER 9
SIEVER 1",STANDARD,9,250,40/40,Aldrin Villacrusis,Julius Fundano,"{'"L28'": 0.071325, '"V50'": 0.012839, '"W35'": 0.037089, '"B108'": 0.08559, '"4476AL'": 28.53}","{180,200,180,180,180,180,180,180,180,180,180,180}",90,{27.79},47.9138,94004,28.74,{4655AL},,,7,2025-02-05,2024-11-23 07:30:00,2024-11-23 08:05:00
972,8,250,255.8000,EVERGOOD PLASTIC INDUSTRY INC.,15756,GA4921E,40033,3.08,"{'"2024-11-18 07:30:00'"}","{'"2024-11-18 10:35:00'"}",98.3846,4.2,1.6154,GA8074E,LDPE(HMI),"PELLETIZER #9
SIEVER #1
AUTO ALARM
INVERTER READING FAULTS 30004",STANDARD,15,400,40/40,Aldrin Villacrusis,Julius Fundano,"{'"G40'": 1.5599999999999998, '"L28'": 7.8, '"L37'": 7.8, '"W35'": 25.869999999999997, '"Y89'": 8.58, '"K907'": 75.78999999999999, '"LL31'": 130.0, '"Y118'": 2.6}","{170,170,170,170,170,170,160,160,160,160,150,150}",0,{255.8},83.0519,93869,260.0,"{4254AL-4257AL,4258AL,4259AL}",,,0,2025-02-05,2024-11-18 07:30:00,2024-11-18 10:35:00
974,8,50,53.9100,GILVAN PACKAGING CORPORATION,13745,RA15449E,40013,0.83,"{'"2024-11-18 14:10:00'"}","{'"2024-11-18 15:00:00'"}",98.0182,1.09,1.9818,GA17119E,LDPE(HMI),"PELLETIZER #9
SIEVER #1
AUTO ALARM
INVERTER READING FAULTS 30004",STANDARD,10,280,40/40,ALDRIN,Julius Fundano,"{'"L28'": 1.65, '"L37'": 3.85, '"LL31'": 45.507, '"R115'": 1.1, '"R117'": 2.893}","{170,170,170,170,170,160,160,160,160,160,150,150}",105,{53.91},64.9518,93829,55.0,{4058AL},,,7,2025-02-06,2024-11-18 14:10:00,2024-11-18 15:00:00
975,8,100,93.0700,Incon Industrial Corporation,15786,KA8595E,40022,2.0,"{'"2024-11-17 07:00:00'"}","{'"2024-11-17 09:00:00'"}",93.07,6.93,6.93,DA15377E,PP,"PELLETIZER #9
SIEVER # 1",STANDARD,8,200,40/40,JERICK,Julius Fundano,"{'"W8'": 15.0, '"FP4'": 0.85, '"L25'": 5.0, '"FM11'": 5.0, '"K907'": 25.0, '"R115'": 0.18, '"PP14 POWDER'": 48.97}","{170,170,170,170,170,170,170,170,170,170,175,175}",105,{93.07},46.535,93861,100.0,{4138AL-4141AL},,,9,2025-02-06,2024-11-17 07:00:00,2024-11-17 09:00:00
976,8,200,217.0000,CDC MANUFACTURING CORP.,15731,DA15377E,39923,2.75,"{'"2024-11-17 10:45:00'"}","{'"2024-11-17 13:30:00'"}",96.269,8.41,3.731,GA4921E,LDPE(HMI),"PELLETIZER #9
SIEVER #1
CHANGE F.RATE 10-8",STANDARD,8,300,40/40,JERICK,Julius Fundano,"{'"C19'": 0.0186, '"L28'": 1.65, '"L37'": 0.875, '"LL6'": 8.75, '"V50'": 0.01, '"W33'": 4.5, '"Y98'": 0.065, '"K907'": 9.54, '"4019AL'": 200.0}","{170,170,170,170,170,160,160,160,160,160,180,180}",120,{217},78.9091,93885,225.41,"{4382AL-4385AL,4381AL}",,,10,2025-02-06,2024-11-17 10:45:00,2024-11-17 13:30:00
977,8,500,506.9800,SAN MIGUEL YAMAMURA PACKAGING CORPORATION,15692,RA16846E,40027,16.63,"{'"2024-11-16 20:38:00'"}","{'"2024-11-16 04:00:00'"}",98.4427,8.02,1.5573,KA8595E,LDPE(HMI),10 + DIESEL,STANDARD,10,360,40/40,Joel Miras,Julius Fundano,"{'"C19'": 0.309, '"L28'": 25.75, '"L37'": 36.05, '"LL6'": 180.25, '"W35'": 1.03, '"K907'": 230.411, '"R117'": 18.025, '"R122'": 23.175}","{200,200,180,180,180,180,170,170,170,170,160,160}",60,{506.98},30.4859,93847,515.0,"{4214AL-4223AL,4224AL}",,,9,2025-02-06,2024-11-16 20:38:00,2024-11-16 04:00:00
978,8,1990,1970.2400,ARC REFRESHMENTS CORPORATION,15825,YA16192E,40110,20.75,"{'"2024-11-30 01:20:00'",'"2024-11-30 06:00:00'",'"2024-11-30 13:00:00'",'"2024-12-02 07:00:00'"}","{'"2024-11-30 05:00:00'",'"2024-11-30 13:00:00'",'"2024-11-30 21:00:00'",'"2024-12-02 09:05:00'"}",98.7866,24.2,1.2134,YA16164E,LDPE(HMI),"PELL. #9
SIEVER #1
11/30/2024 
0500-0600
BREAKTIME
11/30/2024
BREAKTIME
2100-2200
BREAKTIME
Z10 SHUT OFF

MABABA ANG TEMP. NG Z1 200 DEGREE SETTING 83 DEGREE READING

12/02/2024
0550 HEAT UP",STANDARD,12,400,40/40,Aldrin Villacrusis,Julius Fundano,"{'"L28'": 59.25, '"L37'": 59.25, '"LL6'": 691.25, '"O46'": 23.7, '"W33'": 59.25, '"K907'": 681.77, '"R129'": 5.53, '"Y122'": 395.0, '"FG-6845AK'": 7.4, '"FG-7609AK'": 12.04}","{200,200,200,170,170,170,160,160,160,160,150,150}",110,"{345,665,765,195.24}",94.9513,94145,1994.44,"{5158AL-5196AL,5197AL}",,,16,2025-02-06,2024-11-30 01:20:00,2024-12-02 09:05:00
979,5,350,345.8800,METRO CONTAINER CORPORATION,15823,GA17119E,40099,5.0,"{'"2024-11-29 01:00:00'",'"2024-11-29 06:00:00'"}","{'"2024-11-29 05:00:00'",'"2024-11-29 07:00:00'"}",98.8229,4.12,1.1771,GA8074E,LDPE(HMI),"PELLETIZER #9
SIEVER #1
OVERFLOW ON FEEDER 
RPM 420
FEEDRATE 11-9.5

0500-0600
BREAKTIME
*KUMUKULAY SA TUBIG",STANDARD,9.5,420,40/40,Aldrin Villacrusis,Julius Fundano,"{'"C19'": 2.275, '"G40'": 21.0, '"L28'": 24.5, '"L37'": 17.5, '"LL6'": 122.5, '"W33'": 10.5, '"Y98'": 42.0, '"B107'": 11.9, '"K907'": 97.825}","{180,180,180,170,170,170,160,160,160,160,170,170}",150,"{277,68.88}",69.176,94148,350.0,{5092AL-5098AL},,,10,2025-02-06,2024-02-09 01:00:00,2024-11-29 07:00:00
980,5,50,55.0000,"MILLERS PACKAGING MANUFACTURING COMPANY, INC.",15811,RA11649E,40091,1.08,"{'"2024-11-27 08:15:00'"}","{'"2024-11-27 09:20:00'"}",96.0196,2.28,3.9804,BA3925E,PP,"VACCUM ON
LESS 5° C",STANDARD,15,300,60/60,NONOY,Julius Fundano,"{'"L28'": 4.24, '"L37'": 2.65, '"K907'": 7.95, '"R110'": 4.24, '"R116'": 9.01, '"39-8680AK'": 4.1, '"1-QCEXCESS'": 0.18, '"PP14 POWDER'": 24.91}","{175,195,175,175,175,175,175,175,175,175,175}",160,{55},50.9259,94057,57.28,"{4870AL,4871AL}",,,32,2025-02-06,2024-11-27 08:15:00,2024-11-27 09:20:00
982,5,150,148.2200,MC BRIDE CORPORATION,12925,BA15002E,40078,6.5,"{'"2024-11-28 02:20:00'",'"2024-11-28 06:00:00'"}","{'"2024-11-28 06:00:00'",'"2024-11-28 08:50:00'"}",98.8133,1.78,1.1867,"",PET,0310- START BAGGING FINISH GOOD,STANDARD,15,280,40/40,Edsel Mangarin,Julius Fundano,"{'"B93'": 1.8, '"V41'": 2.61, '"LL60 POWDER'": 145.59}","{220,220,220,220,220,220,220,220,220,220,220,220}",610,"{75,73.22}",22.8031,94043,150.0,{4733AL-4738AL},,,50,2025-02-06,2024-11-28 02:20:00,2024-11-28 08:50:00
983,5,100,98.7000,NPPET GLOBAL INNOVENTION INC.,15732,WA1815E,40088,1.08,"{'"2024-11-28 19:00:00'"}","{'"2024-11-28 20:05:00'"}",94.0,6.3,6.0,WA15123E,LDPE(HMI),"",STANDARD,8,280,60/60,Edsel Mangarin,Julius Fundano,"{'"W8'": 28.35, '"B81'": 0.0315, '"L28'": 2.1, '"L37'": 2.1, '"LL6'": 28.35, '"K907'": 44.0685}","{170,170,170,170,160,160,160,160,160,160,160}",85,{98.7},91.3889,94049,105.0,{4692AL},,,10,2025-02-07,2024-11-28 19:00:00,2024-11-28 20:05:00
984,5,400,395.1000,GREENPACK PLASTIC MANUFACTURING CORPORATION,15804,BA16708E,40079,5.67,"{'"2024-11-27 17:30:00'",'"2024-11-27 18:00:00'"}","{'"2024-11-27 18:00:00'",'"2024-11-27 23:10:00'"}",98.775,4.9,1.225,BA15002E,LDPE(HMI),"",STANDARD,20,380,40/40,NONOY,Julius Fundano,"{'"B78'": 1.8, '"G40'": 1.48, '"L28'": 20.0, '"L37'": 20.0, '"LL6'": 140.0, '"W33'": 50.0, '"K907'": 166.72}","{170,170,170,170,170,170,160,160,160,160,150}",120,"{35,360.1}",69.6825,94020,400.0,"{4681AL-4684AL,4681AL-4684AL}",,,20,2025-02-07,2024-11-27 17:30:00,2024-11-27 23:10:00
985,3,700,705.6100,Everbright Net & Twine,15485,BA4140E,39996,10.93,"{'"2024-11-15 19:36:00'",'"2024-11-16 06:00:00'",'"2024-11-16 09:20:00'"}","{'"2024-11-15 05:00:00'",'"2024-11-16 09:30:00'",'"2024-11-16 09:30:00'"}",97.3255,19.39,2.6745,VA4086E,LDPE(HMI),"VACCUM ON
PELL. #9
SIEVER #8
",STANDARD,10,28,60/60,RONALD,Julius Fundano,"{'"L28'": 29.0, '"L37'": 29.0, '"LB2'": 108.75, '"LL6'": 352.64, '"V40'": 1.305, '"V42'": 1.305, '"B106'": 15.225, '"B107'": 115.275, '"K907'": 72.5}","{150,150,150,150,150,130,130}",120,"{535,155.45,15.16}",64.5572,93747,725.0,{3748AL-3776AL},,,11,2025-02-07,2024-11-15 19:36:00,2024-11-16 03:00:00
986,5,50,50.0000,"EVEREST PLASTIC CONTAINERS IND., INC.",15737,YA7418E,40008,0.67,"{'"2024-11-21 20:00:00'"}","{'"2024-11-21 20:40:00'"}",100.0,0.0,0.0,GA4440E,LDPE(HMI),"11-21-24 
SHOT OFF 
2040",STANDARD,20,380,40/40,NONOY,Julius Fundano,"{'"L28'": 2.0, '"L37'": 2.0, '"LL6'": 14.0, '"W33'": 7.72, '"Y89'": 1.12, '"K907'": 13.126, '"R103'": 0.034, '"1026AI'": 10.0}","{170,170,170,170,170,170,160,160,160,160,150}",80,{50},74.6269,94002,50.0,{4648AL},,,10,2025-02-07,2024-11-21 20:00:00,2024-11-21 20:40:00
987,3,250,248.2500,GREENPACK PLASTIC MANUFACTURING CORPORATION,15780,BA2091E,39824,3.7,"{'"2024-11-14 19:50:00'"}","{'"2024-11-14 23:32:00'"}",99.3,1.75,0.7,BA4701E,LDPE(HMI),"*Flat ang pallet pag mabilis ang speed saka basa pa.

Change RPM 32-24
Feed Rate: 9.5-8.3
Siever # 8; Pelletizer # 11",STANDARD,8.3,24,60/60,Joel Miras,Julius Fundano,"{'"W8'": 4.25, '"L28'": 12.5, '"L37'": 8.75, '"LB2'": 37.5, '"LL6'": 116.6, '"B107'": 0.4, '"B108'": 32.5, '"K907'": 37.5}","{150,150,140,140,140,150,150}",98,{248.25},67.0946,93826,250.0,{4133AL-4137AL},,,14,2025-02-07,2024-11-14 19:50:00,2024-11-14 23:32:00
988,5,250,245.9500,"EVEREST PLASTIC CONTAINERS IND., INC.",15737,YA7418E,40008,3.37,"{'"2024-11-21 16:38:00'",'"2024-11-21 18:00:00'"}","{'"2024-11-21 18:00:00'",'"2024-11-21 20:00:00'"}",98.38,4.05,1.62,0,LDPE(HMI),"",STANDARD,20,380,40/40,NONOY,Julius Fundano,"{'"L28'": 12.5, '"L37'": 12.5, '"LL6'": 87.5, '"W33'": 48.25, '"Y89'": 7.0, '"K907'": 82.0375, '"R103'": 0.2125}","{170,170,170,170,170,170,160,160,160,150,150}",0,"{100,145.95}",72.9822,93991,250.0,{4615AL-4619AL},,,0,2025-02-10,2024-11-21 16:38:00,2024-11-21 20:00:00
989,5,250,257.2900,EVERGOOD PLASTIC INDUSTRY INC.,15673,BA3925E,40069,4.0,"{'"2024-11-27 12:00:00'"}","{'"2024-11-27 16:00:00'"}",98.8398,3.02,1.1602,BA16708E,LDPE(HMI),MATAGAL LINIS MAKAPIT UNG KULAY NG RA11649E,STANDARD,20,380,40/40,NONOY,Julius Fundano,"{'"C19'": 0.128, '"L28'": 7.68, '"L37'": 7.68, '"LL6'": 89.6, '"V50'": 0.5632, '"W33'": 37.12, '"B106'": 9.216, '"K907'": 104.0128, '"1-2351AL'": 4.31}","{170,170,170,170,170,170,160,160,160,150,150}",90,{257.29},64.3225,93975,260.31,"{4583AL-4586AL,4587AL,4588AL}",,,8,2025-02-10,2024-11-27 12:00:00,2024-11-27 16:00:00
991,5,50,55.6700,SANICON MANUFACTURING CORP.,15789,YA15776E,40031,1.0,"{'"2024-11-21 14:00:00'"}","{'"2024-11-21 15:00:00'"}",98.531,0.83,1.469,YA7418E,LDPE(HMI),"",STANDARD,100,300,40/40,JESSIE,Julius Fundano,"{'"L28'": 2.65, '"L37'": 2.65, '"LL6'": 18.55, '"W33'": 9.54, '"K907'": 16.695, '"Y107'": 1.325, '"Y116'": 1.5899999999999999, '"24-1014AL'": 3.5}","{170,170,170,170,170,170,160,160,160,150,150}",98,{55.67},55.67,93877,56.5,"{4370AL,4371AL}",,,13,2025-02-10,2024-11-21 14:00:00,2024-11-21 15:00:00
992,5,250,247.2100,"EVEREST PLASTIC CONTAINERS IND., INC.",0,MA4737E,39958,6.83,"{'"2024-11-17 14:10:00'",'"2024-11-17 16:00:00'",'"2024-11-18 06:25:00'"}","{'"2024-11-17 16:00:00'",'"2024-11-17 17:00:00'",'"2024-11-18 10:25:00'"}",96.3068,9.48,3.6932,MA4737E,LDPE(HMI),"VACCUM ON
11/17/2024
SHOT OFF",STANDARD,65,400,40/40,JESSIE,Julius Fundano,"{'"3541AL'": 24.999, '"3557AL'": 24.999, '"3559AL'": 24.999, '"3560AL'": 24.999, '"3561AL'": 13.1901, '"3562AL'": 23.52, '"3563AL'": 19.98, '"3530AL-3531AL'": 50.0, '"3556AL;3558AL'": 50.0}","{160,160,160,160,160,160,150,150,150,150,150}",0,"{97.21,30,120}",36.1947,93925,256.69,"{4389AL-4390AL,4485AL-4487AL}",,,14,2025-02-10,2024-11-17 14:10:00,2024-11-18 10:25:00
995,5,400,393.4000,METRO CONTAINER CORPORATION,15785,GA17119E,39952,18.0,"{'"2024-11-14 19:40:00'"}","{'"2024-11-14 01:40:00'"}",98.35,6.6,1.65,GA2595E,LDPE(HMI),1800-1940 WAITING FOR COMPOUNDED/ KUMUKULAY PO SA TUBIG.,STANDARD,20,380,40/40,Edsel Mangarin,Julius Fundano,"{'"C19'": 2.6, '"G40'": 23.0, '"L28'": 28.0, '"L37'": 20.0, '"LL6'": 140.0, '"W33'": 11.4, '"Y98'": 44.2, '"B107'": 13.1, '"K907'": 117.69999999999999}","{170,170,170,170,170,170,160,160,160,160,150}",120,{393.4},21.8556,93857,400.0,"{4242AL-4245AL,4246AL-4249AL}",,,14,2025-02-11,2024-11-14 19:40:00,2024-11-14 01:40:00
996,5,875,881.8400,"EVEREST PLASTIC CONTAINERS IND., INC.",15779,YA5124E,40010,11.75,"{'"2024-11-18 11:50:00'",'"2024-11-18 18:00:00'"}","{'"2024-11-18 18:00:00'",'"2024-11-18 23:35:00'"}",99.0831,8.16,0.9169,YA7418E,LDPE(HMI),"",STANDARD,160,400,40/40,JESSIE,`,"{'"L28'": 26.7, '"L37'": 62.3, '"LL6'": 311.5, '"O60'": 12.46, '"W35'": 111.25, '"Y89'": 89.0, '"K907'": 276.79}","{180,180,180,170,170,170,160,160,160,170,170}",85,"{470,411.84}",75.0502,93811,890.0,"{4040AL-4056AL,4057AL}",,,9,2025-02-11,2024-11-18 11:50:00,2024-11-18 23:35:00
997,5,250,238.7300,"EVEREST PLASTIC CONTAINERS IND., INC.",15756,GA4921E,39964,4.57,"{'"2024-11-12 06:40:00'"}","{'"2024-11-12 11:14:00'"}",94.3597,14.27,5.6403,GA14271E,LDPE(HMI),"",STANDARD,340,380,40/40,NONOY,Julius Fundano,"{'"G40'": 1.5, '"L28'": 7.5, '"L37'": 7.5, '"W35'": 24.875, '"Y89'": 8.25, '"K907'": 72.875, '"LL31'": 125.0, '"Y118'": 2.5, '"4-QCEXCESS'": 3.0}","{170,170,170,170,170,160,160,160,160,160,150}",86,{238.73},52.2385,93715,253.0,"{3620AL-3623AL,3624AL}",,,8,2025-02-11,2024-11-12 06:40:00,2024-11-12 11:14:00
1298,5,166,165.9800,UNIVERSAL ROBINA CORPORATION,0,IA17363E,40259,3.0,"{'"2025-01-23 15:00:00'"}","{'"2025-01-23 18:00:00'"}",99.988,0.02,0.012,BA1677E,PP,"PELL. 5
SIEV. 1",STANDARD,15,300,60/60,NONOY,Julius Fundano,"{'"6871AL-6872AL'": 49.8, '"7004AL-7008AL'": 116.2}","{180,200,180,180,180,180,180}",120,{165.98},55.3267,94888,166.0,{7351AL},,,13,2025-03-28,2025-01-23 15:00:00,2025-01-23 18:00:00
1299,5,750,741.1600,METRO CONTAINER CORPORATION,0,GA16415E,40318,9.92,"{'"2025-01-23 00:50:00'",'"2025-01-23 06:00:00'"}","{'"2025-01-23 05:00:00'",'"2025-01-23 11:45:00'"}",98.8213,8.84,1.1787,GA1225E,LDPE(HMI),"PELL. 5
SIEV. 1",STANDARD,13,400,40/40,Aldrin Villacrusis,Julius Fundano,"{'"G40'": 2.3399199999999998, '"L28'": 35.082, '"L37'": 50.082, '"LL6'": 245.574, '"W33'": 81.70416, '"K907'": 257.1218, '"Y107'": 29.22624, '"Y119'": 0.50988, '"GA15849E(1544AJ)'": 48.36}","{170,170,170,170,160,160,160,160,160,150,150}",45,"{305,436.16}",74.7137,94836,750.0,"{7149AL-7150AL,7151AL-7163AL}",,,5,2025-03-28,2025-01-23 00:50:00,2025-01-23 11:45:00
1348,5,200,197.6000,Everbright Net & Twine,0,IA1770E,40268,4382900.67,"{'"2525-01-20 14:30:00'"}","{'"2025-01-20 17:50:00'"}",98.201,3.62,1.799,IA5758E,LDPE(HMI),"VACUUM ON
150-2000 RESIEVER-MACHINE #1	",STANDARD,14,340,60/60,Edsel Mangarin,Julius Fundano,"{'"L28'": 0.3, '"O60'": 0.92, '"6438AL-6439AL'": 200.0}","{160,160,160,160,160,160,160,160,160,150,150}",90,{197.6},0.0,94750,201.22,{6678AL-6685AL},,,14,2025-04-03,2025-01-20 14:30:00,2025-01-20 17:50:00
1000,5,100,104.1800,"TRADESPHERE INDUSTRIAL COMMODITIES, INC.",15488,WA6837E,39955,1.33,"{'"2024-11-08 10:40:00'"}","{'"2024-11-08 12:00:00'"}",95.6131,4.78,4.3869,WA16245E,HDPE(HMI),"",STANDARD,20,380,40/40,JESSIE,Julius Fundano,"{'"W8'": 11.4, '"B81'": 0.076, '"L28'": 4.75, '"L37'": 4.75, '"P26'": 19.0, '"K907'": 9.5, '"1-5098M'": 0.27, '"22-9583AK'": 0.81, '"22-9722AK'": 1.77, '"29-0544AL'": 3.25, '"FG-7998AE'": 7.7, '"1-QCEXCESS'": 0.16, '"LL48 POWDER'": 45.524}","{1470,170,170,170,170,170,170,160,160,150,150}",90,{104.18},78.3308,93692,108.96,"{3575AL,3576AL,3577AL}",,,12,2025-02-11,2024-11-08 10:40:00,2024-11-08 12:00:00
1001,5,100.7,92.9600,METRO CONTAINER CORPORATION,0,GA17119E,39952,10.83,"{'"2024-11-11 22:50:00'"}","{'"2024-11-11 12:00:00'"}",92.3138,7.74,7.6862,GA4921E,LDPE(HMI),"",STANDARD,20,380,40/40,Edsel Mangarin,Julius Fundano,"{'"C19'": 0.22600000000000003, '"G40'": 3.0, '"L28'": 1.4, '"L37'": 1.0, '"LL6'": 7.404, '"B107'": 1.13, '"K907'": 5.84, '"2013AL'": 50.0, '"2018AL'": 30.7}","{170,170,170,170,170,170,160,160,160,160,150}",480,{92.96},8.5836,93678,100.7,"{3516AL,3517AL,3518AL}",,,8,2025-02-11,2024-11-11 22:50:00,2024-11-11 12:00:00
1002,5,250,250.0000,METRO CONTAINER CORPORATION,15751,GA17119E,39952,3.83,"{'"2024-11-11 19:00:00'"}","{'"2024-11-11 22:50:00'"}",100.0,0.0,0.0,0,LDPE(HMI),"UMAAPAW ANG FEEDER PORT DI MABILISAN 
ZONE 2 BUMABABA ANG READING TEMP. 90 TEMP./ CHANGE SETTING Z1- 170-180",STANDARD,10,400,40/40,Edsel Mangarin,Julius Fundano,"{'"C19'": 1.75, '"G40'": 15.0, '"L28'": 17.5, '"L37'": 12.5, '"LL6'": 87.5, '"W33'": 7.5, '"Y98'": 27.5, '"B107'": 8.625, '"K907'": 72.125}","{170,170,170,170,170,170,160,160,160,160,150}",0,{250},65.2742,93675,250.0,{3511AL-3515AL},,,0,2025-02-11,2024-11-11 19:00:00,2024-11-11 22:50:00
1004,3,50,64.0000,"EVEREST PLASTIC CONTAINERS IND., INC.",15754,BA5327E,39960,1.0,"{'"2024-11-12 21:00:00'"}","{'"2024-11-12 22:00:00'"}",96.3855,2.4,3.6145,BA14304E,LDPE(HMI),"SIEVER 8
PELLETIZER 11
8+DIESEL",STANDARD,6.5,40,40/40,Joel Miras,Julius Fundano,"{'"W8'": 0.975, '"L28'": 3.25, '"L37'": 3.25, '"V50'": 0.221, '"B106'": 0.195, '"B108'": 10.4, '"K907'": 23.959, '"LL31'": 22.75, '"2100AH'": 0.8, '"3-QCEXCESS'": 0.6}","{150,150,150,150,150,130,130}",180,{64},64.0,93718,66.4,"{3637AL,3638AL}",,,7,2025-02-11,2024-11-12 21:00:00,2024-11-12 20:00:00
1005,3,600,575.0000,"EVEREST PLASTIC CONTAINERS IND., INC.",15753,BA5327E,39960,8.17,"{'"2024-11-12 12:50:00'",'"2024-11-12 18:00:00'"}","{'"2024-11-12 18:00:00'",'"2024-11-12 21:00:00'"}",95.8333,25.0,4.1667,BA5327E,LDPE(HMI),"CHANGE F. RATE -10.2/8.6
RPM -35 OVER FLOW  ON VACCUM PORT
PELLETIZER 11
SIEVER 8",STANDARD,8.6,35,40/40,Arnel Rosario,Julius Fundano,"{'"W8'": 9.0, '"B37'": 120.0, '"L28'": 30.0, '"L37'": 30.0, '"V50'": 2.1, '"B106'": 1.8, '"K907'": 197.1, '"LL31'": 210.0}","{150,130,130,140,140,150,150}",0,"{365,210}",70.3794,93716,600.0,{3625AL-3636AL},,,0,2025-02-11,2024-11-12 12:50:00,2024-11-12 21:00:00
1006,3,50,54.5500,H&E MANUFACTURING CORPORATION,15822,KA9077E,40105,1.17,"{'"2024-11-29 03:35:00'"}","{'"2024-11-29 04:45:00'"}",97.1159,1.62,2.8841,VA17300E,PP,"PEL 10
SIEVER 8",STANDARD,8.3,28,40/40,Joel Miras,Julius Fundano,"{'"L28'": 2.65, '"L37'": 2.65, '"V50'": 0.371, '"K907'": 5.3, '"R115'": 0.0212, '"5-8601AK'": 3.0, '"1-QCEXCESS'": 0.17, '"PP14 POWDER'": 42.0078}","{180,200,180,180,180,180,180}",180,{54.55},46.6239,94116,56.17,"{5040AL,5041AL}",,,9,2025-02-11,2024-11-29 03:35:00,2024-11-29 04:45:00
1007,3,200,193.0000,Everbright Net & Twine,15582,IA1770E,39995,3.5,"{'"2024-11-27 16:40:00'",'"2024-11-27 18:00:00'"}","{'"2024-11-27 18:00:00'",'"2024-11-27 20:10:00'"}",96.5,7.0,3.5,00,LDPE(HMI),"VACCUM ON
PELLETIZER 10
SIEVER 8",STANDARD,16,35,60/60,Arnel Rosario,Julius Fundano,"{'"C19'": 0.8, '"L28'": 6.0, '"L37'": 7.0, '"LL6'": 107.2, '"O60'": 46.0, '"K907'": 33.0}","{150,130,130,150,150,150,150}",0,"{70,123}",55.1429,94066,200.0,{4891AL-4898AL},,,0,2025-02-12,2024-11-27 16:40:00,2024-11-27 20:10:00
1008,3,200,197.2500,GREENPACK PLASTIC MANUFACTURING CORPORATION,15807,VA16720E,40081,2.92,"{'"2024-11-27 11:45:00'"}","{'"2024-11-27 14:40:00'"}",98.625,2.75,1.375,IA1770E,LDPE(HMI),"PELLETIZER 
10
SIEVER 8
11:45 NA NAUMPISAHAN KASI NAG PALIT PA NG STICKER NG VA408565R SA WH #2",STANDARD,9.6,28,40/40,Arnel Rosario,Julius Fundano,"{'"L28'": 10.0, '"L37'": 10.0, '"LL6'": 70.0, '"V50'": 5.6, '"W33'": 18.0, '"B110'": 4.0, '"K907'": 82.4}","{150,130,130,150,150,150,150}",120,{197.25},67.5514,94019,200.0,{4677AL-4680AL},,,9,2025-02-12,2024-11-27 11:45:00,2220-11-27 14:40:00
1009,2,225,220.0700,In House,0,VA4086E,39991,20.42,"{'"2024-11-21 21:25:00'"}","{'"2024-11-21 01:00:00'"}",97.8089,4.93,2.1911,CA17279E,LDPE(HMI),"VACCUM ON
CHANGE F.RATE 9.0/8.3
RPM  25/22
PLAT ANG PELLETS PAG MABILIS
OVEN FLOW ON VACCUM.
PELLETIZER 10
SIEVER 8",STANDARD,8.3,25,40/40,Arnel Rosario,Julius Fundano,"{'"3855AL'": 25.0, '"3857AL'": 25.0, '"3858AL'": 25.0, '"3859AL'": 25.0, '"3860AL'": 25.0, '"3864AL'": 25.0, '"3879AL'": 25.0, '"3891AL'": 25.0, '"4212AL'": 25.0}","{150,130,130,140,140,150,150}",120,{220.07},10.7772,93987,225.0,"{4609AL,4610AL,4611AL}",,,8,2025-02-12,2024-11-21 21:25:00,2024-11-21 01:00:00
1010,3,175,176.9300,"STAR PLASTIC PRODUCTS, INC.",15658,RA13616E,40067,2.83,"{'"2024-11-23 03:20:00'",'"2024-11-23 06:00:00'"}","{'"2024-11-23 05:00:00'",'"2024-11-23 07:10:00'"}",97.4338,4.66,2.5662,RA7487E,LDPE(HMI),"11/22/2024
0500-0600 B-TIME
PELLETIZER #10
SIEVER #8",STANDARD,8.3,28,40/40,Arnel Rosario,Julius Fundano,"{'"L28'": 8.75, '"L37'": 6.125, '"LL6'": 61.25, '"Y98'": 2.275, '"K907'": 91.35, '"R115'": 5.25, '"FG-1673AL'": 6.45, '"1-QCEXCESS'": 0.14}","{150,150,150,150,150,130,130}",75,"{110,66.93}",62.5194,93968,181.59,"{4577AL-4579AL,4580AL}",,,12,2025-02-12,2024-11-23 03:20:00,2024-11-23 07:10:00
1011,3,500,501.8600,EVERGOOD PLASTIC INDUSTRY INC.,15487,RA2508E,40070,16.42,"{'"2024-11-22 18:15:00'"}","{'"2024-11-22 01:50:00'"}",98.4039,8.14,1.5961,RA13616E,LDPE(HMI),"PELLETIZER 10
SIEVER 8																												",STANDARD,9.2,45,60/60,Arnel Rosario,Julius Fundano,"{'"L28'": 20.4, '"L37'": 21.419999999999998, '"LL6'": 198.9, '"W33'": 9.485999999999999, '"K907'": 205.22400000000002, '"R116'": 14.28, '"R130'": 40.29}","{160,140,140,150,150,150,150}",90,{501.86},30.5639,93964,510.0,"{4561AL-4569AL,4570AL,4571AL}",,,7,2025-02-12,2024-11-22 18:15:00,2024-11-22 01:50:00
1014,5,1000,825.0000,"EVEREST PLASTIC CONTAINERS IND., INC.",12408,MA4737E,39958,27.75,"{'"2024-11-09 23:10:00'",'"2024-11-10 06:00:00'",'"2024-11-11 06:25:00'"}","{'"2024-11-10 06:00:00'",'"2024-11-10 17:00:00'",'"2024-11-11 16:20:00'"}",80.4878,200.0,19.5122,GA17119E,LDPE(HMI),"VACCUM ON 
11/11/2024-16:20 PRODUCTION CUT
11/09/24
B-TIME 0500
PELLLETIZER #5
SIEVER #3
CHANGE F.RATE 60/60/50/40/3
0
OVERFLOW 
ON FEEDER 
11/11/24 -05:50 HEAT UP",STANDARD,35,320,40/40,JESSIE,Julius Fundano,"{'"C19'": 0.41, '"L28'": 30.75, '"L37'": 30.75, '"O55'": 0.615, '"P26'": 66.625, '"P27'": 82.0, '"P28'": 137.35, '"Y98'": 35.875, '"K907'": 102.5, '"LL31'": 538.125}","{150,150,150,150,150,130,130}",160,"{178,310,337}",29.7297,93687,1025.0,{3523AL-3563AL},,,16,2025-02-12,2024-11-09 23:10:00,2024-11-10 17:00:00
1016,5,1000,994.7100,In House,15558,WA3827E,39988,15.27,"{'"2024-11-13 21:16:00'",'"2024-11-14 06:00:00'"}","{'"2024-11-14 05:00:00'",'"2024-11-14 13:32:00'"}",99.471,5.29,0.529,GA16706E,HDPE(HMI),"11/13/24 - 2ND SHIFT PALAGI PONG NAGPUPUTOL PUTOL

PELLETIZER 5
SIEVER 3",STANDARD,10,300,40/40,Edsel Mangarin,Julius Fundano,"{'"B81'": 0.5, '"L37'": 20.0, '"W33'": 150.0, '"B101'": 3.5, '"K907'": 416.0, '"LL48 POWDER'": 410.0}","{200,200,200,200,180,180,180,180,180,200,200}",28,"{505,489.71}",65.1415,93723,1000.0,{3642AL-3651AL},,,8,2025-02-13,2024-11-13 21:15:00,2024-11-14 05:00:00
1017,5,750,745.7100,"EVEREST PLASTIC CONTAINERS IND., INC.",0,MA4737E,39958,23.17,"{'"2024-11-16 21:10:00'",'"2024-11-17 06:00:00'",'"2024-11-17 06:00:00'"}","{'"2024-11-17 04:00:00'",'"2024-11-17 14:10:00'",'"2024-11-17 14:10:00'"}",99.428,4.29,0.572,00,LDPE(HMI),VACCUM ON,STANDARD,65,320,40/40,JESSIE,Julius Fundano,"{'"3523AL-3527AL'": 125.0, '"3528AL-3529AL'": 50.0, '"3532AL-3540AL'": 225.0, '"3542AL-3548AL'": 175.0, '"3549AL-3555AL'": 175.0}","{160,160,160,160,160,160,150,150,150,150,150}",0,"{340,385,20.71}",32.1843,93859,750.0,"{4250AL-4251AL,4252AL}",,,0,2025-02-13,2024-11-16 21:10:00,2024-11-17 04:00:00
1019,9,1400,1357.0000,"PACKAGEWORLD, INC.",15433,WA12282E,40075,13.55,"{'"2024-11-26 16:27:00'",'"2024-11-26 18:00:00'"}","{'"2024-11-26 18:00:00'",'"2024-11-27 06:00:00'"}",96.9286,43.0,3.0714,00,LDPE(HMI),"",STANDARD,25,380,60/60,Edsel Mangarin,Julius Fundano,"{'"AO8'": 1.4, '"AO9'": 1.4, '"LL36'": 350.0, '"LL38'": 669.2, '"LL66'": 336.0, '"WA15071E(5088AK)'": 12.0, '"WA17051E(5087AK)'": 30.0}","{160,160,160,160,150,150,150,150,150,160,160}",0,"{155,1202}",100.1476,94009,1400.0,"{4658AL-4659AL,4660AL}",,,0,2025-02-13,2024-11-26 16:27:00,2024-11-27 06:00:00
1021,3,25,26.2500,Incon Industrial Corporation,15813,VA17300E,40044,1.5,"{'"2024-11-29 07:45:00'",'"2024-11-29 07:45:00'"}","{'"2024-11-29 08:30:00'",'"2024-11-29 08:30:00'"}",87.5,3.75,12.5,TA16970E,PP,"F.RATE- 6.3
RPM-20/18
MALAKAS ANG OVER FLOW ON VACCUMNFORT

PELLETIZER 10
SIEVER 8",STANDARD,6.3,18,40/40,Arnel Rosario,Julius Fundano,"{'"L28'": 1.5, '"L37'": 1.5, '"V50'": 0.063, '"W35'": 0.75, '"B108'": 1.8, '"K907'": 13.887, '"PP14 POWDER'": 10.5}","{180,200,180,180,180,180,180}",105,"{14.3,11.95}",17.5,94079,30.0,{4997AL},,,10,2025-02-13,2024-11-29 07:45:00,2024-01-29 08:30:00
1022,3,669,680.7300,Everbright Net & Twine,0,IA1770E,39995,12.08,"{'"2024-11-27 20:15:00'",'"2024-11-28 17:00:00'",'"2024-11-28 18:00:00'"}","{'"2024-11-28 05:00:00'",'"2024-11-28 18:00:00'",'"2024-11-28 20:20:00'"}",98.8801,7.71,1.1199,KA8595E,LDPE(HMI),"VACCUM ON
11/28/24
1600 - HEAT UP",STANDARD,9,32,60/60,Joel Miras,Julius Fundano,"{'"L28'": 3.0979799999999997, '"L37'": 3.4422, '"LL6'": 40.480272, '"O60'": 39.24108, '"K907'": 17.004468, '"4635AL'": 16.25, '"4770AL'": 16.42, '"4626AL-4635AL'": 233.75, '"4636AL-4647AL'": 318.75}","{150,140,130,130,140,150,130}",125,"{496,57,127.73}",56.3518,94078,688.44,"{4879AL-4889AL,4890AL,4981AL-4995AL,4996AL}",,,8,2025-02-13,2024-11-27 20:15:00,2024-11-28 05:00:00
1023,3,250,249.9300,"PLEXCO PLASTIC PRODUCTS, INC.",15526,BA12615E,40092,4.5,"{'"2024-11-29 15:10:00'",'"2024-11-29 18:00:00'"}","{'"2024-11-29 18:00:00'",'"2024-11-29 19:40:00'"}",96.6698,8.61,3.3302,BA4756E,LDPE(HMI),"",STANDARD,8.69,38,40/40,Arnel Rosario,Julius Fundano,"{'"W8'": 5.0, '"B37'": 55.0, '"L28'": 12.5, '"L37'": 8.75, '"V50'": 1.0, '"B106'": 1.25, '"K907'": 79.00000000000001, '"LL31'": 87.5, '"1-1767AL'": 2.05, '"FG-0135AL'": 6.25, '"3-QCEXCESS'": 0.24}","{150,130,130,150,150,150,150}",85,"{160,89.93}",55.54,94093,258.54,"{5014AL-5017AL,5018AL,5019AL}",,,14,2025-02-14,2024-11-29 15:10:00,2024-11-29 19:40:00
1024,3,750,765.8000,EVERGOOD PLASTIC INDUSTRY INC.,15824,RA2508E,40104,14.08,"{'"2024-11-30 17:25:00'",'"2024-12-02 07:00:00'"}","{'"2024-11-30 21:00:00'",'"2024-12-02 17:30:00'"}",98.8384,9.0,1.1616,VA16720E,LDPE(HMI),"FEEDER OVERFLOW
VENT OVERFLOW
F.RATE CHANGE 9.0-8.5
RPM CHANGE 40-45",STANDARD,8.5,35,60/60,Joel Miras,Julius Fundano,"{'"L28'": 30.992, '"L37'": 34.6116, '"LL6'": 302.172, '"W33'": 12.27228, '"W35'": 2.1390000000000002, '"K907'": 309.70952, '"R103'": 9.085, '"R105'": 3.2199999999999998, '"R116'": 18.4744, '"R130'": 52.1242}","{150,150,140,140,140,150,150}",120,"{190,575.8}",54.3892,94140,774.8,"{4998AL-5009AL,5010AL,5011AL,5115AL-5116AL,5117AL}",,,9,2025-02-14,2024-11-30 17:25:00,2024-11-30 17:30:00
1025,5,875,882.6800,"EVEREST PLASTIC CONTAINERS IND., INC.",15760,DA5176E,39965,10.92,"{'"2024-11-13 08:20:00'",'"2024-11-13 18:00:00'"}","{'"2024-11-13 18:00:00'",'"2024-11-13 19:15:00'"}",99.7379,2.32,0.2621,WA3827E,LDPE(HMI),"PELLETIZER #5
SIEVER #3",STANDARD,20,380,40/40,NONOY,Julius Fundano,"{'"W8'": 212.4, '"C19'": 0.30974999999999997, '"I24'": 4.8675, '"L28'": 44.25, '"L37'": 44.25, '"Y98'": 7.08, '"K907'": 262.09274999999997, '"LL31'": 309.75}","{170,170,170,170,170,170,130,160,160,150,150}",120,"{774,108.68}",80.8315,93727,885.0,"{3655AL-3671AL,3672AL}",,,12,2025-02-14,2024-11-13 08:20:00,2024-11-13 19:15:00
1026,5,500,284.1100,"PHIL-TOP INDUSTRIES, INC.",15759,DA15568E,39968,3.67,"{'"2024-11-13 02:30:00'",'"2024-11-14 06:00:00'"}","{'"2024-11-13 05:00:00'",'"2024-11-14 07:10:00'"}",97.969,5.89,2.031,DA5176E,LDPE(HMI),"",STANDARD,20,380,40/40,Edsel Mangarin,Julius Fundano,"{'"C19'": 0.052199999999999996, '"L28'": 14.5, '"L37'": 14.5, '"LL6'": 101.5, '"O57'": 0.29, '"W33'": 40.6, '"Y98'": 0.377, '"K907'": 118.18079999999999}","{170,170,170,160,160,160,160,160,150,150,150}",70,"{195,89.11}",77.4142,93732,290.0,"{3714AL-3718AL,3719AL}",,,5,2025-02-14,2024-11-13 02:30:00,2024-11-14 07:00:00
1039,3,100,105.1800,CEBU HIQ MANUFACTURING CORPORATION,15787,GA13925E,40039,1.92,"{'"2024-11-26 20:35:00'"}","{'"2024-11-26 22:30:00'"}",95.7662,4.65,4.2338,VA4086E,LDPE(HMI),"PELLETIZER 10	
SIEVER 8",STANDARD,9.0,45,40/40,Joel Miras,Julius Fundano,"{'"G40'": 6.3, '"L28'": 5.25, '"L37'": 5.25, '"LL6'": 36.75, '"W33'": 1.05, '"Y98'": 1.05, '"K907'": 40.95, '"Y119'": 8.4, '"16-7778AJ'": 4.6, '"4-QCEXCESS'": 0.23}","{150,150,140,140,140,150,150}",116,{105.18},54.7813,93880,109.83,"{4372AL,4373AL,4374AL}",,,16,2025-02-15,2024-11-26 20:35:00,2024-11-22 22:30:00
1028,5,825,808.1000,Everbright Net & Twine,15582,IA1770E,39995,20.5,"{'"2024-11-15 21:30:00'",'"2024-11-16 06:00:00'",'"2024-11-16 18:00:00'"}","{'"2024-11-16 05:00:00'",'"2024-11-16 18:00:00'",'"2024-11-16 19:00:00'"}",97.8175,18.03,2.1825,MA4737E,LDPE(HMI),"VACCUM ON
0330- NAG SIMULA MAG OVERFLOW SA MAY VACCUM FORT
OUTPUT - 55-50
MC 5- 09:55 - PROD. STOP. UNDER MAINTENACE
CHANGE SETTING 
ZONE 10 FROM 150-130
ZONE 9 FROM 160-130
12:00 - RESUME
12:50 - AUTO ALARM

11/16/24
06:50- AUTO ALARM
07:30 - AUTO ALARM
08:00 - AUTO ALARM
09:55 - AUTO ALARM
OVER CURRENT
9:15 - AUTO ALARM 
09:25 - AUTO ALARM


",STANDARD,140,350,60/60,Edsel Mangarin,Julius Fundano,"{'"C19'": 3.24, '"L28'": 24.3, '"L37'": 28.35, '"LL6'": 434.15999999999997, '"O60'": 186.3, '"K907'": 133.65, '"FG-1009AL'": 11.05, '"FG-QCEXCESS'": 5.08}","{160,160,160,160,160,160,160,160,160,150,150}",120,"{420,350,38.1}",39.4195,93819,826.13,"{4021AL-4038AL,4039AL,3895AL-3908AL}",,,16,2025-02-15,2024-11-15 21:30:00,2024-11-16 05:00:00
1029,5,1000,1004.6800,"EVEREST PLASTIC CONTAINERS IND., INC.",15737,YA7418E,40008,12.33,"{'"2024-11-19 01:00:00'",'"2024-11-19 06:00:00'"}","{'"2024-11-19 06:00:00'",'"2024-11-19 13:20:00'"}",98.498,15.32,1.502,OA8984E,LDPE(HMI),"PELLETIZER 5
SIEVER 3",STANDARD,20,380,40/40,NONOY,Julius Fundano,"{'"L28'": 41.8, '"L37'": 41.8, '"LL6'": 292.6, '"W33'": 161.348, '"Y89'": 23.407999999999998, '"K907'": 274.3334, '"R103'": 0.7105999999999999, '"1026AI'": 4.0, '"1021AI-1025AI'": 180.0}","{170,170,170,170,170,160,160,160,160,160,160}",100,"{365,639.68}",81.4826,93828,1020.0,"{4059AL-4076AL,4077AL,4078AL,4079AL}",,,14,2025-02-15,2024-11-19 01:00:00,2024-11-19 06:00:00
1030,5,250,262.3700,EVERGOOD PLASTIC INDUSTRY INC.,15760,DA5176E,40032,3.25,"{'"2024-11-21 09:15:00'"}","{'"2024-11-21 12:30:00'"}",98.7467,3.33,1.2533,YA15776E,LDPE(HMI),"PELLETIZER 5
SIEVER 3",STANDARD,20,380,40/40,Edsel Mangarin,Julius Fundano,"{'"W8'": 61.2, '"C19'": 0.08925000000000001, '"I24'": 1.4025, '"L28'": 12.75, '"L37'": 12.75, '"Y98'": 2.04, '"K907'": 75.51825, '"LL31'": 89.25, '"FG-9896AK'": 9.3, '"2-QCEXCESS'": 1.4}","{170,170,170,170,170,170,160,160,160,150,150}",90,{262.37},80.7292,93864,265.7,"{4142AL-4145AL,4146AL,4147AL}",,,20,2025-02-15,2024-11-21 09:15:00,2024-11-21 12:30:00
1032,5,125,119.8600,In House,12727,GA2595E,40001,4.83,"{'"2024-11-15 12:00:00'"}","{'"2024-11-15 16:50:00'"}",95.888,5.14,4.112,IA17431E,PET,"VACCUM ON / COIL SCREW
11/15/24
BREAKTIME -0340-0440
DI PO MAITAKBO BUMABA ANG READING NG ZONE 10 -230-524 TO 723	
11/15/24
OKAY PELLET - 1120-1150
PELLETIZER 5",STANDARD,200,250,40/40,NONOY,Julius Fundano,"{'"B93'": 2.078125, '"Y121'": 0.534375, '"4084AK'": 6.25, '"LL60(POWDER)'": 116.1375}","{220,220,220,220,220,220,220,220,220,220,220}",410,{119.86},24.8157,93842,125.0,{4207AL-4211AL},,,17,2025-02-15,2024-11-15 12:00:00,2024-11-15 16:50:00
1033,5,125,131.5900,"EVEREST PLASTIC CONTAINERS IND., INC.",0,OA8984E,39962,1.75,"{'"2024-11-19 15:00:00'"}","{'"2024-11-19 16:45:00'"}",98.5176,1.98,1.4824,VA17300E,LDPE(HMI),"PEL 5
SIEVER 3",STANDARD,20,380,40/40,JESSIE,Julius Fundano,"{'"W35'": 0.532, '"R103'": 0.03591, '"3654AL'": 33.0, '"3652AL-3653AL'": 100.0}","{170,170,170,170,170,170,160,160,160,150,150}",95,{131.59},75.1943,93901,133.57,"{4466AL-4467AL,4468AL}",,,14,2025-02-15,2024-11-19 15:00:00,2024-11-19 16:45:00
1034,3,125,123.5800,GENSTAR MANUFACTURING CORP.,12516,RA7487E,40073,1.83,"{'"2024-11-23 08:25:00'"}","{'"2024-11-23 10:15:00'"}",96.9103,3.94,3.0897,RA12739E,LDPE(HMI),"",STANDARD,8.3,35,40/40,Joel Miras,Julius Fundano,"{'"L37'": 18.75, '"K907'": 53.75, '"LL12'": 43.75, '"R115'": 2.5, '"R117'": 6.25, '"39-7016AK'": 2.22, '"1-QCEXCESS'": 0.3}","{150,150,140,140,140,150,150}",83,{123.58},67.5301,93960,127.52,"{4558AL-4559AL,4560AL}",,,14,2025-02-15,2024-11-23 08:25:00,2024-11-23 10:15:00
1035,3,250,254.5700,"PHIL-TOP INDUSTRIES, INC.",15797,TA16970E,40051,3.87,"{'"2024-11-22 07:00:00'"}","{'"2024-11-22 10:52:00'"}",97.9115,5.43,2.0885,TA16972E,LDPE(HMI),"VACCUM 
OVERFLOW
CHANGE RPM 28-24
F.RATE 8.5
PMC #10
SMC #8",STANDARD,8.5,24,40/40,Joel Miras,Julius Fundano,"{'"C19'": 0.26, '"L28'": 13.0, '"L37'": 13.0, '"LL6'": 91.0, '"V50'": 0.13, '"W35'": 70.2, '"Y98'": 1.95, '"K907'": 70.46000000000001}","{150,150,140,140,140,150,150}",98,{254.57},65.7804,93948,260.0,"{4550AL-4553AL,4554AL,4555AL}",,,13,2025-02-15,2024-11-22 07:00:00,2024-11-22 10:52:00
1122,8,250,246.5300,"EVEREST PLASTIC CONTAINERS IND., INC.",15670,GA4952E,40114,4.58,"{'"2024-12-03 11:10:00'"}","{'"2024-12-03 15:45:00'"}",98.612,3.47,1.388,SA11780E,LDPE(HMI),"1025-1110
WAITING NO COMPOUNDED	

PELLETIZER #9
SIEVER#1

1300-1400
STANDBY FOR BREAKTIME",STANDARD,11,350,40/40,Aldrin Villacrusis,Julius Fundano,"{'"G40'": 14.2, '"L28'": 8.0, '"L37'": 8.0, '"LL6'": 70.0, '"W33'": 9.88, '"Y89'": 7.3, '"K907'": 82.62, '"9326AK'": 50.0}","{170,170,170,170,170,160,160,160,160,160,150,150}",945,{246.53},53.8275,94163,250.0,{5152AL-5156AL},,,9,2025-02-28,2024-12-03 11:10:00,2024-12-03 15:45:00
1036,3,375,372.2100,Una Internationale,15793,BA0830E,40049,5.0,"{'"2024-11-18 20:00:00'"}","{'"2024-11-19 01:00:00'"}",96.238,14.55,3.762,BA2091E,LDPE(HMI),"VACCUM ON 
2100 TO 2200
FOR B-TIME
( RELEIVER ARJIE)
PELLETIZER 10
SIEVER 8
4528-4541AL - 350
4484AL - 22.21",STANDARD,15,40,60/60,Arnel Rosario,Julius Fundano,"{'"L28'": 22.5, '"L37'": 22.5, '"LL6'": 205.8, '"V40'": 0.41250000000000003, '"V42'": 0.41250000000000003, '"B107'": 67.125, '"K907'": 56.25, '"36-2856O'": 2.19, '"36-4598P'": 0.77, '"41-3686O'": 2.19, '"41-BA0830E'": 2.87, '"31-QCEXCESS'": 2.67, '"38-QCEXCESS'": 1.07}","{150,130,130,140,140,150,150}",120,{372.21},74.442,93916,386.76,"{4528AL-4541AL,4484AL}",,,8,2025-02-15,2024-11-18 20:00:00,2024-11-19 01:00:00
1037,3,1375,1387.8000,In House,15780,BA2091E,39824,18.0,"{'"2024-11-19 03:00:00'",'"2024-11-19 06:00:00'",'"2024-11-19 18:00:00'",'"2024-11-19 18:00:00'"}","{'"2024-11-19 06:00:00'",'"2024-11-19 18:00:00'",'"2024-11-19 01:30:00'",'"2024-11-19 01:30:00'"}",99.1286,12.2,0.8714,BA7688E,LDPE(HMI),"11/19/24 - CHANGE S.RATE - 9.5/6.9
F.RATE- 28/20
ANG LAKAS NG APAW SA VACCUM FORT
*PELLETIZER 10
SIEVER 8	",STANDARD,8.3,28,60/60,Arnel Rosario,Julius Fundano,"{'"W8'": 23.8, '"L28'": 70.0, '"L37'": 49.0, '"LB2'": 210.0, '"LL6'": 652.96, '"B107'": 2.24, '"B108'": 182.0, '"K907'": 210.0}","{150,130,130,140,140,150,150}",90,"{150,750,450,37.8}",77.1,93930,1400.0,{4496AL-4523AL},,,8,2025-02-15,2024-11-19 03:00:00,2024-11-01 03:00:00
1038,3,250,252.3300,"PHIL-TOP INDUSTRIES, INC.",15579,TA16972E,40052,3.75,"{'"2024-11-22 12:30:00'"}","{'"2024-11-22 16:15:00'"}",98.057,5.0,1.943,RA2508E,LDPE(HMI),"PMC 10
SMC 8",STANDARD,8.7,32,40/40,Joel Miras,Julius Fundano,"{'"C19'": 0.95, '"L28'": 12.5, '"L37'": 12.5, '"W35'": 37.5, '"Y98'": 0.37499999999999994, '"B108'": 2.5, '"K907'": 96.17500000000001, '"LL12'": 87.5, '"FG-0964AL'": 7.33}","{150,140,140,130,130,140,150}",120,{252.33},67.288,93929,257.33,"{4490AL-4493AL,4494AL,4495AL}",,,14,2025-02-15,2024-11-22 12:30:00,2024-11-22 16:15:00
1323,3,12,10.5800,"BEVPACK, INC.",15798,WA11295E,40295,0.25,"{'"2025-01-24 07:30:00'"}","{'"2025-01-24 07:45:00'"}",88.1667,1.42,11.8333,WA15190E,LDPE(HMI),"PELL 10
SIEV 8",STANDARD,8.2,20,40/40,Arnel Rosario,Julius Fundano,"{'"LL6'": 10.8, '"SA5'": 1.2}","{150,130,130,150,150,150,150}",90,{10.58},42.32,94886,12.0,{7144AL},,,6,2025-03-29,2025-01-24 07:30:00,2025-01-24 07:45:00
1040,3,250,253.9000,CEBU HIQ MANUFACTURING CORPORATION,15666,BA6822E,40035,4.42,"{'"2024-11-21 14:00:00'",'"2024-11-21 18:00:00'"}","{'"2024-11-21 17:00:00'",'"2024-11-21 19:25:00'"}",96.8603,8.23,3.1397,VA4086E,LDPE(HMI),"VACCUM ON
VENT PORT 
OVERFLOW
PEL 10
SIEVER 8	
CHANGE 
RPM 28-20
F.RATE 8..-7.5",STANDARD,7.5,20,40/40,Arnel Rosario,Julius Fundano,"{'"W8'": 18.2, '"L28'": 13.0, '"L37'": 9.1, '"LL6'": 91.0, '"B101'": 15.079999999999998, '"B106'": 1.4300000000000002, '"K907'": 112.19, '"1985AL'": 2.13}","{150,140,130,130,130,150,150}",120,"{175,78.9}",57.4434,93872,262.13,"{4260AL-4263AL,4264AL,4265AL}",,,10,2025-02-15,2024-11-21 14:00:00,2024-11-21 17:00:00
1041,3,500,505.1000,SAN MIGUEL YAMAMURA PACKAGING CORPORATION,15694,BA15965E,40026,7.92,"{'"2024-11-18 06:45:00'"}","{'"2024-11-18 14:40:00'"}",98.0777,9.9,1.9223,BA5327E,HDPE(HMI),"PEL 10
SIEVER 8",STANDARD,10,32,40/40,Joel Miras,Julius Fundano,"{'"L28'": 25.75, '"L37'": 36.05, '"LL6'": 180.25, '"W33'": 7.725, '"B106'": 46.35, '"K907'": 214.24, '"R122'": 4.635}","{150,150,140,140,140,150,150}",120,{505.1},63.7753,93855,515.0,"{4231AL-4240AL,4241AL}",,,8,2025-02-15,2024-11-18 06:45:00,2024-11-18 14:40:00
1042,8,150,145.5600,"EVEREST PLASTIC CONTAINERS IND., INC.",0,GA4921E,39964,2.0,"{'"2024-11-17 15:30:00'",'"2024-11-18 07:00:00'"}","{'"2024-11-17 17:00:00'",'"2024-11-18 07:30:00'"}",96.7948,4.82,3.2052,00,LDPE(HMI),"PELLETIZER 9
SIEVER 1
11/17/2024- 1700/MC#8 1700 SHUT OFF
11/18/2024 - HEAT UP- 0555
",STANDARD,10,300,40/40,JERICK,Julius Fundano,"{'"G40'": 0.075, '"L28'": 0.3, '"3615AL-3617AL'": 150.0}","{180,180,180,180,170,170,160,160,160,160,180,180}",0,"{110,35.56}",72.78,93851,150.38,{4225AL-4227AL},,,0,2025-02-15,2024-11-17 15:30:00,2024-11-17 17:00:00
1043,3,500,510.4200,Incon Industrial Corporation,15725,BA4701E,40014,10.17,"{'"2024-11-15 01:10:00'",'"2024-11-15 06:00:00'"}","{'"2024-11-15 05:00:00'",'"2024-11-15 12:20:00'"}",98.1577,9.58,1.8423,BA9094E,PP,"PELL#11
SIEVER #8",STANDARD,7.5,28,40/40,Joel Miras,Julius Fundano,"{'"G22'": 0.0572, '"L28'": 15.6, '"L37'": 15.6, '"B107'": 2.496, '"PP11 POWDER'": 486.2468}","{180,200,180,180,180,180,180}",150,"{200,310.42}",50.1888,93821,520.0,"{4080AL-4099AL,4100AL}",,,10,2025-02-15,2024-11-15 01:10:00,2024-11-15 05:00:00
1044,3,300,254.7300,"PHIL-TOP INDUSTRIES, INC.",15499,BA14304E,39970,4.0,"{'"2024-11-13 01:00:00'",'"2024-11-13 06:00:00'"}","{'"2024-11-13 04:00:00'",'"2024-11-13 07:00:00'"}",97.9505,5.33,2.0495,BA7688E,LDPE(HMI),"MALUTONG ANG STRAND 
LAGING NAGPUPUTOL PUTOL PAG MABILIS ANG SPEED

CHANGE RPM 28-16
CHANGE F.RATE 9.5-7.5",STANDARD,9.5,16,40/40,Joel Miras,Julius Fundano,"{'"W8'": 55.44, '"L28'": 12.6, '"L37'": 14.112, '"B107'": 2.2176, '"K907'": 79.4304, '"LL31'": 88.2, '"24-6162AK'": 1.0, '"FG-8968AK'": 6.91, '"3-QCEXCESS'": 0.15}","{150,150,150,140,140,140,150}",60,"{190,64.73}",63.6825,93708,260.06,"{3603AL-3606AL,3607AL,3608AL}",,,7,2025-02-18,2024-11-13 06:00:00,2024-11-13 07:00:00
1045,3,625,620.3000,Una Internationale,15583,IA9154E,39709,7.5,"{'"2024-09-16 19:40:00'",'"2024-09-17 06:00:00'",'"2024-09-17 06:00:00'"}","{'"2024-09-16 18:00:00'",'"2024-09-17 10:35:00'",'"2024-09-17 10:35:00'"}",97.685,14.7,2.315,CA16070E,LDPE(HMI),"VACCUM ON 
OVERFLOW ON VACCUM 
OVERFLOW ON FEEDER
CHANGE F.RATE 8.3-16
CHANGE RPM 36-40

HINDI NA MABILISAN ANG PROD LAGI NAG OVERFLOW SA FEEDER ISA ISA LANG ANG BUHOS

CHANGE SETTING",STANDARD,15,40,60/60,Arnel Rosario,Julius Fundano,"{'"C19'": 0.8255, '"L28'": 31.75, '"L37'": 31.75, '"O56'": 161.925, '"K907'": 63.5, '"LL12'": 335.72450000000003, '"Y120'": 9.525}","{150,150,140,140,140,150,150}",185,"{407,193,20.3}",82.7067,92812,635.0,"{1042AL-1065AL,1066AL}",,,8,2025-02-18,2024-09-16 19:40:00,2024-09-16 18:00:00
1047,8,500,499.1300,EVERGOOD PLASTIC INDUSTRY INC.,15487,RA2508E,39957,8.67,"{'"2024-11-08 14:30:00'",'"2024-11-08 18:00:00'"}","{'"2024-11-08 18:00:00'",'"2024-11-08 23:10:00'"}",96.9184,15.87,3.0816,RA5277E,LDPE(HMI),"START BAGGING @ 1500	

CHANGE F.RATE -9.5/10.2
RPM- 420/430
OVERFLOW ON FEEDER		",STANDARD,10,420,60/60,Arnel Rosario,Julius Fundano,"{'"L28'": 20.6, '"L37'": 21.63, '"LL6'": 200.85, '"W33'": 9.579, '"K907'": 207.236, '"R116'": 14.42, '"R130'": 40.685}","{170,170,170,170,170,160,160,160,160,160,160,150}",170,"{165,334.13}",57.5698,93694,515.0,"{3578AL-3587AL,3588AL}",,,13,2025-02-18,2024-11-08 14:30:00,2024-11-08 23:10:00
1048,9,1500,1575.0000,"PACKAGEWORLD, INC.",15433,WA12282E,40050,15.78,"{'"2024-11-25 14:00:00'",'"2024-11-26 07:40:00'"}","{'"2024-11-25 21:00:00'",'"2024-11-26 16:27:00'"}",98.4375,25.0,1.5625,0,LDPE(HMI),"RUN LDPE- 15Kg for black spot
run 15Kg for black spot LDPE",STANDARD,25,380,60/60,Edsel Mangarin,Julius Fundano,"{'"AO8'": 1.6, '"AO9'": 1.6, '"LL36'": 400.0, '"LL38'": 764.8, '"LL66'": 384.0, '"WA15071E(5087AK)'": 45.0, '"WA15071E(5088AK)'": 3.0}","{160,160,160,160,150,150,150,150,150,160,160}",0,"{700,875}",99.8099,93937,1600.0,"{4401AL,4397AL-4399AL}",,,0,2025-02-18,2024-11-26 07:40:00,2024-11-26 16:27:00
1049,8,500,508.4000,EVERGOOD PLASTIC INDUSTRY INC.,15696,YA5993E,40094,7.17,"{'"2024-11-29 16:40:00'",'"2024-11-29 18:00:00'"}","{'"2024-11-29 18:00:00'",'"2024-11-29 23:50:00'"}",97.149,14.92,2.851,YA16192E,LDPE(HMI),"PELLOETIZER 9
SIEVER 1
2100- BUMABABA ANG TEMP. NG Z1 200° SETTING 82° READING

OVERFLOW ON FEEDER 
RPM 420
FEEDRATE 13-12",STANDARD,12,420,40/40,NONOY,Julius Fundano,"{'"L28'": 25.25, '"L37'": 25.25, '"O60'": 7.8275, '"W35'": 70.7, '"Y89'": 68.175, '"K907'": 131.0475, '"LL31'": 176.75, '"32-2337AL'": 4.23, '"FG-0250AL'": 7.45, '"FG-0975AL'": 6.64}","{170,170,170,170,170,160,160,160,160,160,170,170}",90,"{100,408.4}",70.9066,94096,523.32,"{5020AL-5028AL,5029AL,5030AL}",,,8,2025-02-18,2024-11-29 16:40:00,2024-11-29 23:50:00
1100,1,25,28.9000,I TUNG PLASTIC MOULD ENGINEERING COMPANY,15904,KA16155E,40224,1.17,"{'"2024-12-18 14:50:00'"}","{'"2024-12-18 16:00:00'"}",96.3333,1.1,3.6667,GA6246E,LDPE(HMI),"",STANDARD,80,380,40/40,Edsel Mangarin,Julius Fundano,"{'"L28'": 1.5, '"L37'": 1.5, '"V50'": 0.072, '"W33'": 2.4, '"K907'": 13.992, '"LL12'": 10.5, '"R115'": 0.036}","{120,140,150,150,150,150,150,150,140,140}",70,{28.9},24.7009,94466,30.0,{6041AL},,,9,2025-02-26,2024-12-18 14:50:00,2024-12-18 16:00:00
1101,1,25,25.0000,GILVAN PACKAGING CORPORATION,15893,YA8107E,40201,2.0,"{'"2024-12-17 14:50:00'",'"2024-12-17 14:50:00'"}","{'"2024-12-17 15:50:00'",'"2024-12-17 15:50:00'"}",100.0,0.0,0.0,YA15681E,LDPE(HMI),MABAGAL PO BUMABAGSAK ANG COMPOUNDED -12/17/2024,STANDARD,80,400,40/40,Edsel Mangarin,Julius Fundano,"{'"L28'": 1.25, '"L37'": 0.875, '"W33'": 0.75, '"K907'": 11.375, '"LL12'": 8.75, '"Y107'": 0.25, '"Y127'": 1.75}","{120,140,150,150,150,150,150,150,140,140}",70,"{23,2}",12.5,94416,25.0,{5878AL},,,11,2025-02-26,2024-12-17 14:50:00,2024-12-17 15:50:00
1050,9,200,207.0000,Incon Industrial Corporation,15709,WA11678E,40021,2.17,"{'"2024-11-15 10:00:00'"}","{'"2024-11-15 12:10:00'"}",98.5714,3.0,1.4286,WA2127E,LDPE(HMI),"0600 HEAT UP
0700-0900 UNDER MAINTENANCE

BUMABABA ANG TEMP NG Z6 SETTING 180°C READING  80°C

Z10 READING SERR

PELLETIZER  3
SIEVER 2",STANDARD,25,360,40/40,Aldrin Villacrusis,Julius Fundano,"{'"B81'": 0.0315, '"L28'": 6.3, '"L37'": 6.3, '"LL6'": 73.5, '"W33'": 86.1, '"K907'": 37.7685}","{170,170,170,160,160,160,150,150,150,160,160}",90,{207},95.3917,93835,210.0,"{4148AL,4149AL}",,,6,2025-02-18,2024-11-15 10:00:00,2024-11-15 12:10:00
1051,9,2000,2000.0000,"PACKAGEWORLD, INC.",15433,WA12282E,39999,20.0,"{'"2024-11-12 09:45:00'",'"2024-11-12 18:00:00'"}","{'"2024-11-12 18:00:00'",'"2024-11-13 05:45:00'"}",100.0,0.0,0.0,WA12282E,RUBBER,"11/12/24

15KLS LDPE RUN FOR BLACK SPOT

PELLETIZER 3
SIEVER 5",STANDARD,25,260,60/60,Aldrin Villacrusis,Julius Fundano,"{'"AO8'": 2.0, '"AO9'": 2.0, '"LL36'": 500.0, '"LL38'": 956.0, '"LL66'": 480.0, '"WA15071E(5087AK)'": 60.0}","{160,160,160,160,150,150,150,150,150,150,150}",120,"{825,1175}",100.0,93750,2000.0,{3787AL-3790AL},,,5,2025-02-19,2024-11-12 09:45:00,2024-11-13 05:45:00
1052,3,50,50.0000,In House,15781,VA4086E,39992,1.0,"{'"2024-11-17 14:00:00'"}","{'"2024-11-17 15:00:00'"}",100.0,0.0,0.0,BA15965E,LDPE(HMI),VACCUM ON,STANDARD,9.5,25,40/40,Joel Miras,Julius Fundano,"{'"W8'": 1.1, '"L37'": 2.5, '"LL6'": 19.2425, '"V50'": 2.1, '"B106'": 0.0575, '"FM27'": 5.0, '"K907'": 20.0}","{150,150,130,140,140,150,150}",100,{50},50.0,93844,50.0,{4212AL-4213AL},,,9,2025-02-19,2024-11-17 14:00:00,2024-11-17 15:00:00
1053,3,50,56.2800,"ZELLER PLASTIK PHILIPPINES, INC.",15494,BA9094E,40023,1.17,"{'"2024-11-15 14:50:00'"}","{'"2024-11-15 16:00:00'"}",96.7509,1.89,3.2491,GA2595E,PP,"PELLETIZER 9

CHANGE PELLETIZER 13:00-14:00
11-09",STANDARD,10,380,40/40,JESSIE,Julius Fundano,"{'"B89'": 0.16499999999999998, '"L28'": 2.75, '"L37'": 2.75, '"B107'": 0.0165, '"K907'": 11.0, '"25-0305AL'": 1.89, '"3-QCEXCESS'": 1.28, '"PP14 POWDER'": 38.3185}","{180,200,180,180,180,180,180}",90,{56.28},48.1026,93840,58.17,"{4205AL,4206AL}",,,12,2025-02-19,2024-11-15 14:50:00,2024-11-15 16:00:00
1054,8,125,128.4800,"AG CANPRINT, INC.",15818,YA13953E,40096,2.25,"{'"2024-11-29 13:00:00'"}","{'"2024-11-29 15:15:00'"}",119.6276,-21.08,-19.6276,YA5993E,LDPE(HMI),"11/29/24
MAY NABUHOS AKO IBANG KULAY LOT #5047",STANDARD,15,350,40/40,NONOY,Julius Fundano,"{'"C19'": 0.026250000000000002, '"L28'": 5.25, '"L37'": 3.675, '"LL6'": 36.75, '"W33'": 10.5, '"K907'": 29.898750000000003, '"Y127'": 18.9, '"32-3017AL'": 2.4}","{170,170,170,170,160,160,160,160,160,150,150,150}",161,{128.48},57.1022,94103,107.4,"{5037AL,5038AL,5039AL}",,,11,2025-02-19,2024-11-29 13:00:00,2024-11-29 15:15:00
1055,8,50,49.3500,"EVEREST PLASTIC CONTAINERS IND., INC.",0,YA7418E,40008,0.75,"{'"2024-11-27 15:50:00'"}","{'"2024-11-27 16:35:00'"}",98.7,0.65,1.3,GA1956E,LDPE(HMI),"PELL 9
SIEVER 1
RPM 180
F.RATE 10-8

ADD 10°C",STANDARD,8,180,40/40,Arjie Galgo,Julius Fundano,"{'"4059AL'": 50.0}","{180,180,180,180,170,170,170,170,170,170,160,160}",120,{49.35},65.8,94074,50.0,{4976AL},,,10,2025-02-19,2024-11-27 15:50:00,2024-11-27 16:35:00
1057,5,3100,3077.1000,GILVAN PACKAGING CORPORATION,15590,WA15123E,40087,34.0,"{'"2024-11-28 21:30:00'",'"2024-11-29 06:00:00'",'"2024-11-29 18:00:00'",'"2024-11-30 06:00:00'",'"2024-11-30 08:00:00'"}","{'"2024-11-29 05:00:00'",'"2024-11-29 18:00:00'",'"2024-11-30 05:00:00'",'"2024-11-30 08:00:00'",'"2024-11-30 09:30:00'"}",99.2613,22.9,0.7387,WA17031E,LDPE(HMI),ZONE 2 PROBLEM TEMP READING FROM : 170-101,STANDARD,10,380,60/60,Edsel Mangarin,Julius Fundano,"{'"AO8'": 3.1, '"AO9'": 3.1, '"B81'": 15.5, '"L37'": 62.0, '"LL6'": 1187.3, '"W33'": 1829.0}","{170,170,170,170,160,160,160,150,150,160,160}",90,"{710,1140,1045,155,27.1}",90.5029,94044,3100.0,{4739AL-4769AL},,,7,2025-02-19,2024-11-30 06:00:00,2024-11-30 09:30:00
1058,8,50,48.3300,"ZELLER PLASTIK PHILIPPINES, INC.",15783,GA4440E,40098,1.0,"{'"2024-11-28 03:40:00'"}","{'"2024-11-28 04:40:00'"}",96.66,1.67,3.34,GA4352E,PP,"PELLOETIZER #9
SIEVER 1
0500-0600
BREAKTIME

HINDI TUMATAAS ANG TEMP. NG Z7 SETTING 200° READING 12
130°",STANDARD,10,250,40/40,Aldrin Villacrusis,Julius Fundano,"{'"W8'": 0.025, '"G40'": 0.14, '"L37'": 2.5, '"Y118'": 1.5, '"PP14 POWDER'": 45.835}","{180,200,180,180,200,200,200,200,180,180,180,180}",20,{48.33},48.33,94100,50.0,{5035AL-5036AL},,,5,2025-02-19,2024-11-28 03:40:00,2024-11-28 04:40:00
1061,8,100,96.4600,Incon Industrial Corporation,0,KA8595E,40022,1.83,"{'"2024-11-23 00:30:00'"}","{'"2024-11-23 02:20:00'"}",98.9841,0.99,1.0159,00,PP,"",STANDARD,8,200,40/40,NONOY,Julius Fundano,"{'"W8'": 0.698025, '"L25'": 0.232675, '"K907'": 1.163375, '"R115'": 0.055842, '"PP14 POWDER'": 2.23368, '"4138AL-4140AL'": 72.0, '"4140AL-4141AL'": 21.07}",{},0,{96.46},52.7104,93998,97.45,"{4572AL-4574AL,4575AL}",,,0,2025-02-20,2024-11-23 00:30:00,2024-11-23 02:20:00
1063,9,6250,6221.0000,NMH PACKAGING PTE. LTD.,15552,WA15190E,40046,122.83,"{'"2024-11-19 09:40:00'",'"2024-11-19 18:00:00'",'"2024-11-20 06:00:00'",'"2024-11-20 18:00:00'",'"2024-11-21 06:00:00'",'"2024-11-21 18:00:00'",'"2024-11-22 06:00:00'",'"2024-11-22 09:10:00'"}","{'"2024-11-11 18:00:00'",'"2024-11-20 05:00:00'",'"2024-11-20 18:00:00'",'"2024-11-21 05:00:00'",'"2024-11-21 18:00:00'",'"2024-11-22 05:00:00'",'"2024-11-22 09:10:00'",'"2024-11-22 09:50:00'"}",98.746,79.0,1.254,WA13183E,LDPE(HMI),"PELLETIZER 3
SIEVER 2

HINDI BUMABAGSAK",STANDARD,12,350,60/60,ARJIE,Julius Fundano,"{'"W8'": 3780.0, '"AO8'": 6.3, '"AO9'": 6.3, '"L28'": 126.0, '"L37'": 126.0, '"PP8 POWDER'": 945.0, '"PP14 POWDER'": 1310.4}","{200,200,200,200,180,180,180,180,180,200,200}",90,"{750,990,1085,990,1085,990,285,46}",50.6472,93926,6300.0,{4403AL-4465AL},,,9,2025-02-20,2024-11-22 06:00:00,2024-11-22 09:50:00
1064,3,250,249.4900,"PHIL-TOP INDUSTRIES, INC.",0,TA16970E,40051,3.33,"{'"2024-11-29 10:15:00'"}","{'"2024-11-29 13:35:00'"}",98.7297,3.21,1.2703,BA12615E,LDPE(HMI),"PELLETIZER 10
SIEVER 8",STANDARD,9.8,28,40/40,Arnel Rosario,Julius Fundano,"{'"C19'": 0.012608, '"L28'": 0.50434, '"V50'": 0.010086, '"4713AL-4717AL'": 252.17}","{150,130,130,140,140,150,150}",95,{249.49},74.9219,94129,252.7,{5106AL-5110AL},,,9,2025-02-21,2024-11-29 10:15:00,2024-11-29 13:35:00
1065,8,250,260.6000,CEBU HIQ MANUFACTURING CORPORATION,15788,GA13527E,40037,19.33,"{'"2024-11-22 22:50:00'"}","{'"2024-11-22 03:30:00'"}",100.0,0.0,0.0,GA1956E,LDPE(HMI),"",STANDARD,12,300,40/40,NONOY,Julius Fundano,"{'"G40'": 1.6192, '"L28'": 12.65, '"L37'": 8.855, '"LL6'": 63.25, '"W33'": 22.77, '"Y98'": 6.325, '"K907'": 107.1708, '"LL39'": 25.3, '"Y107'": 5.0600000000000005, '"FG-4656AK'": 5.6, '"4-QCEXCESS'": 2.0}","{170,170,170,170,160,160,160,160,160,150,150,150}",1350,{260.6},13.4816,93883,260.6,"{4375AL-4378AL,4379AL,4380AL}",,,10,2025-02-21,2024-11-22 22:50:00,2024-11-22 03:30:00
1066,3,250,233.2700,EVERGOOD PLASTIC INDUSTRY INC.,15821,BA4756E,40095,4.5,"{'"2024-11-29 21:05:00'"}","{'"2024-11-30 01:35:00'"}",96.0275,9.65,3.9725,BA17296E,LDPE(HMI),"VENT PORT 
VACCUM OVERFLOW
CHANGE RPM 25-18
F.RATE 8.5-6.5",STANDARD,6.5,18,40/40,Joel Miras,Julius Fundano,"{'"L28'": 7.2, '"L37'": 7.2, '"LL6'": 84.0, '"V42'": 0.576, '"V49'": 0.576, '"W35'": 15.84, '"B106'": 5.76, '"B108'": 1.92, '"B110'": 1.35, '"K907'": 115.578, '"35-2361AL'": 2.71, '"3-QCEXCESS'": 0.21}","{150,140,130,130,130,140,150}",95,{233.27},51.8378,94108,242.92,"{5042AL-5044AL,5045AL,5046AL}",,,13,2025-02-21,2024-11-29 21:05:00,2024-11-30 01:35:00
1067,3,50,54.5900,EVERGOOD PLASTIC INDUSTRY INC.,15708,CA17279E,40074,1.17,"{'"2024-11-22 03:00:00'"}","{'"2024-11-22 04:10:00'"}",96.5682,1.94,3.4318,TA16970E,PP,"0500-0600
B-TIME",STANDARD,8,25,40/40,Arnel Rosario,Julius Fundano,"{'"C19'": 0.312, '"L28'": 2.6, '"L37'": 2.6, '"K907'": 5.2, '"2502AL'": 4.53, '"PP7 POWDER'": 41.288}","{180,200,180,180,180,180,180}",50,{54.59},46.6581,93958,56.53,"{4364AL,4365AL}",,,12,2025-02-21,2024-11-22 03:00:00,2024-11-22 04:10:00
1068,3,50,48.5700,"EVEREST PLASTIC CONTAINERS IND., INC.",15664,BA7688E,39966,0.83,"{'"2024-11-30 09:30:00'"}","{'"2024-11-30 10:20:00'"}",97.14,1.43,2.86,IA9912E,LDPE(HMI),VACCUM ON,STANDARD,8.3,25,40/40,Arnel Rosario,Julius Fundano,"{'"C19'": 0.17, '"L28'": 2.5, '"L37'": 2.5, '"LL6'": 17.5, '"V50'": 0.06, '"B106'": 3.5, '"K907'": 23.77}","{150,130,130,150,150,150,130}",120,{48.57},58.5181,94132,50.0,{4705AL},,,15,2025-02-21,2024-11-30 09:30:00,2024-11-30 10:20:00
1069,3,50,45.2700,"PHIL-TOP INDUSTRIES, INC.",15499,BA14304E,39970,0.5,"{'"2024-11-15 17:30:00'"}","{'"2024-11-15 18:00:00'"}",90.54,4.73,9.46,BA4140E,LDPE(HMI),"PELLETIZER 9
SIEVER 8",STANDARD,30,400,40/40,jessie,Julius Fundano,"{'"W8'": 11.0, '"L28'": 2.5, '"L37'": 2.8, '"B107'": 0.44, '"K907'": 15.76, '"LL31'": 17.5}","{150,150,150,150,150,130,130}",1410,{45.27},90.54,93845,50.0,{4101AL},,,13,2025-02-22,2024-11-15 17:30:00,2024-11-15 18:00:00
1070,5,250,246.9000,"EVEREST PLASTIC CONTAINERS IND., INC.",15767,GA16706E,39998,3.33,"{'"2024-11-14 14:40:00'"}","{'"2024-11-14 18:00:00'"}",98.76,3.1,1.24,GA17119E,LDPE(HMI),"PELLETIZER 5
SIEVER 3",STANDARD,20,380,40/40,NONOY,Julius Fundano,"{'"C19'": 0.0625, '"G40'": 0.125, '"L28'": 12.5, '"L37'": 12.5, '"LL6'": 87.5, '"W33'": 33.75, '"K907'": 102.9375, '"Y107'": 0.625}","{170,170,170,170,170,170,160,160,160,160,160}",100,{246.9},74.1441,93788,250.0,{3972AL-3976AL},,,5,2025-02-22,2024-11-14 14:40:00,2024-11-14 18:00:00
1071,8,147,146.1600,"GLOBAL KONTEINER MANUFACTURING, INC.",0,GA8074E,40072,2.17,"{'"2024-11-29 09:00:00'"}","{'"2024-11-29 11:10:00'"}",99.0512,1.4,0.9488,YA13953E,LDPE(HMI),"",STANDARD,12,300,40/40,NONOY,Julius Fundano,"{'"W8'": 0.5, '"G40'": 0.22, '"L28'": 2.98048, '"L37'": 2.98048, '"LL6'": 13.346, '"K907'": 16.6552, '"Y117'": 0.57384, '"4712AL'": 20.3, '"4710AL-4712AL'": 90.0}","{170,170,170,170,160,160,160,160,150,150,150,150}",110,{146.16},67.3548,94138,147.56,"{5111AL,5112AL-5113AL,5114AL}",,,11,2025-02-22,2024-11-29 09:00:00,2024-11-29 11:10:00
1072,3,100,98.8500,Incon Industrial Corporation,15800,KA8595E,40022,2.0,"{'"2024-11-29 00:15:00'"}","{'"2024-11-29 02:15:00'"}",94.1429,6.15,5.8571,KA9077E,PP,NO OVERSIZE ,STANDARD,8.3,28,40/40,Joel Miras,Julius Fundano,"{'"W8'": 15.75, '"FP4'": 0.8925, '"L25'": 5.25, '"FM11'": 5.25, '"K907'": 26.25, '"R115'": 0.21, '"PP14 POWDER'": 51.3975}","{180,200,180,180,180,180,180}",80,{98.85},49.425,94076,105.0,"{4977AL-4979AL,4980AL}",,,18,2025-02-22,2024-11-29 00:15:00,2024-11-29 02:15:00
1073,1,25,25.0000,EASTERN INTERNATIONAL PLASTIC PACKAGING CORPORATION,15778,GA8074E,40002,1.08,"{'"2024-11-13 16:45:00'"}","{'"2024-11-13 17:50:00'"}",100.0,0.0,0.0,GA4921E,LDPE(HMI),"PELLETIZER 8
SIEVER 7",STANDARD,100,350,40/40,Aldrin Villacrusis,Julius Fundano,"{'"W8'": 0.5, '"G40'": 0.245, '"L28'": 2.0, '"L37'": 2.0, '"LL6'": 8.75, '"K907'": 11.115, '"Y117'": 0.39}","{150,140,150,150,150,150,150,150,150,150,150}",70,{25},23.1481,93801,25.0,{3977AL},,,3,2025-02-22,2024-11-13 16:45:00,2024-11-13 17:50:00
1074,5,400,408.1400,CDC MANUFACTURING CORP.,15731,DA15377E,39923,5.25,"{'"2024-11-09 02:15:00'",'"2024-11-09 06:00:00'"}","{'"2024-11-09 05:00:00'",'"2024-11-09 08:30:00'"}",98.347,6.86,1.653,YA59147E,LDPE(HMI),"11/08/2024
MC#5
PELLETIZER 5
SIEVER 3
B-TIME 0500-0600",STANDARD,20,380,40/40,NONOY,Julius Fundano,"{'"C19'": 0.166, '"L28'": 20.75, '"L37'": 14.525, '"LL6'": 145.25, '"V50'": 0.166, '"W33'": 74.7, '"Y98'": 1.079, '"K907'": 158.36399999999998}","{170,170,170,170,170,170,160,160,160,150,150}",120,"{214,194.14}",77.741,93737,415.0,"{3727AL-3734AL,3735AL}",,,14,2025-02-22,2024-11-09 06:00:00,2024-11-09 08:30:00
1076,3,15,15.0000,"EVEREST PLASTIC CONTAINERS IND., INC.",15754,BA5327E,39960,0.5,"{'"2024-11-18 16:40:00'"}","{'"2024-11-18 17:10:00'"}",100.0,0.0,0.0,0,LDPE(HMI),"PELLETIZER 10
SIEVER 8",STANDARD,6.5,40,40/40,Joel Miras,Julius Fundano,"{'"W8'": 0.225, '"L28'": 0.75, '"L37'": 0.75, '"V50'": 0.051, '"B106'": 0.045, '"B108'": 2.4, '"K907'": 5.529, '"LL31'": 5.25}","{170,170,160,160,160,150,150}",0,{15},30.0,93923,15.0,{4489AL},,,0,2025-02-22,2024-11-18 16:40:00,2024-11-18 17:10:00
1077,3,80,62.1600,"EVEREST PLASTIC CONTAINERS IND., INC.",0,BA5327E,39960,1.17,"{'"2024-11-18 17:10:00'",'"2024-11-18 18:00:00'"}","{'"2024-11-18 18:00:00'",'"2024-11-18 18:20:00'"}",92.5275,5.02,7.4725,BA0830E,LDPE(HMI),"PEL 10
SIEVER 8",STANDARD,7.6,40,40/40,Arnel Rosario,Julius Fundano,"{'"W8'": 0.048, '"L28'": 0.16, '"L37'": 0.16, '"B108'": 0.512, '"K907'": 1.1795200000000001, '"LL31'": 1.12, '"3637AL'": 50.0, '"3638AL'": 14.0}","{170,130,130,140,150,150,130}",100,"{40,22.16}",53.1282,93888,67.18,"{4386AL,4387AL}",,,8,2025-02-22,2024-11-18 17:10:00,2024-11-18 18:20:00
1078,3,200,195.2800,In House,0,VA4086E,39991,3.67,"{'"2024-11-27 03:40:00'",'"2024-11-27 06:00:00'"}","{'"2024-11-27 04:00:00'",'"2024-11-27 09:20:00'"}",97.64,4.72,2.36,VA16720E,LDPE(HMI),"VACCUM ON
LESS 5°C

11/27/24
F.RATE -9.5/8.36
RPM 25/18
PLAT ANG PELLETS PAG MABILIS",STANDARD,9.5,18,40/40,Arnel Rosario,Julius Fundano,"{'"W8'": 1.375, '"L25'": 3.125, '"LL6'": 26.975, '"V50'": 2.775, '"FM27'": 6.25, '"K907'": 25.0, '"4608AL'": 62.5, '"4367AL(1-3)'": 72.0}","{145,145,125,135,135,145,145}",145,"{15,180.28}",53.2098,94037,200.0,"{4700AL-4704AL,4707AL-4709AL}",,,9,2025-02-22,2024-11-27 03:40:00,2024-11-27 04:00:00
1079,3,150,146.3900,EVERGOOD PLASTIC INDUSTRY INC.,15817,IA9912E,40093,2.42,"{'"2024-11-30 12:20:00'",'"2024-11-30 13:00:00'"}","{'"2024-11-30 13:00:00'",'"2024-11-30 14:45:00'"}",92.9815,11.05,7.0185,RA2508E,LDPE(HMI),"PELLETIZER 10
SIEVER 8",STANDARD,8.3,35,40/40,Arnel Rosario,Julius Fundano,"{'"C19'": 1.35, '"L28'": 7.5, '"L37'": 7.5, '"LL6'": 52.5, '"K907'": 74.1, '"R129'": 3.3, '"Y127'": 3.75, '"FG-4880AK'": 7.02, '"2-QCEXCESS'": 0.42}","{150,130,130,150,150,150,150}",115,"{40,106.39}",60.4917,94099,157.44,"{5031AL-5032AL,5033AL,5034AL}",,,16,2025-02-22,2024-11-30 12:20:00,2024-11-30 14:45:00
1080,3,2000,2000.0000,"EVEREST PLASTIC CONTAINERS IND., INC.",15664,BA7688E,40009,32.17,"{'"2024-11-13 08:30:00'",'"2024-11-13 18:00:00'",'"2024-11-14 06:00:00'"}","{'"2024-11-13 18:00:00'",'"2024-11-14 05:00:00'",'"2024-11-14 17:40:00'"}",99.5025,10.0,0.4975,BA2091E,LDPE(HMI),"VACCUM ON

PELLETIZER 11
SIEVER 8

CHANGE F.RATE 7.2
RPM 45
OVERFLOW ON FEEDER 
VENT FORT",STANDARD,7.2,45,40/40,Joel Miras,Julius Fundano,"{'"C19'": 6.834, '"L28'": 100.5, '"L37'": 100.5, '"LL6'": 703.5, '"V50'": 2.4119999999999995, '"B106'": 140.7, '"K907'": 955.554}","{150,110,110,150,150,150,150}",130,"{539,715,746}",62.1697,93804,2010.0,"{3978AL-4016AL,4017AL,4018AL}",,,6,2025-02-22,2024-11-13 08:30:00,2024-11-14 05:00:00
1084,8,300,298.0000,SAN MIGUEL YAMAMURA PACKAGING CORPORATION,15770,RA9825E,39990,3.58,"{'"2024-11-14 10:15:00'"}","{'"2024-11-14 13:50:00'"}",99.3333,2.0,0.6667,0,LDPE(HMI),"",STANDARD,20,380,40/40,Arnel Rosario,Julius Fundano,"{'"I24'": 9.3, '"L28'": 15.0, '"L37'": 15.0, '"LL6'": 105.0, '"R70'": 3.6, '"R73'": 3.6, '"K907'": 138.0, '"R115'": 10.5}","{170,170,170,170,170,170,160,160,160,160,150,150}",0,{298},83.2402,93779,300.0,{3909AL-3914AL},,,0,2025-02-24,2024-11-04 10:15:00,2024-11-14 13:50:00
1085,8,300,292.0000,SAN MIGUEL YAMAMURA PACKAGING CORPORATION,15771,RA9825E,39990,4.17,"{'"2024-11-14 13:50:00'"}","{'"2024-11-14 18:00:00'"}",97.3333,8.0,2.6667,0,LDPE(HMI),"11/14/24
14:30-1500 PRODUCTION STOP

PINALITAN ANG WATER FILTER",STANDARD,20,380,40/40,Arnel Rosario,Julius Fundano,"{'"I24'": 12.3, '"L28'": 15.0, '"L37'": 15.0, '"LL6'": 105.0, '"R74'": 3.6, '"K907'": 138.0, '"R115'": 11.1}","{170,170,170,170,170,160,160,160,160,160,150,150}",0,{292},70.024,93780,300.0,{3915AL-3920AL},,,0,2025-02-24,2024-11-14 13:50:00,2024-11-14 18:00:00
1102,5,150,146.7200,"PACKAGEWORLD, INC.",15230,WA15071E,40139,6.25,"{'"2024-12-12 10:45:00'"}","{'"2024-12-12 17:00:00'"}",97.8133,3.28,2.1867,WA15123E,LDPE(HMI),SHUT OFF MC#5,STANDARD,13,300,40/40,NONOY,Julius Fundano,"{'"W8'": 15.0, '"AO8'": 0.15, '"AO9'": 0.15, '"LL38'": 134.7}","{170,170,170,170,160,160,160,150,150,160,160}",120,{146.72},23.4752,94341,150.0,{5684AL-5685AL},,,3,2025-02-26,2024-12-12 10:45:00,2024-12-12 17:00:00
1103,5,50,50.0000,NMH PACKAGING PTE. LTD.,15837,WA15190E,40119,0.75,"{'"2024-12-09 12:35:00'"}","{'"2024-12-09 13:20:00'"}",100.0,0.0,0.0,0,PP,"",STANDARD,10,400,60/60,NONOY,Julius Fundano,"{'"W8'": 30.0, '"AO8'": 0.05, '"AO9'": 0.05, '"L28'": 1.0, '"L37'": 1.0, '"PP14 POWDER'": 10.4, '"PP15 POWDER'": 7.5}","{200,200,200,180,180,180,180,180,180,200,200}",0,{50},66.6667,94200,50.0,{5269AL},,,0,2025-02-26,2024-12-09 12:35:00,2024-12-09 13:20:00
1104,8,300,209.7700,SAN MIGUEL YAMAMURA PACKAGING CORPORATION,12574,TA11781E,40122,3.33,"{'"2024-12-04 01:10:00'"}","{'"2024-12-04 04:30:00'"}",99.8429,0.33,0.1571,ta16972e,LDPE(HMI),"0500-0600
PEL#9
SIEVER#1",STANDARD,8,300,40/40,Arjie Galgo,Julius Fundano,"{'"C19'": 4.0, '"L28'": 10.0, '"L37'": 10.0, '"P39'": 10.0, '"T22'": 12.0, '"K907'": 83.5, '"LL12'": 70.0, '"R119'": 0.5, '"FG-7410AK'": 9.98, '"1-QCEXCESS'": 0.12}","{170,170,170,170,170,170,160,160,160,160,150,150}",30,{209.77},62.994,94176,210.1,"{5238AL-5240AL,5241AL,5242AL}",,,9,2025-02-26,2024-12-04 01:10:00,2024-12-04 04:30:00
1105,1,6,5.5100,EVERGOOD PLASTIC INDUSTRY INC.,15817,IA9912E,40093,0.25,"{'"2024-12-04 20:30:00'"}","{'"2024-12-04 20:45:00'"}",91.8333,0.49,8.1667,VA17300E,LDPE(HMI),"P-MC#8
S-MC#7",STANDARD,80,400,40/40,NONOY,Julius Fundano,"{'"C19'": 0.054, '"L28'": 0.3, '"L37'": 0.3, '"LL6'": 2.1, '"K907'": 2.964, '"R129'": 0.132, '"Y127'": 0.15}","{120,140,150,150,150,150,150,150,150,140,140}",90,{5.51},22.04,94223,6.0,{5263AL},,,8,2025-02-26,2024-12-04 20:30:00,2024-12-04 20:45:00
1106,1,50,55.2400,EVERGOOD PLASTIC INDUSTRY INC.,12764,VA3291E,40176,1.7,"{'"2024-12-13 10:30:00'"}","{'"2024-12-13 12:12:00'"}",98.6429,0.76,1.3571,VA4869E,LDPE(HMI),"STAND BY
B-TIME 1300-1400",STANDARD,80,400,40/40,NONOY,Julius Fundano,"{'"B38'": 1.4, '"L28'": 1.6800000000000002, '"L37'": 1.6800000000000002, '"V50'": 1.568, '"W33'": 5.32, '"K907'": 24.752000000000002, '"LL31'": 19.6}","{120,140,150,150,150,150,150,150,150,140,140}",48,{55.24},32.4941,94334,56.0,"{5646AL,5647AL}",,,8,2025-02-26,2024-12-13 10:30:00,2024-12-13 12:12:00
1108,8,1000,973.0800,Amazon Mfg. Corp.,15802,GA1956E,40068,14.33,"{'"2024-12-02 21:45:00'",'"2024-12-03 06:00:00'"}","{'"2024-12-02 05:00:00'",'"2024-12-03 08:25:00'"}",56.2936,755.5,43.7064,GA4952E,LDPE(HMI),"PELLETIZER 9
SIEVER 1

725 KG PARTIAL",STANDARD,14,380,40/40,Aldrin Villacrusis,Julius Fundano,"{'"G40'": 53.664, '"L28'": 86.0, '"L37'": 86.0, '"LL6'": 584.8, '"W35'": 33.54, '"Y89'": 129.0, '"B107'": 21.5, '"K907'": 467.496, '"LL52'": 86.0, '"Y124'": 172.0, '"36-4540AI'": 4.5, '"4-QCEXCESS'": 4.08}","{170,170,170,170,170,170,160,160,160,160,150,150}",120,"{727,246.08}",67.9051,94073,1728.58,"{4941AL-4974AL,4975AL}",,,11,2025-02-27,2024-12-02 21:45:00,2024-12-03 08:25:00
1121,8,250,250.0000,"EVEREST PLASTIC CONTAINERS IND., INC.",15890,GA3383E,40233,3.0,"{'"2024-12-20 17:00:00'"}","{'"2024-12-20 20:00:00'"}",100.0,0.0,0.0,0,LDPE(HMI),VACCUM ON,STANDARD,15,350,40/40,Arjie Galgo,Julius Fundano,"{'"W8'": 73.75, '"G40'": 0.5, '"L28'": 12.5, '"L37'": 12.5, '"K907'": 58.5, '"LL31'": 87.5, '"Y119'": 4.75}","{170,170,170,170,160,160,160,160,160,150,150,150}",0,{250},83.3333,94507,250.0,{6169AL-6173AL},,,0,2025-02-28,2024-12-20 17:00:00,2024-12-20 20:00:00
1089,8,2250,543.0000,"EVEREST PLASTIC CONTAINERS IND., INC.",0,YA16164E,40113,8.0,"{'"2024-12-02 12:00:00'",'"2024-12-02 18:00:00'"}","{'"2024-12-02 18:00:00'",'"2024-12-02 20:00:00'"}",97.0961,16.24,2.9039,GA1956E,LDPE(HMI),"NO OVERSIZE

PMC#9
SMC#1",STANDARD,12,300,40/40,Arjie Galgo,Julius Fundano,"{'"L28'": 16.633740000000003, '"L37'": 38.81206, '"W33'": 166.392, '"K907'": 132.071932, '"LL31'": 194.024992, '"Y107'": 1.326768, '"Y127'": 5.196508000000001, '"1347AL'": 2.78, '"1590AJ'": 2.0}","{170,170,170,170,160,160,160,160,160,150,150,150}",105,"{410,133}",67.875,94162,559.24,"{5218AL-5227AL,5228AL,5229AL}",,,8,2025-02-25,2024-12-02 12:00:00,2024-12-02 20:00:00
1090,1,350,258.1000,EVERGOOD PLASTIC INDUSTRY INC.,15724,VA4869E,40196,13.3,"{'"2024-12-13 14:18:00'",'"2024-12-13 18:00:00'"}","{'"2024-12-13 18:00:00'",'"2024-12-13 01:00:00'"}",98.6131,3.63,1.3869,MA11346E,LDPE(HMI),	,STANDARD,80,400,40/40,Edsel Mangarin,Julius Fundano,"{'"W8'": 34.695, '"L28'": 12.85, '"L37'": 12.85, '"LL6'": 89.95, '"V50'": 1.028, '"B101'": 0.38549999999999995, '"K907'": 104.95880000000001, '"R119'": 0.2827, '"2-2840AL'": 4.73}","{120,140,150,150,150,150,150,150,140,140}",80,"{100,158.1}",19.406,94389,261.73,"{5803AL-5806AL,5807AL,5808AL}",,,9,2025-02-26,2024-12-13 14:18:00,2024-12-13 01:00:00
1091,3,250,245.5000,GENSTAR MANUFACTURING CORP.,15885,GA12411E,40193,9.67,"{'"2024-12-16 09:50:00'",'"2024-12-16 09:50:00'"}","{'"2024-12-16 14:40:00'",'"2024-12-16 14:40:00'"}",98.2,4.5,1.8,GA17119E,PP,"P MC#10
S MC#8

DI BUMABAGSAK ANG COMPOUNDED NAG OOVERFLOW SA VACCUM FORT",STANDARD,30,40,40/40,Edsel Mangarin,Julius Fundano,"{'"C19'": 0.8, '"G40'": 15.0, '"L28'": 12.5, '"L37'": 8.75, '"B107'": 10.0, '"K907'": 81.2, '"Y127'": 21.75, '"PP14 POWDER'": 100.0}","{180,200,180,180,180,180,180}",90,"{225,20.5}",25.3878,94382,250.0,{5780AL-5789AL},,,10,2025-02-26,2024-12-16 09:50:00,2024-12-16 14:40:00
1092,1,125,129.9500,GENSTAR MANUFACTURING CORP.,15902,YA16074E,40217,6.0,"{'"2024-12-18 07:00:00'"}","{'"2024-12-18 13:00:00'"}",98.447,2.05,1.553,KA16155E,LDPE(HMI),"P-MC#8
S-MC#7

12/18/2024-0700
MABAGAL BUMABAGSAK ANG COMPOUNDED SA MAY FEEDER",STANDARD,80,400,40/40,Edsel Mangarin,Julius Fundano,"{'"L28'": 6.6, '"L37'": 6.6, '"W33'": 9.24, '"K907'": 56.76, '"LL12'": 46.2, '"Y107'": 4.62, '"Y117'": 1.98}","{120,140,150,150,150,150,150,150,140,140}",110,{129.95},21.6583,94435,132.0,"{6008AL-6009AL,6010AL}",,,13,2025-02-26,2024-12-18 07:00:00,2024-12-18 13:00:00
1093,1,50.4,58.6000,GILVAN PACKAGING CORPORATION,0,YA8107E,40201,4.42,"{'"2024-12-17 10:25:00'"}","{'"2024-12-17 14:50:00'"}",116.2698,-8.2,-16.2698,YA15681E,LDPE(HMI),"P-MC#8
S-MC#7

HINDI NA RUN DAHIL MATAAS PA RIN ANG REACH TEMP. Z5-Z9

12/17/2024
1200-1300 BREAKTIME",STANDARD,80,400,40/40,Edsel Mangarin,Julius Fundano,"{'"L28'": 0.12, '"L37'": 0.0864, '"K907'": 1.0944, '"LL12'": 1.0752, '"Y107'": 0.024, '"1064AJ.1394AJ'": 48.0}","{120,140,150,150,150,150,150,150,140,140}",130,{58.6},13.2579,94445,50.4,{5877AL},,,15,2025-02-26,2024-12-17 10:25:00,2024-12-17 14:50:00
1094,8,125,130.2300,PLASTIMER INDUSTRIAL CORP.,15867,GA6246E,40173,2.58,"{'"2024-12-09 12:45:00'"}","{'"2024-12-09 15:20:00'"}",97.2374,3.7,2.7626,YA13953E,PP,"PELLETIZER #9
SIEVER #1",STANDARD,8,250,40/40,Arnel Rosario,Julius Fundano,"{'"W8'": 6.5, '"B89'": 1.18, '"C19'": 0.078, '"G40'": 5.07, '"L28'": 6.5, '"L37'": 6.5, '"B106'": 0.354, '"K907'": 13.0, '"Y127'": 18.2, '"31-2865AL'": 3.67, '"4-QCEXCESS'": 0.26, '"PP14 POWDER'": 72.618}","{180,200,180,180,180,180,180,180,180,180,180,180}",120,{130.23},50.4767,94304,133.93,"{5590AL-5593AL,5594AL}",,,8,2025-02-26,2024-12-09 12:45:00,2024-12-09 15:20:00
1095,3,500,500.0000,GREENPACK PLASTIC MANUFACTURING CORPORATION,15829,VA16720E,40081,6.5,"{'"2024-12-02 19:30:00'"}","{'"2024-12-03 02:00:00'"}",99.0099,5.0,0.9901,0,LDPE(HMI),"LATE FORM AM RECIEVE

PMC#11
SMC#8",STANDARD,8.3,30,40/40,Arnel Rosario,Julius Fundano,"{'"L28'": 25.25, '"L37'": 25.25, '"LL6'": 176.75, '"V50'": 14.14, '"W33'": 45.45, '"B110'": 9.9475, '"K907'": 208.2125}","{150,150,150,150,150,130,130}",0,{500},76.9231,94152,505.0,"{5121AL-5124AL,5125AL-5129AL,5130AL}",,,0,2025-02-26,2024-12-02 19:30:00,2024-12-03 02:00:00
1096,3,102.14,97.4000,REIMAGINE PACKAGING CORPORATION,0,GA13854E,40185,1.4,"{'"2024-12-07 15:00:00'"}","{'"2024-12-07 16:24:00'"}",95.35,4.75,4.65,BA12861E,LDPE(HMI),"",STANDARD,8.3,38,40/40,Joel Miras,Julius Fundano,"{'"G40'": 0.459675, '"L28'": 0.51075, '"L37'": 0.51075, '"LL6'": 3.57525, '"K907'": 5.158575, '"5721AL-5722AL'": 91.93}","{150,150,150,140,140,130,130}",116,{97.4},69.5714,94468,102.15,{6043AL-6044AL},,,17,2025-02-26,2024-12-07 15:00:00,2024-12-07 16:24:00
1097,3,150,147.7700,SAN MIGUEL YAMAMURA PACKAGING CORPORATION,15473,RA12739E,40045,2.17,"{'"2024-12-04 18:00:00'"}","{'"2024-12-04 20:10:00'"}",98.5133,2.23,1.4867,RA7886E,LDPE(HMI),"PELLETIZER 10
SIEVER 8",STANDARD,25,25,40/40,Arnel Rosario,Julius Fundano,"{'"L28'": 3.0, '"L37'": 12.0, '"LL6'": 30.0, '"V50'": 0.75, '"K907'": 72.45, '"LL52'": 22.5, '"R122'": 3.3, '"R129'": 6.0}","{150,130,130,150,150,150,150}",90,{147.77},68.0968,94206,150.0,{5339AL-5341AL},,,8,2025-02-26,2024-12-04 18:00:00,2024-12-04 20:10:00
1098,1,50,54.4300,GILVAN PACKAGING CORPORATION,15892,OA7922E,40200,3.58,"{'"2024-12-14 11:10:00'"}","{'"2024-12-14 14:45:00'"}",98.4268,0.87,1.5732,YA8107E,HDPE(HMI),"STANDBY FOR B-TIME 1500-1600

KUNTI LANG BUMABAGSAK SAGAD NA ANG SPEED HINDI NA BAGSAK COMPOUNDED",STANDARD,100,400,40/40,Arjie Galgo,Julius Fundano,"{'"L28'": 2.5, '"L37'": 1.75, '"O55'": 3.6, '"W33'": 1.02, '"K907'": 21.13, '"Y127'": 2.5, '"33-1716AL'": 3.9, '"33-2587AL'": 1.4, '"LL48 POWDER'": 17.5}","{180,180,140,180,140,130,130,135,160,160}",15,{54.43},15.2039,94411,55.3,{5876AL},,,12,2025-02-26,2024-12-14 11:10:00,2024-12-14 14:45:00
1099,1,50,382.0000,PLASTIMER INDUSTRIAL CORP.,15900,GA6246E,40220,5.58,"{'"2024-12-18 17:10:00'",'"2024-12-19 12:05:00'"}","{'"2024-12-18 10:00:00'",'"2024-12-19 13:40:00'"}",694.5455,-327.0,-594.5455,GA17456E,PP,	,STANDARD,80,380,40/40,Edsel Mangarin,Julius Fundano,"{'"W8'": 2.75, '"C19'": 0.038500000000000006, '"G40'": 2.2, '"L28'": 2.75, '"L37'": 2.75, '"B106'": 0.7095, '"K907'": 5.5, '"Y127'": 7.7, '"PP14 POWDER'": 30.602}","{180,200,180,180,180,180,180,180,180,180}",85,"{15,367}",68.4588,94437,55.0,"{6011AL,6012AL}",,,15,2025-02-26,2024-12-18 17:10:00,2024-12-19 13:40:00
1109,8,140.44,137.1300,"EVEREST PLASTIC CONTAINERS IND., INC.",15517,GA3383E,40233,1.58,"{'"2024-12-20 20:00:00'",'"2024-12-21 07:00:00'"}","{'"2024-12-20 21:00:00'",'"2024-12-21 07:35:00'"}",97.6431,3.31,2.3569,GA12411E,LDPE(HMI),"VACCUM ON 
12/21/24 -0550 HEAT UP

SHUT OFF FOR B-TIME 2100-2200",STANDARD,15,350,40/40,Arnel Rosario,Julius Fundano,"{'"W8'": 38.35, '"G22'": 0.26, '"L28'": 6.5, '"L37'": 6.5, '"K907'": 30.419999999999998, '"LL31'": 45.5, '"Y119'": 2.4699999999999998, '"6-2035AK'": 2.67, '"FG-2789AK'": 6.4, '"4-QCEXCESS'": 1.37}","{170,170,170,170,170,170,160,160,160,160,150,150}",90,"{85,52.13}",86.7911,94509,140.44,"{6174AL-6175AL,6176AL}",,,8,2025-02-27,2024-12-20 20:00:00,2024-12-21 07:35:00
1110,5,100,85.8400,NMH PACKAGING PTE. LTD.,15891,WA15190E,40119,1.08,"{'"2024-12-18 16:35:00'"}","{'"2024-12-18 17:40:00'"}",85.84,14.16,14.16,0,PP,"",STANDARD,10,400,60/60,JESSIE,Julius Fundano,"{'"W8'": 60.0, '"AO8'": 0.1, '"AO9'": 0.1, '"L28'": 2.0, '"L37'": 2.0, '"PP14 POWDER'": 20.8, '"PP16 POWDER'": 15.0}","{200,200,200,180,180,180,180,180,180,200,200}",0,{85.84},79.4815,94455,100.0,{5905AL},,,0,2025-02-27,2024-12-18 16:35:00,2024-12-18 17:40:00
1111,5,6300,2200.0000,NMH PACKAGING PTE. LTD.,15552,WA15190E,40089,25.83,"{'"2024-12-07 08:00:00'",'"2024-12-07 18:00:00'",'"2024-12-09 06:45:00'"}","{'"2024-12-07 18:00:00'",'"2024-12-08 04:00:00'",'"2024-12-09 12:35:00'"}",34.9206,4100.0,65.0794,WA8512E,PP,"PPG-55/58
PELLETIZER 5
SIEVER 5
PRODUCTION CUT 

12/09/24
0400 SHOT OFF
2HRS STANDBY RELIEVER B-TIME MC#9

12/09/2024
0545 HEAT UP",STANDARD,10,380,60/60,Joel Miras,Julius Fundano,"{'"W8'": 3752.4, '"AO8'": 6.254, '"AO9'": 6.254, '"L28'": 125.08, '"L37'": 125.08, '"4465AL'": 6.0, '"PP8 POWDER'": 938.1, '"PP14 POWDER'": 1300.832, '"4464AL-4465AL'": 40.0}","{200,200,200,200,180,180,180,180,180,200,200}",180,"{850,850,500}",85.1723,94054,6300,"{4807AL-4859AL,4860AL,4861AL-4868AL,4869AL}",,,6,2025-02-27,2024-12-09 06:45:00,2024-12-09 12:35:00
1112,3,200,204.2300,GREENPACK PLASTIC MANUFACTURING CORPORATION,0,VA16720E,40081,3.0,"{'"2024-12-03 02:00:00'",'"2024-12-03 06:00:00'"}","{'"2024-12-03 04:00:00'",'"2024-12-03 07:00:00'"}",98.3577,3.41,1.6423,VA3291E,LDPE(HMI),"CHANGE SETTING OVERFLOW ON VENT FORT

2 HRS STANDBY FOR B-TIME RELIEVER 1

PELLETIZER 11
SIEVER 8",STANDARD,8.6,28,40/40,Arnel Rosario,Julius Fundano,"{'"L28'": 0.9862, '"LL6'": 6.9034, '"V50'": 0.73965, '"W33'": 1.77516, '"4677AL-4680AL'": 197.24}","{150,112,109,140,143,149,153}",120,"{150,54.23}",68.0767,94156,207.64,{5139AL-5142AL},,,16,2025-02-27,2024-12-03 02:00:00,2024-12-03 04:00:00
1113,3,350,353.5400,GREENPACK PLASTIC MANUFACTURING CORPORATION,15805,BA16708E,40079,5.5,"{'"2024-12-03 14:30:00'",'"2024-12-03 18:00:00'"}","{'"2024-12-03 18:00:00'",'"2024-12-03 20:00:00'"}",98.2056,6.46,1.7944,0,LDPE(HMI),"CHANGE SETTING VACCUM OVERFLOW

PEL 11
SIEVER 8",STANDARD,8.3,22,40/40,Arnel Rosario,Julius Fundano,"{'"G40'": 1.332, '"L28'": 18.0, '"L37'": 18.0, '"LL6'": 126.0, '"W33'": 45.0, '"B107'": 1.62, '"K907'": 150.048}","{140,140,130,120,120,130,150}",0,"{225,128.54}",64.28,94155,360.0,"{5131AL-5136AL,5137AL,5138AL}",,,0,2025-02-27,2024-12-03 14:30:00,2024-12-03 20:00:00
1114,5,600,509.4600,"ZELLER PLASTIK PHILIPPINES, INC.",15671,WA14068E,40106,10.5,"{'"2024-12-02 14:00:00'",'"2024-12-02 18:00:00'",'"2024-12-02 18:00:00'"}","{'"2024-12-02 18:00:00'",'"2024-12-02 21:15:00'",'"2024-12-02 21:15:00'"}",97.04,15.54,2.96,WA16973E,LDPE(HMI),			,STANDARD,6.5,280,40/40,JESSIE,Julius Fundano,"{'"B81'": 0.2625, '"L37'": 10.5, '"W33'": 78.75, '"B101'": 1.8375, '"K907'": 218.4, '"LL48 POWDER'": 215.25}","{200,200,180,180,180,180,180,180,180,180,180}",90,"{276,224,9.46}",48.52,94126,525.0,"{5100AL-5103AL,5104AL}",,,10,2025-02-27,2024-12-02 14:00:00,2024-12-02 21:15:00
1115,5,25,30.8800,"STAR PLASTIC PRODUCTS, INC.",15685,WA13183E,40066,0.63,"{'"2024-12-03 07:32:00'"}","{'"2024-12-03 08:10:00'"}",88.2286,4.12,11.7714,WA11295E,LDPE(HMI),"",STANDARD,8,280,40/40,RONALD,Julius Fundano,"{'"B81'": 0.105, '"L28'": 0.7, '"L37'": 0.7, '"LL6'": 9.45, '"W35'": 7.7, '"K907'": 16.345}","{170,170,170,170,160,160,160,150,150,160,1602}",200,{30.88},49.0159,94166,35.0,{5099AL},,,29,2025-02-27,2024-12-03 07:32:00,2024-12-03 08:10:00
1124,8,950,500.0000,CANLINE INDUSTRIAL CORP.,0,GA16014E,40134,7.08,"{'"2024-12-18 18:05:00'",'"2024-12-19 07:00:00'"}","{'"2024-12-18 22:00:00'",'"2024-12-19 10:10:00'"}",52.521,452.0,47.479,0,LDPE(HMI),"12-19-24
0550 HEAT UP

500KG PRODUCTION CUT",STANDARD,10,300,40/40,Aldrin Villacrusis,Julius Fundano,"{'"5599AL'": 25.0, '"5600AL'": 50.0, '"5601AL'": 50.0, '"5602AL'": 50.0, '"5603AL'": 28.4, '"5723AL'": 50.0, '"5724AL'": 50.0, '"5725AL'": 50.0, '"5726AL'": 50.0, '"5727AL'": 50.0, '"5728AL'": 7.8, '"5907AL'": 50.0, '"5908AL'": 50.0, '"5909AL'": 50.0, '"5910AL'": 50.0, '"5911AL'": 48.6, '"5912AL'": 50.0, '"5913AL'": 50.0, '"5914AL'": 50.0, '"5915AL'": 50.0, '"5916AL'": 42.2}","{200,200,200,180,180,180,180,180,180,180,160,160}",0,"{276,224}",70.6215,94489,952.0,"{6134AL-6135AL,6136AL-6137AL}",,,0,2025-02-28,2024-12-18 18:05:00,2024-12-19 10:10:00
1125,3,200,201.6600,GENSTAR MANUFACTURING CORP.,12516,RA7487E,40230,2.83,"{'"2024-12-20 18:10:00'"}","{'"2024-12-20 21:00:00'"}",97.1481,5.92,2.8519,OA2469E,LDPE(HMI),"2100-2200
STANDBY FOR B-TIME",STANDARD,8,38,40/40,Arnel Rosario,Julius Fundano,"{'"L37'": 31.05, '"K907'": 89.01, '"LL12'": 72.45, '"R115'": 4.14, '"R117'": 10.35, '"4560AL'": 0.58}","{150,130,130,150,150,150,150}",120,{201.66},71.258,94486,207.58,"{6129AL-6131AL,6132AL,6133AL}",,,17,2025-02-28,2024-12-20 18:10:00,2024-12-20 21:00:00
1126,3,500,511.0700,SPI CORPORATION,13416,RA12372E,40228,11.08,"{'"2024-12-20 08:55:00'",'"2024-12-20 13:00:00'",'"2024-12-20 13:00:00'"}","{'"2024-12-20 13:00:00'",'"2024-12-20 16:30:00'",'"2024-12-20 16:30:00'"}",98.9449,5.45,1.0551,RA7487E,LDPE(HMI),"VENT OVERFLOW
CHANGE RPM 32-28
F.RATE 10-8.3",STANDARD,8.3,28,60/60,Arnel Rosario,Julius Fundano,"{'"L28'": 25.25, '"L37'": 25.25, '"O55'": 5.555000000000001, '"V50'": 11.110000000000001, '"K907'": 235.835, '"LL12'": 202.0, '"FG-1230AL'": 11.52}","{150,150,150,140,140,150,150}",100,"{265,235,11.07}",46.1255,94480,516.52,"{6092AL-6100AL,6101AL,6102AL}",,,10,2025-02-28,2024-12-20 08:55:00,2024-12-20 16:30:00
1127,8,125,132.0300,"EVEREST PLASTIC CONTAINERS IND., INC.",15767,GA16706E,40227,2.17,"{'"2024-12-20 13:20:00'"}","{'"2024-12-20 15:30:00'"}",98.5151,1.99,1.4849,GA3383E,LDPE(HMI),"",STANDARD,9,320,40/40,Arjie Galgo,Julius Fundano,"{'"C19'": 0.030000000000000002, '"G40'": 0.060000000000000005, '"L28'": 6.0, '"L37'": 6.0, '"LL6'": 42.0, '"W33'": 16.2, '"K907'": 49.41, '"Y107'": 0.3, '"FG-1790AL'": 14.02}","{170,170,170,170,170,170,160,160,160,160,150,150}",90,{132.03},60.8433,94474,134.02,"{6087AL-6088AL,6089AL}",,,9,2025-02-28,2024-12-20 13:20:00,2024-12-20 15:30:00
1128,8,100,104.2700,"PREMIER CREATIVE PACKAGING, INC.",15905,RA17422E,40226,1.5,"{'"2024-12-18 02:10:00'"}","{'"2024-12-18 03:40:00'"}",97.4486,2.73,2.5514,RA5277E,LDPE(HMI),"",STANDARD,10,350,40/40,Arjie Galgo,Julius Fundano,"{'"L28'": 5.35, '"L37'": 5.35, '"O57'": 2.675, '"W35'": 10.7, '"K907'": 43.0675, '"LL12'": 37.45, '"R115'": 2.4074999999999998}","{170,170,170,170,170,170,160,160,160,160,150,150}",90,{104.27},69.5133,94465,107.0,"{6038AL,6039AL,6040AL}",,,9,2025-02-28,2024-12-18 02:10:00,2024-12-18 03:40:00
1129,8,100,105.3000,"PREMIER CREATIVE PACKAGING, INC.",15906,GA17423E,40225,1.58,"{'"2024-12-18 15:00:00'"}","{'"2024-12-18 16:35:00'"}",98.4112,1.7,1.5888,GA16014E,LDPE(HMI),"",STANDARD,12,350,40/40,Arjie Galgo,Julius Fundano,"{'"G40'": 13.375, '"L28'": 5.35, '"L37'": 5.35, '"W35'": 9.629999999999999, '"K907'": 34.775, '"LL12'": 37.45, '"Y107'": 1.07}","{170,170,170,170,170,170,160,160,160,160,150,150}",90,{105.3},66.6456,94462,107.0,"{6035AL,6036AL,6037AL}",,,9,2025-02-28,2024-12-18 15:00:00,2024-12-18 16:35:00
1130,8,250,222.2000,EVERGOOD PLASTIC INDUSTRY INC.,15901,DA10063E,40219,2.42,"{'"2024-12-18 10:35:00'"}","{'"2024-12-18 13:00:00'"}",98.7556,2.8,1.2444,GA17423E,LDPE(HMI),				,STANDARD,11,360,40/40,Aldrin Villacrusis,Julius Fundano,"{'"C19'": 0.045, '"L28'": 11.25, '"L37'": 11.25, '"O46'": 7.875, '"W33'": 23.400000000000002, '"K907'": 87.03, '"LL12'": 78.75, '"Y122'": 5.3999999999999995}","{170,170,170,170,170,170,160,160,160,160,150,150}",120,{222.2},91.8182,94441,225.0,"{6015AL-6018AL,6019AL}",,,11,2025-02-28,2024-12-18 10:35:00,2024-12-18 13:00:00
1131,1,1000,1005.3500,Allied Packaging Corporation,15607,WA16245E,40223,10.42,"{'"2024-12-17 08:35:00'",'"2024-12-17 13:00:00'",'"2024-12-17 18:00:00'"}","{'"2024-12-17 12:00:00'",'"2024-12-17 18:00:00'",'"2024-12-17 20:00:00'"}",98.1768,18.67,1.8232,WA3827E,LDPE(HMI),1200-1300 BREAKTIME,STANDARD,10,380,40/40,JESSIE,Julius Fundano,"{'"W8'": 568.4, '"B81'": 1.0150000000000001, '"L28'": 20.3, '"L37'": 50.75, '"K907'": 152.25, '"LL12'": 222.285, '"FG-3786AL'": 9.02}","{120,140,150,150,150,150,150,150,140,140}",90,"{329,491,185.35}",96.4827,94433,1024.02,"{5998AL-6006AL,6007AL}",,,4,2025-02-28,2024-12-17 08:35:00,2024-12-17 20:00:00
1133,1,82,81.1900,CDC MANUFACTURING CORP.,15903,YA15681E,40213,4.17,"{'"2024-12-17 17:00:00'",'"2024-12-17 18:00:00'"}","{'"2024-12-17 18:00:00'",'"2024-12-17 21:10:00'"}",99.0122,0.81,0.9878,YA15176E,LDPE(HMI),"",STANDARD,100,400,40/40,NONOY,Julius Fundano,"{'"L28'": 3.9, '"L37'": 3.9, '"O57'": 0.195, '"W33'": 8.775, '"K907'": 26.130000000000003, '"LL12'": 27.3, '"Y127'": 7.8, '"24-3897AJ'": 4.0}","{120,140,150,150,150,150,150,150,150,140,140}",80,"{20,61.19}",19.47,94454,82.0,"{5903AL,5904AL}",,,6,2025-02-28,2024-12-17 17:00:00,2024-12-17 21:10:00
1134,8,250,256.3500,EVERGOOD PLASTIC INDUSTRY INC.,15718,RA5277E,40218,3.42,"{'"2024-12-18 05:10:00'",'"2024-12-18 06:00:00'"}","{'"2024-12-18 06:00:00'",'"2024-12-18 08:35:00'"}",98.4787,3.96,1.5213,DA10063E,LDPE(HMI),LMI WITH DIESEL,STANDARD,15,380,40/40,Arjie Galgo,Julius Fundano,"{'"L37'": 38.1, '"LL6'": 88.9, '"O55'": 2.54, '"K907'": 113.284, '"R117'": 11.176, '"3-3574AL'": 4.59, '"30-3639AL'": 1.72}","{170,170,170,170,160,160,160,160,160,150,150,150}",120,"{70,186.35}",74.9561,94426,260.31,"{5897AL-5900AL,5901AL,5902AL}",,,14,2025-02-28,2024-12-18 05:10:00,2024-12-18 08:35:00
1135,1,50,47.9000,Incon Industrial Corporation,0,MA13810E,40137,2.08,"{'"2024-12-17 07:00:00'"}","{'"2024-12-17 09:05:00'"}",98.7222,0.62,1.2778,YA8107E,PP,"P. MC#8
S. MC#7",STANDARD,70,400,40/40,Edsel Mangarin,Julius Fundano,"{'"C19'": 0.003396, '"5605AL-5606AL'": 48.52}","{180,200,180,180,180,180,180,180,180,180}",75,{47.9},23.0288,94421,48.52,{5889AL},,,9,2025-02-28,2024-12-17 07:00:00,2024-12-17 09:05:00
1136,1,50,55.9300,GILVAN PACKAGING CORPORATION,15894,MA11346E,40202,4.25,"{'"2024-12-14 02:25:00'",'"2024-12-14 06:00:00'"}","{'"2024-12-14 03:00:00'",'"2024-12-14 09:40:00'"}",97.7285,1.3,2.2715,OA7922E,LDPE(HMI),"P MC#8
S MC#7

UMAAPAW PO SA F.PORT 
CHANGE FEED RATE FROM 80-70-40
ZONE 1 FROM 120-150

SETTING REACH TEMP
Z3 - 150-166
Z5 - 150 -176
Z7 - 150 -180
Z7 - 150 -170
Z8 - 150 -161
Z9 - 150 -160",STANDARD,40,400,40/40,Edsel Mangarin,Julius Fundano,"{'"C19'": 0.04, '"L28'": 2.5, '"L37'": 2.5, '"O55'": 0.05, '"P26'": 1.5, '"P28'": 8.5, '"W35'": 0.3, '"K907'": 5.0, '"LL31'": 28.86, '"Y127'": 0.75, '"12-2585AL'": 1.38, '"FG-1724AL'": 5.7, '"2-QCEXCESS'": 0.15}","{150,160,150,150,150,150,150,150,150,150}",90,"{7,48.93}",13.16,94410,57.23,"{5874AL,5875AL}",,,7,2025-02-28,2024-12-14 22:25:00,2024-12-14 09:40:00
1137,5,3100,3075.0000,GILVAN PACKAGING CORPORATION,15590,WA15123E,40199,53.45,"{'"2024-12-14 10:45:00'",'"2024-12-14 18:00:00'",'"2024-12-16 07:00:00'",'"2024-12-16 18:00:00'",'"2024-12-17 06:00:00'"}","{'"2024-12-14 18:00:00'",'"2024-12-14 05:00:00'",'"2024-12-14 19:00:00'",'"2024-12-16 05:00:00'",'"2024-12-17 07:18:00'"}",99.1935,25.0,0.8065,WA16245E,LDPE(HMI),"P-MC#5
S-MC#5
12/14/24
0800 TO 1045 WAITING FOR COMPOUNDED 
12/16/24 HEAT UP (0555)",STANDARD,10,380,60/60,JESSIE,Julius Fundano,"{'"AO8'": 3.1, '"AO9'": 3.1, '"B81'": 15.5, '"L37'": 62.0, '"LL6'": 1187.3, '"W33'": 1829.0}","{150,150,150,150,150,130,130}",77,"{690,1045,190,1045,105}",57.5304,94401,3100.0,{5821AL-5851AL},,,13,2025-02-28,2024-12-14 10:45:00,2024-12-17 07:18:00
1138,3,250,255.3500,H&E MANUFACTURING CORPORATION,15679,OA2469E,40188,4.25,"{'"2024-12-21 09:00:00'"}","{'"2024-12-21 13:15:00'"}",98.378,4.21,1.622,SA11780E,LDPE(HMI),"",STANDARD,9,28,40/40,Joel Miras,Julius Fundano,"{'"L28'": 12.75, '"L37'": 8.925, '"LL6'": 89.25, '"O46'": 34.833, '"W33'": 8.4915, '"K907'": 67.6005, '"Y122'": 33.15, '"33-1840AL'": 4.56}","{150,150,140,140,140,150,150}",150,{255.35},60.0824,94399,259.56,"{5815AL-5818AL,5819AL,5820AL}",,,11,2025-02-28,2024-12-21 09:00:00,2024-12-21 13:15:00
1139,3,250,249.3900,EVERGOOD PLASTIC INDUSTRY INC.,15673,BA3925E,40190,8.33,"{'"2024-12-18 01:10:00'",'"2024-12-18 01:10:00'"}","{'"2024-12-18 05:20:00'",'"2024-12-18 05:20:00'"}",97.0389,7.61,2.9611,BA13023E,LDPE(HMI),"CHANGE RATE 8.6/7.6
RPM 25/20
OVERFLOW ON VENT 
VACCUM FORT",STANDARD,7.6,20,40/40,Arnel Rosario,Julius Fundano,"{'"C19'": 0.1285, '"L28'": 7.71, '"L37'": 7.71, '"LL6'": 89.95, '"V50'": 0.5654, '"W33'": 37.265, '"B106'": 9.251999999999999, '"K907'": 104.4191}","{150,130,130,140,140,150,150}",92,"{225,24.39}",29.9388,94396,257.0,"{5809AL-5812AL,5813AL,5814AL}",,,13,2025-02-28,2024-12-18 01:10:00,2024-12-18 05:20:00
1140,3,125,127.3400,"EVEREST PLASTIC CONTAINERS IND., INC.",15713,BA12068E,40194,2.75,"{'"2024-12-18 15:15:00'"}","{'"2024-12-18 18:00:00'"}",95.7588,5.64,4.2412,BA17296E,LDPE(HMI),"",STANDARD,6.7,40,40/40,Arnel Rosario,Julius Fundano,"{'"L28'": 6.5, '"L37'": 6.5, '"V50'": 2.21, '"B106'": 4.42, '"B108'": 18.2, '"K907'": 46.67, '"LL31'": 45.5, '"35-2250AL'": 2.98}","{150,140,140,150,150,150,150}",100,{127.34},46.3055,94386,132.98,"{5800AL-5801AL,5802AL}",,,9,2025-02-28,2024-12-18 15:15:00,2024-12-18 19:40:00
1141,3,250,252.1700,"AG CANPRINT, INC.",15617,BA12861E,40191,5.17,"{'"2024-12-17 18:20:00'"}","{'"2024-12-17 23:30:00'"}",96.9549,7.92,3.0451,BA3925E,PP,"CHANGE F.RATE 8.3/7.6
RPM 30/35
OVERFLOW ON FEEDER FORT",STANDARD,7.6,25,40/40,Arnel Rosario,Julius Fundano,"{'"B37'": 76.2, '"L28'": 12.7, '"L37'": 8.89, '"V50'": 1.4224, '"W35'": 3.81, '"B106'": 1.778, '"K907'": 47.599599999999995, '"FG-1564AL'": 6.0, '"3-QCEXCESS'": 0.09, '"PP6 POWDER'": 101.6}","{180,200,180,180,180,180,180}",100,{252.17},48.7756,94384,260.09,"{5790AL-5798AL,5799AL}",,,10,2025-02-28,2024-12-17 18:20:00,2024-12-17 23:30:00
1142,3,250,251.5500,"EVEREST PLASTIC CONTAINERS IND., INC.",15827,BA17296E,40195,4.97,"{'"2024-12-18 19:40:00'",'"2024-12-19 07:00:00'"}","{'"2024-12-18 22:00:00'",'"2024-12-19 09:38:00'"}",96.75,8.45,3.25,BA15050E,LDPE(HMI),"CHANGE F.RATE 8.5/7.6
RPM 40
OVERFLOW ON FEEDER FORT",STANDARD,7.6,40,40/40,Arnel Rosario,Julius Fundano,"{'"C19'": 0.13, '"L28'": 13.0, '"L37'": 13.0, '"LL6'": 91.0, '"V50'": 6.239999999999999, '"B106'": 14.040000000000001, '"B108'": 54.6, '"K907'": 67.99}","{150,140,140,150,150,150,150}",137,"{130,121.55}",50.6137,94378,260.0,"{5773AL-5776AL,5777AL,5778AL}",,,7,2025-02-28,2024-12-18 19:40:00,2024-12-19 09:38:00
1143,3,250,251.9000,GENSTAR MANUFACTURING CORP.,15596,BA13023E,40192,5.73,"{'"2024-12-18 07:32:00'"}","{'"2024-12-18 13:16:00'"}",96.8027,8.32,3.1973,BA12068E,LDPE(HMI),"CHANGE RPM TO 42
CHANGE F.RATE 10
OVERFLOW ON FEED
HINDI BUMABAGSAK ANG COMPOUNDED",STANDARD,10,45,40/40,Joel Miras,Julius Fundano,"{'"C19'": 2.4414999999999996, '"L28'": 12.85, '"L37'": 8.995000000000001, '"LL6'": 89.95, '"W35'": 10.28, '"B106'": 35.980000000000004, '"B107'": 8.995000000000001, '"K907'": 87.5085, '"27-2847AL'": 2.1, '"3-QCEXCESS'": 1.12}","{150,150,150,140,140,150,150}",119,{251.9},43.9616,94374,260.22,"{5767AL-5770AL,5771AL,5772AL}",,,9,2025-02-28,2024-12-18 07:32:00,2024-12-18 13:16:00
1144,8,250,252.7100,"PLEXCO PLASTIC PRODUCTS, INC.",15884,RA12706E,40186,3.17,"{'"2024-12-14 16:30:00'",'"2024-12-14 18:00:00'"}","{'"2024-12-14 18:00:00'",'"2024-12-14 19:40:00'"}",96.7422,8.51,3.2578,RA9825E,LDPE(HMI),"RELIEVER FOR BREAKTIME
MC#5
MC#3",STANDARD,10,300,40/40,NONOY,Julius Fundano,"{'"W8'": 3.354, '"L28'": 12.9, '"L37'": 9.03, '"K907'": 128.484, '"LL31'": 90.3, '"R119'": 6.966, '"R129'": 6.966, '"3-1762AL'": 2.88, '"1-QCEXCESS'": 0.34}","{170,170,170,170,160,160,160,160,160,160,150,150}",90,"{120,132.71}",79.7192,94371,261.22,"{5761AL-5764AL,5765AL,5766AL}",,,8,2025-02-28,2024-12-14 16:30:00,2024-12-14 19:40:00
1145,1,50,47.1200,EVERGOOD PLASTIC INDUSTRY INC.,0,BA4756E,40095,1.92,"{'"2024-12-13 06:30:00'"}","{'"2024-12-13 08:25:00'"}",96.3008,1.81,3.6992,VA3291E,LDPE(HMI),"Z4-Z9 SETTING 150 RACH READING 200 

0955-1030 UNDER MAINTENANCE",STANDARD,80,400,40/40,NONOY,Julius Fundano,"{'"L28'": 0.8210999999999999, '"L37'": 0.75, '"LL6'": 8.75, '"V42'": 0.066162, '"V49'": 0.06, '"W35'": 1.65, '"B106'": 0.6625679999999999, '"B110'": 0.46032, '"K907'": 12.005, '"5373AL'": 23.7}","{120,140,150,150,150,150,150,150,150,140,140}",90,{47.12},24.5417,94375,48.93,"{5759AL,5760AL}",,,5,2025-02-28,2024-12-13 06:30:00,2024-12-13 08:25:00
1146,3,125,127.0200,PLASTIMER INDUSTRIAL CORP.,0,GA6246E,40173,2.5,"{'"2024-12-12 06:45:00'"}","{'"2024-12-12 09:15:00'"}",96.8657,4.11,3.1343,GA6014E,PP,"PELLETIZER #10
SIEVER #8",STANDARD,7.6,20,40/40,Arnel Rosario,Julius Fundano,"{'"C19'": 0.015628, '"G40'": 0.26046, '"L28'": 0.325575, '"B106'": 0.299529, '"5594AL'": 30.23, '"5590AL-5593AL'": 100.0}","{180,200,180,180,180,180,180}",90,{127.02},50.808,94363,131.13,"{5741AL-5742AL,5743AL}",,,9,2025-02-28,2024-12-12 06:45:00,2024-12-12 09:15:00
1147,3,250,256.2100,"EVEREST PLASTIC CONTAINERS IND., INC.",0,GA4952E,40114,3.75,"{'"2024-12-13 07:00:00'"}","{'"2024-12-13 10:45:00'"}",98.4363,4.07,1.5637,GA13854E,LDPE(HMI),"VACCUM ON 
PELLETIZER#10
SIEVER#8",STANDARD,9.6,28,40/40,Arnel Rosario,Julius Fundano,"{'"G40'": 0.99156, '"L28'": 0.49578, '"L37'": 0.49578, '"LL6'": 5.45358, '"K907'": 4.9578, '"5457AL-5461AL'": 247.89}","{150,130,130,140,140,150,150}",115,{256.21},68.3227,94361,260.28,{5736AL-5740AL},,,8,2025-02-28,2024-12-13 07:00:00,2024-12-13 10:45:00
1148,3,100,91.9300,REIMAGINE PACKAGING CORPORATION,15879,GA13854E,40185,1.33,"{'"2024-12-13 12:40:00'",'"2024-12-13 14:00:00'"}","{'"2024-12-13 13:00:00'",'"2024-12-13 15:00:00'"}",91.93,8.07,8.07,GA17465E,LDPE(HMI),"0100-0200
STANDBY FOR B-TIME

KUMUKULAY SA TUBIG GA13854E",STANDARD,8.3,38,40/40,Arnel Rosario,Julius Fundano,"{'"G40'": 2.0, '"L28'": 5.0, '"L37'": 5.0, '"LL6'": 35.0, '"W35'": 4.0, '"K907'": 37.5, '"Y127'": 11.5}","{150,130,130,140,140,150,150}",90,"{23,68.93}",69.1203,94347,100.0,{5721AL-5722AL},,,8,2025-03-01,2024-12-13 12:40:00,2024-12-13 15:00:00
1149,3,250,248.5500,CANLINE INDUSTRIAL CORP.,0,GA16014E,40134,3.63,"{'"2024-12-17 06:00:00'"}","{'"2024-12-17 09:38:00'"}",99.42,1.45,0.58,0,LDPE(HMI),"",STANDARD,8.5,30,40/40,Arnel Rosario,Julius Fundano,"{'"G40'": 10.0, '"L28'": 6.25, '"L37'": 4.375, '"LB2'": 18.75, '"B106'": 6.75, '"K907'": 53.875, '"LL12'": 25.0, '"5729AL-5731AL'": 125.0}","{150,150,150,140,140,140,150}",0,{248.55},68.4711,94457,250.0,{5907AL-5911AL},,,0,2025-03-01,2024-12-17 06:00:00,2024-12-17 09:38:00
1150,3,625,619.5700,CANLINE INDUSTRIAL CORP.,15881,GA16014E,40134,11.17,"{'"2024-12-12 16:10:00'",'"2024-12-12 18:00:00'"}","{'"2024-12-12 18:00:00'",'"2024-12-12 05:00:00'"}",99.1312,5.43,0.8688,GA4952E,LDPE(HMI),"HINDI BUMABAGSAK ANG COMPOUNDED
OVERFLOW ON FEEDER
CHANGE RPM 40-45
CHANGE F.RATE 8.5-6.0
COMPOUNDED POWDER + LB RESIN

CHANGE SETTING FINAL
Z1-200
Z2-180
Z3--170
Z4-150
Z5-140
Z6-140
DH-150",STANDARD,6,41,40/40,Arnel Rosario,Julius Fundano,"{'"G40'": 59.375, '"L28'": 31.25, '"L37'": 21.875, '"LB2'": 93.75, '"Y89'": 10.625, '"B106'": 12.825, '"K907'": 270.3, '"LL12'": 125.0}","{150,130,130,150,150,160,160}",120,"{50,569.57}",55.4673,94349,625.0,"{5723AL-5728AL,5735AL,5729AL-5734AL}",,,8,2025-03-01,2024-12-12 16:10:00,2024-12-12 05:00:00
1151,3,392,388.4600,CANLINE INDUSTRIAL CORP.,0,GA16014E,40134,5.42,"{'"2024-12-12 10:45:00'"}","{'"2024-12-12 16:10:00'"}",98.629,5.4,1.371,0,LDPE(HMI),"",STANDARD,8.6,28,40/40,Arnel Rosario,Julius Fundano,"{'"L28'": 0.98025, '"B106'": 0.7842, '"5315AL'": 42.1, '"5308AL-5314AL'": 350.0}","{150,130,130,150,150,150,150}",0,{388.46},71.6716,94311,393.86,"{5597AL-5603AL,5604AL}",,,0,2025-03-01,2024-12-12 10:45:00,2024-12-12 16:10:00
1152,8,351,347.3100,CANLINE INDUSTRIAL CORP.,0,GA16014E,40134,5.0,"{'"2024-12-19 13:00:00'"}","{'"2024-12-19 18:00:00'"}",98.9487,3.69,1.0513,0,LDPE(HMI),"",STANDARD,10,280,40/40,Arjie Galgo,Julius Fundano,"{'"6137AL(17)'": 1.0, '"6137AL(18)'": 25.0, '"6137AL(19)'": 25.0, '"6144AL-6145AL'": 100.0, '"6146AL-6147AL'": 100.0, '"6148AL-6149AL'": 100.0}","{170,170,170,170,160,160,160,160,160,160,150,150}",0,{347.31},69.462,94502,351.0,"{6153AL,6154AL,6155AL}",,,0,2025-03-01,2024-12-19 13:00:00,2024-12-19 18:00:00
1153,5,300,295.2200,Incon Industrial Corporation,15709,WA11678E,40124,3.25,"{'"2024-12-03 01:45:00'"}","{'"2024-12-03 05:00:00'"}",98.4067,4.78,1.5933,WA13183E,LDPE(HMI),"PMC#11
SMC#5",STANDARD,10,300,40/40,JESSIE,Julius Fundano,"{'"B81'": 0.045, '"L28'": 9.0, '"L37'": 9.0, '"LL6'": 105.0, '"W33'": 123.0, '"K907'": 53.955}","{170,110,110,170,160,160,160,160,160,160,170,170}",92,{295.22},90.8369,94179,300.0,{5245AL-5247AL},,,7,2025-03-01,2024-12-03 01:45:00,2024-12-03 05:00:00
1154,8,300,149.0600,SAN MIGUEL YAMAMURA PACKAGING CORPORATION,15839,TA11781E,40122,20.67,"{'"2024-12-03 21:50:00'"}","{'"2024-12-03 01:10:00'"}",99.3733,0.94,0.6267,0,LDPE(HMI),"OVERFLOW ON F.DER
CHANGE RPM 350-300-270
F-RATE 7-6-4
FLAT ANG PELLET AT BASA LUMALAKI LUMILIIT ANG STRAND 
VACCUM ON
PELL.9
SIEVER 1",STANDARD,4,200,40/40,Arjie Galgo,Julius Fundano,"{'"C19'": 3.0, '"L28'": 7.5, '"L37'": 6.0, '"LL6'": 20.0, '"P39'": 7.5, '"T22'": 9.0, '"K907'": 64.125, '"LL12'": 17.5, '"LL52'": 15.0, '"R119'": 0.375}","{170,170,170,170,160,160,160,160,150,150,150,150}",0,{149.06},7.2114,94207,150.0,"{5261AL,5236AL-5237AL}",,,0,2025-03-01,2024-12-03 21:50:00,2024-12-03 01:10:00
1155,8,200,206.2800,SAN MIGUEL YAMAMURA PACKAGING CORPORATION,15510,SA11780E,40121,2.83,"{'"2024-12-03 17:30:00'",'"2024-12-03 18:00:00'"}","{'"2024-12-03 18:00:00'",'"2024-12-03 20:20:00'"}",98.7742,2.56,1.2258,TA11781E,LDPE(HMI),"PELL.9
SIEVER 1",STANDARD,10,350,40/40,Aldrin Villacrusis,Julius Fundano,"{'"C19'": 0.46799999999999997, '"L28'": 9.75, '"L37'": 6.825, '"T22'": 11.7, '"B107'": 0.06825, '"K907'": 97.93875000000001, '"LL12'": 68.25, '"FG-9972AK'": 12.67, '"1-QCEXCESS'": 1.17}","{170,170,170,170,170,170,160,160,160,160,150,150}",90,"{35,171.28}",72.8905,94172,208.84,"{5231AL-5233AL,5234AL,5235AL}",,,7,2025-03-01,2024-12-03 17:30:00,2024-12-03 20:20:00
1157,3,100,96.7900,"PACKAGEWORLD, INC.",12883,BA15050E,39986,21.83,"{'"2024-12-03 22:40:00'"}","{'"2024-12-03 00:50:00'"}",96.79,3.21,3.21,BA4662E,RUBBER,"PELLETIZER#10
SIEVER#8",STANDARD,8.3,28,40/40,Arnel Rosario,Julius Fundano,"{'"B81'": 5.0, '"LL38'": 95.0}","{150,150,150,150,150,130,130}",90,{96.79},4.4338,94192,100.0,{5259AL-5260AL},,,9,2025-03-03,2024-12-03 22:40:00,2024-12-03 00:50:00
1158,3,125,128.0100,"Toprite Plastic Industries, Inc.",15836,BA4662E,40128,1.67,"{'"2024-12-04 02:20:00'"}","{'"2024-12-04 04:00:00'"}",93.9109,8.3,6.0891,RA16846E,LDPE(HMI),"PELLETIZER#10
SIEVER#8

2 HRS STANDBY FOR B-TIME RELIEVER MC#1",STANDARD,10.6,35,100/100,Arnel Rosario,Julius Fundano,"{'"L28'": 6.5, '"L37'": 6.5, '"W35'": 27.56, '"B106'": 6.24, '"B107'": 6.63, '"K907'": 24.57, '"LL12'": 52.0, '"2-3578AF'": 1.5, '"27-4374AK'": 4.81}","{150,130,130,140,140,150,150}",120,{128.01},76.6527,94199,136.31,"{5266AL-5267AL,5268AL}",,,17,2025-03-03,2024-12-04 02:20:00,2024-12-04 04:00:00
1159,3,50,47.3900,GREENPACK PLASTIC MANUFACTURING CORPORATION,0,BA16708E,40079,0.8,"{'"2024-12-04 20:00:00'"}","{'"2024-12-04 20:48:00'"}",94.5342,2.74,5.4658,BA15050E,LDPE(HMI),"PELLETIZER#10
SIEVER#8",STANDARD,8.3,22,40/40,Arnel Rosario,Julius Fundano,"{'"B78'": 0.0075, '"L28'": 0.125, '"4682AL'": 50.0}","{140,140,130,120,120,130,150}",112,{47.39},59.2375,94186,50.13,{5251AL},,,9,2025-03-03,2024-12-03 20:00:00,2024-12-03 20:48:00
1160,8,200,196.6400,"PLEXCO PLASTIC PRODUCTS, INC.",15833,YA12705E,40120,2.58,"{'"2024-12-04 10:50:00'",'"2024-12-04 14:15:00'"}","{'"2024-12-04 13:00:00'",'"2024-12-04 14:40:00'"}",95.7305,8.77,4.2695,YA13953E,LDPE(HMI),"PELLETIZER#9
SIEVER#1

KUMUKULAY SA TUBIG
1300-1400
STANDBY FOR BREAKTIME

1320-1415
UNDER MAINTENACE BIGLA NA LANG NAG ALARM KAHIT NAKASTANDBY",STANDARD,10,400,40/40,Aldrin Villacrusis,Julius Fundano,"{'"W8'": 8.0, '"L28'": 10.0, '"L37'": 7.0, '"K907'": 89.0, '"LL31'": 70.0, '"Y107'": 4.0, '"Y127'": 12.0, '"FG-2520AL'": 5.23, '"1-QCEXCESS'": 0.18}","{170,170,170,170,170,160,160,160,160,160,150,150}",95,"{160,36.64}",76.2171,94188,205.41,"{5252AL-5254AL,5255AL}",,,7,2025-03-03,2024-12-04 10:50:00,2024-12-04 14:40:00
1161,3,100,103.4800,EVERGOOD PLASTIC INDUSTRY INC.,15834,VA3291E,40123,1.47,"{'"2024-12-03 10:10:00'"}","{'"2024-12-03 11:38:00'"}",96.5479,3.7,3.4521,BA16708E,LDPE(HMI),"PMC#11
SMC#8",STANDARD,8.3,32,40/40,Joel Miras,Julius Fundano,"{'"L28'": 3.06, '"L37'": 3.06, '"V50'": 2.856, '"W33'": 9.69, '"B101'": 2.55, '"K907'": 45.084, '"LL31'": 35.7, '"2-5031AK'": 4.49, '"2-QCEXCESS'": 0.69}","{160,150,140,140,140,150,150}",22,{103.48},70.3946,94191,107.18,"{5256AL,5257AL,5258AL}",,,21,2025-03-03,2024-12-03 10:10:00,2024-12-03 11:38:00
1162,9,4600,4334.0700,"ROWELL LITHOGRAPHY & METAL CLOSURE, INC.",15475,BA17070E,40130,43.33,"{'"2024-12-06 16:40:00'",'"2024-12-06 18:00:00'",'"2024-12-07 06:00:00'",'"2024-12-07 18:00:00'",'"2024-12-09 08:00:00'"}","{'"2024-12-06 18:00:00'",'"2024-12-07 06:00:00'",'"2024-12-07 18:00:00'",'"2024-12-08 06:00:00'",'"2024-12-09 14:00:00'"}",98.5016,65.93,1.4984,BA12556E,RUBBER,"P MC33
S MC#2		

HEAT UP 0630-12/09/2024
RUN LDPE  FOR BLACK SPOT
CHANGE SCREEN

SHUT OFF 0600-12/07/2024

STANDBY FOR B-TIME 1400-1500	",STANDARD,25,380,60/60,Joel Miras,Julius Fundano,"{'"AO8'": 4.4, '"AO9'": 4.4, '"LL36'": 792.0, '"LL38'": 1883.2, '"LL66'": 1584.0, '"BA17039E(8866AK)'": 120.0, '"BA17039E(9384AK)'": 12.0}","{160,160,160,160,150,150,150,150,150,160,160}",60,"{128,1200,1200,1200,606.07}",100.0247,94309,4400.0,"{5342AL-5349AL,5350AL}",,,5,2025-03-03,2024-12-06 16:40:00,2024-12-09 14:00:00
1163,3,250,258.2500,"EVEREST PLASTIC CONTAINERS IND., INC.",15827,BA17296E,40112,6.22,"{'"2024-12-05 04:00:00'",'"2024-12-05 06:00:00'"}","{'"2024-12-05 05:00:00'",'"2024-12-05 11:13:00'"}",98.015,5.23,1.985,GA17119E,LDPE(HMI),"WAITING FOR COMPOUNDED 0640-0730

PELLETIZER#10
SIEVER#8",STANDARD,8.3,45,40/40,Arnel Rosario,Julius Fundano,"{'"C19'": 0.13, '"L28'": 13.0, '"L37'": 13.0, '"LL6'": 91.0, '"V50'": 6.239999999999999, '"B106'": 14.040000000000001, '"B108'": 54.6, '"K907'": 67.99, '"35-1625AL'": 3.48}","{150,140,140,150,150,150,150}",107,"{50,208.25}",41.5193,94227,263.48,"{5316AL-5319AL,5320AL,5321AL}",,,16,2025-03-03,2024-12-05 04:00:00,2024-12-05 11:13:00
1165,5,2540,2497.1000,"BEVPACK, INC.",15798,WA11295E,40054,39.42,"{'"2024-12-03 11:30:00'",'"2024-12-03 18:00:00'",'"2024-12-04 06:00:00'",'"2024-12-04 09:00:00'",'"2024-12-04 18:00:00'"}","{'"2024-12-03 18:00:00'",'"2024-12-04 05:00:00'",'"2024-12-04 08:30:00'",'"2024-12-04 18:00:00'",'"2024-12-05 04:25:00'"}",98.2797,43.71,1.7203,WA15190E,LDPE(HMI),"1200-1300
STANDBY B-TIME
PMC#11
SMC#5

12-03-2024
0500-0600

12/04/2024
0500-0600 B-TIME
12/04/2024
0830-0900
UNDER MAINTENANCE

12-04-2024
0500-0600 B-TIME
",STANDARD,10,280,40/40,RONALD,Julius Fundano,"{'"LL6'": 2277.0, '"SA5'": 253.0, '"18-9997AH'": 1.42, '"26-3397AH'": 1.56, '"26-3506AH'": 1.04, '"FG-1347AI'": 6.79}","{160,160,160,160,160,160,160,150,150,150,150}",35,"{360,715,163,585,674.1}",63.346,94048,2540.81,"{4771AL-4794AL,4795AL}",,,3,2025-03-03,2024-12-04 09:00:00,2024-12-04 04:25:00
1166,8,500,507.0000,EVERGOOD PLASTIC INDUSTRY INC.,15690,OA8984E,40136,15.83,"{'"2024-12-04 23:25:00'",'"2024-12-05 06:00:00'"}","{'"2024-12-04 05:00:00'",'"2024-12-05 08:35:00'"}",98.0582,10.04,1.9418,YA16164E,LDPE(HMI),"LMI WITH DIESEL
OVERFLOW ON F.DER
RPM 400
F.RATE 9",STANDARD,9,400,40/40,Arjie Galgo,Julius Fundano,"{'"L28'": 25.25, '"L37'": 25.25, '"LL6'": 176.75, '"O60'": 32.32, '"W35'": 50.5, '"K907'": 191.54649999999998, '"R103'": 3.3835, '"9-0528AL'": 3.25, '"9-1498AL'": 3.57, '"33-1815AL'": 4.77, '"3-QCEXCESS'": 0.45}","{180,180,170,170,160,160,160,160,160,160,150,150}",120,"{346,161}",32.0278,94230,517.04,"{5322AL-5330AL,5331AL,5332AL}",,,11,2025-03-03,2024-12-04 23:25:00,2024-12-05 08:35:00
1167,8,50,53.0000,H&E MANUFACTURING CORPORATION,15870,BA4520E,40170,22.92,"{'"2024-12-09 23:25:00'"}","{'"2024-12-09 00:30:00'"}",92.6898,4.18,7.3102,BA9080E,PP,"PELLETIZER#9
SIEVER#1",STANDARD,8,250,40/40,Aldrin Villacrusis,Julius Fundano,"{'"B37'": 0.1012, '"L28'": 1.38, '"L37'": 1.38, '"B106'": 0.1104, '"K907'": 4.6, '"FG-7003AK'": 5.18, '"FG-7626AK'": 6.0, '"PP14 POWDER'": 38.428399999999996}","{200,200,180,180,180,180,180,180,180,180,180,180}",90,{53},2.3124,94302,57.18,"{5588AL,5589AL}",,,5,2025-03-05,2024-12-09 23:25:00,2024-12-09 00:30:00
1168,8,250,55.5800,H&E MANUFACTURING CORPORATION,15868,VA4537E,40171,1.08,"{'"2024-12-09 20:50:00'"}","{'"2024-12-09 21:55:00'"}",96.4931,2.02,3.5069,BA4520E,PP,"PELLETIZER#9
SIEVER#1",STANDARD,250,250,40/40,Aldrin Villacrusis,Julius Fundano,"{'"L28'": 1.62, '"L37'": 1.62, '"V50'": 0.1728, '"B106'": 0.0324, '"K907'": 5.4, '"37-1621AK'": 3.6, '"PP14 POWDER'": 45.1548}","{180,200,180,180,180,180,180,180,180,180,180,180}",90,{55.58},51.463,94300,57.6,"{5586AL,5587AL}",,,5,2025-03-05,2024-12-09 20:50:00,2024-12-09 21:55:00
1409,1,50,55.9000,EVERGOOD PLASTIC INDUSTRY INC.,0,KA4607E,40431,2.25,"{'"2025-02-19 19:45:00'"}","{'"2025-02-19 22:00:00'"}",99.0257,0.55,0.9743,GA4254E,PP,"PELL 8
SIEV 7",STANDARD,90,250,40/40,Edsel Mangarin,Julius Fundano,"{'"L28'": 0.050742, '"V50'": 0.009302, '"R115'": 0.006201, '"8587AL'": 56.38}","{180,200,180,180,180,180,180,180,180,180}",105,{55.9},24.8444,95301,56.45,{8993AL-8994AL},,,8,2025-04-24,2025-02-19 19:45:00,2025-02-19 22:00:00
1169,8,925,914.5200,SAN MIGUEL YAMAMURA PACKAGING CORPORATION,15869,RA16846E,40167,12.92,"{'"2024-12-10 23:30:00'",'"2024-12-11 06:00:00'"}","{'"2024-12-10 04:00:00'",'"2024-12-11 12:35:00'"}",98.867,10.48,1.133,KA4607E,HDPE(HMI),"PELLETIZER#9
SIEVER#1

0400-0500 RELIEVER MC#9
0500-0600 BREAKTIME			",STANDARD,11,420,40/40,Arnel Rosario,Julius Fundano,"{'"C19'": 0.555, '"L28'": 46.25, '"L37'": 64.75, '"W35'": 1.85, '"K907'": 413.845, '"LL12'": 323.75, '"R117'": 32.375, '"R122'": 41.625}","{180,180,180,180,180,180,180,180,180,160,140,140}",115,"{380,534.52}",70.7833,94298,925.0,"{5567AL-5584AL,5585AL}",,,9,2025-03-05,2024-12-10 23:30:00,2024-12-11 12:35:00
1170,8,500,505.2600,SAN MIGUEL YAMAMURA PACKAGING CORPORATION,15871,BA15965E,40168,8.5,"{'"2024-12-10 08:30:00'"}","{'"2024-12-10 17:00:00'"}",98.1087,9.74,1.8913,BA17296E,LDPE(HMI),"PELLETIZER#9
SIEVER#1",STANDARD,10,380,40/40,Arnel Rosario,Julius Fundano,"{'"L28'": 25.75, '"L37'": 36.05, '"W33'": 7.725, '"B106'": 46.35, '"K907'": 214.24, '"LL12'": 180.25, '"R122'": 4.635}","{170,170,170,170,170,170,160,160,160,160,150,150}",90,{505.26},59.4424,94296,515.0,"{5556AL-5565AL,5566AL}",,,8,2025-03-05,2024-12-10 08:30:00,2024-12-10 17:00:00
1171,8,50,48.5200,Incon Industrial Corporation,15843,MA13810E,40137,1.0,"{'"2024-12-11 17:00:00'"}","{'"2024-12-11 18:00:00'"}",91.5472,4.48,8.4528,YA5993E,PP,"PELLETIZER39
SIEVER#1",STANDARD,8.3,300,40/40,Arnel Rosario,Julius Fundano,"{'"C19'": 0.0371, '"L28'": 2.65, '"L37'": 2.65, '"O57'": 0.04505000000000001, '"P26'": 4.346, '"P27'": 5.3, '"P28'": 4.24, '"K907'": 5.3, '"Y127'": 0.34450000000000003, '"PP14 POWDER'": 28.08735}","{180,200,180,180,180,180,180,180,180,180,180,180}",90,{48.52},48.52,94314,53.0,"{5605AL,5606AL}",,,8,2025-03-05,2024-12-11 17:00:00,2024-12-11 18:00:00
1172,3,400,397.1100,"PACKAGEWORLD, INC.",12883,BA15050E,40090,9.08,"{'"2024-12-19 11:55:00'",'"2024-12-19 13:00:00'"}","{'"2024-12-19 13:00:00'",'"2024-12-19 21:00:00'"}",99.2775,2.89,0.7225,RA12372E,RUBBER,"12-19-2024
21:00-2200
FOR B-TIME",STANDARD,10,18,40/40,Arnel Rosario,Julius Fundano,"{'"B81'": 20.0, '"LL38'": 380.0}","{150,140,140,150,150,150,150}",115,"{45,352.11}",43.7346,94340,400.0,{5676AL-5683AL},,,13,2025-03-05,2024-12-19 11:55:00,2024-12-19 21:00:00
1173,3,400,397.1100,"PACKAGEWORLD, INC.",12883,BA15050E,40090,9.08,"{'"2024-12-19 11:55:00'",'"2024-12-19 13:00:00'"}","{'"2024-12-19 13:00:00'",'"2024-12-19 21:00:00'"}",99.2775,2.89,0.7225,RA12372E,LDPE(HMI),"12-19-2024

2100-2200 BTIME ",STANDARD,10,18,40/40,Joel Miras,Julius Fundano,"{'"B81'": 20.0, '"LL38'": 380.0}","{150,140,140,150,150,150,150}",115,"{45,352.11}",43.7346,94340,400.0,{5676AL-5683AL},,,13,2025-03-05,2024-12-19 11:55:00,2024-12-19 21:00:00
1174,8,200,193.8000,"EVEREST PLASTIC CONTAINERS IND., INC.",15827,BA17296E,40109,3.0,"{'"2024-12-10 18:30:00'"}","{'"2024-12-10 21:30:00'"}",96.9,6.2,3.1,RA16846E,LDPE(HMI),"PELLETIZER#9
SIEVER#1

OVERFLOW ON FEEDER 
RPM 400-420
FEEDRATE 12-10",STANDARD,10,420,40/40,Aldrin Villacrusis,Julius Fundano,"{'"C19'": 0.1, '"L28'": 10.0, '"L37'": 10.0, '"LL6'": 70.0, '"V50'": 4.8, '"B106'": 10.8, '"B108'": 42.0, '"K907'": 52.3}","{170,170,170,170,160,160,160,160,160,160,150,150}",120,{193.8},64.6,94318,200.0,{5621AL-5624AL},,,14,2025-03-05,2024-12-10 18:30:00,2024-12-10 21:30:00
1175,8,500,488.2500,"EVEREST PLASTIC CONTAINERS IND., INC.",15877,KA9045E,40180,6.0,"{'"2024-12-14 06:00:00'"}","{'"2024-12-14 12:00:00'"}",97.65,11.75,2.35,BA12706E,LDPE(HMI),"",STANDARD,13,400,40/40,NONOY,Julius Fundano,"{'"L28'": 25.0, '"L37'": 25.0, '"LL6'": 175.0, '"W35'": 65.0, '"K907'": 195.0, '"R119'": 12.0, '"R129'": 3.0}","{170,170,170,160,160,160,160,160,160,160,150,150}",90,{488.25},81.375,94343,500.0,"{5686AL-5690AL,5691AL-5695AL}",,,7,2025-03-05,2024-12-14 06:00:00,2024-12-14 12:00:00
1178,8,1270,1266.0000,"EVEREST PLASTIC CONTAINERS IND., INC.",15875,KA9045E,40180,15.5,"{'"2024-12-13 14:30:00'",'"2024-12-13 18:00:00'"}","{'"2024-12-13 18:00:00'",'"2024-12-14 06:00:00'"}",99.685,4.0,0.315,0,LDPE(HMI),"PELL. 9
SIEVER 1	",STANDARD,13,300,40/40,Arjie Galgo,Julius Fundano,"{'"L28'": 63.5, '"L37'": 63.5, '"LL6'": 444.5, '"W33'": 158.75, '"K907'": 501.65, '"R119'": 30.48, '"R129'": 7.62}","{180,180,170,170,170,170,160,160,160,160,150,150}",0,"{282,984}",81.6774,94406,1270.0,"{5696AL-5719AL,5720AL,5852AL}",,,0,2025-03-05,2024-12-13 14:30:00,2024-12-14 06:00:00
1179,5,1000,977.0400,In House,15898,WA3827E,40211,16.25,"{'"2024-12-17 21:30:00'",'"2024-12-18 06:00:00'"}","{'"2024-12-18 06:00:00'",'"2024-12-18 13:45:00'"}",97.6288,23.73,2.3712,WA15190E,LDPE(HMI),"VACCUM ON

0500-0600

AUTO ALARM
CHANGE F.RATE 80-70-60
RPM 360-340",STANDARD,60,340,40/40,JERIC,Julius Fundano,"{'"B38'": 2.96527, '"B81'": 0.48861, '"L37'": 19.5444, '"W33'": 146.583, '"B101'": 0.455, '"K907'": 406.52352, '"1793AL'": 6.288, '"LL48 POWDER'": 53.3, '"LL53 POWDER'": 347.3602, '"WA14068E(0367AJ)'": 6.24, '"WA14068E(9350AI)'": 11.024}","{200,200,200,200,180,180,180,180,180,200,200}",170,"{510,467.04}",60.1255,94420,1000.77,"{5879AL-5881AL,5882AL,5883AL-5885AL,5886AL-5887AL,5888AL}",,,8,2025-03-05,2024-12-17 21:30:00,2024-12-18 13:45:00
1180,8,4000,4000.0000,SAN MIGUEL YAMAMURA PACKAGING CORPORATION,15886,RA9825E,40222,48.17,"{'"2024-12-14 21:10:00'",'"2024-12-16 07:00:00'",'"2024-12-16 18:00:00'",'"2024-12-17 06:00:00'",'"2024-12-17 18:00:00'"}","{'"2024-12-15 05:00:00'",'"2024-12-16 18:00:00'",'"2024-12-17 05:00:00'",'"2024-12-17 18:00:00'",'"2024-12-18 00:20:00'"}",98.7654,50.0,1.2346,RA17422E,LDPE(HMI),"0500-0600
BREAKTIME

121624
0555 HEAT UP",STANDARD,12,360,40/40,Aldrin Villacrusis,Julius Fundano,"{'"I24'": 166.05, '"L28'": 202.5, '"L37'": 202.5, '"LL6'": 1417.5, '"R74'": 48.6, '"K907'": 1863.0, '"R129'": 149.85}","{170,170,170,170,160,160,160,160,160,160,150,150}",110,"{646,915,915,1000,524}",83.0392,94431,4050.0,{5917AL-5997AL},,,11,2025-03-05,2024-12-14 21:10:00,2024-12-17 00:20:00
1181,1,50,55.8700,MC BRIDE CORPORATION,15899,YA15176E,40216,2.5,"{'"2024-12-17 22:30:00'"}","{'"2024-12-18 01:00:00'"}",98.5709,0.81,1.4291,YA16074E,LDPE(HMI),"P MC#8
S MC#7

12/17/2024
CLEANING AREA
0100
0200
BTIME-0200

STANDBY RELIEVER FOR BREAKTIME",STANDARD,90,300,40/40,NONOY,Julius Fundano,"{'"L28'": 2.25, '"L37'": 2.25, '"O57'": 0.0135, '"W35'": 6.75, '"K907'": 13.4865, '"LL12'": 15.75, '"Y127'": 4.5, '"FG-8229AK'": 11.68}","{11,149,165,1614,178,191,206,208,202,170}",60,{55.87},22.348,94439,56.68,"{6013AL,6014AL}",,,9,2025-03-06,2024-12-17 22:30:00,2024-12-18 01:00:00
1182,8,50,53.1600,EVERGOOD PLASTIC INDUSTRY INC.,15763,KA4607E,40175,1.0,"{'"2024-12-11 14:30:00'"}","{'"2024-12-11 15:30:00'"}",94.7087,2.97,5.2913,MA13810E,PP,"PELLETIZER#9
SIEVER#1",STANDARD,8.5,250,40/40,Arnel Rosario,Julius Fundano,"{'"L28'": 1.5, '"L37'": 1.5, '"V50'": 0.055, '"K907'": 5.0, '"R115'": 0.055, '"R119'": 0.135, '"FG-3853AL'": 6.13, '"PP14 POWDER'": 41.755}","{180,200,180,180,180,180,180,180,180,180,180,180}",90,{53.16},53.16,94325,56.13,"{5625AL,5626AL}",,,6,2025-03-06,2024-12-11 14:30:00,2024-12-15 03:00:00
1183,1,100,108.6000,EVERGOOD PLASTIC INDUSTRY INC.,15616,BA9159E,40178,19.17,"{'"2024-12-12 19:30:00'"}","{'"2024-12-12 00:20:00'"}",98.9702,1.13,1.0298,BA4701E,LDPE(HMI),"P MC#8
S MC#7",STANDARD,80,400,40/40,Edsel Mangarin,Julius Fundano,"{'"G40'": 0.10500000000000001, '"L28'": 5.25, '"L37'": 5.25, '"W35'": 3.3600000000000003, '"B107'": 0.1365, '"K907'": 54.1485, '"LL12'": 36.75, '"25-1610AL'": 4.08, '"25-2607AL'": 0.65}","{120,140,150,150,150,150,150,150,140,140}",60,{108.6},5.6651,94332,109.73,"{5643AL,5644AL,5645AL}",,,6,2025-03-06,2024-12-12 19:30:00,2024-12-12 01:20:00
1184,8,125,123.5000,"PHIL-TOP INDUSTRIES, INC.",15832,TA16972E,40118,1.75,"{'"2024-12-04 07:15:00'"}","{'"2024-12-04 09:00:00'"}",98.8,1.5,1.2,YA12705E,LDPE(HMI),"PELLETIZER#9
SIEVER#1",STANDARD,10,350,40/40,Aldrin Villacrusis,Julius Fundano,"{'"C19'": 0.475, '"L28'": 6.25, '"L37'": 6.25, '"LL6'": 43.75, '"W35'": 18.75, '"B108'": 1.25, '"K907'": 48.0875, '"Y127'": 0.1875}","{170,170,170,170,160,160,160,160,160,160,150,150}",110,{123.5},70.5714,94181,125.0,"{5248AL-5249AL,5250AL}",,,9,2025-03-06,2024-12-04 07:15:00,2024-12-04 09:00:00
1185,1,50,46.3000,Incon Industrial Corporation,15873,BA4701E,40177,2.08,"{'"2024-12-12 01:20:00'"}","{'"2024-12-12 03:25:00'"}",92.6,3.7,7.4,BA4756E,PP,"PELLETIZER  MACHINE #8
SIEVER MACHINE #7

LAGI PO NAGPUPUTOL ANG STRAND 
CHANGE RPM FROM 250-300",STANDARD,10,250,40/40,Edsel Mangarin,Julius Fundano,"{'"G40'": 0.0055, '"L28'": 1.5, '"L37'": 1.5, '"B107'": 0.24, '"PP14 POWDER'": 46.7545}","{180,200,180,180,180,180,180,180,180,180}",89,{46.3},22.2596,94339,50.0,{5674AL-5675AL},,,10,2025-03-06,2024-12-12 01:20:00,2024-12-12 03:05:00
1186,3,500,508.3000,SAN MIGUEL YAMAMURA PACKAGING CORPORATION,15692,RA16846E,40107,7.67,"{'"2024-12-04 08:00:00'",'"2024-12-04 13:00:00'"}","{'"2024-12-04 12:00:00'",'"2024-12-04 16:40:00'"}",98.699,6.7,1.301,RA12739E,LDPE(HMI),"PEL#10
SIEVER#8

12/04/024
RPM CHANGE -45
F.RATE CHANGE - 7.5 TO 10.0",STANDARD,10,45,40/40,Joel Miras,Julius Fundano,"{'"C19'": 0.309, '"L28'": 25.75, '"L37'": 36.05, '"LL6'": 180.25, '"W35'": 1.03, '"K907'": 230.411, '"R117'": 18.025, '"R122'": 23.175}","{150,150,140,140,140,150,150}",80,"{253,255.3}",66.2712,94211,515.0,"{5352AL-5361AL,5362AL}",,,14,2025-03-06,2024-12-04 08:00:00,2024-12-04 16:40:00
1187,8,100,105.0500,Incon Industrial Corporation,15838,OA14302E,40131,1.42,"{'"2024-12-04 20:30:00'"}","{'"2024-12-04 21:55:00'"}",99.1038,0.95,0.8962,OA8984E,LDPE(HMI),"",STANDARD,10,350,40/40,Arjie Galgo,Julius Fundano,"{'"L28'": 5.15, '"L37'": 5.15, '"LL6'": 36.05, '"O57'": 0.18024999999999997, '"W33'": 6.901, '"K907'": 49.05375, '"Y127'": 0.515, '"33-1856AL'": 3.0}","{170,170,170,160,160,160,150,150,150,150,150,150}",90,{105.05},73.9789,94218,106.0,"{5369AL,5370AL,5371AL}",,,7,2025-03-06,2024-12-04 20:30:00,2024-12-04 21:55:00
1189,8,25,23.7000,EVERGOOD PLASTIC INDUSTRY INC.,0,BA4756E,40095,0.33,"{'"2024-12-10 06:40:00'"}","{'"2024-12-10 07:00:00'"}",96.8533,0.77,3.1467,BA15965E,LDPE(HMI),"PELLETIZER#9
SIEVER#1",STANDARD,10,350,40/40,Arnel Rosario,Julius Fundano,"{'"L28'": 0.036585, '"B106'": 0.029268, '"B110'": 0.018293, '"5372AL'": 24.39}","{170,170,170,170,170,160,160,160,160,160,150,150}",90,{23.7},71.8182,94287,24.47,{5373AL},,,8,2025-03-06,2024-12-10 06:40:00,2024-12-10 07:00:00
1192,8,100,97.0700,"ZELLER PLASTIK PHILIPPINES, INC.",15671,WA14068E,40106,1.5,"{'"2024-12-06 16:55:00'",'"2024-12-06 18:00:00'"}","{'"2024-12-06 18:00:00'",'"2024-12-06 18:25:00'"}",97.07,2.93,2.93,GA4952E,HDPE(HMI),"PMC#9
SMC#1",STANDARD,10,280,40/40,Aldrin Villacrusis,Julius Fundano,"{'"B81'": 0.05, '"L37'": 2.0, '"W33'": 15.0, '"B101'": 0.35, '"K907'": 41.6, '"LL48 POWDER'": 41.0}","{180,200,200,180,180,180,181,180,180,180,180,180}",95,"{67,30.07}",64.7133,94236,100.0,{5381AL-5382AL},,,9,2025-03-06,2024-12-06 16:55:00,2024-12-06 18:25:00
1190,3,100,102.3500,EVERGOOD PLASTIC INDUSTRY INC.,15708,CA17279E,40135,2.03,"{'"2024-12-06 12:23:00'"}","{'"2024-12-06 14:25:00'"}",97.4762,2.65,2.5238,GA17119E,PP,"SHUT OFF 
1425

PELL MC#10
SMC#8",STANDARD,30,40,40/40,Joel Miras,Julius Fundano,"{'"C19'": 0.63, '"L28'": 5.25, '"L37'": 5.25, '"K907'": 10.5, '"PP7 POWDER'": 83.37}","{180,200,180,180,180,180,180}",120,{102.35},50.4187,94232,105.0,"{5375AL-5377AL,5378AL}",,,11,2025-03-06,2024-12-06 12:23:00,2024-12-06 14:25:00
1191,1,50,49.7400,Incon Industrial Corporation,15843,MA13810E,40137,2.33,"{'"2024-12-04 16:40:00'",'"2024-12-04 18:00:00'"}","{'"2024-12-04 18:00:00'",'"2024-12-04 19:00:00'"}",93.8491,3.26,6.1509,IA9912E,PP,"P MC#8
S MC#7
",STANDARD,70,400,40/40,Edsel Mangarin,Julius Fundano,"{'"C19'": 0.0371, '"L28'": 2.65, '"L37'": 2.65, '"O57'": 0.04505000000000001, '"P26'": 4.346, '"P27'": 5.3, '"P28'": 4.24, '"K907'": 5.3, '"Y127'": 0.34450000000000003, '"PP14 POWDER'": 28.08735}","{180,200,180,180,180,180,180,180,180,180}",90,"{25,24.74}",21.3476,94235,53.0,"{5379AL,5380AL}",,,7,2025-03-06,2024-12-04 16:40:00,2024-12-04 19:00:00
1193,8,100,102.6400,"AG CANPRINT, INC.",0,YA13953E,40096,1.5,"{'"2024-12-09 17:20:00'",'"2024-12-09 18:00:00'"}","{'"2024-12-09 18:00:00'",'"2024-12-09 18:50:00'"}",98.3613,1.71,1.6387,VA4537E,LDPE(HMI),"LMI WITH DIESEL

PELLETIZER#9
SIEVER#1",STANDARD,10,300,40/40,Arnel Rosario,Julius Fundano,"{'"L28'": 0.25, '"W33'": 0.5, '"Y127'": 3.6, '"5386AL-5387AL'": 100.0}","{170,170,170,170,170,170,160,160,160,160,150,150}",120,"{45,57.64}",68.4267,94293,104.35,{5462AL-5463AL},,,14,2025-03-06,2024-12-09 17:20:00,2024-12-09 18:50:00
1194,8,125,154.3500,"AG CANPRINT, INC.",0,YA13953E,40096,2.25,"{'"2024-12-04 16:15:00'",'"2024-12-04 18:00:00'"}","{'"2024-12-04 18:00:00'",'"2024-12-04 18:30:00'"}",98.3998,2.51,1.6002,OA14302E,LDPE(HMI),"PELLETIZER#9
SIEVER#1

KUMUKULAY SA TUBIG

LMI WITH DIESEL	",STANDARD,10,350,40/40,Aldrin Villacrusis,Julius Fundano,"{'"L28'": 3.9215, '"L37'": 2.74505, '"LL6'": 27.450499999999998, '"W33'": 7.843, '"K907'": 22.35255, '"Y127'": 14.1174, '"5047AL'": 28.43, '"5038AL-5039AL'": 50.0}","{170,170,170,170,170,170,160,160,160,160,150,150}",120,"{120,34.35}",68.6,94249,156.86,"{5386AL-5387AL,5388AL,5389AL}",,,11,2025-03-06,2024-12-04 16:15:00,2024-12-04 18:30:00
1196,9,4100,4019.5200,"PACKAGEWORLD, INC.",14550,BA12556E,40090,40.33,"{'"2024-12-09 16:30:00'",'"2024-12-09 18:00:00'",'"2024-12-10 09:00:00'",'"2024-12-10 18:00:00'",'"2024-12-11 06:00:00'"}","{'"2024-12-09 18:00:00'",'"2024-12-10 06:00:00'",'"2024-12-10 18:00:00'",'"2024-12-11 06:00:00'",'"2024-12-11 11:50:00'"}",98.0371,80.48,1.9629,WA12282E,RUBBER,"PELL.3
SIEVER 3

SHUT OFF  1200
12/11/2024
1200-1300 FOR B-TIME
1300-1345 CLEANING EXT.AREA & BAGGING",STANDARD,25,380,60/60,Arjie Galgo,Julius Fundano,"{'"AO8'": 4.1, '"AO9'": 4.1, '"LL36'": 1025.0, '"LL38'": 2000.8, '"LL66'": 984.0, '"BA15050E(0012AL)'": 80.0, '"BA15050E(5260AL)'": 2.0}","{160,160,160,160,150,150,150,150,150,160,160}",540,"{140,1200,900,1200,579.52}",99.6658,94290,4100.0,"{5466AL-5473AL,5474AL}",,,9,2025-03-07,2024-12-09 16:30:00,2024-12-11 11:50:00
1198,8,1250,1258.2000,"EVEREST PLASTIC CONTAINERS IND., INC.",15715,KA2871E,40181,14.0,"{'"2024-12-12 21:00:00'",'"2024-12-13 06:00:00'"}","{'"2024-12-13 05:00:00'",'"2024-12-13 12:00:00'"}",99.5719,5.41,0.4281,KA9045E,LDPE(HMI),"BREAKITIME 0500-0600

PELL.9
SIEVER .1

STANDBY FOR B-TIME 1200-1300",STANDARD,12,340,40/40,Aldrin Villacrusis,Julius Fundano,"{'"W8'": 264.222, '"L28'": 63.0, '"L37'": 63.0, '"LL6'": 441.0, '"Y98'": 0.912, '"K907'": 419.0256, '"R119'": 7.938000000000001, '"R129'": 0.30240000000000006, '"Y127'": 0.6, '"QCEXCESS'": 3.61}","{170,170,170,170,170,160,160,160,160,160,150,150}",60,"{716,542.2}",89.8714,94338,1263.61,"{5648AL-5657AL,5658AL-5671AL,5672AL,5673AL}",,,9,2025-03-07,2024-12-12 21:00:00,2024-12-13 13:00:00
1199,3,670,657.0200,METRO CONTAINER CORPORATION,15840,GA17119E,40099,179.25,"{'"2024-12-05 13:00:00'",'"2024-12-05 18:00:00'"}","{'"2024-12-12 18:00:00'",'"2024-12-06 00:15:00'"}",98.0627,12.98,1.9373,GA16014E,LDPE(HMI),"CHANGE RPM 25 TO 45
CHANGE F.RATE 8.3 TO 15
FEEDER OVERFLOW
CHANGE SETTING

KUMUKULAY SA TUBIG ANG PROD

HINDI BUMABAGSAK ANG COMPOUNDED",STANDARD,15,45,40/40,Arnel Rosario,Julius Fundano,"{'"C19'": 4.3549999999999995, '"G40'": 40.2, '"L28'": 46.9, '"L37'": 33.5, '"LL6'": 234.5, '"W33'": 20.1, '"B107'": 22.78, '"K907'": 189.965, '"Y127'": 77.7}","{160,150,140,140,140,150,150}",95,"{285,372.02}",3.6654,94246,670.0,"{5144AL-5151AL,5363AL-5367AL,5368AL}",,,8,2025-03-07,2024-12-05 13:00:00,2024-12-05 00:15:00
1200,5,3925,3800.0000,NMH PACKAGING PTE. LTD.,15552,WA15190E,40119,45.33,"{'"2024-12-05 07:40:00'",'"2024-12-05 18:00:00'",'"2024-12-05 19:15:00'",'"2024-12-06 06:00:00'",'"2024-12-06 18:00:00'",'"2024-12-07 06:00:00'"}","{'"2024-12-05 18:00:00'",'"2024-12-05 18:20:00'",'"2024-12-06 05:00:00'",'"2024-12-06 18:00:00'",'"2024-12-07 05:00:00'",'"2024-12-07 07:55:00'"}",100.0,0.0,0.0,0,PP,"PMC#05
SMC#05

12/05/2024
*18:20- PRODUCTION STOP BIGLA NALANG TUMIGIL ANG FEEDER NAPUTOL NA ANG ELISE NG BLENDER
*19:15- PRODUCTION RESUME
12/06/2024 0500-0600 B-TIME
12/06/2024 - 1320 UNDER MAINTENANCE 
- BIGLA NALANG PO NAMMATAY ANG PELLETIZER MACHINE
- P. RESUNE- 1400

PPG-56/58

12/06/2024
BUMABAGSAK- BUMIBILIS ANG PELLETIZER #5

12/05/2024
1900- CHANGE SCREEN

",STANDARD,10,380,60/60,Arnel Rosario,Julius Fundano,"{'"W8'": 2280.0, '"AO8'": 3.8, '"AO9'": 3.8, '"L28'": 76.0, '"L37'": 76.0, '"PP8 POWDER'": 570.0, '"PP14 POWDER'": 790.4}","{200,200,200,180,180,180,180,180,180,200,200}",0,"{880,28,828,970,935,159}",83.8297,94222,3800.0,{5270AL-5307AL},,,0,2025-03-07,2024-12-05 07:40:00,2024-12-07 07:55:00
1201,8,750,761.5200,EVERGOOD PLASTIC INDUSTRY INC.,15696,YA5993E,40179,10.83,"{'"2024-12-11 19:30:00'",'"2024-12-12 06:00:00'"}","{'"2024-12-12 05:00:00'",'"2024-12-12 07:20:00'"}",97.8314,16.88,2.1686,OA17379E,LDPE(HMI),"OVERFLOW ON FEEDER
RPM 400-420
FEEDRATE 15-13.5
0500-0600 BREAKTIME

PELLETIZER #9
SIEVER#1

LMI WITH DIESEL	",STANDARD,13.5,420,40/40,Aldrin Villacrusis,Julius Fundano,"{'"L28'": 38.5, '"L37'": 38.5, '"O60'": 11.935, '"W35'": 107.8, '"Y89'": 103.95, '"K907'": 199.815, '"LL31'": 269.5, '"FG-5030AL'": 8.4}","{180,180,180,170,170,170,160,160,160,160,170,170}",120,"{665,96.52}",70.3158,94329,778.4,"{5627AL-5641AL,5642AL}",,,10,2025-03-07,2024-12-11 19:30:00,2024-12-12 07:20:00
1202,8,250,245.2300,"EVEREST PLASTIC CONTAINERS IND., INC.",0,GA4952E,40114,3.25,"{'"2024-12-06 20:25:00'"}","{'"2024-12-06 23:40:00'"}",98.923,2.67,1.077,GA17465E,LDPE(HMI),"PMC#9
SMC#1

LINIS
2140-0100

12/07/2024 0100-SHUT OFF
12/07/2024
0500- SHUT OFF",STANDARD,10,350,40/40,NONOY,Julius Fundano,"{'"G40'": 0.8751819999999999, '"L28'": 0.49306000000000005, '"5156AL'": 46.53, '"5152AL-5155AL'": 200.0}","{170,170,170,170,160,160,160,160,160,150,150,150}",80,{245.23},75.4554,94276,247.9,"{5457AL-5460AL,5461AL}",,,12,2025-03-07,2024-12-06 20:25:00,2024-12-06 23:40:00
1203,8,50,55.5700,H&E MANUFACTURING CORPORATION,15865,BA9080E,40172,1.08,"{'"2024-12-10 02:00:00'"}","{'"2024-12-10 03:05:00'"}",95.8765,2.39,4.1235,BA4756E,PP,"PELLETIZER#9
SIEVER#1

0400-0500 RELIEVER MC#9
0500-0600 BREAKTIME",STANDARD,9,250,40/40,Aldrin Villacrusis,Julius Fundano,"{'"L28'": 2.5, '"L37'": 2.5, '"V50'": 0.125, '"B106'": 0.6, '"K907'": 5.0, '"10-1171AL'": 7.37, '"10-1215AL'": 0.21, '"35-7161AI'": 0.38, '"PP14 POWDER'": 39.275}","{180,200,180,180,180,180,180,180,180,180,180,180}",55,{55.57},51.4537,94315,57.96,"{5595AL,5596AL}",,,6,2025-03-07,2024-12-10 02:00:00,2024-12-10 03:05:00
1204,1,25,24.3900,EVERGOOD PLASTIC INDUSTRY INC.,15821,BA4756E,40095,1.17,"{'"2024-12-04 00:50:00'"}","{'"2024-12-04 02:00:00'"}",97.56,0.61,2.44,BA9159E,LDPE(HMI),"PMC#8
SMC#7

12/05/2024
02:00 MC#1 SHUT OFF PROCEED TO MC#9",STANDARD,80,350,40/40,nonoy,Julius Fundano,"{'"L28'": 0.75, '"L37'": 0.75, '"LL6'": 8.75, '"V42'": 0.06, '"V49'": 0.06, '"W35'": 1.65, '"B106'": 0.6, '"B110'": 0.375, '"K907'": 12.005}","{120,140,150,150,150,150,150,150,150,140,140}",90,{24.39},20.8462,94250,25.0,{5372AL},,,12,2025-03-08,2024-12-04 00:50:00,2024-12-04 02:00:00
1205,5,5050,4988.8500,Amazon Mfg. Corp.,15859,WA8512E,40161,58.08,"{'"2024-12-09 15:00:00'",'"2024-12-09 18:00:00'",'"2024-12-10 06:00:00'",'"2024-12-10 13:10:00'",'"2024-12-10 18:00:00'",'"2024-12-11 06:00:00'",'"2024-12-11 18:00:00'",'"2024-12-12 06:00:00'"}","{'"2024-12-09 18:00:00'",'"2024-12-10 05:00:00'",'"2024-12-10 08:00:00'",'"2024-12-10 18:00:00'",'"2024-12-11 05:00:00'",'"2024-12-11 18:00:00'",'"2024-12-12 05:00:00'",'"2024-12-12 09:15:00'"}",98.7891,61.15,1.2109,WA15071E,LDPE(HMI),"VACCUM ON

PMC#5
SMC#5",STANDARD,10,380,40/40,Edsel Mangarin,Julius Fundano,"{'"L28'": 252.5, '"L37'": 176.75, '"U11'": 757.5, '"K907'": 2095.75, '"LL12'": 1767.5}","{160,160,160,160,160,160,160,150,150,150,150}",90,"{260,950,172,415,950,1032,935,274.85}",85.8962,94272,5050.0,"{5405AL-5454AL,5455AL}",,,7,2025-03-08,2024-12-09 15:00:00,2024-12-13 09:15:00
1206,8,1700,1722.4000,"EVEREST PLASTIC CONTAINERS IND., INC.",15830,YA16164E,40113,26.33,"{'"2024-12-05 10:35:00'",'"2024-12-05 18:00:00'",'"2024-12-06 06:00:00'"}","{'"2024-12-05 18:00:00'",'"2024-12-06 04:00:00'",'"2024-12-06 14:55:00'"}",98.9885,17.6,1.0115,WA14068E,LDPE(HMI),"PELKLETIZER#9
SIEVER#1

12/06/24  CHANGE SCREEN
VACCUM ON

1200-1300 STANDBY BREAKTIME",STANDARD,10,250,40/40,Aldrin Villacrusis,Julius Fundano,"{'"L28'": 52.2, '"L37'": 121.8, '"W33'": 522.0, '"K907'": 414.468, '"LL31'": 609.0, '"Y107'": 4.176, '"Y127'": 16.356}","{170,170,170,160,160,160,150,1450,150,150,150,150}",120,"{505,680,537.4}",65.4159,94253,1740.0,"{5198AL-5217AL,5390AL-5403AL,5404AL}",,,11,2025-03-08,2024-12-05 10:35:00,2024-12-06 14:55:00
1209,3,25,25.0000,METRO CONTAINER CORPORATION,15872,GA17119E,40099,0.53,"{'"2024-12-12 03:10:00'"}","{'"2024-12-12 03:42:00'"}",100.0,0.0,0.0,GA6246E,LDPE(HMI),"PELLETIZER 10
SIEVER 8",STANDARD,8.3,28,40/40,Joel Miras,Julius Fundano,"{'"C19'": 0.17, '"G40'": 1.525, '"L28'": 1.75, '"L37'": 1.25, '"W33'": 0.75, '"B107'": 0.875, '"K907'": 7.305, '"LL12'": 8.75, '"Y127'": 2.625}","{180,170,160,150,140,140,150}",78,{25},47.1698,94317,25.0,{5620AL},,,14,2025-03-12,2024-12-12 03:10:00,2024-11-12 03:42:00
1210,5,125,125.0000,"PHIL-TOP INDUSTRIES, INC.",15580,WA16973E,40117,1.5,"{'"2024-12-02 22:45:00'"}","{'"2024-12-03 00:15:00'"}",93.5279,8.65,6.4721,WA11678E,LDPE(HMI),"P MC#11
S MC#5",STANDARD,20,380,40/40,JESSIE,Julius Fundano,"{'"B81'": 0.035, '"L28'": 2.5, '"L37'": 2.5, '"W35'": 32.125, '"K907'": 54.09, '"LL12'": 33.75, '"FG-4526AL'": 8.65}","{170,170,170,170,170,170,170,170,170,150,150}",90,{125},83.3333,94167,133.65,{5230AL},,,7,2025-03-12,2024-12-02 22:45:00,2024-12-03 00:15:00
1211,5,250,244.2500,"PHIL-TOP INDUSTRIES, INC.",15500,KA14303E,39582,1.97,"{'"2024-08-21 22:30:00'"}","{'"2024-08-22 00:28:00'"}",97.7,5.75,2.3,0,LDPE(HMI),WATER USE NAWASA,STANDARD,20,380,40/40,NONOY,Julius Fundano,"{'"L28'": 12.5, '"L37'": 14.0, '"W33'": 25.75, '"K907'": 100.375, '"LL31'": 87.5, '"R119'": 8.0, '"R129'": 1.875}","{170,170,170,170,170,160,160,160,160,150,150}",0,{244.25},123.9848,92334,250.0,"{9730AK-9733AK,9734AK}",,,0,2025-03-12,2024-08-21 22:30:00,2024-08-22 00:28:00
1214,1,200,212.6000,TERUMO (PHILS.) CORPORATION,15828,GA14433E,40488,8.5,"{'"2025-03-04 08:00:00'",'"2025-03-04 09:00:00'",'"2025-03-04 10:00:00'",'"2025-03-04 11:00:00'",'"2025-03-04 12:00:00'",'"2025-03-04 13:00:00'",'"2025-03-04 14:00:00'",'"2025-03-04 15:00:00'",'"2025-03-04 16:00:00'"}","{'"2025-03-04 09:00:00'",'"2025-03-04 10:00:00'",'"2025-03-04 11:00:00'",'"2025-03-04 12:00:00'",'"2025-03-04 13:00:00'",'"2025-03-04 14:00:00'",'"2025-03-04 15:00:00'",'"2025-03-04 16:00:00'",'"2025-03-04 16:30:00'"}",98.8377,2.5,1.1623,GA17516E,PP,"3mmX3mm PELLETIZER SIZE

WAITING FOR MAINTENANCE BIGLA NALANG NAMATAY ANG MGA ILAW DI MAKAPAG RUN KASE MADILIM",STANDARD,80,250,40/40,Edsel Mangarin,Julius Fundano,"{'"W8'": 2.2, '"G22'": 1.8, '"G40'": 0.575, '"L28'": 10.0, '"L37'": 10.0, '"Y98'": 2.9, '"T-RESIN'": 172.525, '"FG-7976AL'": 15.1}","{180,200,180,180,180,180,180,180,180,180}",75,"{25,25,25,25,25,25,25,25,12.6}",25.0118,95321,215.1,"{9004AL-9005AL,9006AL-9010AL,9011AL}",,,11,2025-03-12,2025-03-04 08:00:00,2025-03-04 16:30:00
1215,1,100,105.3000,TERUMO (PHILS.) CORPORATION,13469,OA14430E,40486,4.2,"{'"2025-03-03 12:00:00'",'"2025-03-03 13:00:00'",'"2025-03-03 14:00:00'",'"2025-03-03 15:00:00'",'"2025-03-03 16:00:00'"}","{'"2025-03-03 13:00:00'",'"2025-03-03 14:00:00'",'"2025-03-03 15:00:00'",'"2025-03-03 16:00:00'",'"2025-03-03 16:12:00'"}",98.4112,1.7,1.5888,TA14363E,PP,3mmX3mm Pelletizer Size,STANDARD,80,250,40/40,Edsel Mangarin,Julius Fundano,"{'"W8'": 2.0, '"L28'": 2.0, '"L37'": 5.0, '"O57'": 2.0, '"T-RESIN'": 86.0, '"FG-5013AL'": 7.0, '"DP-C17197E'": 1.5, '"DP-Y17205E'": 1.5}","{180,200,180,180,180,180,180,180,180,180}",78,"{25,25,25,25,5.3}",25.0714,95317,107.0,"{9000AL-9002AL,9003AL}",,,3,2025-03-12,2025-03-03 12:00:00,2025-03-03 16:12:00
1216,3,750,741.7700,METRO CONTAINER CORPORATION,0,GA17119E,40099,20.83,"{'"2024-12-16 16:10:00'",'"2024-12-16 18:00:00'",'"2024-12-16 18:00:00'"}","{'"2024-12-16 18:00:00'",'"2024-12-17 03:30:00'",'"2024-12-17 03:30:00'"}",98.9027,8.23,1.0973,GA16014E,LDPE(HMI),"P. MC#10
S. MC#8

12-16-2024
CHANGE F.RATE-8.0
RPM-25
OVERFLOW ON VACCUM

12-12-2024
0500-0600 FOR B-TIME

* KUMUKULAY SA TUBIG		",STANDARD,8.6,25,40/40,Edsel Mangarin,Julius Fundano,"{'"C19'": 0.15, '"L28'": 5.25, '"L37'": 3.75, '"LL6'": 39.075, '"B107'": 5.1, '"K907'": 21.675, '"5607AL-5620AL'": 675.0}","{160,130,130,140,140,150,150}",90,"{120,605,16.77}",35.6107,94452,750.0,{6020AL-6034AL},,,8,2025-03-13,2024-12-16 16:10:00,2024-12-17 03:30:00
1228,3,500,515.6600,EVERGOOD PLASTIC INDUSTRY INC.,15696,YA5993E,40253,10.47,"{'"2025-01-08 13:10:00'",'"2025-01-08 18:00:00'"}","{'"2025-01-08 18:00:00'",'"2025-01-08 23:38:00'"}",98.3108,8.86,1.6892,GA5520E,LDPE(HMI),"CHANGE F.RATE 8.6
RPM 30/32
MALUTONG ANG STRAND LUMILIIT LUMALAKI NAPUPUTOL AGAD PAG MABILIS",STANDARD,8.3,28,40/40,Arnel Rosario,Julius Fundano,"{'"L28'": 25.25, '"L37'": 25.25, '"O60'": 7.8275, '"W35'": 70.7, '"Y89'": 68.175, '"K907'": 131.0475, '"LL31'": 176.75, '"FG-2958AL'": 8.0, '"FG-5642AL'": 11.52}","{150,140,140,150,150,150,150}",117,"{245,270.66}",49.2512,94579,524.52,"{6317AL-6326AL,6327AL}",,,8,2025-03-24,2025-01-08 13:10:00,2025-01-18 23:38:00
1229,3,250,254.6100,"PHIL-TOP INDUSTRIES, INC.",15499,BA14304E,40246,8.33,"{'"2025-01-08 07:00:00'",'"2025-01-08 07:00:00'"}","{'"2025-01-08 11:10:00'",'"2025-01-08 11:10:00'"}",97.9269,5.39,2.0731,YA5593E,LDPE(HMI),"CHANGE F.RATE 8.3
RPM 20
OVERFLOW ON VENT FORT",STANDARD,3.8,20,40/40,Arnel Rosario,Julius Fundano,"{'"W8'": 57.2, '"L28'": 13.0, '"L37'": 14.559999999999999, '"B107'": 2.288, '"K907'": 81.952, '"LL31'": 91.0}","{150,120,120,140,140,150,150}",120,"{238.7,15.91}",30.5654,94549,260.0,"{6268AL-6271AL,6272AL,6273AL}",,,10,2025-03-24,2025-01-08 07:00:00,2025-01-08 11:10:00
1230,3,25,27.2200,I TUNG PLASTIC MOULD ENGINEERING COMPANY,0,KA16155E,40224,0.33,"{'"2025-01-07 08:00:00'"}","{'"2025-01-07 08:20:00'"}",95.7439,1.21,4.2561,GA4440E,LDPE(HMI),"0730-0800
WAITING FOR COMPOUNDED",STANDARD,8.3,20,40/40,Arnel Rosario,Julius Fundano,"{'"R115'": 0.001706, '"6181AL'": 28.43}","{150,140,140,150,150,140,140}",20,{27.22},82.4848,94571,28.43,{6314AL},,,7,2025-03-24,2025-01-07 08:00:00,2025-01-07 10:00:00
1232,3,250,255.9300,"PHIL-TOP INDUSTRIES, INC.",15919,GA16127E,40247,4.08,"{'"2025-01-07 13:00:00'"}","{'"2025-01-07 17:05:00'"}",98.6243,3.57,1.3757,GA15496E,LDPE(HMI),"CHANGE F.RATE 7.6-8.3
RPM 38/40
OVERFLOW ON VENT",STANDARD,7.3,25,40/40,Arnel Rosario,"","{'"G40'": 0.5654, '"L28'": 12.85, '"L37'": 12.85, '"P26'": 12.85, '"B107'": 0.1285, '"K907'": 77.1, '"LL12'": 140.6561, '"11-7035AK'": 2.5}","{150,120,120,140,140,150,150}",45,{255.93},62.7279,94567,259.5,"{6301AL-6304AL,6305AL,6306AL}",,,16,2025-03-24,2025-01-07 13:00:00,2025-01-07 17:05:00
1233,3,200,201.2000,"PHIL-TOP INDUSTRIES, INC.",15922,GA15496E,40249,3.12,"{'"2025-01-07 18:45:00'"}","{'"2025-01-07 21:52:00'"}",95.8095,8.8,4.1905,BA15494E,LDPE(HMI),"VACUUM AND VENT PORT
OVERFLOW
CHANGE RPM 32 TO 22
F.RATE CHANGE 9.5 TO 7.5",STANDARD,7.5,22,40/40,Arnel Rosario,Julius Fundano,"{'"C19'": 0.273, '"G40'": 0.105, '"L28'": 10.5, '"L37'": 7.35, '"W33'": 34.440000000000005, '"K907'": 81.31199999999998, '"LL12'": 73.5, '"Y127'": 2.52}","{150,150,140,140,140,150,150}",123,{201.2},64.4872,94559,210.0,"{6286AL-6288AL,6289AL,6290AL}",,,13,2025-03-24,2025-01-07 18:45:00,2025-01-07 21:52:00
1217,8,2500,2450.0000,SAN MIGUEL YAMAMURA PACKAGING CORPORATION,15769,RA9825E,39990,30.75,"{'"2024-11-11 19:00:00'",'"2024-11-13 07:30:00'",'"2024-11-13 18:00:00'",'"2024-11-14 06:00:00'"}","{'"2024-11-12 00:00:00'",'"2024-11-13 18:00:00'",'"2024-11-14 05:00:00'",'"2024-11-14 10:15:00'"}",96.0551,100.62,3.9449,0,LDPE(HMI),"SHUT OFF - 0000

11/13/2024 CHANGE SETTING FOR ECON

0500- HEAT UP 	",STANDARD,10,400,40/40,Arnel Rosario,Julius Fundano,"{'"I24'": 125.613, '"L28'": 123.15, '"L37'": 123.15, '"LL6'": 862.05, '"K907'": 1132.98, '"R115'": 96.057, '"QCEXCESS'": 21.83, '"1-RA9825E'": 0.14, '"16-1318AE'": 2.4, '"16-3316AE'": 3.0, '"16-3501AE'": 1.74, '"16-4179AE'": 1.81, '"24-1111AF'": 1.71, '"FG-1892AF'": 14.98, '"FG-RA9825E'": 27.79, '"FG-QCEXCESS'": 12.22}","{200,200,180,180,170,170,170,170,160,160,160,160}",0,"{400,840,880,330}",79.6748,93787,2550.62,"{3921AL-3969AL,3970AL-3971AL}",,,0,2025-03-15,2024-11-11 09:30:00,2024-11-14 10:15:00
1218,3,2000,1994.0000,SAN MIGUEL YAMAMURA PACKAGING CORPORATION,15375,CA5402E,39398,58.83,"{'"2024-07-19 10:00:00'",'"2024-07-19 18:00:00'",'"2024-07-20 06:00:00'",'"2024-07-20 11:00:00'",'"2024-07-20 18:00:00'",'"2024-07-22 06:30:00'",'"2024-07-22 18:00:00'"}","{'"2024-07-19 18:00:00'",'"2024-07-20 06:00:00'",'"2024-07-20 08:00:00'",'"2024-07-20 18:00:00'",'"2024-07-21 06:00:00'",'"2024-07-22 18:00:00'",'"2024-07-23 00:20:00'"}",99.2534,15.0,0.7466,0,LDPE(HMI),"7/19/2024
CA8905E 
0600-1000- PRODUCTION CUT
HINDI MAITAKBO NG MAAYOS 
NO-OUTPUT

7/20/2024
0800-PRODUCTION STOP PROCEED TO CA8905E TRIAL.",STANDARD,3.8,9,40,Arnel Rosario,Julius Fundano,"{'"J5'": 200.9, '"C25'": 795.96, '"C30'": 66.0, '"L37'": 56.25200000000001, '"LB1'": 170.1, '"LB2'": 131.25, '"K907'": 113.4, '"K910'": 87.5, '"LL31'": 387.638}","{150,150,140,110,110,115,120}",0,"{272,420,68,238,385,391,220}",33.8943,91770,2009.0,"{8268AK-8289AK,8290AK,8298AK-8301AK,8302AK-8314AK,8315AK}",,,0,2025-03-18,2024-07-19 10:00:00,2024-07-22 00:20:00
1221,3,4000,1605.1700,SAN MIGUEL YAMAMURA PACKAGING CORPORATION,15379,CA8905E,39318,66.95,"{'"2024-07-31 11:00:00'",'"2024-07-31 13:00:00'",'"2024-07-31 22:00:00'",'"2024-08-02 14:50:00'",'"2024-08-03 13:45:00'",'"2024-08-03 18:00:00'",'"2024-08-05 06:45:00'"}","{'"2024-07-31 13:00:00'",'"2024-07-31 22:00:00'",'"2024-08-02 06:00:00'",'"2024-08-02 16:10:00'",'"2024-08-03 18:00:00'",'"2024-08-04 04:07:00'",'"2024-08-05 15:00:00'"}",40.1292,2394.83,59.8707,SA7726E,LDPE(HMI),"",STANDARD,3.8,9,40,Joel Miras,Julius Fundano,"{'"J5'": 400.0, '"C31'": 1800.0, '"L37'": 112.0, '"LB2'": 600.0, '"K907'": 808.0, '"LL31'": 280.0}","{180,170,160,110,110,120,135}",150,"{74,333,222,50,159,407,360.17}",23.9757,91794,4000.0,{8372AK-8451AK},,,18,2025-03-19,2024-07-31 11:00:00,2024-08-02 06:00:00
1222,3,4000,2321.0000,SAN MIGUEL YAMAMURA PACKAGING CORPORATION,15379,CA8905E,39318,66.0,"{'"2024-07-23 23:20:00'",'"2024-07-24 06:00:00'",'"2024-07-25 06:40:00'",'"2024-07-25 18:00:00'",'"2024-07-26 06:00:00'",'"2024-07-26 18:00:00'",'"2024-07-27 06:00:00'"}","{'"2024-07-24 06:00:00'",'"2024-07-24 12:00:00'",'"2024-07-25 18:00:00'",'"2024-07-26 06:00:00'",'"2024-07-26 18:00:00'",'"2024-07-27 06:00:00'",'"2024-07-27 12:00:00'"}",58.025,1679.0,41.975,IA1770E,LDPE(HMI),"CHANGE SETTING
AMP REACH TO 73-76
RPM 9
F.RATE 3.8
Z1-180
Z2-170
Z3-160
Z4-5-110
Z6-120
DH-135

12:00 PRODUCTION STOP PROCEED MC#3

07/26/2024 START
BAG#25 LOT#8892AK MAY HALO NA

7/27/24 
12:00 PRODUCTION CUT 	
PROCEED MC#3

07/26/24 START 
BAG#25 LOT#8892AK 
MAY HALO NA

07/27/2024 12:00 PRODUCTION CUT

8453AK- CORR = 691 PROD CUT",STANDARD,3.8,9,40,Joel Miras,Julius Fundano,"{'"J5'": 400.0, '"C31'": 1800.0, '"L37'": 112.0, '"LB2'": 600.0, '"K907'": 808.0, '"LL31'": 280.0}","{180,170,160,110,140,130,135}",150,"{196,222,419,410,444,410,220}",35.1667,91794,4000.0,{8372AK-8451AK},,,13,2025-03-19,2024-07-23 23:20:00,2024-07-27 12:00:00
1223,3,2700,2675.0000,SAN MIGUEL YAMAMURA PACKAGING CORPORATION,15349,CA8905E,39318,65.25,"{'"2024-07-09 23:45:00'",'"2024-07-10 06:00:00'",'"2024-07-10 18:00:00'",'"2024-07-11 06:00:00'",'"2024-07-11 18:00:00'",'"2024-07-12 06:00:00'"}","{'"2024-07-10 06:00:00'",'"2024-07-10 18:00:00'",'"2024-07-11 06:00:00'",'"2024-07-11 18:00:00'",'"2024-07-12 06:00:00'",'"2024-07-12 17:00:00'"}",99.0741,25.0,0.9259,BA9910E,LDPE(HMI),"CHANGE RPM TO 9
F.RATE 3.5-4.5

CHANGE SETTING AMP REACH TO 70-75 AUTO ALARM

COMPOUNDED C-31 PELLET USED

SETTING 
Z1-170
Z2-160
Z3-160
Z4-150
Z5-Z6-120
DH-130

13 + DIESEL",STANDARD,4.3,9,40,Joel Miras,Julius Fundano,"{'"J5'": 270.0, '"C31'": 1215.0, '"L37'": 75.6, '"LB1'": 405.0, '"K907'": 545.4, '"LL31'": 189.0}","{150,150,150,150,150,130,130}",60,"{222,516,475,516,475,471}",40.9962,91629,2700.0,{7899AK-7952AK},,,8,2025-03-19,2024-07-09 23:45:00,2024-07-12 17:00:00
1224,3,4600,4569.3500,SAN MIGUEL YAMAMURA PACKAGING CORPORATION,14682,CA5402E,39307,157.08,"{'"2024-07-02 18:30:00'",'"2024-07-03 06:00:00'",'"2024-07-03 10:50:00'",'"2024-07-03 18:00:00'",'"2024-07-03 06:00:00'",'"2024-07-04 18:00:00'",'"2024-07-05 06:00:00'",'"2024-07-05 18:00:00'",'"2024-07-06 06:00:00'",'"2024-07-06 18:00:00'",'"2024-07-08 06:30:00'",'"2024-07-08 13:35:00'",'"2024-07-09 06:30:00'",'"2024-07-09 18:00:00'"}","{'"2024-07-03 06:00:00'",'"2024-07-03 10:15:00'",'"2024-07-03 13:00:00'",'"2024-07-04 06:00:00'",'"2024-07-04 18:00:00'",'"2024-07-05 06:00:00'",'"2024-07-05 18:00:00'",'"2024-07-06 06:00:00'",'"2024-07-06 18:00:00'",'"2024-07-07 06:00:00'",'"2024-07-08 13:00:00'",'"2024-07-08 22:00:00'",'"2024-07-09 18:00:00'",'"2024-07-09 22:45:00'"}",99.3337,30.65,0.6663,CA8905E,LDPE(HMI),"7/3/2024 TO CMA NO PURGING CA5402E C/O SIR ERNIE 1015-1050= 12.4KGS
",STANDARD,3.8,9,40,Arnel Rosario,Julius Fundano,"{'"J5'": 460.0, '"C25'": 2024.0, '"L14'": 128.8, '"LB2'": 690.0, '"K910'": 460.0, '"LL31'": 837.2}","{150,150,150,150,150,130,130}",60,"{352,150,250,375,420,374,420,374,420,375,220,300,374,165.35}",29.0893,91502,4600.0,"{7421AK-7460AK,7461AK-7512AK}",,,7,2025-03-21,2024-07-02 18:30:00,2024-07-03 13:00:00
1225,3,125,134.2700,"EVEREST PLASTIC CONTAINERS IND., INC.",15690,OA8984E,40260,2.25,"{'"2025-01-09 16:45:00'",'"2025-01-09 18:00:00'"}","{'"2025-01-09 18:00:00'",'"2025-01-09 19:00:00'"}",98.7279,1.73,1.2721,IA17363E,LDPE(HMI),"",STANDARD,3.8,35,40/40,Arnel Rosario,Julius Fundano,"{'"L28'": 6.8, '"L37'": 6.8, '"LL6'": 47.6, '"O60'": 8.704, '"W35'": 13.6, '"K907'": 51.5848, '"R103'": 0.9112}","{150,130,130,150,150,150,150}",120,"{80,54.27}",59.6756,94605,136.0,"{6404AL-6405AL,6406AL}",,,17,2025-03-24,2025-01-09 16:45:00,2025-01-09 19:00:00
1226,3,250,256.1400,ALPHATECH DEVELOPMENT CORPORATION,15923,GA8074E,40258,7.75,"{'"2025-01-09 04:35:00'",'"2025-01-09 06:00:00'",'"2025-01-09 06:00:00'"}","{'"2025-01-09 05:00:00'",'"2025-01-09 09:40:00'",'"2025-01-09 09:40:00'"}",98.5154,3.86,1.4846,IA4921E,LDPE(HMI),"F.RATE 8
RPM 25
OVERFLOW ON VENT FORT",STANDARD,8,25,40/40,Arnel Rosario,Julius Fundano,"{'"W8'": 5.2, '"G40'": 2.184, '"L28'": 20.8, '"L37'": 20.8, '"LL6'": 91.0, '"K907'": 115.96000000000001, '"Y117'": 4.056}","{150,120,120,150,150,150,160}",100,"{25,210,21.14}",33.0503,94588,260.0,"{6328AL-6330AL,6331AL,6332AL,6343AL}",,,10,2025-03-24,2025-01-09 04:35:00,2025-01-09 09:40:00
1227,3,250,254.7000,"EVEREST PLASTIC CONTAINERS IND., INC.",15756,GA4921E,40261,3.42,"{'"2025-01-09 11:20:00'"}","{'"2025-01-09 14:45:00'"}",97.3438,6.95,2.6562,OA8984E,LDPE(HMI),"",STANDARD,8.9,28,40/40,Arnel Rosario,Julius Fundano,"{'"G40'": 1.4999999999999998, '"L28'": 7.5, '"L37'": 7.5, '"W35'": 24.875, '"Y89'": 8.25, '"K907'": 72.87499999999999, '"LL31'": 125.0, '"Y118'": 2.5, '"4230AL'": 3.7, '"4259AL'": 1.38, '"FG-3624AL'": 6.57}","{150,130,130,140,140,150,150}",120,{254.7},74.4737,94608,261.65,"{6407AL-6410AL,6411AL,6412AL}",,,11,2025-03-24,2025-01-09 11:20:00,2025-01-09 14:45:00
1234,3,250,249.9500,"PHIL-TOP INDUSTRIES, INC.",15921,BA15494E,40250,4.67,"{'"2025-01-07 23:55:00'"}","{'"2025-01-08 04:35:00'"}",96.4388,9.23,3.5612,BA14304E,LDPE(HMI),"VACUUM & VENTR PORT
OVERFLOW 
NAGPUPUTOL PAG MABILIS ANG SPEED
CHANGE RPM 25 TO 22
CHANGE F.RATE 8 TO 9

NO OVERSIZE",STANDARD,9.0,22,40/40,Joel Miras,Julius Fundano,"{'"C19'": 0.3084, '"G40'": 0.7196000000000001, '"L28'": 12.85, '"L37'": 8.995000000000001, '"W35'": 51.4, '"B107'": 0.17990000000000003, '"K907'": 92.5971, '"LL12'": 89.95, '"27-7765AK'": 2.18}","{150,150,130,130,140,140,150}",145,{249.95},53.5225,94556,259.18,"{6280AL-6283AL,6284AL,6285AL}",,,10,2025-03-24,2025-01-07 23:55:00,2025-01-08 04:35:00
1235,3,500,507.9300,SAN MIGUEL YAMAMURA PACKAGING CORPORATION,15510,SA11780E,40251,8.3,"{'"2025-01-06 08:30:00'",'"2025-01-06 13:00:00'",'"2025-01-06 16:30:00'"}","{'"2025-01-06 13:00:00'",'"2025-01-06 16:30:00'",'"2025-01-06 16:48:00'"}",98.6272,7.07,1.3728,KA14303E,LDPE(HMI),"1-6-2025
CHANGE F.RATE 6.7-7.0
RPM 20
OVERFLOW ON VACUUM",STANDARD,6.7,20,40/40,Arnel Rosario,Julius Fundano,"{'"C19'": 1.2360000000000002, '"L28'": 25.75, '"L37'": 18.025000000000002, '"T22'": 30.900000000000002, '"B107'": 0.18025000000000002, '"K907'": 258.65875, '"LL12'": 180.25}","{150,140,140,150,150,150,150}",117,"{273,221.93,13}",61.1964,94570,515,"{6291AL-6293AL,6294AL,6307AL-6311AL,6312AL,6313AL}",,,11,2025-03-25,2025-01-06 08:30:00,2025-01-06 16:48:00
1236,3,250,255.3000,"PHIL-TOP INDUSTRIES, INC.",15500,KA14303E,40245,18.75,"{'"2025-01-06 18:45:00'",'"2025-01-06 22:00:00'"}","{'"2025-01-06 22:00:00'",'"2025-01-06 00:00:00'"}",98.1583,4.79,1.8417,KA161322E,LDPE(HMI),"OVERFLOW ON F.DER
VACUUM PORT
CHANGE F.RATE 12-10
RPM 30-25		",STANDARD,10,25,40/40,Arnel Rosario,Julius Fundano,"{'"L28'": 12.65, '"L37'": 14.168, '"W33'": 26.059, '"K907'": 101.5795, '"LL31'": 88.55, '"R119'": 8.096, '"R129'": 1.8975, '"5-9102AK'": 3.22, '"5-9984AK'": 3.87}","{150,150,140,140,140,140,140}",98,"{160,95.3}",13.616,94552,260.09,"{6274AL-6277AL,6278AL,6279AL}",,,14,2025-03-25,2025-01-06 18:45:00,2025-01-06 00:00:00
1238,5,1250,1243.4600,"EVEREST PLASTIC CONTAINERS IND., INC.",15874,KA2871E,40298,13.92,"{'"2025-01-18 20:20:00'",'"2025-01-20 08:00:00'"}","{'"2025-01-19 06:00:00'",'"2025-01-20 12:15:00'"}",98.6873,16.54,1.3127,0,LDPE(HMI),VACUUM ON,STANDARD,20,350,40/40,NONOY,Julius Fundano,"{'"W8'": 264.222, '"L28'": 63.0, '"L37'": 63.0, '"LL6'": 441.0, '"K907'": 419.0256, '"R119'": 7.938, '"R129'": 0.3024, '"Y127'": 1.512}","{160,160,160,160,150,150,150,150,150,150,150}",0,"{861,382.46}",89.329,94716,1260.0,"{6920AL-6943AL,6944AL,6945AL}",,,0,2025-03-25,2025-01-18 20:20:00,2025-01-20 12:15:00
1239,5,125,121.4000,"MOLDEX PRODUCTS, INC.",15959,GA3933E,40278,1.67,"{'"2025-01-22 07:30:00'"}","{'"2025-01-22 09:10:00'"}",97.12,3.6,2.88,0,PP,"",STANDARD,15,300,40/40,NONOY,Julius Fundano,"{'"AO8'": 0.125, '"AO9'": 0.125, '"G40'": 6.0, '"L28'": 3.75, '"L37'": 3.75, '"W35'": 15.0, '"Y53'": 12.625, '"PP14'": 83.625}","{180,200,180,180,180,180,180}",0,{121.4},72.6946,94779,125.0,{7046AL-7050AL},,,0,2025-03-25,2025-01-22 07:30:00,2025-01-22 09:10:00
1241,5,550.3,534.7600,Everbright Net & Twine,15582,IA1770E,40268,13.67,"{'"2025-01-14 08:20:00'",'"2025-01-14 18:00:00'",'"2025-01-14 18:00:00'"}","{'"2025-01-14 18:00:00'",'"2025-01-14 20:00:00'",'"2025-01-14 20:00:00'"}",118.7564,-84.46,-18.7564,KA2871E,LDPE(HMI),"FEEDER & VACUUM OVERFLOW
VACUUM ON
CHANGE RPM 380-350
CHANGE F.RATE 160-140-125

WITH DIESEL",STANDARD,12.5,350,60/60,Joel Miras,Julius Fundano,"{'"C19'": 1.7000000000000002, '"L28'": 12.75, '"L37'": 14.875, '"LL6'": 227.8, '"O60'": 97.75, '"K907'": 70.125, '"FG-3908AL'": 7.3, '"FG-4898AL'": 18.0}","{160,160,160,160,160,160,160,160,160,150,150}",120,"{440,60,34.76}",39.1192,94622,450.3,"{6431AL-6446AL,6447AL}",,,21,2025-03-26,2025-01-14 08:20:00,2025-01-14 20:00:00
1242,1,100,97.3700,In House,12727,GA2595E,40314,5.83,"{'"2025-01-18 10:10:00'"}","{'"2025-01-18 16:00:00'"}",97.37,2.63,2.63,RA15449E,PET,"VACUUM ON /COIL SCREW
NO AGIGATOR/90-100PPG",STANDARD,80,230,40/40,Aldrin Villacrusis,Julius Fundano,"{'"B93'": 1.6625, '"Y121'": 0.4275, '"6015AK'": 5.0, '"LL60 POWDER'": 92.91}","{210,220,220,220,220,220,220,220,220,220}",120,{97.37},16.7015,94732,100.0,{6983AL-6986AL},,,10,2025-03-26,2025-01-18 10:10:00,2025-01-18 16:00:00
1243,1,50,54.1700,GENSTAR MANUFACTURING CORP.,15596,BA13023E,40349,4.67,"{'"2025-01-30 13:20:00'"}","{'"2025-01-30 18:00:00'"}",98.4909,0.83,1.5091,0,LDPE(HMI),"OVERFLOW ON FEEDER PORT
RPM 400
FEEDRATE 80-40

1800 SHUT OFF",STANDARD,40,400,40/40,Aldrin Villacrusis,Julius Fundano,"{'"C19'": 0.5225, '"L28'": 2.75, '"L37'": 1.925, '"LL6'": 19.25, '"W35'": 2.2, '"B106'": 7.7, '"B107'": 1.925, '"K907'": 18.7275}","{170,200,200,160,160,160,160,150,150,150}",0,{54.17},11.5996,94970,55.0,{7569AL},,,0,2025-03-26,2025-01-30 13:20:00,2025-01-30 18:00:00
1245,3,500,511.8000,"ATLANTA INDUSTRIES, INC.",0,WA6947E,40359,10.83,"{'"2025-01-28 08:45:00'",'"2025-01-28 18:00:00'"}","{'"2025-01-28 18:00:00'",'"2025-01-28 19:35:00'"}",99.3786,3.2,0.6214,UA8910E,PP,"",STANDARD,8.2,26,40/40,Joel Miras,Julius Fundano,"{'"W8'": 20.6, '"I24'": 0.05665, '"L28'": 19.57, '"L37'": 11.844999999999999, '"Y76'": 0.10300000000000001, '"PP14 POWDER'": 153.82535000000001, '"WA15192E(2481AK)'": 240.0, '"WA15192E(2483AK)'": 69.0}","{180,200,180,180,180,180,180}",115,"{414,97.8}",47.2576,95299,515.0,"{7411AL-7414AL,7415AL}",,,13,2025-03-26,2025-01-28 08:45:00,2025-01-28 19:35:00
1246,1,200,202.6000,Incon Industrial Corporation,15977,OA14302E,40348,8.33,"{'"2025-01-25 11:30:00'",'"2025-01-25 18:00:00'"}","{'"2025-01-25 18:00:00'",'"2025-01-25 19:50:00'"}",98.8293,2.4,1.1707,OA17117E,LDPE(HMI),"",STANDARD,90,400,40/40,Edsel Mangarin,Julius Fundano,"{'"L28'": 10.25, '"L37'": 10.25, '"LL6'": 71.75, '"O57'": 0.35875, '"W33'": 13.735000000000001, '"Y98'": 1.025, '"K907'": 97.63125}","{120,140,150,150,150,150,150,150,140,140}",80,"{160,42.6}",24.3217,94881,205.0,"{7343AL-7345AL,7346AL}",,,11,2025-03-26,2025-01-25 11:30:00,2025-01-25 19:50:00
1248,5,1750,1759.2200,"EVEREST PLASTIC CONTAINERS IND., INC.",15616,BA9159E,40338,23.83,"{'"2025-01-28 01:10:00'",'"2025-01-28 06:15:00'",'"2025-01-28 18:00:00'",'"2025-01-29 01:40:00'"}","{'"2025-01-28 05:00:00'",'"2025-01-28 18:00:00'",'"2025-01-29 01:40:00'",'"2025-01-29 02:15:00'"}",99.111,15.78,0.889,KA17488E,LDPE(HMI),"",STANDARD,200,380,40/40,Arjie Galgo,Julius Fundano,"{'"G40'": 1.775, '"L28'": 88.75, '"L37'": 88.75, '"W35'": 56.8, '"B107'": 2.3075, '"K907'": 915.3675000000001, '"LL12'": 621.25}","{170,170,170,170,170,170,160,160,160,150,150}",120,"{265,885,575,34.22}",73.8238,94841,1775.0,"{7251AL-7285AL,7286AL}",,,11,2025-03-26,2025-01-28 06:15:00,2025-01-29 02:15:00
1249,1,75,79.3400,"ZELLER PLASTIK PHILIPPINES, INC.",15962,GA4440E,40369,3.67,"{'"2025-01-29 16:00:00'"}","{'"2025-01-29 19:40:00'"}",99.175,0.66,0.825,GA1225E,PP,"",STANDARD,80,400,40/40,NONOY,Julius Fundano,"{'"W8'": 0.04, '"G40'": 0.236, '"L37'": 4.0, '"Y118'": 2.4, '"PP14 POWDER'": 73.324}","{180,200,180,180,180,180,180,180,180,180}",80,{79.34},21.6185,94949,80.0,"{7523AL-7524AL,7525AL}",,,5,2025-03-26,2025-01-29 16:00:00,2025-01-29 19:40:00
1250,5,505,502.0000,"MOLDEX PRODUCTS, INC.",0,GA3933E,40278,7.67,"{'"2025-01-22 09:20:00'"}","{'"2025-01-22 17:00:00'"}",99.4059,3.0,0.5941,GA16778E,PP,"",STANDARD,15,300,40/40,NONOY,Julius Fundano,"{'"AO8'": 0.0877, '"AO9'": 0.0877, '"G40'": 5.0442, '"L28'": 2.6310000000000002, '"L37'": 2.6310000000000002, '"W35'": 6.351, '"Y53'": 9.06635, '"PP14'": 61.80105, '"6667AL'": 17.3, '"6658AL-6666AL'": 225.0, '"6744AL-6750AL'": 175.0}","{180,200,180,180,180,180,180}",120,{502},65.4498,94803,505.0,"{7072AL-7080AL,7081AL,7082AL-7088AL}",,,6,2025-03-26,2025-01-22 09:20:00,2025-01-22 19:00:00
1251,5,360,356.6000,SAN MIGUEL YAMAMURA PACKAGING CORPORATION,12574,TA11781E,40266,5.33,"{'"2025-01-11 07:00:00'"}","{'"2025-01-11 12:20:00'"}",99.0556,3.4,0.9444,0,LDPE(HMI),"CHANGE FEEDRATE 6
RPM 380
OVERFLOW FEEDER",STANDARD,6,380,40/40,Arjie Galgo,Julius Fundano,"{'"C19'": 7.2, '"L28'": 18.0, '"L37'": 18.0, '"P39'": 18.0, '"T22'": 21.6, '"K907'": 150.3, '"LL12'": 126.0, '"R119'": 0.9}","{170,170,170,170,160,160,160,160,160,150,150}",0,{356.6},66.9043,94620,360.0,"{6423AL-6428AL,6429AL-6430AL}",,,0,2025-03-26,2025-01-11 07:00:00,2025-01-11 12:20:00
1252,5,100,75.0000,SAN MIGUEL YAMAMURA PACKAGING CORPORATION,15839,TA11781E,40266,1.67,"{'"2025-01-11 12:20:00'"}","{'"2025-01-11 14:00:00'"}",75.0,25.0,25.0,SA14369E,LDPE(HMI),"",STANDARD,15,250,40/40,Arnel Rosario,Julius Fundano,"{'"C19'": 2.0, '"L28'": 5.0, '"L37'": 3.5, '"LL6'": 20.0, '"P39'": 5.0, '"T22'": 6.0, '"K907'": 43.25, '"LL52'": 15.0, '"R119'": 0.25}","{170,170,170,170,160,160,160,160,160,150,150}",120,{75},44.9102,94618,100.0,{6421AL-6422AL},,,10,2025-03-26,2025-01-11 12:20:00,2025-01-11 14:00:00
1253,1,25,28.4300,I TUNG PLASTIC MOULD ENGINEERING COMPANY,0,KA16155E,40224,1.17,"{'"2025-01-02 15:50:00'"}","{'"2025-01-02 17:00:00'"}",97.5635,0.71,2.4365,GA6246E,LDPE(HMI),"",STANDARD,80,380,40/40,Joel Miras,Julius Fundano,"{'"W33'": 0.2312, '"R115'": 0.013005, '"6041AL'": 28.9}","{120,140,150,150,150,150,150,150,140,140}",95,{28.43},24.2991,94518,29.14,{6181AL},,,15,2025-03-26,2025-01-02 15:50:00,2025-01-02 03:35:00
1255,1,33,33.0000,PLASTIMER INDUSTRIAL CORP.,0,GA6246E,40257,1.25,"{'"2025-01-29 13:20:00'"}","{'"2025-01-29 14:35:00'"}",100.0,0.0,0.0,GA4440E,LDPE(HMI), VACUUM ON,STANDARD,80,400,40/40,NONOY,Julius Fundano,"{'"W8'": 0.4, '"C19'": 0.0048, '"G40'": 0.22, '"L28'": 0.4, '"L37'": 0.4, '"Y98'": 0.96, '"B106'": 0.004, '"K907'": 0.8, '"6487AL'": 25.0, '"PP14 POWDER'": 4.8112}","{180,200,180,180,180,180,180,180,180,180,180}",85,{33},26.4,94919,33.0,{7380AL},,,3,2025-03-26,2025-01-29 14:35:00,2025-01-29 16:00:00
1256,5,425,425.0000,Universal Robina Corporation,0,IA17363E,40259,9.05,"{'"2025-01-17 14:45:00'",'"2025-01-17 18:00:00'",'"2025-01-18 06:30:00'"}","{'"2025-01-17 18:00:00'",'"2025-01-17 21:18:00'",'"2025-01-18 09:00:00'"}",97.6854,10.07,2.3146,0,PP,"VACUUM ON 
BASA ANG PELLET PAG MABILIS ANG SPEED

1-17-2025
PRODUCTION CUT	",STANDARD,80,250,60/60,Edsel Mangarin,Julius Fundano,"{'"C19'": 1.37408, '"I24'": 4.2940000000000005, '"6726AL-6741AL'": 395.0, '"6741AL-6742AL'": 34.4}","{180,200,180,180,180,180,180}",0,"{160,165,100}",46.9613,94706,435.07,"{6871AL-6886AL,6887AL}",,,0,2025-03-26,2025-01-17 14:45:00,2025-01-18 09:00:00
1257,5,300,251.0500,GENSTAR MANUFACTURING CORP.,15596,BA13023E,40349,4.58,"{'"2025-01-26 01:50:00'",'"2025-01-27 07:00:00'"}","{'"2025-01-26 05:00:00'",'"2025-01-27 08:25:00'"}",97.3062,6.95,2.6938,BA12615E,LDPE(HMI),"OVERFLOW ON FEEDER PORT
RPM 400-420
FEEDRATE 18-15
VACUUM ON

012725
0555 HEAT UP",STANDARD,15,420,40/40,Aldrin Villacrusis,Julius Fundano,"{'"C19'": 2.4509999999999996, '"L28'": 12.9, '"L37'": 9.03, '"LL6'": 90.3, '"W35'": 10.32, '"B106'": 36.12, '"B107'": 9.03, '"K907'": 87.84899999999999}","{170,170,170,170,160,160,160,150,150,150,150}",115,"{172,79.05}",54.8144,94861,258.0,"{7309AL-7312AL,7313AL,7314AL}",,,18,2025-03-26,2025-01-26 01:50:00,2025-01-27 08:25:00
1258,3,200,194.5000,Incon Industrial Corporation,15607,WA16245E,40362,496.5,"{'"2025-01-29 20:00:00'"}","{'"2025-01-09 03:30:00'"}",92.4649,15.85,7.5351,WA13000E,LDPE(HMI),DI MAPAGANA ANGVACUUM UMAAPAW SA V. PORT LAGI NAG PUPUTOL PUTOL ANG STRAND MADALAS UMAAPAW,STANDARD,8,25,40/40,Edsel Mangarin,Julius Fundano,"{'"W8'": 114.8, '"B81'": 0.20500000000000002, '"L28'": 4.1, '"L37'": 10.25, '"K907'": 30.75, '"LL12'": 44.894999999999996, '"FG-6007AL'": 5.35}","{170,170,170,170,170,170,160,160,160,150,150}",90,{194.5},0.3917,94922,210.35,"{7444AL,7443AL}",,,12,2025-03-26,2025-01-29 20:00:00,2025-01-30 03:30:00
1259,5,250,244.9000,"MOLDEX PRODUCTS, INC.",15936,GA3933E,40278,5.5,"{'"2025-01-17 03:00:00'",'"2025-01-17 06:00:00'"}","{'"2025-01-17 05:00:00'",'"2025-01-17 09:30:00'"}",97.96,5.1,2.04,0,PP,"",STANDARD,15,300,40/40,NONOY,Julius Fundano,"{'"AO8'": 0.25, '"AO9'": 0.25, '"G40'": 11.5, '"L28'": 7.5, '"L37'": 7.5, '"W35'": 32.5, '"Y53'": 25.125, '"PP14'": 165.375}","{180,200,180,180,180,180,180}",0,"{125,119.9}",44.5273,94654,250.0,{6658AL-6667AL},,,0,2025-03-26,2025-01-17 03:00:00,2025-01-17 09:30:00
1260,5,1150,1125.7000,In House,15898,WA3827E,40275,19.0,"{'"2025-01-15 04:00:00'",'"2025-01-16 08:00:00'",'"2025-01-16 13:00:00'",'"2025-01-16 23:00:00'",'"2025-01-16 23:00:00'"}","{'"2025-01-15 05:00:00'",'"2025-01-16 13:00:00'",'"2025-01-16 22:00:00'",'"2025-01-17 01:00:00'",'"2025-01-17 01:00:00'"}",97.887,24.3,2.113,GA3933E,HDPE(HMI),"VACUUM ON
P. MC#5
S. MC#5",STANDARD,80,300,40/40,Edsel Mangarin,Julius Fundano,"{'"B38'": 4.025, '"B81'": 0.5750000000000001, '"L37'": 23.0, '"W33'": 172.5, '"K907'": 478.40000000000003, '"LL53 POWDER'": 471.5}","{200,200,200,200,180,180,180,180,180,200,200}",100,"{65,330,603,102,25.7}",59.2474,94647,1150.0,"{6629AL-6639AL,6640AL}",,,10,2025-03-26,2025-01-15 04:00:00,2025-01-17 01:00:00
1262,5,50,50.0000,"EVEREST PLASTIC CONTAINERS IND., INC.",15874,KA2871E,40298,0.75,"{'"2025-01-20 12:15:00'"}","{'"2025-01-20 13:00:00'"}",100.0,0.0,0.0,IA1770E,LDPE(HMI),VACUUM ON,STANDARD,20,350,40/40,NONOY,Julius Fundano,"{'"W8'": 9.96075, '"L28'": 2.375, '"L37'": 2.375, '"LL6'": 16.625, '"K907'": 15.7966, '"R119'": 0.29925, '"R129'": 0.0114, '"Y127'": 0.057, '"6718AL'": 2.5}","{160,160,160,160,150,150,150,150,150,15,150}",90,{50},66.6667,94752,50.0,{6831AL},,,12,2025-03-26,2025-01-20 12:15:00,2025-01-20 13:00:00
1265,5,750,786.8900,EVERGOOD PLASTIC INDUSTRY INC.,0,YA5124E,40271,18.83,"{'"2025-01-15 15:10:00'",'"2025-01-15 18:00:00'",'"2025-01-15 18:00:00'"}","{'"2025-01-15 18:00:00'",'"2025-01-16 02:00:00'",'"2025-01-16 02:00:00'"}",105.5237,-41.19,-5.5237,WA3827E,LDPE(HMI),HINDI MAITAKBO NG MAAYOS LAGING NAPUPUTOL ANG STRAND SA DIE HEAD MALUTONG,STANDARD,100,350,40/40,JESSIE,Julius Fundano,"{'"L28'": 1.1146500000000001, '"O60'": 1.4862, '"6502AL'": 43.1, '"6488AL-6501AL'": 700.0}","{170,170,170,160,160,160,160,150,150,150,150}",120,"{225,518,43.89}",41.7892,94691,745.7,"{6836AL-6849AL,6850AL}",,,11,2025-03-26,2025-01-15 15:10:00,2025-01-15 04:00:00
1266,1,300,306.7000,EASTERN INTERNATIONAL PLASTIC PACKAGING CORPORATION,15778,GA8074E,40272,13.67,"{'"2025-01-11 20:30:00'",'"2025-01-13 08:00:00'"}","{'"2025-01-12 05:00:00'",'"2025-01-13 13:10:00'"}",98.9355,3.3,1.0645,GA2595E,LDPE(HMI),"P. MC#8
S. MC#7

1/11/25 
KUMUKULAY PO SA TUBIG",STANDARD,80,400,40/40,Edsel Mangarin,Julius Fundano,"{'"W8'": 6.2, '"G40'": 3.0380000000000003, '"L28'": 24.8, '"L37'": 24.8, '"LL6'": 108.5, '"K907'": 137.826, '"Y117'": 4.836}","{120,140,150,150,150,150,150,150,140,140}",110,"{185,121.7}",22.436,94638,310.0,"{6607AL-6611AL,6612AL,6613AL}",,,13,2025-03-27,2025-01-11 20:30:00,2025-01-13 13:10:00
1267,1,50,50.0000,GILVAN PACKAGING CORPORATION,15892,OA7922E,40320,4.33,"{'"2025-01-21 16:30:00'",'"2025-01-21 18:00:00'"}","{'"2025-01-21 18:00:00'",'"2025-01-21 20:50:00'"}",90.9091,5.0,9.0909,IA17363E,HDPE(HMI),"HEAST UP- 1515

HINDI BUMABAGSAK ANG COMPOUNDED

OVERFLOW ON F.DER

MAHIRAP ITAKBO HINDI TULOY TULOY ANG BAGSAK SA FEEDRATE PORT",STANDARD,100,400,40/40,Edsel Mangarin,Julius Fundano,"{'"L28'": 2.75, '"L37'": 1.925, '"O55'": 3.96, '"W33'": 1.122, '"K907'": 23.243, '"Y127'": 2.75, '"LL48 POWDER'": 19.25}","{160,180,180,180,180,180,180,180,160,160}",820,"{15,35}",11.5473,94774,55.0,{7042AL},,,11,2025-03-27,2025-01-21 16:30:00,2025-01-21 20:50:00
1268,1,100,105.1100,"ZELLER PLASTIK PHILIPPINES, INC.",0,GA4440E,40293,4.75,"{'"2025-01-22 10:15:00'"}","{'"2025-01-22 15:00:00'"}",98.7134,1.37,1.2866,0,PP,"",STANDARD,80,400,400,Arjie Galgo,Julius Fundano,"{'"G40'": 0.019328, '"L37'": 0.2655, '"6857AL-6860AL'": 106.2}","{180,200,180,180,180,180,180,180,180,180}",0,{105.11},22.1284,94816,106.48,{7145AL-7148AL},,,0,2025-03-27,2025-01-22 10:15:00,2025-01-22 15:00:00
1269,1,150,156.8700,"ZELLER PLASTIK PHILIPPINES, INC.",0,BA9094E,40292,6.42,"{'"2025-01-23 09:40:00'"}","{'"2025-01-23 16:05:00'"}",98.878,1.78,1.122,BA9159E,PP,"PELLETIZER#8
SIEVER#7",STANDARD,80,400,40/40,Arjie Galgo,Julius Fundano,"{'"B89'": 0.019035999999999997, '"6856AL'": 33.63, '"6851AL-6855AL'": 125.0}","{180,200,180,180,180,180,180,180,180,180}",80,{156.87},24.4346,94820,158.65,"{7164AL-7168AL,7169AL}",,,7,2025-03-27,2025-01-23 09:40:00,2025-01-23 16:05:00
1270,8,370,370.0000,CANLINE INDUSTRIAL CORP.,0,GA16014E,40134,5.67,"{'"2025-01-03 06:15:00'"}","{'"2025-01-03 11:55:00'"}",99.76,0.89,0.24,GA3383E,LDPE(HMI),"PELLETIZER#8
SIEVER#7",STANDARD,10,250,40/40,Aldrin Villacrusis,Julius Fundano,"{'"L28'": 0.920775, '"B106'": 1.657395, '"6177AL'": 18.31, '"6153AL-6155AL'": 350.0}","{170,170,170,170,160,160,160,160,160,160,150,150}",110,{370},65.2557,94525,370.89,"{6187AL-6193AL,6194AL}",,,12,2025-03-27,2025-01-03 06:15:00,2025-01-03 11:55:00
1271,5,650,644.0000,"EVEREST PLASTIC CONTAINERS IND., INC.",15972,IA5758E,40299,8.67,"{'"2025-01-25 02:35:00'",'"2025-01-25 06:00:00'"}","{'"2025-01-25 05:00:00'",'"2025-01-25 12:15:00'"}",98.5192,9.68,1.4808,GA17119E,LDPE(HMI),"PELLETIZER#5
SIEVER#1",STANDARD,10,420,60/60,JESSIE,Julius Fundano,"{'"C19'": 3.25, '"I23'": 15.5, '"I24'": 24.800000000000004, '"L28'": 32.5, '"L37'": 32.5, '"Y98'": 5.81, '"K907'": 308.14, '"LL31'": 227.5, '"23-6053AK'": 0.3, '"23-6414AK'": 2.84, '"2-QCEXCESS'": 0.54}","{170,170,170,170,170,160,160,160,150,150,150}",75,"{177,467}",74.2791,94901,653.68,"{7382AL-7387AL,7388AL-7392AL,7393AL,7394AL}",,,10,2025-03-27,2025-01-25 02:35:00,2025-01-25 12:15:00
1272,3,75,80.5300,H&E MANUFACTURING CORPORATION,0,GA5520E,40235,1.47,"{'"2025-01-09 01:35:00'"}","{'"2025-01-09 03:03:00'"}",93.8141,5.31,6.1859,GA8074E,LDPE(HMI),"VACUUM ON 

PELLETIZER#10
SIEVER#8",STANDARD,7.5,18,40/40,Joel Miras,Julius Fundano,"{'"G40'": 0.021463000000000003, '"LL6'": 3.8417879999999998, '"FG18'": 0.214625, '"Y124'": 0.214625, '"6196AL'": 47.5, '"6196AL-6197AL'": 34.05}","{150,140,130,130,130,150,150}",92,{80.53},54.7823,94595,85.84,"{6366AL,6367AL}",,,14,2025-03-27,2025-01-09 01:35:00,2025-01-09 03:03:00
1273,3,250,246.5000,Universal Robina Corporation,15924,IA17363E,40259,5.0,"{'"2025-01-09 21:00:00'"}","{'"2025-01-10 02:00:00'"}",98.6,3.5,1.4,0,PP,"CHANGER F.RATE 7.5-8.5
CHANGE RPM 30-36
FEEDER OVERFLOW
CHANGESEG AT THE BACK",STANDARD,8.5,36,60/60,Arnel Rosario,Julius Fundano,"{'"AO8'": 0.25, '"AO9'": 0.25, '"C19'": 1.5, '"I24'": 11.25, '"L28'": 5.0, '"L37'": 5.0, '"K907'": 129.75, '"Y127'": 9.5, '"PP8 POWDER'": 87.5}","{180,200,180,180,180,180,180}",0,{246.5},49.3,94600,250.0,{6370AL-6379AL},,,0,2025-03-27,2025-01-09 21:00:00,2025-01-10 02:00:00
1274,3,100,97.0500,Universal Robina Corporation,15925,IA17363E,40259,1.83,"{'"2025-01-10 02:10:00'"}","{'"2025-01-10 04:00:00'"}",97.05,2.95,2.95,RA9825E,PP,"PELLETIZER#10
SIEVER#8",STANDARD,8.5,36,60/60,Joel Miras,Julius Fundano,"{'"AO8'": 0.1, '"AO9'": 0.1, '"C19'": 0.6, '"I24'": 4.5, '"L28'": 2.0, '"L37'": 2.0, '"K907'": 51.9, '"Y127'": 3.8, '"PP16 POWDER'": 35.0}","{180,200,180,180,180,180,180}",60,{97.05},53.0328,94601,100.0,{6380AL-6383AL},,,16,2025-03-27,2025-01-10 02:10:00,2025-01-10 04:00:00
1275,9,10000,10337.0000,"PACKAGEWORLD, INC.",15433,WA12282E,40139,104.17,"{'"2025-01-02 15:40:00'",'"2025-01-02 22:00:00'",'"2025-01-03 06:00:00'",'"2025-01-03 13:00:00'",'"2025-01-03 22:00:00'",'"2025-01-04 06:00:00'",'"2025-01-04 13:00:00'",'"2025-01-04 22:00:00'",'"2025-01-06 07:40:00'",'"2025-01-06 13:50:00'",'"2025-01-07 08:20:00'",'"2025-01-07 18:00:00'",'"2025-01-08 09:20:00'",'"2025-01-08 18:00:00'"}","{'"2025-01-02 22:00:00'",'"2025-01-03 06:00:00'",'"2025-01-03 13:00:00'",'"2025-01-03 22:00:00'",'"2025-01-04 06:00:00'",'"2025-01-04 13:00:00'",'"2025-01-04 22:00:00'",'"2025-01-05 06:00:00'",'"2025-01-06 08:00:00'",'"2025-01-06 19:00:00'",'"2025-01-07 18:00:00'",'"2025-01-08 05:00:00'",'"2025-01-08 18:00:00'",'"2025-01-09 01:00:00'"}",98.4476,163.0,1.5524,WA12282E,LDPE(HMI),"RUN LDPE 15 KGS FOR BLACK SPOT
01072025- HEAT UP 0610-0710
WAITING FOR COMPOUNDED 0730-0820

01/018/2025 HEAT UP
01/02/2025
2100-2200 BREAKLLTIME 

01/03/2025
2100-2200 BREAKTIME ",STANDARD,25,380,60/60,Joel Miras,Julius Fundano,"{'"AO8'": 10.5, '"AO9'": 10.5, '"LL36'": 2625.0, '"LL38'": 5019.0, '"LL66'": 2520.0, '"WA15071E(4650AL)'": 315.0}","{160,160,160,160,150,150,150,150,150,160,160}",160,"{630,800,700,900,800,700,900,800,30,510,960,1100,797,710}",99.232,94407,10500.0,{5853AL-5873AL},,,12,2025-03-27,2025-01-02 15:40:00,2025-01-09 01:00:00
1276,3,15,8.6500,"STARKSON PACKAGING, INC.",12024,UA8910E,40264,0.42,"{'"2025-01-21 18:30:00'"}","{'"2025-01-21 18:55:00'"}",57.6667,6.35,42.3333,WA11295E,LDPE(HMI),"F.RATE 6.0
RPM 18-16
MARAMI MAHAHABANG PUTOL PAG MABILIS ANG SPEED",STANDARD,6.5,18,60/60,Joel Miras,Julius Fundano,"{'"LL6'": 7.5, '"LL36'": 7.5}","{150,150,150,150,150,150,150}",82,{8.65},20.5952,94687,15.0,{6833AL},,,13,2025-03-27,2025-01-21 18:30:00,2025-01-21 18:55:00
1277,3,1000,1008.6800,SAN MIGUEL YAMAMURA PACKAGING CORPORATION,15886,RA9825E,40296,20.5,"{'"2025-01-18 22:00:00'",'"2025-01-20 06:45:00'",'"2025-01-20 06:45:00'"}","{'"2025-01-19 06:00:00'",'"2025-01-20 13:00:00'",'"2025-01-20 13:00:00'"}",98.4078,16.32,1.5922,RA2508E,LDPE(HMI),"1-18-2025
F.RATE 10.6
RPM 40
OVERFLOW VENT PORT

1/20/2025 HEAT UP 
05:45",STANDARD,10.6,40,40/40,Arnel Rosario,Julius Fundano,"{'"I24'": 42.025, '"L28'": 51.25, '"L37'": 51.25, '"LL6'": 358.75, '"R74'": 12.3, '"K907'": 471.5, '"R129'": 37.925}","{150,130,130,150,150,150,150}",90,"{560,430,18.68}",49.2039,94708,1025.0,"{6888AL-6907AL,6908AL}",,,9,2025-03-27,2025-01-18 22:00:00,2025-01-20 13:00:00
1278,3,300,292.9400,Incon Industrial Corporation,15938,WA11678E,40287,4.33,"{'"2025-01-21 22:40:00'"}","{'"2025-01-22 03:00:00'"}",97.6467,7.06,2.3533,WA15123E,LDPE(HMI),"PELLETIZER#10
SIEVER#8",STANDARD,10,26,40/40,Joel Miras,Julius Fundano,"{'"B81'": 0.045, '"L28'": 9.0, '"L37'": 9.0, '"W33'": 123.0, '"K907'": 53.955, '"LL12'": 105.0}","{150,140,140,130,130,150,150}",87,{292.94},67.6536,94730,300.0,{6828AL-6830AL},,,14,2025-03-27,2025-01-21 22:40:00,2025-01-22 03:00:00
1279,3,75,69.1700,"BEVPACK, INC.",15798,WA11295E,40229,2.43,"{'"2025-01-21 20:17:00'",'"2025-01-21 20:17:00'"}","{'"2025-01-21 21:30:00'",'"2025-01-21 21:30:00'"}",92.2267,5.83,7.7733,WA11678E,LDPE(HMI),"NAGPUPUTOL PAG MABILIS ANG SPEED

MARAMI MAHAHABANG PUTOL ANG PELLET PAG MABILIS ANG SPEED

F.RATE 8.3-9.0
RPM 26-24",STANDARD,9,24,40/40,Joel Miras,Julius Fundano,"{'"LL6'": 67.5, '"SA5'": 7.5}","{150,140,140,130,130,150,150}",70,"{47,22.17}",28.465,94729,75.0,{6827AL},,,11,2025-03-27,2025-01-21 20:17:00,2025-01-21 21:30:00
1280,3,400,395.4600,EVERGOOD PLASTIC INDUSTRY INC.,15824,RA2508E,40303,7.17,"{'"2025-01-20 14:30:00'",'"2025-01-20 21:10:00'"}","{'"2025-01-20 21:10:00'",'"2025-01-20 21:40:00'"}",98.865,4.54,1.135,VA4086E,LDPE(HMI),"OVORFLOW ON F.DER & VENT PORT
CHANGE RPM 40-35
F-RATE 9-8.2",STANDARD,8.2,35,60/60,Arjie Galgo,Julius Fundano,"{'"L28'": 16.0, '"L37'": 24.0, '"LL6'": 156.0, '"W35'": 7.44, '"K907'": 153.76, '"R103'": 31.6, '"R105'": 11.2}","{160,150,150,140,140,150,150}",120,"{375,20.46}",55.1548,94736,400.0,{6991AL-6998AL},,,6,2025-03-27,2025-01-20 14:30:00,2025-01-20 21:40:00
1281,3,3000,2966.2300,SAN MIGUEL YAMAMURA PACKAGING CORPORATION,15473,RA12739E,40286,45.67,"{'"2025-01-17 00:00:00'",'"2025-01-17 06:00:00'",'"2025-01-17 18:00:00'",'"2025-01-18 06:00:00'",'"2025-01-18 18:00:00'",'"2025-01-18 18:00:00'"}","{'"2025-01-17 05:00:00'",'"2025-01-17 18:00:00'",'"2025-01-18 06:00:00'",'"2025-01-18 18:00:00'",'"2025-01-18 20:20:00'",'"2025-01-18 20:20:00'"}",98.8743,33.77,1.1257,RA9825E,LDPE(HMI),"PELLETIZER#10
SIEVER#8",STANDARD,10.6,35,40/40,Arnel Rosario,Julius Fundano,"{'"L28'": 60.0, '"L37'": 240.0, '"LL6'": 600.0, '"V50'": 15.0, '"K907'": 1449.0, '"LL52'": 450.0, '"R122'": 66.0, '"R129'": 120.0}","{150,130,130,150,150,150,150}",100,"{350,840,770,840,150,16.23}",64.9492,94681,3000.0,{6751AL-6810AL},,,8,2025-03-27,2025-01-17 00:00:00,2025-01-18 20:20:00
1282,3,50,48.7500,In House,0,VA4086E,40257,0.83,"{'"2025-01-15 08:10:00'"}","{'"2025-01-15 09:00:00'"}",97.5,1.25,2.5,0,LDPE(HMI),"PELLETIZER#10]
SIEVER#8",STANDARD,9,26,40/40,Joel Miras,Julius Fundano,"{'"W8'": 0.858, '"L37'": 0.85, '"LL6'": 15.0097, '"V50'": 1.638, '"B106'": 0.0443, '"FM27'": 3.9, '"K907'": 15.6, '"CMA-16056'": 12.1}","{150,150,130,140,140,150,150}",0,{48.75},58.7349,94615,50.0,{6344AL-6345AL},,,0,2025-03-27,2025-01-15 08:10:00,2025-01-15 09:00:00
1283,3,575,568.1400,In House,15464,VA4086E,40257,10.0,"{'"2025-01-15 09:00:00'",'"2025-01-15 18:00:00'"}","{'"2025-01-15 18:00:00'",'"2025-01-15 19:00:00'"}",98.807,6.86,1.193,BA4140E,LDPE(HMI),"VACUUM ON
PELLLETIZER#10
SIEVER#8",STANDARD,9.5,25,40/40,Joel Miras,Julius Fundano,"{'"W8'": 11.55, '"L25'": 2.5, '"L37'": 23.75, '"LL6'": 202.08, '"V50'": 22.05, '"B106'": 0.5700000000000001, '"FM27'": 52.5, '"K907'": 210.0, '"4608AL'": 50.0}","{150,150,130,140,140,150,150}",120,"{515,53.14}",56.814,94631,575.0,"{6346AL-6360AL,6361AL-6364AL,6482AL-6485AL}",,,9,2025-03-27,2025-01-15 09:00:00,2025-01-15 19:00:00
1284,3,700,696.4200,Everbright Net & Twine,15485,BA4140E,40267,12.17,"{'"2025-01-15 21:00:00'",'"2025-01-16 06:00:00'"}","{'"2025-01-16 05:00:00'",'"2025-01-16 10:10:00'"}",98.0873,13.58,1.9127,BA2688E,LDPE(HMI),"VACUUM ON
PELLLETIZER#10
SIEVER#8

15+ DIESEL",STANDARD,12.5,35,60/60,Arnel Rosario,Julius Fundano,"{'"L28'": 28.4, '"L37'": 28.4, '"LB2'": 106.5, '"LL6'": 345.344, '"V40'": 1.278, '"V42'": 1.278, '"B106'": 14.91, '"B107'": 112.89, '"K907'": 71.0}","{150,140,140,150,150,150,150}",130,"{460,236.42}",57.2243,94624,710.0,"{6448AL-6474AL,6475AL}",,,7,2025-03-27,2025-01-15 21:00:00,2025-01-16 10:10:00
1285,3,250,253.7800,"EVEREST PLASTIC CONTAINERS IND., INC.",15935,BA2688E,40277,3.83,"{'"2025-01-16 12:20:00'"}","{'"2025-01-16 16:10:00'"}",97.6904,6.0,2.3096,BA15494E,LDPE(HMI),"VACUUM ON
PELLETIZER#10
SIEVER#8",STANDARD,8.6,18,40/40,Joel Miras,Julius Fundano,"{'"W8'": 7.65, '"B37'": 25.5, '"B38'": 13.004999999999999, '"L28'": 12.75, '"L37'": 12.75, '"V50'": 0.255, '"B106'": 8.16, '"K907'": 85.68, '"LL12'": 89.25, '"25-6631AK'": 4.78}","{150,150,140,130,130,150,150}",120,{253.78},66.2611,94669,259.78,"{6720AL-6723AL,6724AL,6725AL}",,,18,2025-03-27,2025-01-16 12:20:00,2025-01-16 16:10:00
1286,5,250,255.7000,EVERGOOD PLASTIC INDUSTRY INC.,15957,YA5124E,40288,3.5,"{'"2025-01-21 17:30:00'",'"2025-01-21 18:00:00'"}","{'"2025-01-21 18:00:00'",'"2025-01-21 21:00:00'"}",96.4906,9.3,3.5094,GA8074E,LDPE(HMI),"PELL 9
SIEV. 1",STANDARD,20,380,40/40,TEDDY,Julius Fundano,"{'"L28'": 7.95, '"L37'": 18.55, '"LL6'": 92.75, '"O60'": 4.1075, '"W35'": 33.125, '"K907'": 82.0175, '"Y120'": 26.5}","{170,170,170,170,170,170,60,160,160,150,150}",120,"{38,217.7}",73.0571,94799,265.0,"{7066AL-7070AL,7071AL}",,,12,2025-03-27,2025-01-21 17:30:00,2025-01-21 21:00:00
1287,5,525,519.5000,"GLOBAL KONTEINER MANUFACTURING, INC.",15778,GA8074E,40297,7.33,"{'"2025-01-18 11:00:00'",'"2025-01-18 18:00:00'"}","{'"2025-01-18 18:00:00'",'"2025-01-18 18:20:00'"}",98.9524,5.5,1.0476,KA2871E,LDPE(HMI),"LAGING MAGPUPUTOL PUTOL OVERFLOW SA FEEDER PORT

VACUUM ON",STANDARD,20,380,40/40,Edsel Mangarin,Julius Fundano,"{'"W8'": 10.5, '"G40'": 5.1450000000000005, '"L28'": 42.0, '"L37'": 42.0, '"LL6'": 183.75, '"K907'": 233.41500000000002, '"Y117'": 8.19}","{170,170,170,170,170,170,160,160,160,150,150}",120,"{490,29.5}",70.8731,94710,525.0,"{6909AL-6918AL,6919AL}",,,10,2025-03-27,2025-01-18 11:00:00,2025-01-18 18:20:00
1288,8,50,54.6400,CDC MANUFACTURING CORP.,15918,GA17168E,40243,1.17,"{'"2025-01-04 06:30:00'"}","{'"2025-01-04 07:40:00'"}",96.4179,2.03,3.5821,BA15002E,LDPE(HMI),"PELL 9
SIEV 1",STANDARD,10,300,40/40,Aldrin Villacrusis,Julius Fundano,"{'"G40'": 2.6399999999999997, '"L28'": 2.75, '"L37'": 2.75, '"LL6'": 19.25, '"W35'": 3.575, '"K907'": 20.185000000000002, '"Y127'": 3.85, '"9748AK'": 1.67}","{170,170,170,170,160,160,160,160,160,160,150,150}",120,{54.64},46.7009,94546,56.67,"{6266AL,6267AL}",,,13,2025-03-27,2025-01-04 06:30:00,2025-01-04 07:40:00
1289,3,5000,5145.1600,SAN MIGUEL YAMAMURA PACKAGING CORPORATION,15473,RA12739E,40274,84.42,"{'"2025-01-10 22:35:00'",'"2025-01-11 06:00:00'",'"2025-01-11 18:00:00'",'"2025-01-13 07:00:00'",'"2025-01-13 18:00:00'",'"2025-01-14 06:00:00'",'"2025-01-14 18:00:00'",'"2025-01-14 18:00:00'"}","{'"2025-01-11 06:00:00'",'"2025-01-11 18:00:00'",'"2025-01-12 05:00:00'",'"2025-01-13 18:00:00'",'"2025-01-14 05:00:00'",'"2025-01-14 18:00:00'",'"2025-01-15 04:00:00'",'"2025-01-15 04:00:00'"}",98.9454,54.84,1.0546,VA4086E,LDPE(HMI),"CHANGE RPM 30 TO 40
CHANGE F.RATE 7.5 TO 9
FEEDER OVERFLOW
CHANGE SETTING
COMPOUNDED WITH PELLET RESIN

1/13/2025
0500-0600
B-TIME

1/14/2025
2HRS STANDBY FOR B-TIME RELIEVER MC#9",STANDARD,9,40,40/40,Arnel Rosario,Julius Fundano,"{'"L28'": 104.0, '"L37'": 416.0, '"LL6'": 1040.0, '"V50'": 26.0, '"K907'": 2511.6, '"LL52'": 780.0, '"R122'": 114.4, '"R129'": 208.0}","{150,140,130,130,130,140,150}",120,"{450,840,770,770,770,840,635,70.16}",60.9472,94635,5200.0,{6503AL-6606AL},,,6,2025-03-28,2025-01-10 22:35:00,2025-01-15 04:00:00
1290,3,250,240.4300,"PHIL-TOP INDUSTRIES, INC.",0,BA15494E,40250,3.83,"{'"2025-01-16 18:10:00'"}","{'"2025-01-16 22:00:00'"}",97.4229,6.36,2.5771,RA12739E,LDPE(HMI),"PELL. 10
SIEVER 8",STANDARD,8.6,25,40/40,Arnel Rosario,Julius Fundano,"{'"G40'": 0.179088, '"L28'": 0.615, '"6651AL'": 46.0, '"6647AL-6650AL'": 200.0}","{150,130,130,150,150,150,150}",120,{240.43},62.7755,94704,246.79,"{6866AL-6869AL,6870AL}",,,9,2025-03-28,2025-01-16 18:10:00,2025-01-16 22:00:00
1291,8,150,171.3500,MC BRIDE CORPORATION,12925,BA15002E,40215,6.67,"{'"2025-01-04 09:40:00'",'"2025-01-04 13:00:00'"}","{'"2025-01-04 13:00:00'",'"2025-01-04 16:20:00'"}",97.9143,3.65,2.0857,BA16119E,PET,"90-100PPG
PELL.9
SIEV. 1",STANDARD,8,200,40/40,Aldrin Villacrusis,Julius Fundano,"{'"B93'": 2.1, '"V41'": 3.045, '"LL60 POWDER'": 169.855}","{220,220,200,220,220,220,220,220,220,220,230,230}",115,"{85,86.35}",25.6897,94427,175.0,{5890AL-5896AL},,,11,2025-03-28,2025-01-04 09:40:00,2025-01-04 16:20:00
1292,8,100,99.2700,"EVEREST PLASTIC CONTAINERS IND., INC.",0,GA3383E,40233,649.25,"{'"2025-01-03 13:45:00'"}","{'"2025-01-30 15:00:00'"}",99.27,0.73,0.73,GA16706E,LDPE(HMI),VACUUM ON,STANDARD,10,300,40/40,Arjie Galgo,Julius Fundano,"{'"6169AL'": 50.0, '"6174AL'": 50.0}","{170,170,170,170,170,170,170,160,160,1450,150,150}",90,{99.27},0.1529,94539,100.0,{6261AL},,,9,2025-03-28,2025-01-03 13:45:00,2025-01-03 15:00:00
1293,8,82.03,81.3200,"EVEREST PLASTIC CONTAINERS IND., INC.",0,GA16706E,40227,1.25,"{'"2025-01-03 16:30:00'"}","{'"2025-01-03 17:45:00'"}",99.1345,0.71,0.8655,GA5520E,LDPE(HMI),"PELL. 9
SIEV. 1",STANDARD,10,350,40/40,ARJIE,Julius Fundano,"{'"6088AL'": 50.0, '"6089AL'": 32.03}","{170,170,170,170,170,170,160,160,160,160,150,150}",90,{81.32},65.056,94540,82.03,{6262AL},,,9,2025-03-28,2025-01-03 16:30:00,2025-01-03 17:45:00
1294,8,75,81.5500,H&E MANUFACTURING CORPORATION,15913,GA5520E,40235,1.75,"{'"2025-01-03 19:15:00'"}","{'"2025-01-03 21:00:00'"}",96.8182,2.68,3.1818,GA17168E,LDPE(HMI),"CHANGE RPM 350-270
FLAT ANG PELLET VACUUM ON

SHUT OFF 2200
01/03/2025",STANDARD,9,270,40/40,Arjie Galgo,Julius Fundano,"{'"W8'": 2.25, '"G40'": 0.6375, '"L37'": 3.75, '"LL6'": 26.25, '"FG10'": 2.25, '"FG18'": 3.75, '"K907'": 26.0625, '"Y115'": 6.0, '"Y124'": 4.050000000000001, '"36-6017AK'": 3.83, '"FG-5517AK'": 5.2, '"4-QCEXCESS'": 0.2}","{170,170,170,170,160,160,160,150,150,150,160,160}",60,{81.55},46.6,94528,84.23,"{6196AL,6197AL}",,,11,2025-03-28,2025-01-03 19:15:00,2025-01-03 21:00:00
1295,8,50,63.7300,PLASTIMER INDUSTRIAL CORP.,0,GA6246E,40220,1.25,"{'"2025-01-02 08:05:00'"}","{'"2025-01-02 09:20:00'"}",98.0914,1.24,1.9086,GA16014E,PP,"PELL. 9
SIEV. 1",STANDARD,8,250,40/40,Aldrin Villacrusis,Julius Fundano,"{'"G40'": 0.552296, '"L28'": 0.64976, '"L37'": 0.64976, '"B106'": 0.363866, '"K907'": 1.29952, '"6179AL'": 51.976, '"PP14 POWDER'": 9.479998}","{180,200,180,180,180,180,180,180,180,180,180,180}",90,{63.73},50.984,94521,64.97,"{6184AL,6185AL}",,,8,2025-03-28,2025-01-02 08:05:00,2025-01-02 09:20:00
1296,1,275,269.5000,CANLINE INDUSTRIAL CORP.,0,GA16014E,40134,4.08,"{'"2025-01-02 10:50:00'"}","{'"2025-01-02 14:55:00'"}",98.0,5.5,2.0,0,LDPE(HMI),"1500 SHUT OFF
PELL. 9
SIEV. 1",STANDARD,10,250,40/40,Aldrin Villacrusis,Julius Fundano,"{'"6139AL'": 27.0, '"6138AL-6139AL'": 72.0, '"6140AL-6142AL'": 128.0, '"6142AL-6143AL'": 48.0}","{170,170,170,170,160,160,160,160,160,160,150,150}",0,{269.5},66.0539,94523,275.0,"{6180AL,6186AL}",,,0,2025-03-28,2025-01-02 10:50:00,2025-01-02 14:55:00
1297,5,300,303.8200,"PHIL-TOP INDUSTRIES, INC.",15963,BA16776E,40327,4.33,"{'"2025-01-23 20:00:00'"}","{'"2025-01-24 00:20:00'"}",98.0065,6.18,1.9935,KA17488E,LDPE(HMI),"PELL 5
SIEV 1",STANDARD,13,360,40/40,Aldrin Villacrusis,Julius Fundano,"{'"B78'": 6.51, '"L28'": 15.5, '"L37'": 15.5, '"W35'": 55.8, '"K907'": 108.19, '"LL12'": 108.5}","{170,170,170,170,160,160,160,160,160,150,150}",120,{303.82},70.1663,94809,310.0,"{7132AL,7133AL,7127AL-7131AL}",,,11,2025-03-28,2025-01-23 20:00:00,2025-01-24 00:20:00
1300,5,300,305.4000,"PHIL-TOP INDUSTRIES, INC.",15964,GA16778E,40326,4.33,"{'"2025-01-22 19:00:00'"}","{'"2025-01-22 23:20:00'"}",98.5161,4.6,1.4839,GA16415E,LDPE(HMI),"PELL. 5
SIEV. 1",STANDARD,15,400,40/40,Aldrin Villacrusis,Julius Fundano,"{'"G40'": 0.46499999999999997, '"L28'": 15.5, '"L37'": 15.5, '"W35'": 58.9, '"K907'": 94.08500000000001, '"LL12'": 108.5, '"Y107'": 17.05}","{170,170,170,170,170,160,160,160,160,150,150}",90,{305.4},70.5312,94808,310.0,"{7120AL-7124AL,7125AL,7126AL}",,,7,2025-03-28,2025-01-22 19:00:00,2025-01-22 23:20:00
1301,5,250,246.0000,"PHIL-TOP INDUSTRIES, INC.",0,BA15494E,40250,5.33,"{'"2025-01-13 12:40:00'"}","{'"2025-01-13 18:00:00'"}",98.4079,3.98,1.5921,YA5124E,LDPE(HMI),"PELL. 5
SIEV. 5",STANDARD,8,250,40/40,Aldrin Villacrusis,Julius Fundano,"{'"G40'": 0.027994, '"B107'": 0.005249, '"6280AL-6285AL'": 249.95}","{170,170,170,160,160,160,160,150,150,150,150,150}",118,{246},46.1538,94652,249.98,{6647AL-6651AL},,,12,2025-03-28,2025-01-13 12:40:00,2025-01-13 16:05:00
1302,5,750,743.1000,EVERGOOD PLASTIC INDUSTRY INC.,15779,YA5124E,40271,26.0,"{'"2025-01-13 18:00:00'",'"2025-01-13 18:00:00'"}","{'"2025-01-13 05:00:00'",'"2025-01-13 05:00:00'"}",99.08,6.9,0.92,IA1770E,LDPE(HMI),"FEEDER OVERFLOW

1/13/2025
0500-0600
BREAKTIME",STANDARD,10,380,40/40,Edsel Mangarin,Julius Fundano,"{'"L28'": 22.5, '"L37'": 52.5, '"LL6'": 262.5, '"O60'": 10.5, '"W35'": 93.75, '"Y89'": 75.0, '"K907'": 233.25}","{170,170,170,170,170,170,160,160,160,150,150}",120,"{725,18.1}",28.5808,94634,750.0,{6488AL-6502AL},,,12,2025-03-28,2025-01-13 18:00:00,2025-01-13 05:00:00
1303,5,150,151.5000,RBV Plastic,15932,SA14369E,40273,10.33,"{'"2025-01-11 16:00:00'",'"2025-01-11 18:00:00'"}","{'"2025-01-11 18:00:00'",'"2025-01-12 02:20:00'"}",96.8794,4.88,3.1206,GA17516E,LDPE(HMI),"CHANGE FEED RATE 2.5
OVERFLOOR

PELL 5
SIEV. 5",STANDARD,3.6,420,40/40,JESSIE,Julius Fundano,"{'"C19'": 0.5016, '"L28'": 7.6, '"L37'": 5.32, '"P26'": 38.0, '"K907'": 15.2, '"LL12'": 85.00296, '"R115'": 0.05624, '"Y119'": 0.31920000000000004, '"12-8599AK'": 4.2, '"1-QCEXCESS'": 0.18}","{170,170,170,170,170,160,160,160,160,150,150}",105,"{25,126.5}",14.666,94643,156.38,"{6625AL-6626AL,6627AL,6628AL}",,,9,2025-03-28,2025-01-11 16:00:00,2025-01-12 00:35:00
1304,5,500,508.8700,JALBY PLASTIC MANUFACTURING,15929,GA17516E,40269,37.87,"{'"2025-01-12 02:20:00'",'"2025-01-13 06:50:00'",'"2025-01-13 06:50:00'"}","{'"2025-01-12 05:00:00'",'"2025-01-12 10:28:00'",'"2025-01-12 10:40:00'"}",98.8097,6.13,1.1903,BA15494E,LDPE(HMI),"OVERFLOW ON FEEDER
RPM 400-420
FEEDRATE 8-6.8

1/13/2025
0550 HEAT UP",STANDARD,6.8,420,40/40,Aldrin Villacrusis,Julius Fundano,"{'"C19'": 0.8240000000000001, '"G40'": 15.7075, '"L28'": 15.45, '"L37'": 15.45, '"LL6'": 180.25, '"W35'": 10.3, '"K907'": 266.7185, '"Y124'": 10.3}","{17,170,170,170,160,160,160,160,160,150,150}",120,"{185,312,11.87}",13.4373,94640,515.0,"{6614AL-6623AL,6624AL}",,,12,2025-03-28,2025-01-12 02:20:00,2025-01-13 10:40:00
1305,5,400,396.9000,In House,15898,WA3827E,40270,12.32,"{'"2025-01-10 18:50:00'",'"2025-01-10 18:50:00'"}","{'"2025-01-11 00:54:00'",'"2025-01-11 01:05:00'"}",99.225,3.1,0.775,TA17526E (CMA),HDPE(HMI),"VACUUM ON

PELL 5
SIEV 5",STANDARD,8,280,40/40,Arnel Rosario,Julius Fundano,"{'"B38'": 1.4, '"B81'": 0.2, '"L37'": 8.0, '"W33'": 60.0, '"K907'": 166.4, '"LL53 POWDER'": 164.0}","{200,200,200,200,180,180,180,180,180,200,200}",135,"{384,12.9}",32.2159,94630,400.0,{6478AL-6481AL},,,17,2025-03-28,2025-01-10 18:50:00,2025-01-11 00:54:00
1306,5,6000,6219.0000,NMH PACKAGING PTE. LTD.,15837,WA15190E,40241,97.25,"{'"2025-01-06 21:30:00'",'"2025-01-06 22:00:00'",'"2025-01-07 06:00:00'",'"2025-01-07 18:00:00'",'"2025-01-08 08:30:00'",'"2025-01-08 18:00:00'",'"2025-01-09 06:00:00'",'"2025-01-09 18:00:00'",'"2025-01-09 02:50:00'"}","{'"2025-01-06 22:00:00'",'"2025-01-07 06:00:00'",'"2025-01-07 18:00:00'",'"2025-01-08 05:00:00'",'"2025-01-08 18:00:00'",'"2025-01-09 05:00:00'",'"2025-01-09 18:00:00'",'"2025-01-10 02:50:00'",'"2025-01-10 03:15:00'"}",98.636,86.0,1.364,UA8910E,LDPE(HMI),"52-62PPG
54 PPG

1/7/2025
0500-0600 BREAKTIME

01-06-2025
TANGGAL ANG THERMO COUPLE	
SA 25

01/09/2025
0500-0600
BREAKTIME",STANDARD,10,400,60/60,Aldrin Villacrusis,Julius Fundano,"{'"W8'": 3783.0, '"AO8'": 6.305000000000001, '"AO9'": 6.305000000000001, '"L28'": 126.1, '"L37'": 126.1, '"PP14 POWDER'": 1311.4399999999998, '"PP15 POWDER'": 465.75, '"PP16 POWDER'": 480.0}","{200,200,200,180,180,180,180,180,180,200,200}",105,"{35,680,1020,935,810,935,1020,751,33}",63.9486,94535,6305.0,"{6198AL-6229AL,6230AL-6259AL,6260AL}",,,13,2025-03-28,2025-01-06 21:30:00,2025-01-10 03:15:00
1307,1,10,9.5400,"ZELLER PLASTIK PHILIPPINES, INC.",0,GA6607E,40325,0.37,"{'"2025-01-22 08:30:00'"}","{'"2025-01-22 08:52:00'"}",95.1147,0.49,4.8853,GA4440E,PP,"",STANDARD,80,400,40/40,Arjie Galgo,Julius Fundano,"{'"G40'": 0.011, '"L28'": 0.02, '"2522AL'": 10.0}","{180,200,180,180,180,180,180,180,180,180}",83,{9.54},25.7838,94800,10.03,{7060AL},,,6,2025-03-28,2025-01-22 08:30:00,2025-01-22 08:52:00
1308,1,25,25.0000,"ZELLER PLASTIK PHILIPPINES, INC.",15962,GA4440E,40293,1.17,"{'"2025-01-22 15:00:00'"}","{'"2025-01-22 16:10:00'"}",100.0,0.0,0.0,GA17119E,PP,"PELL. 8
SIEV 7",STANDARD,80,400,40/40,Arjie Galgo,Julius Fundano,"{'"W8'": 0.0125, '"G40'": 0.07375, '"L37'": 1.25, '"Y118'": 0.75, '"PP14 POWDER'": 22.91375}","{180,200,180,180,180,180,180,180,180,180}",90,{25},21.3675,94826,25.0,{7141AL},,,4,2025-03-28,2025-01-22 15:00:00,2025-01-22 16:10:00
1309,1,50,49.5000,"ZELLER PLASTIK PHILIPPINES, INC.",15862,GA6607E,40325,2.25,"{'"2025-01-22 06:15:00'"}","{'"2025-01-22 08:30:00'"}",99.0,0.5,1.0,0,PP,"PELL. 8
SIEV. 7",STANDARD,80,4000,40/40,Arjie Galgo,Julius Fundano,"{'"G40'": 0.55, '"L28'": 2.5, '"L37'": 2.5, '"P26'": 6.0, '"W33'": 0.675, '"K907'": 5.0, '"Y117'": 2.9, '"PP14 POWDER'": 29.875}","{180,200,180,180,180,180,180,180,180,180}",0,{49.5},22.0,94795,50.0,{7058AL-7059AL},,,0,2025-03-28,2025-01-22 06:15:00,2025-01-22 08:30:00
1310,1,50,59.1300,H&E MANUFACTURING CORPORATION,15481,KA3144E,40324,2.67,"{'"2025-01-16 23:00:00'"}","{'"2025-01-17 01:40:00'"}",99.1449,0.51,0.8551,OA7922E,PP,0300- SHUT OFF FOR B-TIME & RELIEVER 3-5,STANDARD,80,400,40/40,Arjie Galgo,Julius Fundano,"{'"W8'": 0.392, '"L28'": 1.6800000000000002, '"L37'": 1.6800000000000002, '"K907'": 5.6, '"R115'": 0.014, '"R119'": 0.1008, '"5-9510AK'": 3.64, '"PP6 POWDER'": 46.5332}","{180,200,180,180,180,180,180,180,180,180}",80,{59.13},22.1461,94755,59.64,"{6834AL,6835AL}",,,5,2025-03-28,2025-01-16 23:00:00,2025-01-17 01:40:00
1336,1,50,52.2400,EVERGOOD PLASTIC INDUSTRY INC.,0,BA4701E,40343,2.08,"{'"2025-01-30 09:35:00'"}","{'"2025-01-30 11:40:00'"}",99.3534,0.34,0.6466,BA13023E,PP,"VACUUM ON

PELL 8
SIEV 7",STANDARD,90,240,40/40,Aldrin Villacrusis,Julius Fundano,"{'"G40'": 0.000378, '"L28'": 0.103215, '"L37'": 0.103215, '"PP14 POWDER'": 3.219325, '"7136AL-7137AL'": 49.15}","{180,200,180,180,180,180,180,180,180,180}",100,{52.24},25.1154,94955,52.58,{7540AL-7541AL},,,4,2025-03-31,2025-01-30 09:35:00,2025-01-30 11:40:00
1312,1,100,96.5000,METRO CONTAINER CORPORATION,15967,GA17119E,40316,6.67,"{'"2025-01-22 17:40:00'",'"2025-01-22 18:00:00'"}","{'"2025-01-22 18:00:00'",'"2025-01-23 00:20:00'"}",96.5,3.5,3.5,OA17117E,LDPE(HMI),"OVERFLO ON F-DER PORT 
CHANGE RPM 380-400
F-RATE 80-60

CHANGE SETTING ZONE 1 FROM 120-160 OVERFLOW F.P

MAY COMPOUNDED NA DI GAANO NABAGSAK",STANDARD,65,400,40/40,Arjie Galgo,Julius Fundano,"{'"C19'": 0.7, '"G40'": 6.1, '"L28'": 7.0, '"L37'": 5.0, '"W33'": 3.0, '"Y98'": 10.5, '"B107'": 3.5, '"K907'": 29.2, '"LL12'": 35.0}","{120,140,120,120,120,120,120,120,140,140}",110,"{8.5,88}",14.4678,94834,100.0,{7043AL-7044AL},,,17,2025-03-29,2025-01-22 17:40:00,2025-01-23 00:20:00
1313,1,50,54.2900,PLASTIMER INDUSTRIAL CORP.,15928,GA6246E,40220,2.5,"{'"2025-01-09 07:20:00'"}","{'"2025-01-09 09:50:00'"}",98.7091,0.71,1.2909,BA14432E,PP,"PELL 8
SIEV 7",STANDARD,80,400,40/40,ARJIE,Julius Fundano,"{'"W8'": 2.75, '"C19'": 0.033, '"G40'": 2.42, '"L28'": 2.75, '"L37'": 2.75, '"B106'": 0.935, '"K907'": 5.5, '"Y127'": 6.6, '"PP14 POWDER'": 31.262}","{180,200,180,180,180,180,180,180,180,180}",105,{54.29},21.716,94633,55.0,"{6486AL,6487AL}",,,10,2025-03-29,2025-01-09 07:20:00,2025-01-09 09:50:00
1314,5,1250,1257.0000,"EVEREST PLASTIC CONTAINERS IND., INC.",15874,KA2871E,40276,21.5,"{'"2025-01-14 22:00:00'",'"2025-01-15 06:00:00'",'"2025-01-15 06:00:00'"}","{'"2025-01-15 05:00:00'",'"2025-01-15 13:15:00'",'"2025-01-15 13:15:00'"}",98.5882,18.0,1.4118,YA5124E,LDPE(HMI),"0500-0600 BREAKTIME

VACUUM ON",STANDARD,20,350,40/40,JESSIE,Julius Fundano,"{'"W8'": 267.3675, '"L28'": 63.75, '"L37'": 63.75, '"LL6'": 446.25, '"K907'": 424.014, '"R119'": 8.0325, '"R129'": 0.306, '"Y127'": 1.53}","{160,160,160,160,150,150,150,150,150,150,150}",115,"{615,585,57}",58.4651,94666,1275.0,"{6694AL-6718AL,6719AL}",,,19,2025-03-29,2025-01-14 22:00:00,2025-01-15 13:15:00
1315,1,50,53.6400,ALPHATECH DEVELOPMENT CORPORATION,15814,GA8074E,40234,2.42,"{'"2025-01-02 12:20:00'"}","{'"2025-01-02 14:45:00'"}",97.5273,1.36,2.4727,KA16155E,LDPE(HMI),"PELL 8
SIEV 7",STANDARD,80,380,40/40,Joel Miras,Julius Fundano,"{'"W8'": 1.1, '"G40'": 0.484, '"L28'": 4.4, '"L37'": 4.4, '"LL6'": 19.25, '"K907'": 24.508, '"Y117'": 0.858}","{120,140,150,150,150,150,150,150,140,140}",75,{53.64},22.1653,94506,55.0,{6168AL},,,19,2025-03-29,2025-01-02 12:20:00,2025-01-02 14:45:00
1316,1,7,6.7000,SAN MIGUEL YAMAMURA PACKAGING CORPORATION,15863,GA17465E,40169,0.33,"{'"2025-01-02 10:30:00'"}","{'"2025-01-02 10:50:00'"}",95.7143,0.3,4.2857,GA8074E,LDPE(HMI),"PELL 8
SIEV 7",STANDARD,60,350,40/40,Joel Miras,Julius Fundano,"{'"C19'": 0.0105, '"G40'": 0.224, '"L28'": 0.35, '"L37'": 0.35, '"W35'": 0.175, '"K907'": 2.7755, '"LL12'": 2.45, '"Y124'": 0.665}","{120,140,150,150,150,150,1500,150,140,140}",90,{6.7},20.303,94497,7.0,{6150AL},,,16,2025-03-29,2025-01-02 10:30:00,2025-01-02 10:50:00
1317,3,1850,3225.0000,In House,15898,WA3827E,40384,35.0,"{'"2025-01-30 03:30:00'",'"2025-01-30 06:00:00'",'"2025-01-30 18:00:00'",'"2025-01-31 06:00:00'"}","{'"2025-01-30 05:00:00'",'"2025-01-30 18:00:00'",'"2025-01-31 05:00:00'",'"2025-01-31 16:30:00'"}",174.2584,-1374.3,-74.2584,WA15190E,HDPE(HMI),"VACUUM OVERFLOW 
VENT OVERFLOW
CHANGE RPM 20 TO 18
CHANGE F.RATE TO 7.5

VACUUM OFF
CHANGE SETTING	",STANDARD,7.5,16,40/40,Joel Miras,Julius Fundano,"{'"B38'": 6.34235, '"B81'": 0.90605, '"L37'": 36.242000000000004, '"W33'": 271.815, '"K907'": 753.8335999999999, '"6640AL(5)'": 25.7, '"6481AL(17)'": 12.9, '"LL53 POWDER'": 742.961}","{180,200,180,160,160,180,180}",120,"{50,675,627,1873}",92.1429,94969,1850.7,"{7373AL-7375AL,7416AL-7420AL,7446AL-7447AL,7528AL-7530AL,7531AL,7564AL-7568AL}",,,17,2025-03-29,2025-01-30 03:30:00,2025-01-31 16:30:00
1318,5,100,96.2000,"PHIL-TOP INDUSTRIES, INC.",15968,KA17488E,40328,1.25,"{'"2025-01-24 02:20:00'"}","{'"2025-01-24 03:35:00'"}",96.2,3.8,3.8,YA5993E,LDPE(HMI),"VACUUM ON

PELL 5
SIEV 1",STANDARD,9,280,40/40,Aldrin Villacrusis,Julius Fundano,"{'"L37'": 5.0, '"W35'": 2.6, '"FM27'": 8.0, '"K907'": 34.2, '"LL12'": 50.0, '"R129'": 0.2}","{160,160,160,150,150,150,140,140,140,150,150}",85,{96.2},76.96,94839,100.0,{7134AL-7135AL},,,10,2025-03-29,2025-01-24 02:20:00,2025-01-25 03:35:00
1319,5,515,507.0000,EVERGOOD PLASTIC INDUSTRY INC.,15956,YA5124E,40344,8790.58,"{'"2024-01-24 18:10:00'"}","{'"2025-01-25 00:45:00'"}",98.4466,8.0,1.5534,IA5758E,LDPE(HMI),"PELL 5
SIEV 1",STANDARD,12,420,40/40,Aldrin Villacrusis,Julius Fundano,"{'"L28'": 15.45, '"L37'": 36.05, '"LL6'": 180.25, '"O60'": 7.725, '"W35'": 64.375, '"K907'": 159.65, '"Y120'": 51.5}","{170,170,170,170,170,160,160,160,160,150,150}",110,{507},0.0577,94890,515.0,"{7352AL-7361AL,7362AL}",,,9,2025-03-29,2025-01-24 18:10:00,2025-01-23 00:45:00
1320,5,250,243.0000,METRO CONTAINER CORPORATION,15967,GA17119E,40316,6.08,"{'"2025-01-25 13:30:00'",'"2025-01-25 18:00:00'"}","{'"2025-01-25 18:00:00'",'"2025-01-25 19:35:00'"}",97.2,7.0,2.8,MA4737E,LDPE(HMI),"OVERFLOW ON F-DER PORT
CHANGE F-RATE 8-7-6
RPM 400

KUMUKULAY SA TUBIG

PELL 5
SIEV 1",STANDARD,20,380,40/40,NONOY,Julius Fundano,"{'"C19'": 1.75, '"G40'": 15.25, '"L28'": 17.5, '"L37'": 12.5, '"W33'": 7.5, '"Y98'": 26.25, '"B107'": 8.75, '"K907'": 73.0, '"LL12'": 87.5}","{170,170,170,170,170,160,160,160,160,160,150}",120,"{180,63}",39.9671,94907,250.0,{7395AL-7399AL},,,15,2025-03-29,2025-01-25 13:30:00,2025-01-25 19:35:00
1321,3,100,98.0000,GILVAN PACKAGING CORPORATION,15931,WA15123E,40300,1.42,"{'"2025-01-24 01:10:00'"}","{'"2025-01-24 02:35:00'"}",98.0,2.0,2.0,UA8910E,LDPE(HMI),"PELL 10
SIEV 8",STANDARD,12,32,60/60,Joel Miras,Julius Fundano,"{'"AO8'": 0.1, '"AO9'": 0.1, '"B81'": 0.5, '"L37'": 2.0, '"LL6'": 38.3, '"W33'": 59.0}","{150,130,130,140,140,150,150}",115,{98},69.0141,94724,100.0,{6951AL},,,21,2025-03-29,2025-01-24 01:10:00,2025-01-24 02:35:00
1322,3,3000,2974.5000,GILVAN PACKAGING CORPORATION,15590,WA15123E,40300,42.72,"{'"2025-01-22 04:27:00'",'"2025-01-22 06:00:00'",'"2025-01-22 18:00:00'",'"2025-01-23 06:00:00'",'"2025-01-23 18:00:00'"}","{'"2025-01-22 05:00:00'",'"2025-01-22 18:00:00'",'"2025-01-23 05:00:00'",'"2025-01-23 18:00:00'",'"2025-01-24 01:10:00'"}",99.15,25.5,0.85,0,LDPE(HMI),"1-23-2025
6000-0615
CHANGE SCREW

PELL 10
SIEV 8",STANDARD,12,32,60/60,Arnel Rosario,Julius Fundano,"{'"AO8'": 2.975, '"AO9'": 2.975, '"B81'": 14.875, '"L37'": 59.5, '"LL6'": 1139.425, '"W33'": 1755.25, '"5851AL(3)'": 25.0}","{150,130,130,140,140,150,150}",0,"{30,840,770,840,494.5}",69.6278,94726,3000.0,"{6952AL-6976AL,6977AL-6981AL}",,,0,2025-03-29,2025-01-22 04:27:00,2025-01-24 01:10:00
1324,1,100,105.1600,I TUNG PLASTIC MOULD ENGINEERING COMPANY,15686,IA15764E,40283,4.75,"{'"2025-01-16 19:00:00'"}","{'"2025-01-16 23:45:00'"}",98.6862,1.4,1.3138,KA3541E,LDPE(HMI),"PELL 8
SIEV 7",STANDARD,80,400,40/40,Arjie Galgo,Julius Fundano,"{'"C19'": 0.95, '"I24'": 7.0, '"L28'": 5.0, '"L37'": 3.5, '"LL6'": 35.0, '"W33'": 1.0, '"K907'": 46.1, '"Y116'": 1.45, '"FG-1852AL'": 6.56}","{120,140,150,150,150,150,150,150,150,150}",105,{105.16},22.1389,94657,106.56,"{6668AL,6669AL,6670AL}",,,10,2025-03-29,2025-01-16 19:00:00,2025-01-16 23:45:00
1325,1,308.1,176.0600,Universal Robina Corporation,0,IA17363E,40259,7.0,"{'"2025-01-14 06:45:00'",'"2025-01-14 17:15:00'"}","{'"2025-01-14 13:00:00'",'"2025-01-14 18:00:00'"}",57.1438,132.04,42.8562,0,PP,"01/14/2025
z5-z9 MATAAS ANG TEMP. READING 
CHANGE SETTINGS 180°-170°
1300-SHUT OFF UNDER MAINTENANCE

6732AL CUT",STANDARD,70,400,60/60,Aldrin Villacrusis,Julius Fundano,"{'"AO8'": 0.06162, '"AO9'": 0.06162, '"C19'": 0.385125, '"I24'": 2.89614, '"L28'": 1.2324, '"L37'": 1.2324, '"K907'": 34.183695, '"PP8 POWDER'": 21.567, '"6370AL-6379AL'": 246.48}","{180,200,180,180,180,180,180,180,180,180}",0,"{157,19.06}",25.1514,94672,308.1,{6726AL-6737AL},,,0,2025-03-29,2025-01-14 06:45:00,2025-01-14 18:00:00
1327,8,1000,963.6100,21ST CENTURY MOULDINGS CORP.,15242,YA12128E,39348,22.67,"{'"2024-07-09 18:20:00'",'"2024-07-10 06:00:00'"}","{'"2024-07-10 06:00:00'",'"2024-07-10 17:00:00'"}",93.5544,66.39,6.4456,KA5796E,LDPE(HMI),"PRODUCTION START FOR FG-1900

OVERSIZE - 50.14
HINDI NASALANG KASI BASA",STANDARD,4,130,40,Edsel Mangarin,Julius Fundano,"{'"J5'": 123.6, '"L14'": 30.9, '"L38'": 30.9, '"LL6'": 360.5, '"K910'": 484.1}","{150,150,140,140,130,130,130,130,130,130,130,130}",105,"{530,433.61}",42.506,91584,1030.0,"{7744AK-7763AK,7764AK}",,,8,2025-03-29,2024-07-09 18:20:00,2024-07-10 17:00:00
1328,1,308.1,176.6000,Universal Robina Corporation,0,IA17363E,40259,7.0,"{'"2025-01-14 06:45:00'",'"2025-01-14 17:15:00'"}","{'"2025-01-14 13:00:00'",'"2025-01-14 18:00:00'"}",57.3191,131.5,42.6809,0,PP,"01/14/2025
Z5-Z9 MATAAS ANG TEMP. READING CHANGE SETTINGS 180°-170°
1300 SHUT OFF UNDER MAINTENANCE

6732AL CUT",STANDARD,70,400,60/60,Aldrin Villacrusis,Julius Fundano,"{'"AO8'": 0.06162, '"AO9'": 0.06162, '"C19'": 0.385125, '"I24'": 2.89614, '"L28'": 1.2324, '"L37'": 1.2324, '"K907'": 34.183695, '"PP8 POWDER'": 21.567, '"6370AL-6379AL'": 246.48}","{180,200,180,180,180,180,180,180,180,180}",0,"{157,19.6}",25.2286,94672,308.1,{6726AL-6737AL},,,0,2025-03-31,2025-01-14 06:45:00,2025-01-14 18:00:00
1329,3,500,338.6000,In House,15464,VA4086E,40319,7.25,"{'"2025-01-20 23:45:00'",'"2025-01-21 06:00:00'"}","{'"2025-01-21 06:00:00'",'"2025-01-21 07:00:00'"}",61.5636,211.4,38.4364,YA5124E,LDPE(HMI),"VACUUM ON
HINDI MA RUN NG MAAYOS
FLAT ANG PELLET AT BASA PAG MABILIS ANG SPEED 
OVERFLOW ON VACUUM

1/21/25025 PRODUCTION CUT",STANDARD,9,12,40/40,Joel Miras,Julius Fundano,"{'"W8'": 12.1, '"L37'": 27.5, '"LL6'": 211.64, '"V50'": 23.1, '"B106'": 0.66, '"FM27'": 55.0, '"K907'": 220.0}","{150,150,130,140,140,150,150}",30,"{280,58.6}",46.7034,94773,550.0,{7020AL-7041AL},,,9,2025-03-31,2025-01-20 23:45:00,2025-01-21 07:00:00
1330,5,650,645.6000,"STARKSON PACKAGING, INC.",12024,UA8910E,40264,10.0,"{'"2025-01-10 07:20:00'"}","{'"2025-01-10 17:20:00'"}",96.8584,20.94,3.1416,WA3827E,RUBBER,"PELL 5
SIEV 5",STANDARD,6.5,250,60/60,NONOY,Julius Fundano,"{'"LL6'": 332.5, '"LL36'": 332.5, '"18-2821AL'": 1.54}","{170,170,170,170,160,160,160,160,160,150,150}",90,{645.6},64.56,94612,666.54,"{6414AL-6419AL,6420AL}",,,5,2025-03-31,2025-01-10 07:20:00,2025-01-10 17:20:00
1331,1,50,51.7000,SAN MIGUEL YAMAMURA PACKAGING CORPORATION,0,GA1225E,39929,2.0,"{'"2025-01-30 06:15:00'"}","{'"2025-01-30 08:15:00'"}",98.8717,0.59,1.1283,BA4701E,LDPE(HMI),"PELL 8
SIEV 7",STANDARD,100,300,40/40,Aldrin Villacrusis,Julius Fundano,"{'"C19'": 0.005372, '"G40'": 0.023472, '"L28'": 0.07824, '"Y124'": 0.020864, '"7045AL(1-2)'": 52.16}","{120,140,150,150,150,150,150,150,150,150}",680,{51.7},25.85,94956,52.29,{7542AL},,,5,2025-03-31,2025-01-30 06:15:00,2025-01-30 08:15:00
1332,3,1025,1002.6000,"PREMIER CREATIVE PACKAGING, INC.",15524,WA13000E,40355,19.5,"{'"2025-01-29 06:30:00'",'"2025-01-29 18:00:00'"}","{'"2025-01-29 18:00:00'",'"2025-01-30 02:00:00'"}",97.8605,21.92,2.1395,WA3827E,LDPE(HMI),"VACUUM ON
OVERFLOW ON VENT PORT & VACUUM PORT

CHANGE RPM 15-7.0
CHANGE F.RATE 8.5-7.5
VACUUM & VENT OVERFLOW 
VACUUM OFF

MALUTONG ANG STRAND 
DI MABILISAN LAGI NAG AALARM ANG EXTRUDER
DI MA RUN NG MAAYOS

1/29/2025 
1800- LAGI UMAAPAW SA VACUUM PORT

OVERSIZE#33-40",STANDARD,7.5,8,40/40,Joel Miras,Julius Fundano,"{'"B81'": 0.3015, '"L28'": 20.1, '"L37'": 20.1, '"LL6'": 251.25, '"W33'": 381.9, '"K907'": 331.3485, '"FG-0120AL'": 6.63, '"FG-2372AL'": 12.89}","{150,140,140,130,130,150,150}",90,"{625,377.6}",51.4154,94893,1024.52,"{7363AL-7371AL,7372AL}",,,9,2025-03-31,2025-01-29 06:30:00,2025-01-30 02:00:00
1333,5,625,333.3600,"PHIL-TOP INDUSTRIES, INC.",0,BA16776E,40327,4.75,"{'"2025-01-31 01:30:00'",'"2025-01-31 06:00:00'"}","{'"2025-01-31 05:00:00'",'"2025-01-31 07:15:00'"}",98.7499,4.22,1.2501,VA4086E,LDPE(HMI),"PELL 5
SIEV 1",STANDARD,10,380,40/40,Arnel Rosario,Julius Fundano,"{'"B89'": 1.5191100000000002, '"L28'": 1.6879, '"L37'": 1.6879, '"W35'": 11.8153, '"K907'": 5.23249, '"LL12'": 11.8153, '"7127AL-7132AL'": 270.0, '"7132AL-7133AL'": 33.82}","{170,170,170,170,170,170,160,160,160,150,150}",110,"{246,87.36}",70.1811,94960,337.58,"{7543AL-7548AL,7549AL}",,,16,2025-03-31,2025-01-31 01:30:00,2025-01-31 07:15:00
1334,5,1025,1011.5500,"EVEREST PLASTIC CONTAINERS IND., INC.",15716,RA4665E,40339,14.0,"{'"2025-01-30 09:30:00'",'"2025-01-30 18:00:00'",'"2025-01-30 22:52:00'"}","{'"2025-01-30 18:00:00'",'"2025-01-30 22:52:00'",'"2025-01-30 23:30:00'"}",98.7851,12.44,1.2149,BA16776E,LDPE(HMI),"PELL 5
SIEV 1

VACUUM ON 
FEEDER OVERFLOW	",STANDARD,10,350,40/40,JESSIE,Julius Fundano,"{'"L28'": 50.75, '"L37'": 50.75, '"W33'": 20.3, '"K907'": 289.681, '"LL31'": 507.5, '"R103'": 43.645, '"R117'": 0.609, '"R124'": 51.765, '"3-0155AL'": 2.42, '"3-1621AL'": 0.66, '"30-3270AL'": 4.58, '"1-QCEXCESS'": 1.33}","{180,180,170,170,160,160,160,160,60,1180,180}",120,"{620,355,36.55}",72.2536,94843,1023.99,"{7287AL-7306AL,7307AL}",,,12,2025-03-31,2025-01-30 09:30:00,2025-01-30 23:30:00
1335,5,200,186.7400,Incon Industrial Corporation,15980,OA16199E,40363,2.67,"{'"2025-01-30 03:40:00'",'"2025-01-30 06:00:00'"}","{'"2025-01-30 05:00:00'",'"2025-01-30 07:20:00'"}",98.2842,3.26,1.7158,RA4665E,LDPE(HMI),"PELL 5
SIEV 1",STANDARD,10,300,40/40,JESSIE,Julius Fundano,"{'"L28'": 9.5, '"L37'": 9.5, '"LL6'": 66.5, '"O57'": 1.273, '"W33'": 3.8, '"Y98'": 15.77, '"K907'": 83.448, '"R129'": 0.20900000000000002}","{180,180,180,170,170,170,170,160,160,160,160}",120,"{93,93.74}",69.9401,94939,190.0,"{7454AL-7456AL,7457AL}",,,15,2025-03-31,2025-01-30 03:40:00,2025-01-30 07:20:00
1337,3,6250,3447.0000,NMH PACKAGING PTE. LTD.,15552,WA15190E,40342,68.25,"{'"2025-01-24 09:15:00'",'"2025-01-25 06:30:00'",'"2025-01-25 18:00:00'",'"2025-01-26 07:00:00'",'"2025-01-27 18:00:00'"}","{'"2025-01-24 18:00:00'",'"2025-01-25 18:00:00'",'"2025-01-26 05:00:00'",'"2025-01-26 18:00:00'",'"2025-01-28 20:00:00'"}",54.7143,2853.0,45.2857,WA6947E,PP,"52-62 PPG
PELL 10
SIEV 8",STANDARD,8.6,36,60/60,Arnel Rosario,Julius Fundano,"{'"W8'": 3780.0, '"AO8'": 6.3, '"AO9'": 6.3, '"L28'": 126.0, '"L37'": 126.0, '"PP8 POWDER'": 360.0, '"PP14 POWDER'": 1310.4, '"PP16 POWDER'": 585.0}","{180,200,180,180,180,180,180}",120,"{634,863,825,825,300}",50.5055,94838,6300.0,"{7188AL-7226AL,7227AL-7250AL}",,,13,2025-03-31,2025-01-24 09:15:00,2025-01-28 20:00:00
1338,1,500,517.8000,SAN MIGUEL YAMAMURA PACKAGING CORPORATION,15510,SA11780E,40358,21.42,"{'"2025-01-27 00:50:00'",'"2025-01-28 06:00:00'",'"2025-01-28 18:00:00'"}","{'"2025-01-27 06:00:00'",'"2025-01-28 18:00:00'",'"2025-01-28 22:15:00'"}",99.0057,5.2,0.9943,GA2595E,LDPE(HMI),"P. MC#8
S.MC#7
B-TIME-0500

VACUUM ON",STANDARD,80,380,40/40,NONOY,Julius Fundano,"{'"C19'": 1.224, '"L28'": 25.5, '"L37'": 17.85, '"T22'": 30.6, '"B107'": 0.1785, '"K907'": 256.1475, '"LL12'": 178.5, '"FG-6291AL'": 13.0}","{150,110,110,140,140,150,150,150,150,150,150}",120,"{105,306,106.8}",24.1737,94909,523.0,"{7400AL-7409AL,7410AL}",,,14,2025-03-31,2025-01-27 00:50:00,2025-01-28 22:15:00
1339,1,400,405.6600,"PHIL-TOP INDUSTRIES, INC.",15757,GA14271E,40353,5.0,"{'"2025-01-29 20:40:00'"}","{'"2025-01-30 01:40:00'"}",98.5592,5.93,1.4408,OA16199E,LDPE(HMI),"PELL 5
SIEV 1",STANDARD,9,83,40/40,Arjie Galgo,Julius Fundano,"{'"W8'": 93.15, '"G40'": 2.025, '"L28'": 20.25, '"L37'": 22.68, '"K907'": 117.045, '"LL12'": 141.75, '"Y107'": 8.1, '"FG-3726AL'": 6.59}","{170,170,170,160,160,160,160,160,150,150,150}",120,{405.66},81.132,94874,411.59,"{7331AL-7337AL,7338AL,7339AL}",,,12,2025-03-31,2025-01-29 20:40:00,2025-01-30 01:40:00
1340,5,400,398.6000,"PHIL-TOP INDUSTRIES, INC.",15499,BA14304E,40352,6.17,"{'"2025-01-27 17:30:00'",'"2025-01-27 18:00:00'",'"2025-01-27 23:13:00'"}","{'"2025-01-27 18:00:00'",'"2025-01-27 23:13:00'",'"2025-01-27 23:40:00'"}",96.0482,16.4,3.9518,BA9159E,LDPE(HMI),"VACUUM ON 
OVERFLOW ON VAUUM PORT
CHANGE RPM 300-240-200
F.RATE 80-70
PELL 5
SIEV 1",STANDARD,70,200,40/40,Aldrin Villacrusis,Julius Fundano,"{'"W8'": 91.3, '"L28'": 20.75, '"L37'": 23.24, '"B107'": 3.652, '"K907'": 130.808, '"LL31'": 145.25}","{170,170,170,170,160,160,160,160,140,140,150}",90,"{30,345,23.6}",64.6029,94871,415.0,"{7322AL-7329AL,7330AL}",,,9,2025-03-31,2025-01-27 17:30:00,2025-01-27 23:40:00
1341,5,300,309.1400,"PLEXCO PLASTIC PRODUCTS, INC.",15526,BA12615E,40351,5.17,"{'"2025-01-27 10:20:00'"}","{'"2025-01-27 15:30:00'"}",98.1397,5.86,1.8603,BA14304E,LDPE(HMI),"OVERFLOW ON FEEDER PORT
RPM 400-420
FEEDRATE 8-6
HINDI BUMABAGSAK

PELL 5
SIEV 1",STANDARD,6,420,40/40,Aldrin Villacrusis,Julius Fundano,"{'"W8'": 6.3, '"B37'": 69.3, '"L28'": 15.75, '"L37'": 11.025, '"V50'": 1.26, '"B106'": 1.575, '"K907'": 99.53999999999999, '"LL31'": 110.25}","{200,200,150,140,160,160,160,150,150,150,150}",120,{309.14},59.795,94869,315.0,"{7315AL-7320AL,7321AL}",,,12,2025-03-31,2025-01-27 10:20:00,2025-01-27 15:30:00
1342,5,200,209.9000,"PHIL-TOP INDUSTRIES, INC.",15968,KA17488E,40328,3.5,"{'"2025-01-29 04:15:00'",'"2025-01-29 06:00:00'"}","{'"2025-01-29 05:00:00'",'"2025-01-29 08:45:00'"}",97.6279,5.1,2.3721,GA4352E,LDPE(HMI),"VACUUM ON
PELL 5
SIEV 1",STANDARD,10,380,40/40,JESSIE,Julius Fundano,"{'"L37'": 10.75, '"W35'": 5.59, '"FM27'": 17.2, '"K907'": 73.53, '"LL12'": 107.5, '"R129'": 0.43000000000000005}","{180,180,170,170,170,160,160,160,160,180,180}",120,"{50,159.9}",59.9714,94937,215.0,"{7449AL-7452AL,7453AL}",,,17,2025-03-31,2025-01-29 04:15:00,2025-01-29 08:45:00
1343,1,150,156.3000,METRO CONTAINER CORPORATION,15966,OA17117E,40317,7.08,"{'"2025-01-25 21:10:00'"}","{'"2025-01-26 04:15:00'"}",97.6875,3.7,2.3125,RA2508E,LDPE(HMI),"PELL 8
SIEV 7",STANDARD,80,400,40/40,Edsel Mangarin,Julius Fundano,"{'"I24'": 1.6, '"L28'": 8.0, '"L37'": 8.0, '"O55'": 3.68, '"Y98'": 16.0, '"K907'": 42.72, '"PP14 POWDER'": 80.0}","{120,140,150,150,150,150,150,150,140,140}",45,{156.3},22.0763,94921,160.0,"{7437AL-7441AL,7442AL}",,,14,2025-03-31,2025-01-25 21:10:00,2025-01-26 04:15:00
1344,1,50,49.1500,"EVEREST PLASTIC CONTAINERS IND., INC.",15873,BA4701E,40343,1.92,"{'"2025-01-24 02:35:00'"}","{'"2025-01-24 04:30:00'"}",98.3,0.85,1.7,MA4737E,PP,"PELL 8
SIEV 7",STANDARD,80,250,40/40,Joel Miras,Julius Fundano,"{'"G40'": 0.0055, '"L28'": 1.5, '"L37'": 1.5, '"B107'": 0.24, '"PP14 POWDER'": 46.7545}","{180,200,180,180,180,180,180,180,180,180}",30,{49.15},25.599,94844,50.0,{7136AL-7137AL},,,7,2025-03-31,2025-01-24 02:35:00,2025-01-24 04:30:00
1345,1,50,56.6000,"MILLERS PACKAGING MANUFACTURING COMPANY, INC.",15961,RA11649E,40329,7.58,"{'"2025-01-23 11:10:00'",'"2025-01-23 18:00:00'"}","{'"2025-01-23 18:00:00'",'"2025-01-23 18:45:00'"}",97.5862,1.4,2.4138,IA15764E,LDPE(HMI),"VACUUM ON
OVERFLOW ON F-DER
CHANGE F.RATE 70-40

1110 START RUN COMPOUNDED
1550 START FOR RE-EXTRUD",STANDARD,80,380,60/60,Arnel Rosario,Julius Fundano,"{'"L28'": 4.24, '"L37'": 2.65, '"K907'": 7.95, '"R103'": 4.24, '"R116'": 9.01, '"FG-4871AL'": 5.0, '"PP14 POWDER'": 24.91}","{175,195,175,175,175,175,175,175,175,175}",115,"{46,10.6}",7.467,94823,58.0,"{7171AL,7172AL}",,,10,2025-03-31,2025-01-23 11:10:00,2025-01-23 18:40:00
1346,1,100,98.0000,PLASTIMER INDUSTRIAL CORP.,15978,GA6246E,40357,3.92,"{'"2025-01-29 09:20:00'"}","{'"2025-01-29 13:15:00'"}",98.0,2.0,2.0,0,PP,"KUMUKULAY SA TUBIG

PELL 8
SIEV 7",STANDARD,100,280,40/40,Aldrin Villacrusis,Julius Fundano,"{'"W8'": 5.0, '"C19'": 0.06, '"G40'": 4.0, '"L28'": 5.0, '"L37'": 5.0, '"Y98'": 12.0, '"B106'": 1.3, '"K907'": 10.0, '"PP14 POWDER'": 57.64}","{180,200,180,180,180,180,180,180,180,180}",0,{98},25.0,94917,100.0,{7433AL-7436AL},,,0,2025-03-31,2025-01-29 09:20:00,2025-01-29 13:15:00
1347,8,900,905.9200,"ZELLER PLASTIK PHILIPPINES, INC.",15603,GA4352E,40368,16.92,"{'"2025-01-31 09:20:00'",'"2025-01-31 18:00:00'"}","{'"2025-01-31 18:00:00'",'"2025-02-01 02:15:00'"}",99.0077,9.08,0.9923,0,PP,"0600- HEAT UP

PELL 9
SIEV 5",STANDARD,9,250,40/40,Aldrin Villacrusis,Julius Fundano,"{'"G22'": 11.529, '"L28'": 27.45, '"L37'": 27.45, '"K907'": 183.0, '"Y107'": 2.928, '"PP14 POWDER'": 662.643}","{180,200,180,180,180,180,180,180,180,180,180,180}",0,"{465,440.92}",53.5414,94947,915.0,"{7486AL-7521AL,7522AL}",,,0,2025-03-31,2025-01-31 09:20:00,2025-02-01 02:15:00
1349,5,250,243.6500,"EVEREST PLASTIC CONTAINERS IND., INC.",15958,IA5758E,40299,3.58,"{'"2025-01-20 21:30:00'",'"2025-01-20 22:00:00'"}","{'"2025-01-20 22:00:00'",'"2025-01-21 01:05:00'"}",97.46,6.35,2.54,YA5993E,LDPE(HMI),"VACUUM ON 
OVERFLOW FEEDERPORT
RPM 400-420
FEEDRATE 12-10",STANDARD,10,420,60/60,Edsel Mangarin,Julius Fundano,"{'"C19'": 1.25, '"I24'": 15.5, '"L28'": 12.5, '"L37'": 12.5, '"K907'": 118.5, '"LL31'": 87.5, '"Y127'": 2.25}","{170,170,170,170,170,170,160,160,160,160,150,150}",115,"{32,211.65}",68.0587,94778,250.0,{6686AL-6690AL},,,13,2025-04-03,2025-01-20 21:30:00,2025-01-21 01:05:00
1350,5,243,247.8500,METRO CONTAINER CORPORATION,0,GA17119E,40316,3.92,"{'"2025-01-31 19:20:00'"}","{'"2025-01-31 23:15:00'"}",100.3116,-0.77,-0.3116,GA4921E,LDPE(HMI),OVERFLOW ON VACUUM & VENT PORT LMI WITH DIESEL,STANDARD,10,400,40/40,Arjie Galgo,Julius Fundano,"{'"G40'": 3.2319, '"L28'": 0.8504999999999999, '"7399AL'": 43.0, '"7395AL-7398AL'": 200.0}","{170,170,170,170,160,160,160,160,160,150,150}",120,{247.85},63.227,94990,247.08,"{7758AL-7761AL,7762AL}",,,14,2025-04-03,2025-01-31 19:20:00,2025-01-31 23:15:00
1351,5,200,195.0000,METRO CONTAINER CORPORATION,15984,GA17119E,40316,4.58,"{'"2025-01-31 14:45:00'",'"2025-01-31 18:00:00'"}","{'"2025-01-31 18:00:00'",'"2025-01-31 19:20:00'"}",97.5,5.0,2.5,0,LDPE(HMI),"VACUUM ON
RPM 400
F.RATE 100-80
FEEDER OVERFLOW

PELL 5
SIEV 1",STANDARD,8,380,40/40,JESSIE,Julius Fundano,"{'"C19'": 1.4, '"G40'": 12.4, '"L28'": 14.0, '"L37'": 10.0, '"W33'": 6.0, '"Y98'": 20.0, '"B107'": 7.0, '"K907'": 59.2, '"LL12'": 70.0}","{170,170,170,170,170,170,160,160,160,160,150}",0,"{135,60}",42.5764,94988,200.0,{7754AL-7757AL},,,0,2025-04-03,2025-01-31 14:45:00,2025-01-31 19:20:00
1352,5,97,94.5000,METRO CONTAINER CORPORATION,0,GA17119E,40316,1.67,"{'"2025-01-29 17:00:00'",'"2025-01-29 18:00:00'"}","{'"2025-01-29 18:00:00'",'"2025-01-29 18:40:00'"}",97.0126,2.91,2.9874,GA14271E,LDPE(HMI),"VACUUM ON
PELL 5
SIEV 1",STANDARD,10,380,40/40,JESASIE,Julius Fundano,"{'"C19'": 0.6755, '"G40'": 0.147163, '"B107'": 0.084438, '"7043AL-7044AL'": 96.5}","{170,170,170,170,160,160,160,160,170,170,170}",100,"{50,44.5}",56.5868,94950,97.41,{7526AL-7527AL},,,14,2025-04-03,2025-01-29 17:00:00,2025-01-29 18:40:00
1353,5,300,310.7500,"ZELLER PLASTIK PHILIPPINES, INC.",15603,GA4352E,40361,4.75,"{'"2025-01-29 10:45:00'"}","{'"2025-01-29 15:30:00'"}",98.3947,5.07,1.6053,GA17119E,PP,"VACUUM ON	
PELL 5
SIEV 1",STANDARD,9,250,40/40,JESSIE,Julius Fundano,"{'"G22'": 3.843, '"L28'": 9.15, '"L37'": 9.15, '"K907'": 61.0, '"Y107'": 0.976, '"31-1169AL'": 4.5, '"1-QCEXCESS'": 1.56, '"FG-QCEXCESS'": 4.76, '"PP14 POWDER'": 220.881}","{180,200,180,180,180,180,180}",285,{310.75},65.4211,94916,315.82,"{7421AL-7431AL,7432AL}",,,7,2025-04-03,2025-01-29 10:45:00,2025-01-29 15:30:00
1354,1,100,106.2200,"ZELLER PLASTIK PHILIPPINES, INC.",15783,GA4440E,40293,5.33,"{'"2025-01-17 15:00:00'",'"2025-01-17 18:00:00'"}","{'"2025-01-17 18:00:00'",'"2025-01-17 20:20:00'"}",98.9105,1.17,1.0895,DA5176E,PP,"PELL 8
SIEV 7",STANDARD,80,400,40/40,Aldrin Villacrusis,Julius Fundano,"{'"W8'": 0.05, '"G40'": 0.28, '"L37'": 5.0, '"Y118'": 3.0, '"FG-4152AL'": 7.39, '"PP14 POWDER'": 91.67}","{180,200,180,180,180,180,180,180,180,180}",100,"{60,46.22}",19.9287,94695,107.39,"{6857AL-6859AL,6860AL}",,,6,2025-04-03,2025-01-17 15:00:00,2022-01-17 20:20:00
1355,8,50,54.8900,GLOBE-PACK MANUFACTURING CORP.,15917,BA16119E,40242,1.25,"{'"2025-01-04 18:15:00'"}","{'"2025-01-04 19:30:00'"}",96.2982,2.11,3.7018,GA4352E,LDPE(HMI),"SHUT OFF 1930
PELL 9
SIEV 1",STANDARD,7,400,60/60,Arjie Galgo,Julius Fundano,"{'"B38'": 9.4, '"B89'": 0.7989999999999999, '"C19'": 0.1081, '"L28'": 2.35, '"L37'": 2.35, '"V50'": 1.551, '"W33'": 1.4100000000000001, '"K907'": 16.45, '"LL12'": 12.581900000000001, '"FG-5105AJ'": 10.0}","{200,200,180,180,170,170,170,160,160,160,150,150}",658,{54.89},43.912,94544,57.0,"{6264AL,6265AL}",,,11,2025-04-03,2025-01-04 18:15:00,2025-01-04 19:30:00
1356,1,100,98.8400,METRO CONTAINER CORPORATION,15966,OA17117E,40317,4.83,"{'"2025-01-23 02:10:00'",'"2025-01-23 06:00:00'"}","{'"2025-01-23 05:00:00'",'"2025-01-23 08:00:00'"}",98.84,1.16,1.16,BA9094E,PP,"PELL 8
SIEV 7",STANDARD,80,400,40/40,Edsel Mangarin,Julius Fundano,"{'"I24'": 1.0, '"L28'": 5.0, '"L37'": 5.0, '"O55'": 2.3, '"Y98'": 10.0, '"K907'": 26.7, '"PP14 POWDER'": 50.0}","{180,200,180,180,180,180,180,180,180,180}",100,"{55,43.84}",20.4638,94835,100.0,{7184AL-7187AL},,,8,2025-04-03,2025-01-23 02:10:00,2025-01-23 08:00:00
1357,5,200,205.2200,ALPHATECH DEVELOPMENT CORPORATION,15464,VA4086E,40373,3.7,"{'"2025-01-31 09:05:00'"}","{'"2025-01-31 12:47:00'"}",97.7238,4.78,2.2762,GA17119E,LDPE(HMI),"PELL 5
SIEV 1",STANDARD,8,200,40/40,JESSIE,Julius Fundano,"{'"W8'": 4.62, '"L37'": 10.5, '"LL6'": 80.808, '"V50'": 8.82, '"B106'": 0.252, '"FM27'": 21.0, '"K907'": 84.0}","{160,160,160,160,160,160,160,160,160,160,160}",118,{205.22},55.4649,94954,210.0,"{7532AL-7538AL,7539AL}",,,12,2025-04-03,2025-01-31 09:05:00,2025-01-31 12:47:00
1358,5,175,175.0000,"MOLDEX PRODUCTS, INC.",0,GA3933E,40278,2.67,"{'"2025-01-17 09:30:00'"}","{'"2025-01-17 12:10:00'"}",100.0,0.0,0.0,IA17363E,PP,"UNDER MAINTENANCE
1345-1430

PELL 5
SIEV 5",STANDARD,15,300,40/40,Edsel Mangarin,Julius Fundano,"{'"AO8'": 0.0245, '"AO9'": 0.0245, '"G40'": 1.127, '"L28'": 0.735, '"L37'": 0.735, '"W35'": 3.185, '"Y53'": 0.581, '"PP14'": 18.088, '"1866AL-1869AL'": 150.5}","{180,200,180,180,180,180,180}",110,{175},65.5431,94677,175.0,{6744AL-6750AL},,,17,2025-04-03,2025-01-17 09:30:00,2025-01-17 12:10:00
1359,1,225,231.2800,Universal Robina Corporation,15937,IA17363E,40259,14.67,"{'"2025-01-14 18:10:00'",'"2025-01-15 06:00:00'"}","{'"2025-01-15 05:00:00'",'"2025-01-15 09:50:00'"}",98.417,3.72,1.583,GA4921E,PP,"OVERFLOW ON FEEDER PORT
CHANGE F-RATE 80-35
RPM 400",STANDARD,35,400,60/60,Arjie Galgo,Julius Fundano,"{'"AO8'": 0.23500000000000001, '"AO9'": 0.23500000000000001, '"C19'": 1.457, '"I24'": 11.28, '"L28'": 4.7, '"L37'": 4.7, '"K907'": 122.858, '"Y127'": 7.285, '"PP16 POWDER'": 82.25}","{180,200,180,180,180,180,180,180,180,180}",100,"{169,62.28}",15.7655,94683,235.0,"{6811AL-6818AL,6819AL}",,,6,2025-04-03,2025-01-14 18:10:00,2025-01-15 09:50:00
1360,1,125,123.5000,UNIVERSAL ROBINA CORPORATION,0,IA17363E,40259,19.08,"{'"2025-01-21 22:35:00'"}","{'"2025-01-21 03:30:00'"}",98.0781,2.42,1.9219,GA6607E,PP,"PELL 8
SIEV 7",STANDARD,80,400,60/60,Edsel Mangarin,Julius Fundano,"{'"C19'": 0.075, '"I24'": 0.6, '"L28'": 0.25, '"6999AL-7003AL'": 125.0}","{180,200,180,180,180,180,180,180,180,180}",90,{123.5},6.4727,94788,125.92,{7052AL-7056AL},,,11,2025-04-03,2025-01-21 22:35:00,2025-01-22 03:30:00
1361,1,150,158.6300,"ZELLER PLASTIK PHILIPPINES, INC.",15494,BA9094E,40292,7.08,"{'"2025-01-17 06:30:00'"}","{'"2025-01-17 13:35:00'"}",98.3752,2.62,1.6248,GA4440E,PP,"PELL 8
SIEV 7",STANDARD,85,380,40/40,Aldrin Villacrusis,"","{'"B89'": 0.46499999999999997, '"L28'": 7.75, '"L37'": 7.75, '"B107'": 0.0465, '"K907'": 31.0, '"FG-4480AL'": 6.25, '"PP14 POWDER'": 107.9885}","{180,200,180,180,180,180,180,180,180,180}",85,{158.63},22.4054,94693,161.25,"{6851AL-6855AL,6856AL}",,,4,2025-04-03,2025-01-17 06:30:00,2025-01-13 13:35:00
1362,1,150,148.2700,EVERGOOD PLASTIC INDUSTRY INC.,15942,DA5176E,40302,6.13,"{'"2025-01-17 22:00:00'"}","{'"2025-01-18 04:08:00'"}",98.8467,1.73,1.1533,OA4303E,LDPE(HMI),"PELL 8
SIEV 7",STANDARD,100,400,40/40,Arjie Galgo,Julius Fundano,"{'"W8'": 36.0, '"C19'": 0.052500000000000005, '"I23'": 0.1375, '"I24'": 0.6875, '"L28'": 7.5, '"L37'": 7.5, '"K907'": 44.4225, '"LL31'": 52.5, '"Y127'": 1.2}","{140,150,150,150,150,150,150,150,150,150}",368,{148.27},24.1876,94735,150.0,"{6987AL-6988AL,6989AL,6990AL}",,,5,2025-04-05,2025-01-17 22:00:00,2025-01-18 04:08:00
1363,1,50,55.5500,GILVAN PACKAGING CORPORATION,15954,RA15449E,40321,3.25,"{'"2025-01-16 18:00:00'"}","{'"2025-01-16 21:15:00'"}",96.6087,1.95,3.3913,KA3144E,LDPE(HMI),"HINDI MAITAKBO NNG MAAYOS LAGI NAG PUPUTOL SA D-HEAD DAHIL WALANG VACUUM
F-RATE 100-90
RPM 200-180-160",STANDARD,90,180,40/40,Arjie Galgo,Julius Fundano,"{'"L28'": 1.5, '"L37'": 3.5, '"LL31'": 41.37, '"R117'": 2.63, '"R129'": 1.0, '"FG-2589AL'": 7.5}","{120,140,150,150,150,150,150,150,140,140}",105,{55.55},17.0923,94772,57.5,"{7018AL,7019AL}",,,9,2025-04-05,2025-01-16 18:00:00,2025-01-16 21:15:00
1364,1,325,327.2000,EASTERN INTERNATIONAL PLASTIC PACKAGING CORPORATION,0,GA8074E,40272,11.83,"{'"2025-01-15 19:20:00'",'"2025-01-16 06:00:00'"}","{'"2025-01-16 04:00:00'",'"2025-01-16 09:10:00'"}",99.3985,1.98,0.6015,TA15557E,LDPE(HMI),"PELL 8
SIEV 7",STANDARD,80,380,40/40,Arjie Galgo,Julius Fundano,"{'"W8'": 0.147216, '"L28'": 1.2268, '"L37'": 1.2268, '"LL6'": 8.5876, '"K907'": 10.908706, '"Y117'": 0.38276200000000005, '"6613AL'": 24.7, '"6607AL-6613AL'": 282.0}","{120,140,150,150,150,150,150,150,140,140}",90,"{239,88.2}",27.6585,94685,329.18,"{6820AL-6825AL,6826AL}",,,5,2025-04-05,2025-01-15 19:20:00,2025-01-16 09:10:00
1365,1,32.02,30.5300,HYATT PLASTIC,15940,OA4303E,40294,1.58,"{'"2025-01-18 06:35:00'"}","{'"2025-01-18 08:10:00'"}",95.7954,1.34,4.2046,GA2595E,LDPE(HMI),"VACUUM ON

PELL 8
SEIV 7",STANDARD,80,400,100/100,Aldrin Villacrusis,Julius Fundano,"{'"L28'": 0.76, '"L37'": 0.76, '"O60'": 1.9, '"W35'": 1.9, '"Y89'": 2.66, '"K907'": 3.42, '"LL12'": 7.6, '"33-1745AL'": 4.34, '"FG-6544AG'": 7.73, '"3-QCEXCESS'": 0.8}","{120,140,150,150,150,150,150,150,140,140}",120,{30.53},19.3228,94713,31.87,{6861AL},,,10,2025-04-07,2025-01-18 06:35:00,2025-01-18 08:10:00
1366,1,50,57.0700,"ZELLER PLASTIK PHILIPPINES, INC.",15939,KA3541E,40291,26.5,"{'"2025-01-17 01:30:00'"}","{'"2025-01-18 04:00:00'"}",98.6176,0.8,1.3824,BA9094E,PP,"																								PELL 8
SEIV 7																												",STANDARD,80,400,40/40,Arjie Galgo,Julius Fundano,"{'"W8'": 4.55, '"L28'": 1.56, '"L37'": 1.56, '"K907'": 10.4, '"R119'": 0.0312, '"R129'": 0.3432, '"FG-4696AK'": 5.87, '"PP14 POWDER'": 33.5556}","{180,200,180,180,180,180,180,180,180,180}",60,{57.07},2.1536,94700,57.87,"{6863AL,6864AL}",,,5,2025-04-07,2025-01-17 01:30:00,2025-01-17 04:00:00
1367,1,225,220.0000,In House,12727,GA2595E,40279,13.0,"{'"2025-01-13 15:00:00'",'"2025-01-13 18:00:00'"}","{'"2025-01-13 18:00:00'",'"2025-01-14 04:00:00'"}",97.7778,5.0,2.2222,IA17363E,PET,"VACUUM ON/COIL SCREW
NO AGIGATOR/90-100 PPG

LAGI NA APAW SA F-DER PORT",STANDARD,80,200,40/40,Edsel Mangarin,Julius Fundano,"{'"B93'": 3.740625, '"Y121'": 0.961875, '"6015AK'": 8.75, '"6368AL'": 2.5, '"LL60 POWDER'": 209.0475}","{210,220,220,220,220,220,220,220,220,220}",60,"{50,170}",16.9231,94653,225.0,"{6369AL,6476AL-6477AL,6652AL-6657AL}",,,5,2025-04-07,2025-01-13 15:00:00,2025-01-14 01:00:00
1368,3,250,256.4000,"PHIL-TOP INDUSTRIES, INC.",15920,KA16132E,40248,4.37,"{'"2025-01-07 01:38:00'"}","{'"2025-01-07 06:00:00'"}",98.3883,4.2,1.6117,0,LDPE(HMI),"VACUUM & VENT PORT
OVERFLOW
CHANGE F.RATE 10-7.5
CHANGE RPM 30-22",STANDARD,7.5,22,40/40,Joel Miras,Julius Fundano,"{'"L28'": 12.85, '"L37'": 12.85, '"P26'": 12.85, '"K907'": 77.1, '"LL12'": 139.551, '"R119'": 0.7709999999999999, '"R129'": 1.028, '"5-7047AK'": 3.6}","{150,150,150,150,150,130,130}",0,{256.4},58.6728,94564,260.6,"{6295AL-6298AL,6299AL,6300AL}",,,0,2025-04-07,2025-01-07 01:38:00,2025-01-07 06:00:00
1369,5,2500,2447.7800,"BEVPACK, INC.",15798,WA11295E,40229,38.5,"{'"2025-01-02 20:30:00'",'"2025-01-03 06:30:00'",'"2025-01-03 13:00:00'",'"2025-01-04 06:30:00'",'"2025-01-04 13:00:00'",'"2025-01-06 08:00:00'",'"2025-01-06 13:00:00'",'"2025-01-06 18:47:00'"}","{'"2025-01-02 22:00:00'",'"2025-01-03 13:00:00'",'"2025-01-03 22:00:00'",'"2025-01-04 13:00:00'",'"2025-01-04 16:00:00'",'"2025-01-06 13:00:00'",'"2025-01-06 18:47:00'",'"2025-01-06 20:00:00'"}",95.0594,127.22,4.9406,WA15190E,LDPE(HMI),1-4-2025 CHANGE SCREEN,STANDARD,20,380,40/40,Arjie Galgo,Julius Fundano,"{'"LL6'": 2317.5, '"SA5'": 257.5}","{170,170,170,170,170,160,160,160,160,150,150}",90,"{97,380,585,425,188,325,375,72.78}",63.5787,94482,2575.0,"{6103AL-6127AL,6128AL}",,,6,2025-04-08,2025-01-02 20:30:00,2025-01-06 20:00:00
1370,5,750,750.0000,EVERGOOD PLASTIC INDUSTRY INC.,15955,YA5993E,40280,10.0,"{'"2025-01-21 03:00:00'",'"2025-01-21 06:00:00'"}","{'"2025-01-21 06:00:00'",'"2025-01-21 13:00:00'"}",50.0,750.0,50.0,YA5124E,LDPE(HMI),PRODUCTION CUT - 7104AL- 7119AL,STANDARD,12,400,40/40,Aldrin Villacrusis,Julius Fundano,"{'"L28'": 75.0, '"L37'": 75.0, '"O60'": 23.25, '"W35'": 210.0, '"K907'": 389.25, '"LL31'": 525.0, '"Y120'": 202.5}","{170,170,170,170,160,160,160,160,160,150,150}",90,"{223,527}",75.0,94804,1500.0,{7089AL-7118AL},,,12,2025-04-08,2025-01-21 03:00:00,2025-01-21 13:00:00
1371,3,25,20.0000,"STARKSON PACKAGING, INC.",12024,UA8910E,40264,0.83,"{'"2025-01-28 21:30:00'"}","{'"2025-01-28 22:20:00'"}",80.0,5.0,20.0,WA16245E,RUBBER,"PELL 10
SEIV 8",STANDARD,6.5,250,60/60,Edsel Mangarin,Julius Fundano,"{'"LL6'": 12.5, '"LL36'": 12.5}","{169,170,171,169,169,162,161,160,159,149,150}",100,{20},24.0964,94930,25.0,{7448AL},,,6,2025-04-08,2025-01-25 21:30:00,2025-01-25 22:20:00
1410,8,25,22.5200,In House,12727,GA2595E,40370,1.0,"{'"2025-02-11 06:00:00'"}","{'"2025-02-11 07:00:00'"}",90.08,2.48,9.92,0,PET,"90-100 PPG
LESS 10°C

CHANGE SETTINGS
211-220°
212-220°
TUMITIGAS ANG DALAWANG STRAND SA GILID

PELL 9
SIEV 2",STANDARD,8,200,40/40,Aldrin Villacrusis,Julius Fundano,"{'"B93'": 0.424375, '"Y121'": 0.109125, '"9418AF'": 0.75, '"LL60 POWDER'": 23.7165}","{220,220,210,210,210,210,210,210,210,210,210,210}",0,{22.52},22.52,95183,25.0,{8561AL},,,0,2025-04-24,2025-02-11 06:00:00,2025-02-11 07:00:00
1372,5,549.41,544.0000,"GLOBAL KONTEINER MANUFACTURING, INC.",0,GA8074E,40297,6.58,"{'"2025-01-21 23:00:00'",'"2025-01-22 06:00:00'"}","{'"2025-01-22 05:00:00'",'"2025-01-22 06:35:00'"}",99.0135,5.42,0.9865,GA3933E,LDPE(HMI),"PELL 5
SIEV 1",STANDARD,9,350,40/40,Aldrin Villacrusis,Julius Fundano,"{'"W8'": 0.6234, '"L28'": 2.078, '"L37'": 2.078, '"LL6'": 10.9095, '"K907'": 13.7148, '"Y117'": 0.5195, '"6909AL-6915AL'": 350.0, '"6916AL-6918AL'": 144.0, '"6918AL-6919AL'": 25.5}","{170,170,170,170,170,160,160,160,160,150,150}",55,"{500,44}",82.6748,94832,549.42,"{7173AL-7179AL,7180AL-7182AL,7183AL}",,,5,2025-04-08,2025-01-21 23:00:00,2025-01-22 06:35:00
1373,1,153.88,153.1000,PLASTIMER INDUSTRIAL CORP.,0,GA6246E,40220,6.33,"{'"2025-01-09 19:50:00'"}","{'"2025-01-10 02:10:00'"}",99.4931,0.78,0.5069,BA14432E,PP,"KUMUKUKAY SA TUBIG

PMC#8
SMC#7",STANDARD,80,400,40/40,Edsel Mangarin,Julius Fundano,"{'"5741AL-5743AL'": 124.64, '"6486AL-6487AL'": 29.24}","{180,200,180,180,180,180,180,180,180,180}",60,{153.1},24.1864,94648,153.88,{6641AL},,,8,2025-04-12,2025-01-09 19:50:00,2020-01-10 02:10:00
1374,9,4500,4417.0000,"PACKAGEWORLD, INC.",14550,BA12556E,40255,44.08,"{'"2025-01-14 08:00:00'",'"2025-01-14 18:00:00'",'"2025-01-15 06:00:00'",'"2025-01-15 15:30:00'",'"2025-01-15 18:00:00'",'"2025-01-16 16:00:00'",'"2025-01-16 18:00:00'"}","{'"2025-01-14 18:00:00'",'"2025-01-15 06:00:00'",'"2025-01-15 08:00:00'",'"2025-01-15 18:00:00'",'"2025-01-16 06:00:00'",'"2025-01-16 18:00:00'",'"2025-01-16 21:35:00'"}",98.1556,83.0,1.8444,CMA16060,LDPE(HMI),"01-14-2025
RUN LD FOR BLACK SPOT
10KG HEAT UP FROM ( 0600)

01/15/2025 
CHANGE SCREEN FROM 1500-1530
NAGBAGSAK PA NG LDPE 5KG.",STANDARD,25,380,60/60,Edsel Mangarin,Julius Fundano,"{'"AO8'": 4.5, '"AO9'": 4.5, '"LL36'": 1125.0, '"LL38'": 2196.0, '"LL66'": 1080.0, '"BA15050E(5260AL)'": 90.0}","{160,160,160,160,160,150,150,150,150,150,160,160}",55,"{1000,1200,200,250,1200,200,367}",100.2042,94585,4500.0,{6333AL-6341AL},,,6,2025-04-12,2025-01-14 08:00:00,2052-01-16 21:32:00
1375,1,125,121.4000,In House,12727,GA2595E,40370,31.5,"{'"2025-01-29 00:15:00'",'"2025-01-30 06:00:00'"}","{'"2025-01-30 06:00:00'",'"2025-01-30 07:45:00'"}",97.12,3.6,2.88,GA6246E,LDPE(HMI),"PMC#8
SMC#7	

VACUUM ON",STANDARD,80,240,40/40,NONOY,Julius Fundano,"{'"B93'": 2.078125, '"Y121'": 0.534375, '"6015AK'": 6.25, '"LL60 POWDER'": 116.1375}","{210,220,220,220,220,220,220,220,220,220,220}",95,"{91,30.4}",3.854,94943,125.0,"{7459AL-7460AL,7471AL-7473AL}",,,6,2025-04-12,2025-01-29 00:15:00,2025-01-30 07:45:00
1378,3,1000,984.1300,SAN MIGUEL YAMAMURA PACKAGING CORPORATION,15886,RA9825E,40262,14.13,"{'"2025-01-10 07:00:00'",'"2025-01-10 18:00:00'"}","{'"2025-01-10 18:00:00'",'"2025-01-10 21:08:00'"}",98.413,15.87,1.587,RA12739E,LDPE(HMI),"",STANDARD,10,35,40/40,Arnel Rosario,Julius Fundano,"{'"I24'": 41.0, '"L28'": 50.0, '"L37'": 50.0, '"LL6'": 350.0, '"R74'": 12.0, '"K907'": 460.0, '"R129'": 37.0}","{150,130,130,150,150,150,150}",87,"{770,214.13}",69.6483,94603,1000.0,{6384AL-6403AL},,,14,2025-04-14,2025-01-10 07:00:00,2025-01-10 21:08:00
1379,3,125,106.3600,"Toprite Plastic Industries, Inc.",15547,WA15135E,40408,2.75,"{'"2025-01-05 23:15:00'"}","{'"2025-01-06 02:00:00'"}",96.6909,3.64,3.3091,UA8910E,LDPE(HMI),"VACUUM & VENT OVERFLOW
MALUTONG ANG STRAND
CHANGE RPM 15
CHANGE F.RATE 6
HINDI MABILISAN FLAT ANG PELLET

1ST BAG RE-EXDTRUDE BASA AT FLAT",STANDARD,6,15,60/60,Joel Miras,Julius Fundano,"{'"B81'": 0.055, '"L28'": 2.2, '"L37'": 2.2, '"LL6'": 29.7, '"W33'": 23.1, '"W34'": 4.51, '"K907'": 48.235}","{150,120,120,120,130,130,150}",120,{106.36},38.6764,95062,110.0,{8007AL},,,25,2025-04-14,2025-01-05 23:15:00,2025-01-06 02:00:00
1380,1,150,156.6400,I TUNG PLASTIC MOULD ENGINEERING COMPANY,15539,TA15557E,40282,6.83,"{'"2025-01-16 10:40:00'"}","{'"2025-01-16 17:30:00'"}",98.3611,2.61,1.6389,IA15764E,LDPE(HMI),"PELL 8
SEIV 7",STANDARD,85,380,40/40,Aldrin Villacrusis,Julius Fundano,"{'"C19'": 2.475, '"L28'": 7.5, '"L37'": 7.5, '"LL6'": 52.5, '"W33'": 16.8, '"K907'": 63.105, '"Y116'": 0.12000000000000001, '"23-2257AL'": 4.25, '"FG-3602AL'": 5.0}","{120,140,150,150,150,150,150,150,140,140}",90,{156.64},22.9341,94660,159.25,"{6671AL-6672AL,6673AL,6674AL}",,,7,2025-04-14,2025-01-16 10:40:00,2025-01-16 17:30:00
1381,1,150,153.1400,EVERGOOD PLASTIC INDUSTRY INC.,15756,GA4921E,40281,6.5,"{'"2025-01-05 11:30:00'"}","{'"2025-01-05 18:00:00'"}",98.8,1.86,1.2,GA8074E,LDPE(HMI),"PELL 7
SIEV 8",STANDARD,100,320,40/40,Aldrin Villacrusis,Julius Fundano,"{'"G40'": 0.9299999999999999, '"L28'": 4.65, '"L37'": 4.65, '"W35'": 15.4225, '"Y89'": 5.115, '"K907'": 45.1825, '"LL31'": 77.5, '"Y118'": 1.55}","{1210,140,150,150,150,150,150,150,140,140}",80,{153.14},23.56,94663,155.0,"{6693AL,6691AL-6692AL}",,,6,2025-04-14,2025-01-15 11:30:00,2025-01-15 15:00:00
1382,1,424,423.5100,"EVEREST PLASTIC CONTAINERS IND., INC.",0,BA9159E,39816,15.25,"{'"2025-01-23 17:25:00'",'"2025-01-23 18:00:00'",'"2025-01-24 06:00:00'"}","{'"2025-01-23 18:00:00'",'"2025-01-24 05:00:00'",'"2025-01-24 09:40:00'"}",99.8021,0.84,0.1979,RA11649E,LDPE(HMI),"PELL 8
SIEV 7",STANDARD,80,400,40/40,Edsel Mangarin,Julius Fundano,"{'"1602AL'": 49.79, '"1603AL'": 24.95, '"1608AL'": 24.96, '"1609AL'": 24.94, '"2024AL'": 24.96, '"2025AL'": 24.97, '"2113AL'": 24.94, '"2114AL'": 24.95, '"BA9159E'": 25.27, '"2023AL(1-7)'": 174.62}","{120,140,150,150,15,150,150,150,140,140}",90,"{13,308,102.51}",27.7711,94722,424.35,{6948AL-6949AL},,,6,2025-04-14,2025-01-23 17:25:00,2025-01-24 09:40:00
1383,1,100,103.3500,I TUNG PLASTIC MOULD ENGINEERING COMPANY,0,IA15764E,40283,4.17,"{'"2025-01-23 20:35:00'"}","{'"2025-01-24 00:45:00'"}",97.9064,2.21,2.0936,BA4701E,LDPE(HMI),"PELL 8
SIEV 7",STANDARD,80,400,40/40,Joel Miras,Julius Fundano,"{'"C19'": 0.1197, '"I24'": 0.441, '"7051AL'": 105.0}","{120,140,150,150,150,150,150,150,140,140}",110,{103.35},24.7842,94851,105.56,{7138AL-7139AL},,,11,2025-04-14,2025-01-23 20:35:00,2025-01-24 00:45:00
1384,5,250,247.3000,"EVEREST PLASTIC CONTAINERS IND., INC.",15993,YA16164E,40411,4.0,"{'"2025-02-07 09:40:00'"}","{'"2025-02-07 13:40:00'"}",98.92,2.7,1.08,OA14302E,LDPE(HMI),"PELL 5
SIEV 1",STANDARD,20,380,40/40,JESSIE,Julius Fundano,"{'"L28'": 7.5, '"L37'": 17.5, '"W33'": 75.0, '"Y98'": 2.35, '"K907'": 59.55, '"LL31'": 87.5, '"Y107'": 0.6}","{170,170,170,170,170,150,160,160,160,150,150}",90,{247.3},61.825,95087,250.0,{8037AL-8041AL},,,13,2025-04-16,2025-02-07 09:40:00,2025-02-07 13:40:00
1385,5,50,48.0000,"EVEREST PLASTIC CONTAINERS IND., INC.",0,BA9159E,40338,23.17,"{'"2025-02-06 23:10:00'"}","{'"2025-02-06 00:00:00'"}",95.8084,2.1,4.1916,MA4088E,LDPE(HMI),"PELL 5
SIEV 1",STANDARD,8,380,40/40,ORIEL,Julius Fundano,"{'"G40'": 0.002, '"L28'": 0.1, '"7266AL'": 50.0}","{170,170,170,160,160,160,150,150,150,160,160}",120,{48},2.0716,95016,50.1,{7841AL},,,16,2025-04-16,2025-02-06 23:10:00,2025-02-06 00:00:00
1386,8,2850,2750.0000,SAN MIGUEL YAMAMURA PACKAGING CORPORATION,16017,CA5402E,40420,56.0,"{'"2025-02-15 03:00:00'",'"2025-02-17 07:00:00'",'"2025-02-17 18:00:00'",'"2025-02-18 06:00:00'",'"2025-02-18 18:00:00'",'"2025-02-19 06:00:00'"}","{'"2025-02-15 05:00:00'",'"2025-02-17 18:00:00'",'"2025-02-18 05:00:00'",'"2025-02-18 18:00:00'",'"2025-02-19 06:00:00'",'"2025-02-19 14:00:00'"}",96.4912,100.0,3.5088,OA2860E,LDPE(HMI),"HEAT UP
121725- VACUUM ON	",STANDARD,4,120,40,Arjie Galgo,Julius Fundano,"{'"J5'": 185.0, '"J6'": 100.0, '"C25'": 1034.0, '"C30'": 165.0, '"L37'": 79.8, '"K907'": 285.0, '"LL31'": 1001.2}","{130,130,110,110,110,110,110,110,110,110,120,120}",150,"{96,546,553,605,605,345}",49.1071,95231,2850.0,"{8592AL-8628AL,8657AL-8676AL}",,,14,2025-04-21,2025-02-15 03:00:00,2025-02-19 06:00:00
1387,5,725,460.1000,Everbright Net & Twine,16054,BA4140E,40525,22.17,"{'"2025-02-27 01:00:00'",'"2025-02-27 06:00:00'"}","{'"2025-02-27 05:00:00'",'"2025-02-28 00:10:00'"}",63.5304,264.12,36.4696,BA13023E,LDPE(HMI),VACUUM ON,STANDARD,16,380,40/401,Edsel Mangarin,Julius Fundano,"{'"L28'": 28.4, '"L37'": 28.4, '"V40'": 0.54, '"V42'": 1.2149999999999999, '"V49'": 0.801, '"B106'": 14.91, '"B107'": 112.89, '"K907'": 71.0, '"LL12'": 451.84399999999994, '"FG-3776AL'": 9.49, '"FG-QCEXCESS'": 4.73}","{170,170,170,170,170,170,1460,1460,160,150,150}",810,"{28,432.1}",20.7533,95413,724.22,"{9267AL-9274AL,9275AL-9282AL,9283AL,9255AL-9266AL}",,,10,2025-04-21,2025-02-27 01:00:00,2025-02-28 00:10:00
1389,1,300,303.1800,"ZELLER PLASTIK PHILIPPINES, INC.",15493,BA9094E,40371,5.67,"{'"2025-02-01 04:30:00'",'"2025-02-01 06:00:00'"}","{'"2025-02-01 05:00:00'",'"2025-02-01 11:10:00'"}",97.8,6.82,2.2,BA9550E,PP,"PMC#9
SMC#5	
 MABABA ANG TEMPERATURE NG Z10 190° SETTING 
150° READING",STANDARD,20,300,40/40,NONOY,Julius Fundano,"{'"B78'": 0.093, '"B89'": 0.9299999999999999, '"L28'": 15.5, '"L37'": 15.5, '"K907'": 62.0, '"PP14 POWDER'": 215.977}","{180,200,180,180,180,180,180,180,180,180}",810,"{27,276.18}",53.4709,94945,310.0,"{7474AL-7484AL,7485AL}",,,5,2025-04-21,2025-02-01 04:30:00,2025-02-01 11:10:00
1390,1,300,299.2000,"ZELLER PLASTIK PHILIPPINES, INC.",0,BA9094E,40371,5.75,"{'"2025-02-07 00:30:00'",'"2025-02-07 06:00:00'"}","{'"2025-02-07 05:00:00'",'"2025-02-07 07:15:00'"}",98.6872,3.98,1.3128,RA12739E,PP,"VACUUM ON
PELL 9
SIEV 5",STANDARD,9,280,40/40,Aldrin Villacrusis,Julius Fundano,"{'"B78'": 0.004548, '"7474AL-7485AL'": 303.18}","{180,200,180,180,180,180,180,180,180,180}",90,"{235,64.2}",52.0348,95075,303.18,{8016AL-8027AL},,,8,2025-04-21,2025-02-07 00:30:00,2025-02-07 07:15:00
1391,1,250,264.7000,"EVEREST PLASTIC CONTAINERS IND., INC.",0,VA4869E,40396,10.5,"{'"2025-02-11 09:45:00'",'"2025-02-11 18:00:00'"}","{'"2025-02-11 18:00:00'",'"2025-02-11 20:15:00'"}",99.0792,2.46,0.9208,KA4607E,LDPE(HMI),"VACUUM OFF
WATER LEAK

PELL 8
SIEV 7		",STANDARD,80,380,40/40,Edsel Mangarin,Julius Fundano,"{'"W8'": 8.595729, '"B101'": 0.431077, '"7862AL'": 16.13, '"7857AL-7862AL'": 242.0}","{120,140,150,150,150,150,150,150,140,140}",90,"{210,54.7}",25.2095,95142,267.16,"{8477AL-8481AL,8482AL}",,,7,2025-04-21,2025-02-11 09:45:00,2025-02-11 20:10:00
1392,1,250,210.0000,"EVEREST PLASTIC CONTAINERS IND., INC.",0,VA4869E,40396,8.25,"{'"2025-02-11 09:45:00'"}","{'"2025-02-11 18:00:00'"}",78.6046,57.16,21.3954,KA4607E,LDPE(HMI),"VACUUM OFF
WATER LEAK 

PELL 8
SIEV 7",STANDARD,80,380,40/40,Edsel Mangarin,Julius Fundano,"{'"W8'": 8.595729, '"B101'": 0.431077, '"7862AL'": 16.13, '"7857AL-7862AL'": 242.0}","{120,140,150,150,150,150,150,150,140,140}",90,{210},25.4545,95142,267.16,"{8477AL-8481AL,8482AL}",,,7,2025-04-23,2025-02-11 09:45:00,2025-02-11 20:10:00
1393,8,325,328.5200,Una Internationale,15793,BA0830E,40427,5.17,"{'"2025-02-11 23:50:00'"}","{'"2025-02-12 05:00:00'"}",97.9224,6.97,2.0776,CA5402E,LDPE(HMI),"PELL 9
SIEV 2",STANDARD,20,400,60/60,Arjie Galgo,Julius Fundano,"{'"L28'": 20.1, '"L37'": 20.1, '"LL6'": 183.84799999999998, '"V40'": 0.3685, '"V42'": 0.3685, '"B107'": 59.965, '"K907'": 50.25, '"21-4484AL'": 0.49}","{170,170,170,170,170,170,160,160,160,160,150,150}",135,{328.52},63.5435,95115,335.49,"{8264AL-8275AL,8276AL}",,,10,2025-04-23,2025-02-11 23:50:00,2025-02-12 05:00:00
1394,8,3050,3022.3800,SAN MIGUEL YAMAMURA PACKAGING CORPORATION,15863,GA17465E,40389,39.0,"{'"2025-02-02 23:00:00'",'"2025-02-03 07:00:00'",'"2025-02-03 18:00:00'",'"2025-02-04 06:00:00'"}","{'"2025-02-03 05:00:00'",'"2025-02-03 18:00:00'",'"2025-02-04 05:00:00'",'"2025-02-04 17:00:00'"}",99.0944,27.62,0.9056,GA142741E,LDPE(HMI),"PELL 9
SIEV 5",STANDARD,10,3820,40/40,Arnel Rosario,Julius Fundano,"{'"C19'": 4.575, '"G40'": 97.6, '"L28'": 152.5, '"L37'": 152.5, '"W35'": 76.25, '"K907'": 1209.325, '"LL12'": 1067.5, '"Y124'": 289.75}","{170,170,170,170,170,170,160,160,160,160,150,150}",120,"{480,797,883,862.38}",77.4969,94985,3050.0,{7632AL-7692AL},,,10,2025-04-23,2025-02-02 23:00:00,2025-02-02 17:00:00
1395,8,400,419.7800,"PHIL-TOP INDUSTRIES, INC.",0,GA14271E,40353,19.0,"{'"2025-02-08 19:50:00'"}","{'"2025-02-08 00:50:00'"}",98.7323,5.39,1.2677,GA1225E,LDPE(HMI),"PELL 9
SIEV 2",STANDARD,9,350,40/40,Aldrin Villacrusis,Julius Fundano,"{'"W8'": 4.67687, '"L28'": 1.062925, '"L37'": 1.190476, '"K907'": 6.675169, '"LL12'": 7.440475, '"Y107'": 0.21258500000000002, '"7878AL'": 23.91, '"7871AL-7878AL'": 380.0}","{170,170,170,170,170,170,160,160,160,160,150,150}",90,{419.78},22.0937,95151,425.17,"{8495AL-8502AL,8503AL}",,,8,2025-04-23,2025-02-08 19:50:00,2025-02-08 00:50:00
1396,3,100,104.8400,Incon Industrial Corporation,15607,WA16245E,40426,2.15,"{'"2025-02-09 02:26:00'"}","{'"2025-02-09 04:35:00'"}",96.6267,3.66,3.3733,WA13183E,LDPE(HMI),"VACUUM OFF
VACUUM OVERFLOW
CHANGE RPM 25-18
F.RATE CHANGE 8.5-6.5",STANDARD,6.5,18,40/40,Joel Miras,Julius Fundano,"{'"W8'": 60.48, '"B81'": 0.108, '"L28'": 2.16, '"L37'": 5.4, '"K907'": 16.2, '"LL12'": 23.652, '"7444AL'": 0.5}","{150,140,130,130,140,140,150}",80,{104.84},48.7628,95119,108.5,{8277AL},,,13,2025-04-23,2025-02-09 02:26:00,2025-02-09 04:35:00
1397,3,25,20.3800,"Toprite Plastic Industries, Inc.",15547,WA15135E,40408,0.42,"{'"2025-02-13 03:15:00'"}","{'"2025-02-13 03:40:00'"}",81.52,4.62,18.48,WA15190E,LDPE(HMI),"CHANGE F.RATE 5.6
RPM-35
OVERFLOW ON FEEDER VACUUM 

0500 TO 0600- BREAKTIME",STANDARD,5.6,35,60/60,Arnel Rosario,Julius Fundano,"{'"B81'": 0.0125, '"L28'": 0.5, '"L37'": 0.5, '"LL6'": 6.75, '"W33'": 5.25, '"W34'": 1.025, '"K907'": 10.9625}","{150,130,130,140,140,150,150}",60,{20.38},48.5238,95145,25.0,{8485AL},,,6,2025-04-23,2025-02-13 03:15:00,2025-02-13 03:40:00
1398,8,250,256.4300,FORTUNE DARUMA MARKETING CORP. (FORMERLY MARLOCH),13348,CA13043E,40435,9.75,"{'"2025-02-14 09:30:00'",'"2025-02-14 18:00:00'"}","{'"2025-02-14 18:00:00'",'"2025-02-14 19:15:00'"}",97.4537,6.7,2.5463,BA2091E,RUBBER,"OVERFLOW ON FEEDER PORT
RPM 130-150
FEEDRATE 4.5-3.8

HINDI BUMABAGSAK

LMI WITH DIESEL
1930 CHANGE PELL 11-9",STANDARD,3.8,150,40/40,Aldrin Villacrusis,Julius Fundano,"{'"B81'": 1.3, '"C19'": 31.2, '"L31'": 20.8, '"L37'": 9.1, '"K907'": 106.6, '"LL36'": 91.0, '"15-7822AJ'": 3.13}","{170,170,160,160,160,160,160,150,150,150,150,150}",120,"{224,32.43}",26.3005,95161,263.13,"{8511AL-8514AL,8515AL,8516AL}",,,14,2025-04-23,2025-02-14 09:30:00,2025-02-14 19:15:00
1399,1,380,257.0000,"EVEREST PLASTIC CONTAINERS IND., INC.",15717,VA16737E,40422,10.08,"{'"2025-02-13 01:30:00'",'"2025-02-13 06:00:00'"}","{'"2025-02-13 05:00:00'",'"2025-02-13 12:35:00'"}",98.8157,3.08,1.1843,BA4701E,LDPE(HMI),"B-TIME
0500

VACUUM OFF

PELL 8
SIEV 7",STANDARD,80,400,40/40,Edsel Mangarin,Julius Fundano,"{'"C19'": 0.037500000000000006, '"L28'": 12.5, '"L37'": 12.5, '"LL6'": 87.5, '"V50'": 2.0, '"W35'": 16.675, '"B108'": 12.5, '"K907'": 106.2875, '"FG-2814AL'": 10.08}","{120,140,150,150,150,150,150,150,150,150,150}",70,"{88,169}",25.496,95113,260.08,"{8258AL-8261AL,8262AL,8263AL}",,,8,2025-04-23,2025-02-13 01:30:00,2025-02-13 12:35:00
1400,1,300,113.2800,Incon Industrial Corporation,15873,BA4701E,40440,10.17,"{'"2025-02-13 13:45:00'",'"2025-02-13 18:00:00'"}","{'"2025-02-13 18:00:00'",'"2025-02-13 03:35:00'"}",37.141,191.72,62.859,VA4086E,LDPE(HMI),"B-TIME
0500

VACUUM OFF

PELL 8
SIEV 7",STANDARD,100,250,40/40,Edsel Mangarin,Julius Fundano,"{'"G40'": 0.033549999999999996, '"L28'": 9.15, '"L37'": 9.15, '"B107'": 1.464, '"PP14 POWDER'": 285.20245}","{180,200,180,180,180,180,180,180,180,180}",85,"{92,21.28}",11.1386,95175,305.0,"{8563AL-8573AL,8574AL}",,,7,2025-04-23,2025-02-13 13:45:00,2025-02-13 03:35:00
1401,8,2000,1900.0000,SAN MIGUEL YAMAMURA PACKAGING CORPORATION,15473,RA12739E,40387,28.25,"{'"2025-02-07 08:45:00'",'"2025-02-07 18:00:00'",'"2025-02-08 06:00:00'"}","{'"2025-02-07 18:00:00'",'"2025-02-08 06:00:00'",'"2025-02-08 13:00:00'"}",95.0,100.0,5.0,GA4921E,LDPE(HMI),"",STANDARD,12,460,40/40,Arjie Galgo,Julius Fundano,"{'"L28'": 40.0, '"L37'": 160.0, '"LL6'": 400.0, '"V50'": 10.0, '"K907'": 966.0, '"LL52'": 300.0, '"R122'": 44.0, '"R129'": 80.0}","{170,170,170,170,170,170,160,160,160,160,150,150}",120,"{642,770,488}",67.2566,95047,2000.0,{7879AL-7918AL},,,12,2025-04-23,2025-02-07 08:45:00,2025-02-08 14:20:00
1402,5,315,309.6000,CYBERMANN INDUSTRIAL CORPORATION,0,MA7758E,40438,5.98,"{'"2025-02-15 12:40:00'",'"2025-02-15 18:00:00'"}","{'"2025-02-15 18:00:00'",'"2025-02-15 18:39:00'"}",103.2,-9.6,-3.2,MA4737E,PP,"PELL 5
SIEV 1",STANDARD,5.5,300,40/40,JESSIE,Julius Fundano,"{'"C19'": 0.36, '"L28'": 11.25, '"L37'": 10.875, '"O41'": 0.2, '"P26'": 14.5, '"P28'": 29.0, '"Y98'": 7.1, '"K907'": 22.5, '"PP14 POWDER'": 129.215, '"1555AL-1559AL'": 75.0}","{180,200,180,180,180,180,180}",91,"{280,29.6}",51.7726,95249,300.0,"{8578AL-8585AL,8705AL-8708AL}",,,6,2025-04-24,2025-02-15 12:40:00,2025-02-18 18:39:00
1403,5,50,56.5000,GILVAN PACKAGING CORPORATION,15633,MA11346E,40422,1.08,"{'"2025-02-15 10:10:00'"}","{'"2025-02-15 11:15:00'"}",97.7171,1.32,2.2829,MA7758E,LDPE(HMI),"PELL 5
SIEV 1",STANDARD,45,350,40/40,JESSIE,Julius Fundano,"{'"C19'": 0.0416, '"L28'": 2.6, '"L37'": 2.6, '"O55'": 0.052000000000000005, '"P26'": 1.56, '"P28'": 8.84, '"W35'": 0.312, '"Y98'": 0.78, '"K907'": 5.2, '"LL31'": 30.014400000000002, '"FG-6042AL'": 5.82}","{170,170,170,170,170,170,160,160,160,150,150}",85,{56.5},52.3148,95242,57.82,"{8631AL,8632AL}",,,13,2025-04-24,2025-02-15 10:10:00,2025-02-15 11:15:00
1404,3,200,156.7400,Incon Industrial Corporation,14100,WA11678E,40493,2.75,"{'"2025-02-18 11:00:00'"}","{'"2025-02-18 13:45:00'"}",78.37,43.26,21.63,WA3827E,LDPE(HMI),"PELL 10
SIEV 8",STANDARD,9.6,22,40/40,Arnel Rosario,Julius Fundano,"{'"B81'": 0.03, '"L28'": 6.0, '"L37'": 6.0, '"W33'": 90.0, '"K907'": 27.97, '"LL12'": 70.0}","{150,130,130,140,140,150,150}",90,{156.74},56.9964,95288,200.0,{8922AL-8923AL},,,7,2025-04-24,2025-02-18 11:00:00,2025-02-18 13:45:00
1405,1,150,154.0000,EVERGOOD PLASTIC INDUSTRY INC.,15756,GA4921E,40459,5.92,"{'"2025-02-15 13:50:00'",'"2025-02-15 18:00:00'"}","{'"2025-02-15 18:00:00'",'"2025-02-15 19:45:00'"}",98.8193,1.84,1.1807,BA7886E,LDPE(HMI),"PELL 8
SIEV 7",STANDARD,80,380,40/40,Edsel Mangarin,Julius Fundano,"{'"G40'": 0.8879999999999999, '"L28'": 4.4399999999999995, '"L37'": 4.4399999999999995, '"W35'": 14.725999999999999, '"Y89'": 4.884, '"K907'": 43.141999999999996, '"LL31'": 74.0, '"Y118'": 1.48, '"6412AL'": 4.7, '"6693AL'": 3.14}","{120,140,150,150,150,150,150,150,140,140}",90,"{110,44}",26.0135,95220,155.84,"{8648AL-8649AL,8650AL}",,,6,2025-04-24,2025-02-15 13:50:00,2025-02-15 19:45:00
1406,1,250,258.8000,I TUNG PLASTIC MOULD ENGINEERING COMPANY,16012,TA15557E,40457,9.5,"{'"2025-02-15 02:00:00'",'"2025-02-15 06:00:00'"}","{'"2025-02-15 05:00:00'",'"2025-02-15 12:30:00'"}",98.9145,2.84,1.0855,GA4921E,LDPE(HMI),"PELL 8
SIEV 7

BREAKTIME 0500",STANDARD,80,400,40/40,Arnel Rosario,Julius Fundano,"{'"C19'": 4.2075, '"L28'": 12.75, '"L37'": 12.75, '"W33'": 28.56, '"K907'": 107.2785, '"LL12'": 89.25, '"Y116'": 0.204, '"FG-6674AL'": 6.64}","{120,140,150,150,150,150,150,150,150,150}",75,"{75,183.8}",27.2421,95218,261.64,"{8642AL-8645AL,8646AL,8647AL}",,,8,2025-04-24,2025-02-15 02:00:00,2025-02-15 12:30:00
1407,1,200,255.1000,"EVEREST PLASTIC CONTAINERS IND., INC.",15713,BA12068E,40463,19.67,"{'"2025-02-15 20:55:00'"}","{'"2025-02-15 01:15:00'"}",98.876,2.9,1.124,CA5402E,LDPE(HMI),"OVERFLOW ON F-DER
F-RATE 8
RPM 420

PELL 9
SIEV 2",STANDARD,8,420,40/40,Arjie Galgo,Julius Fundano,"{'"L28'": 12.9, '"L37'": 12.9, '"V50'": 4.386, '"B106'": 8.772, '"B108'": 36.12, '"K907'": 92.62199999999999, '"LL31'": 90.3}","{200,200,180,180,170,170,170,170,160,160,150,150}",105,{255.1},12.969,95236,258.0,"{8689AL-8692AL,8693AL,8694AL}",,,10,2025-04-24,2025-02-15 20:55:00,2025-02-15 01:15:00
1408,1,500,493.8100,EVERGOOD PLASTIC INDUSTRY INC.,16016,RA2508E,40458,24.08,"{'"2025-02-17 07:30:00'",'"2025-02-17 18:00:00'",'"2025-02-18 06:00:00'"}","{'"2025-02-17 18:00:00'",'"2025-02-18 05:00:00'",'"2025-02-18 08:35:00'"}",98.762,6.19,1.238,RA5277E,LDPE(HMI),"02/18/25
0100- NAG OVERFLOW SA FEEDER PORT NAG ADJUST AKO NG FEED RATE (80-60)

KUMUKULAY SA TUBIG

PELL 8
SIEV 7",STANDARD,65,400,60/60,NONOY,Julius Fundano,"{'"L28'": 20.0, '"L37'": 30.0, '"W35'": 9.3, '"K907'": 192.2, '"LL12'": 195.0, '"R116'": 14.0, '"R130'": 39.5}","{120,140,150,150,150,150,150,150,150,140,140}",65,"{205,230,58.81}",20.5071,95232,500.0,{8677AL-8686AL},,,5,2025-04-24,2025-02-17 07:30:00,2025-02-18 08:35:00
1411,5,150,155.0000,I TUNG PLASTIC MOULD ENGINEERING COMPANY,15539,TA15557E,39967,2.17,"{'"2024-11-12 22:20:00'"}","{'"2024-11-13 00:30:00'"}",98.7261,2.0,1.2739,DA15568E,LDPE(HMI),"P. MC#5
S. MC#3",STANDARD,20,380,40/40,Edsel Mangarin,Julius Fundano,"{'"C19'": 2.5905, '"L28'": 7.85, '"L37'": 7.85, '"LL6'": 54.95, '"W33'": 17.584, '"K907'": 66.0499, '"Y116'": 0.12560000000000002}","{170,170,170,170,170,170,160,160,160,150,150}",900,{155},71.4286,93705,157.0,"{3599AL-3600AL,3601AL,3602AL}",,,14,2025-04-24,2024-11-12 22:20:00,2024-11-13 00:30:00
1412,1,75,78.2900,"ZELLER PLASTIK PHILIPPINES, INC.",0,GA4440E,40369,3.08,"{'"2025-02-12 21:10:00'"}","{'"2025-02-13 00:15:00'"}",98.5648,1.14,1.4352,VA16737E,PP,"PELL 8
SIEV 7",STANDARD,80,400,40/40,NONOY,Julius Fundano,"{'"G40'": 0.01586, '"L37'": 0.11895, '"7763AL'": 79.3}","{180,200,180,180,180,180,180,180,180,180}",75,{78.29},25.4188,95155,79.43,"{8505AL-8506AL,8507AL}",,,7,2025-04-24,2025-02-12 21:10:00,2025-02-13 00:15:00
1413,1,50,57.5600,Incon Industrial Corporation,0,OA14302E,40348,2.17,"{'"2025-02-12 04:00:00'",'"2025-02-12 06:00:00'"}","{'"2025-02-12 05:00:00'",'"2025-02-12 07:10:00'"}",98.7815,0.71,1.2185,KA15913E,LDPE(HMI),"PELL 8
SIEV 7",STANDARD,90,400,40/40,NONOY,Julius Fundano,"{'"O57'": 0.005769, '"W33'": 0.5769, '"8029AL,8036AL'": 57.69}","{120,140,150,150,150,150,150,150,140,140}",70,"{25,32.56}",26.5253,95176,58.27,{8575AL-8576AL},,,9,2025-04-24,2025-02-12 04:00:00,2025-02-12 07:10:00
1414,5,300,306.7000,EASTERN INTERNATIONAL PLASTIC PACKAGING CORPORATION,15812,YA7822E,40432,4.42,"{'"2025-02-12 03:40:00'",'"2025-02-12 06:00:00'"}","{'"2025-02-12 05:00:00'",'"2025-02-12 09:05:00'"}",98.6332,4.25,1.3668,DA15568E,LDPE(HMI),"PELL 5
SIEV 1

12+DIESEL",STANDARD,10,380,40/40,Arnel Rosario,Julius Fundano,"{'"I24'": 1.0065, '"L28'": 15.25, '"L37'": 10.675, '"LL6'": 106.75, '"W35'": 24.4, '"Y89'": 9.15, '"K907'": 95.0685, '"Y122'": 42.7, '"FG-4876AL'": 5.95}","{170,170,170,170,170,170,160,160,160,150,150}",0,"{95,211.7}",69.3891,95165,310.95,"{8523AL-8527AL,8528AL,8529AL}",,,8,2025-04-24,2025-02-12 03:40:00,2025-02-12 09:05:00
1415,3,500,489.5700,FORTUNE DARUMA MARKETING CORP. (FORMERLY MARLOCH),15463,WA11278E,40434,9.25,"{'"2025-02-12 10:45:00'",'"2025-02-12 18:00:00'"}","{'"2025-02-12 18:00:00'",'"2025-02-12 01:30:00'"}",97.914,10.43,2.086,WA15135E,RUBBER,"CHANGE RPM 12-10
F.RATE 3.5

NO VACUUM

PELL 1
SIEV 8",STANDARD,4,10,40/40,Joel Miras,Julius Fundano,"{'"B81'": 2.5, '"L37'": 17.5, '"L39'": 25.0, '"W33'": 220.0, '"K907'": 67.5, '"LL36'": 167.5}","{180,170,160,160,150,150,150}",105,"{238,251.57}",52.9265,95162,500.0,{8517AL-8521AL},,,11,2025-04-24,2025-02-12 10:45:00,2025-02-12 01:30:00
1416,3,25,25.0000,"STAR PLASTIC PRODUCTS, INC.",15685,WA13183E,40407,0.67,"{'"2025-02-12 07:20:00'"}","{'"2025-02-12 08:00:00'"}",83.3333,5.0,16.6667,WA11278E,LDPE(HMI),"0930-1038
CHANGE PELLETIZER
PELLETIZER#10 TO PELLETIZER#1

PELL 10
SIEV 8",STANDARD,6,18,40/40,Joel Miras,Julius Fundano,"{'"B81'": 0.0855, '"L28'": 0.57, '"L37'": 0.57, '"LL6'": 7.695, '"W35'": 6.27, '"K907'": 13.3095, '"8008AL'": 1.5}","{150,150,150,130,130,140,140}",90,{25},37.3134,95152,30.0,{8504AL},,,13,2025-04-24,2025-02-12 07:20:00,2025-02-12 08:00:00
1417,1,150,145.2700,EASTERN INTERNATIONAL PLASTIC PACKAGING CORPORATION,14058,RA7886E,40464,16.25,"{'"2025-02-15 21:15:00'"}","{'"2025-02-15 05:00:00'"}",96.8467,4.73,3.1533,RA2508E,LDPE(HMI),"B-TIME 0500

CHANGE  F-RATE
OVERFLOW ON FEEDER
80
70
60
50
40
30	",STANDARD,15,300,40/40,NONOY,Julius Fundano,"{'"C19'": 0.0525, '"L28'": 7.5, '"L37'": 5.25, '"K907'": 71.1975, '"LL12'": 52.5, '"R122'": 12.0, '"Y116'": 1.5}","{150,150,140,140,140,140,140,130,130,130,130}",90,{145.27},8.9397,95237,150.0,{8695AL-8697AL},,,4,2025-04-24,2025-02-15 21:15:00,2025-02-15 05:00:00
1418,3,150,151.4600,Everbright Net & Twine,16023,WA5860E,40472,6.17,"{'"2025-02-18 06:00:00'",'"2025-02-18 06:00:00'"}","{'"2025-02-18 09:05:00'",'"2025-02-18 09:05:00'"}",94.6803,8.51,5.3197,WA11678E,LDPE(HMI),"CHANGE F.RATE 6.3
RPM 19/18
VACUUM ON
OVERFLOW ON VENT
MALUTONG ANG STRAND HINDI MABILISAN NAPUPUTOL AGAD.

9000-3MC#3 SHOT OFF UNDERMAINTENANCE ANG TAGAS SAY MAY DIE HEAD",STANDARD,6.3,19,60/60,Arnel Rosario,Julius Fundano,"{'"B81'": 0.08835000000000001, '"L28'": 3.1, '"L37'": 3.1, '"W33'": 83.7, '"K907'": 26.261650000000003, '"LL12'": 38.75, '"22-5450AJ'": 4.8, '"5-QCEXCESS'": 0.17}","{150,130,130,140,140,130,130}",115,"{135.4,16.06}",24.5478,95260,159.97,"{8710AL,8711AL}",,,8,2025-04-24,2025-02-18 06:00:00,2025-02-18 09:05:00
1419,5,1000,982.1200,Una Internationale,15583,IA9154E,40481,19.75,"{'"2025-02-19 08:00:00'",'"2025-02-19 18:00:00'"}","{'"2025-02-19 18:00:00'",'"2025-02-20 03:45:00'"}",95.6971,44.16,4.3029,BA0830E,LDPE(HMI),"VACUUM ON
PELL 1
SIEV 5",STANDARD,20,380,60/60,Arnel Rosario,Julius Fundano,"{'"C19'": 1.326, '"L28'": 51.0, '"L37'": 51.0, '"O56'": 260.1, '"K907'": 102.0, '"LL12'": 539.274, '"Y120'": 15.3, '"23-9389AI'": 0.3, '"FG-9388AI'": 5.0, '"2-QCEXCESS'": 0.98}","{170,170,170,170,160,160,160,160,160,150,150}",60,"{500,482.12}",49.7276,95265,1026.28,"{8723AL-8762AL,8763AL}",,,5,2025-04-26,2025-02-19 08:00:00,2025-02-20 03:45:00
1421,5,250,249.0000,"EVEREST PLASTIC CONTAINERS IND., INC.",16024,BA9910E,40471,3.5,"{'"2025-02-20 22:30:00'"}","{'"2025-02-21 02:00:00'"}",99.433,1.42,0.567,VA4086E,LDPE(HMI),"OVERFLOW ON FEEDER
CHANGE F.RATE TO 750		
CHANGE RPM TO 400

02-21-25
0600-100
NO COMPOUND
RELIEVER TO MC#9/8
B-TIME 10:00-11:00",STANDARD,750,400,40/40,Joel Miras,Julius Fundano,"{'"L28'": 12.5, '"L37'": 12.5, '"W33'": 18.999999999999996, '"B107'": 7.375, '"K907'": 111.125, '"LL12'": 87.5, '"3-QCEXCESS'": 0.42}","{170,170,170,170,160,160,160,160,160,150,150}",120,{249},71.1429,95268,250.42,"{8589AL,8700AL-8703AL,8704AL}",,,18,2025-04-26,2025-02-20 22:30:00,2025-02-21 02:00:00
1422,5,675,673.0500,Una Internationale,16027,BA0830E,40483,13.5,"{'"2025-02-20 07:00:00'",'"2025-02-20 18:00:00'"}","{'"2025-02-20 18:00:00'",'"2025-02-20 20:30:00'"}",98.2555,11.95,1.7445,BA9910E,LDPE(HMI),"VACUUM ON
CHANGE F.RATE 12.5
RPM 38/40
OVER FLOW ON
FEEDER VACUUM FORT",STANDARD,12.5,40,60/60,Arnel Rosario,Julius Fundano,"{'"L28'": 41.1, '"L37'": 41.1, '"V40'": 0.715, '"V42'": 0.7535, '"V49'": 0.0385, '"B107'": 122.615, '"K907'": 102.75, '"LL12'": 375.928}","{170,170,170,170,170,160,160,160,160,150,150}",120,"{550,123.05}",49.8556,95271,685.0,"{8780AL-8805AL,8806AL}",,,7,2025-04-26,2025-02-20 07:00:00,2025-02-20 20:30:00
1423,5,400,387.8300,In House,16013,VA4086E,40462,7.45,"{'"2025-02-21 13:20:00'",'"2025-02-21 18:00:00'"}","{'"2025-02-21 18:00:00'",'"2025-02-21 20:47:00'"}",96.9575,12.17,3.0425,RA16830E,LDPE(HMI),"1200 TO 1300
FOR B-TIME

PELL 5
SIEV 1",STANDARD,20,380,40/40,Arnel Rosario,Julius Fundano,"{'"W8'": 8.8, '"L37'": 20.0, '"V50'": 16.8, '"B106'": 0.44, '"FM27'": 40.0, '"K907'": 160.0, '"LL12'": 153.96}","{170,170,170,170,170,160,160,160,160,150,150}",118,"{233,154.83}",52.0577,95333,400.0,{9029AL-9044AL},,,17,2025-04-26,2025-02-21 13:20:00,2025-02-21 20:47:00
1424,1,50,55.0000,"EVEREST PLASTIC CONTAINERS IND., INC.",16031,RA4866E,40494,3.5,"{'"2025-02-19 13:30:00'"}","{'"2025-02-19 17:00:00'"}",95.9525,2.32,4.0475,KA4607E,LDPE(HMI),"OVERFLOW ON FEEDER
CHANGE F.RATE 80-70-60-50
RPM 400

PELL 8
SIEV 7",STANDARD,80,400,40/40,Arnel Rosario,Julius Fundano,"{'"W8'": 1.5, '"L28'": 2.5, '"L37'": 2.5, '"K907'": 19.7, '"LL31'": 17.5, '"R103'": 2.8, '"R116'": 0.5, '"R128'": 3.0, '"18-7669O'": 0.97, '"9-9585AA'": 3.82, '"18-6863AA'": 2.53}","{120,140,150,150,150,150,150,150,150,140,140}",105,{55},15.7143,95296,57.32,"{8990AL,8991AL}",,,11,2025-04-26,2025-02-19 13:30:00,2025-02-19 17:00:00
1425,5,45,44.1300,GILVAN PACKAGING CORPORATION,16036,RA16830E,40502,0.08,"{'"2025-02-21 22:45:00'"}","{'"2025-02-21 22:40:00'"}",96.4379,1.63,3.5621,RA7886E,LDPE(HMI),"@0000
MC#5 SHUT OFF PROCEED TO MC#3",STANDARD,80,350,40/40,Joel Miras,Julius Fundano,"{'"C19'": 0.0516, '"L28'": 2.15, '"L37'": 2.15, '"K907'": 15.7294, '"LL12'": 21.5, '"R117'": 1.032, '"R129'": 0.387, '"3-3353AK'": 2.76}","{200,180,180,170,170,170,170,160,160,160,160}",90,{44.13},551.625,95314,45.76,{8999AL},,,11,2025-04-28,2025-02-21 22:45:00,2025-02-21 22:40:00
1426,8,115.56,102.0000,MGQ PLASTIC PRODUCT AND MFG.,15635,YA4584E,39778,1.25,"{'"2024-10-02 01:15:00'"}","{'"2024-10-02 02:30:00'"}",88.2658,13.56,11.7342,WA3827E,LDPE(HMI),VACUUM ON,STANDARD,20,380,60/60,Edsel Mangarin,Julius Fundano,"{'"L28'": 5.75, '"L37'": 5.75, '"O60'": 0.23, '"Y89'": 5.75, '"K907'": 23.345, '"LL12'": 39.1, '"Y122'": 35.075, '"QCEXCESS'": 0.56}","{170,170,170,170,160,160,160,150,150,150,160,160}",120,{102},81.6,93025,115.56,"{1733AL-1734AL,1735AL}",,,14,2025-04-28,2024-10-02 01:15:00,2025-10-02 02:30:00
1427,8,500,400.0000,MGQ PLASTIC PRODUCT AND MFG.,15634,YA4584E,39778,5.25,"{'"2024-10-01 20:00:00'"}","{'"2024-10-02 01:15:00'"}",100.0,0.0,0.0,WA3827E,LDPE(HMI),"VACUUM ON

DI PO MABILISAN, NAGPUPUTOLTOL NAG OVERFLOW SA F.PORT
CHANGE F.RATE 20-15",STANDARD,15,380,60/60,Edsel Mangarin,Julius Fundano,"{'"L28'": 20.0, '"L37'": 20.0, '"O56'": 0.8, '"Y89'": 20.0, '"K907'": 81.2, '"LL12'": 136.0, '"Y122'": 122.0}","{170,170,170,170,160,160,160,150,150,150,160,160}",75,{400},76.1905,93023,400.0,{1725AL-1732AL},,,11,2025-04-28,2024-10-01 20:00:00,2024-10-02 01:15:00
1428,5,50,54.6300,MC BRIDE CORPORATION,16056,GA15181E,40529,1.17,"{'"2025-02-20 18:40:00'"}","{'"2025-02-20 19:50:00'"}",96.095,2.22,3.905,SA11780E,LDPE(HMI),"PELL 5
SIEV 5",STANDARD,80,380,40/40,NONOY,Julius Fundano,"{'"G40'": 2.5, '"L28'": 2.5, '"L37'": 1.75, '"W33'": 1.5, '"K907'": 20.1, '"LL12'": 17.5, '"Y118'": 4.15, '"FG-8232AK'": 6.85}","{170,170,1470,170,170,170,160,160,160,150,150}",120,{54.63},46.6923,95419,56.85,"{9319AL,9320AL}",,,10,2025-04-28,2025-02-20 18:40:00,2025-02-20 19:50:00
1429,9,4000,3919.0000,"PACKAGEWORLD, INC.",14550,BA12556E,40476,51.25,"{'"2025-02-22 03:45:00'",'"2025-02-24 07:30:00'",'"2025-02-25 18:00:00'",'"2025-02-26 07:40:00'",'"2025-02-26 18:00:00'"}","{'"2025-02-22 06:00:00'",'"2025-02-25 06:00:00'",'"2025-02-26 06:00:00'",'"2025-02-26 18:00:00'",'"2025-02-26 22:10:00'"}",97.975,81.0,2.025,WA15229E,RUBBER,"02-24-25
0600-0700 HEAT UP
0700-0730- BAGAL NG LDPE 5KG

02-25-25 
0610- PRODUCTION CUT WAITING FOR COMPOUNDED 

0610-0730-START
	",STANDARD,25,380,60/60,Edsel Mangarin,Julius Fundano,"{'"AO8'": 4.0, '"AO9'": 4.0, '"LL36'": 1000.0, '"LL38'": 1952.0, '"LL66'": 960.0, '"BA15050E(5676AL)'": 80.0}","{160,160,160,160,150,150,150,150,150,150,160,160}",1080,"{225,1050,1200,1025,419}",76.4683,95326,4000.0,{9020AL-9027AL},,,12,2025-04-29,2025-02-22 03:45:00,2025-02-26 22:10:00
1430,5,25,30.0000,ARCANE PLASTIC PRODUCTS TRADING,15992,MA4088E,40400,0.75,"{'"2025-02-07 02:00:00'"}","{'"2025-02-07 02:45:00'"}",96.9619,0.94,3.0381,OA14302E,LDPE(HMI),"PELL 5
SIEV 5",STANDARD,7,380,40/40,ORIEL,Julius Fundano,"{'"C19'": 0.0195, '"L28'": 1.5, '"L37'": 1.5, '"O57'": 0.084, '"P28'": 1.8, '"W35'": 0.54, '"K907'": 3.0, '"LL31'": 21.0165, '"Y119'": 0.54, '"2-QCEXCESS'": 0.94}","{180,170,170,170,170,160,160,160,160,150,150}",75,{30},40.0,95037,30.94,{7866AL},,,15,2025-04-29,2025-02-07 02:00:00,2025-02-07 02:45:00
1431,1,50,48.9000,In House,16013,VA4086E,40461,2.17,"{'"2025-02-14 06:00:00'"}","{'"2025-02-14 08:10:00'"}",97.8,1.1,2.2,OA7922E,LDPE(HMI),"VACUUM ON
PELL 8
SIEV 1",STANDARD,90,380,40/40,Edsel Mangarin,Julius Fundano,"{'"W8'": 1.1, '"L37'": 2.5, '"V50'": 2.1, '"B106'": 0.055, '"FM27'": 5.0, '"K907'": 20.0, '"LL12'": 19.245}","{120,140,150,150,150,150,150,150,140,140}",100,{48.9},22.5346,95233,50.0,{8687AL-8688AL},,,8,2025-04-29,2025-02-14 06:00:00,2025-02-14 08:10:00
1432,1,50,49.1700,"EVEREST PLASTIC CONTAINERS IND., INC.",15616,BA9159E,40395,2.0,"{'"2025-02-14 19:30:00'"}","{'"2025-02-14 21:30:00'"}",98.34,0.83,1.66,DA9936E,LDPE(HMI),"PELL 8
SIEV 1",STANDARD,80,400,40/40,NONOY,Julius Fundano,"{'"G40'": 0.0475, '"L28'": 2.375, '"L37'": 2.375, '"W35'": 1.52, '"B107'": 0.06175, '"K907'": 24.49575, '"LL12'": 16.625, '"7839AL(9)'": 2.5}","{120,140,150,150,150,150,150,150,140,140}",90,{49.17},24.585,95158,50.0,{8510AL},,,6,2025-04-29,2025-02-14 19:30:00,2025-02-14 21:30:00
1433,1,25,30.0000,"TRADESPHERE INDUSTRIAL COMMODITIES, INC.",16020,DA9936E,40465,22.33,"{'"2025-02-14 23:00:00'"}","{'"2025-02-14 00:40:00'"}",96.6184,1.05,3.3816,TA15557E,LDPE(HMI),"PELL 8
SIEV 1",STANDARD,80,400,40/40,nonoy,Julius Fundano,"{'"W8'": 7.75, '"C19'": 0.0065, '"L28'": 1.25, '"L37'": 1.25, '"O55'": 0.0155, '"Y98'": 0.1125, '"K907'": 5.8655, '"LL12'": 8.75, '"FG-1002AK'": 5.77, '"2-QCEXCESS'": 0.28}","{120,140,150,150,150,150,150,150,150,150,150,150}",80,{30},1.3435,95255,31.05,{8586AL},,,6,2025-04-29,2025-02-14 23:00:00,2025-02-14 00:40:00
1434,5,1000,1003.4000,"EVEREST PLASTIC CONTAINERS IND., INC.",0,MA4737E,40412,25.05,"{'"2025-02-15 20:10:00'",'"2025-02-17 06:30:00'",'"2025-02-17 13:00:00'",'"2025-02-17 18:00:00'"}","{'"2025-02-16 05:00:00'",'"2025-02-17 12:00:00'",'"2025-02-17 18:00:00'",'"2025-02-17 23:43:00'"}",99.805,1.96,0.195,GA1225E,LDPE(HMI),"VACUUM ON

2-17-2025
1200 TO 1300
STANDBY FOR B-TIME",STANDARD,45,400,40/40,TEDDY,Julius Fundano,"{'"8064AL'": 25.0, '"8067AL'": 25.0, '"8068AL'": 25.0, '"8071AL'": 25.0, '"8074AL'": 25.0, '"8075AL'": 25.0, '"8076AL'": 25.0, '"8077AL'": 25.0, '"8078AL'": 25.0, '"8079AL'": 25.0, '"8080AL'": 25.0, '"8087AL'": 5.36, '"8047AL-8048AL'": 50.0, '"8049AL-8050AL'": 50.0, '"8051AL-8053AL'": 75.0, '"8054AL-8056AL'": 75.0, '"8057AL-8058AL'": 50.0, '"8059AL-8060AL'": 50.0, '"8061AL-8063AL'": 75.0, '"8065AL-8066AL'": 50.0, '"8069AL-8070AL'": 50.0, '"8072AL-8073AL'": 50.0, '"8081AL-8082AL'": 50.0, '"8083AL-8086AL'": 100.0}","{160,160,160,160,160,150,150,150,150,160,160}",122,"{355,220,200,228.4}",40.0559,95229,1005.36,"{8651AL,8652AL,8653AL,8654AL,8655AL,8656AL}",,,15,2025-04-30,2025-02-15 20:10:00,2025-02-17 23:43:00
1435,1,200,197.4800,Incon Industrial Corporation,16029,GA4254E,40491,8.0,"{'"2025-02-19 23:45:00'",'"2025-02-20 06:00:00'"}","{'"2025-02-20 04:00:00'",'"2025-02-20 09:45:00'"}",98.74,2.52,1.26,GA9550E,PP,"PELL 8
SIEV 1",STANDARD,80,400,40/40,NONOY,Julius Fundano,"{'"W8'": 22.0, '"C19'": 0.058, '"G40'": 12.6, '"L28'": 6.0, '"L37'": 10.0, '"B107'": 2.4, '"K907'": 20.0, '"PP14 POWDER'": 126.942}","{180,200,180,180,180,180,180,180,180,180}",75,"{108,89.48}",24.685,95283,200.0,{8811AL-8818AL},,,3,2025-04-30,2025-02-19 23:45:00,2025-02-20 09:45:00
1436,1,50,55.2000,GILVAN PACKAGING CORPORATION,15954,RA15449E,40443,2.58,"{'"2025-02-14 15:25:00'"}","{'"2025-02-14 18:00:00'"}",97.7683,1.26,2.2317,BA9159E,LDPE(HMI),"PELL 8
SIEV 1",STANDARD,100,250,40/40,Edsel Mangarin,Julius Fundano,"{'"L28'": 1.4100000000000001, '"L37'": 3.29, '"LL31'": 38.8878, '"R117'": 2.4722, '"R129'": 0.94, '"39-4058AL'": 3.91, '"FG-7019AL'": 5.55}","{120,140,150,150,150,150,150,150,140,140}",90,{55.2},21.3953,95195,56.46,"{8629AL,8630AL}",,,5,2025-05-02,2025-02-14 15:25:00,2025-02-14 18:00:00
1437,1,475,508.1700,"EVEREST PLASTIC CONTAINERS IND., INC.",16018,RA5277E,40469,24.83,"{'"2025-02-18 09:40:00'",'"2025-02-18 18:00:00'",'"2025-02-19 06:00:00'"}","{'"2025-02-18 18:00:00'",'"2025-02-19 05:00:00'",'"2025-02-19 11:30:00'"}",98.4158,8.18,1.5842,RA4866E,LDPE(HMI),KAKAUNTI  ANG BUMABAGSAK NA COMPOUNDED SA FEEDER P.,STANDARD,80,400,40/40,Arnel Rosario,Julius Fundano,"{'"L37'": 76.5, '"O55'": 5.1, '"K907'": 227.46, '"LL12'": 178.5, '"R117'": 22.44, '"FG-5902AL'": 6.35}","{120,140,150,150,150,150,150,150,150,140,140}",123,"{165,232,111.17}",20.466,95263,516.35,"{8712AL-8713AL,8714AL-8721AL,8722AL}",,,4,2025-05-02,2025-02-18 09:40:00,2302-02-19 11:30:00
1439,1,250,255.5000,"EVEREST PLASTIC CONTAINERS IND., INC.",16000,KA15913E,40423,10.33,"{'"2025-02-12 08:20:00'",'"2025-02-12 18:00:00'"}","{'"2025-02-12 18:00:00'",'"2025-02-12 18:40:00'"}",98.4131,4.12,1.5869,GA4440E,PP,"VACUUM OFF

PELL 8
SIEV 1",STANDARD,80,400,40/40,Edsel Mangarin,Julius Fundano,"{'"L28'": 12.75, '"L37'": 12.75, '"W33'": 68.85, '"Y98'": 0.1785, '"K907'": 71.0175, '"R129'": 0.204, '"5-2808AL'": 4.62, '"PP14 POWDER'": 89.25}","{180,200,180,180,180,180,180,180,180,180}",150,"{240,15.5}",24.7338,95135,259.62,"{8417AL-8425AL,8426AL}",,,7,2025-05-02,2025-02-12 08:20:00,2025-02-12 18:40:00
1440,5,750,739.6000,"PHIL-TOP INDUSTRIES, INC.",16006,DA15568E,40428,10.5,"{'"2025-02-12 11:00:00'",'"2025-02-12 18:00:00'"}","{'"2025-02-12 18:00:00'",'"2025-02-12 21:30:00'"}",98.6133,10.4,1.3867,GA1225E,LDPE(HMI),"PELL 5
SIEV 1	",STANDARD,80,380,40/40,JESSIE,Julius Fundano,"{'"C19'": 0.135, '"L28'": 37.5, '"L37'": 37.5, '"O57'": 0.75, '"W33'": 105.0, '"Y98'": 0.975, '"K907'": 305.64, '"LL12'": 262.5}","{170,170,170,160,160,160,160,160,150,150,150}",130,"{490,249.6}",70.4381,95179,750.0,{8427AL-8441AL},,,10,2025-05-02,2025-02-12 11:00:00,2025-02-12 21:30:00
1441,9,2550,1675.0000,DYNAMICCAPS CORPORATION,15314,WA15229E,40424,41.5,"{'"2025-02-22 00:30:00'",'"2025-02-23 06:00:00'"}","{'"2025-02-23 06:00:00'",'"2025-02-23 18:00:00'"}",65.6863,875.0,34.3137,BA12556E,RUBBER,"RUN LDPE
10KG FOR BLACKSPOT
2400-2430",STANDARD,22,380,40/40,Edsel Mangarin,Julius Fundano,"{'"AO8'": 2.55, '"AO9'": 2.55, '"LL36'": 586.5, '"LL38'": 1020.0, '"LL52'": 938.4}","{160,160,160,160,160,150,150,150,150,180,180}",90,"{550,1125}",40.3614,95118,2550.0,"{8278AL-8281AL,8282AL}",,,10,2025-05-02,2025-02-22 00:30:00,2025-02-24 02:00:00
1442,5,250,255.1700,EVERGOOD PLASTIC INDUSTRY INC.,16047,BA4756E,40517,3.5,"{'"2025-02-26 20:10:00'"}","{'"2025-02-26 23:40:00'"}",97.2966,7.09,2.7034,BA4140E,LDPE(HMI),"PELL 5
SIEV 5",STANDARD,20,380,40/40,NONOY,Julius Fundano,"{'"L28'": 7.71, '"L37'": 7.71, '"V42'": 0.6168, '"V49'": 0.6168, '"W35'": 16.962, '"B106'": 6.168, '"B110'": 3.855, '"K907'": 123.4114, '"LL12'": 89.95, '"FG-5046AL'": 5.26}","{170,170,170,170,170,170,160,160,160,150,150}",90,{255.17},72.9057,95379,262.26,"{9160AL-9164AL,9165AL}",,,5,2025-05-02,2025-02-26 20:10:00,2025-02-26 23:40:00
1443,5,500,501.9000,JALBY PLASTIC MANUFACTURING,16062,GA17516E,40545,7.67,"{'"2025-02-28 09:00:00'"}","{'"2025-02-28 16:40:00'"}",98.4118,8.1,1.5882,GA15181E,LDPE(HMI),"WAITING FOR COMPOUNDED
0730-0900

CHANGE SETTING: NAGPUPUTOL ANG STRTAND	
Z1-170-180
Z2-170-180
Z3-170-180

PELL 5
SIEV 5",STANDARD,18,390,40/40,Edsel Mangarin,Julius Fundano,"{'"C19'": 0.7970079999999999, '"G40'": 15.192965, '"L28'": 14.9439, '"L37'": 14.9439, '"W35'": 9.962599999999998, '"K907'": 257.98152699999997, '"LL12'": 174.3455, '"Y124'": 9.962599999999998, '"6624AL(24)'": 11.870000000000001}","{180,180,180,180,170,170,170,160,160,150,150}",80,{501.9},65.4368,95491,510.0,"{9399AL-9403AL,9404AL,9405AL-9408AL,9409AL}",,,14,2025-05-02,2025-02-28 09:00:00,2025-02-28 16:40:00
1444,5,11780,98.6500,SAN MIGUEL YAMAMURA PACKAGING CORPORATION,15510,SA11780E,40550,1.25,"{'"2025-02-28 21:50:00'"}","{'"2025-02-28 23:05:00'"}",97.567,2.46,2.433,TA16761E,LDPE(HMI),"PELL 5
SIEV 5",STANDARD,20,380,40/40,NONOY,Julius Fundano,"{'"C19'": 0.24, '"L28'": 5.0, '"L37'": 3.5, '"T22'": 6.0, '"B107'": 0.035, '"K907'": 50.225, '"LL12'": 35.0, '"6413AL'": 1.11}","{170,170,170,170,170,170,160,160,160,150,150}",90,{98.65},78.92,95463,101.11,"{9207AL,9208AL}",,,7,2025-05-02,2025-02-28 21:50:00,2025-02-28 00:35:00
1445,8,400,403.9100,"PHIL-TOP INDUSTRIES, INC.",0,GA14271E,40353,4.92,"{'"2025-02-04 19:00:00'"}","{'"2025-02-04 23:55:00'"}",99.4681,2.16,0.5319,VA4869E,LDPE(HMI),"PELL 9
SIEV 7",STANDARD,10,300,40/40,Aldrin Villacrusis,Julius Fundano,"{'"Y107'": 0.40566, '"7331AL-7339AL'": 405.66}","{170,170,170,170,170,170,170,160,160,160,160,160}",110,{403.91},82.0955,95046,406.07,{7871AL-7878AL},,,10,2025-05-02,2025-02-04 19:00:00,2025-02-04 23:55:00
1446,5,100,103.2000,"PREMIER CREATIVE PACKAGING, INC.",16046,BA15671E,40516,1.67,"{'"2025-02-26 17:00:00'",'"2025-02-26 18:00:00'"}","{'"2025-02-26 18:00:00'",'"2025-02-26 18:40:00'"}",94.8442,5.61,5.1558,BA4756E,LDPE(HMI),"CHANGE PELLETIZER
1620-1650",STANDARD,16,380,40/40,Edsel Mangarin,Julius Fundano,"{'"L28'": 5.25, '"L37'": 5.25, '"V31'": 0.0945, '"W35'": 9.45, '"B107'": 3.465, '"K907'": 44.7405, '"LL12'": 36.75, '"19-4776AI'": 3.1, '"25-2947AJ'": 0.71}","{170,170,170,170,170,160,160,160,160,150,150}",90,"{60,43.2}",61.7964,95363,108.81,"{9114AL,9115AL,9116AL}",,,5,2025-05-02,2025-02-26 17:00:00,2025-02-26 18:40:00
1447,1,50,54.3700,"EVEREST PLASTIC CONTAINERS IND., INC.",15616,BA9159E,40395,2.08,"{'"2025-02-19 14:30:00'"}","{'"2025-02-19 16:35:00'"}",98.8545,0.63,1.1455,YA78225E,LDPE(HMI),"PELL 5
SIEV 1",STANDARD,80,400,40/40,NONOY,Julius Fundano,"{'"G40'": 0.0495, '"L28'": 2.475, '"L37'": 2.475, '"W35'": 1.584, '"B107'": 0.06435, '"K907'": 25.52715, '"LL12'": 17.325, '"8510AL'": 5.5}","{120,140,150,150,150,150,150,150,150,140,140}",85,{54.37},26.1394,95302,55.0,{8995AL},,,8,2025-05-02,2025-02-19 14:30:00,2025-02-19 16:35:00
1448,1,50,54.3700,EVERGOOD PLASTIC INDUSTRY INC.,15991,CA17279E,40394,21.25,"{'"2025-02-04 17:30:00'",'"2025-02-06 06:30:00'"}","{'"2025-02-04 18:00:00'",'"2025-02-05 08:45:00'"}",95.4865,2.57,4.5135,BA7861E,PP,"PELL 8
SIEV 7",STANDARD,30,40,40/40,NONOY,Julius Fundano,"{'"C19'": 0.3, '"L28'": 2.5, '"L37'": 2.5, '"K907'": 5.0, '"4365AL'": 4.59, '"5378AL'": 2.35, '"PP14 POWDER'": 39.7}","{180,200,180,180,180,180,180,180,180,180}",1305,"{10,44.37}",2.5586,95041,56.94,"{7864AL,7865AL}",,,3,2025-05-02,2025-02-04 17:30:00,2025-02-06 08:45:00
1449,8,250,258.0300,"EVEREST PLASTIC CONTAINERS IND., INC.",15724,VA4869E,40396,3.42,"{'"2025-02-05 01:45:00'"}","{'"2025-02-05 05:10:00'"}",99.227,2.01,0.773,BA7861E,LDPE(HMI),"PELL 9
SIEV 7",STANDARD,9,350,40/40,Aldrin Villacrusis,Julius Fundano,"{'"W8'": 17.55, '"L28'": 6.5, '"L37'": 6.5, '"LL6'": 45.5, '"V50'": 0.52, '"B101'": 0.19499999999999998, '"K907'": 53.092000000000006, '"R119'": 0.18719999999999998, '"9431AH'": 30.0, '"9429AH-9430AH'": 100.0}","{170,170,170,170,170,160,160,160,160,160,180,180}",110,{258.03},75.4474,95033,260.04,"{7857AL-7860AL,7861AL,7862AL}",,,10,2025-05-05,2025-02-05 01:45:00,2025-02-05 05:10:00
1450,8,250,256.0500,"PHIL-TOP INDUSTRIES, INC.",16044,GA15221E,40508,3.25,"{'"2025-02-24 17:50:00'"}","{'"2025-02-24 21:05:00'"}",99.0139,2.55,0.9861,GA16778E,LDPE(HMI),"PELL 9
SIEV 7",STANDARD,12,380,40/40,Aldrin Villacrusis,Julius Fundano,"{'"G40'": 8.415, '"L28'": 12.75, '"L37'": 8.925, '"W33'": 15.045, '"B107'": 0.51, '"K907'": 120.105, '"LL31'": 89.25, '"28-6322AK'": 3.6}","{170,170,170,170,170,170,160,160,160,160,150,150}",105,{256.05},78.7846,95373,258.6,"{9153AL-9156AL,9157AL,9158AL}",,,10,2025-05-05,2025-02-24 17:50:00,2025-02-24 21:05:00
1451,5,150,149.3400,"GLOBAL KONTEINER MANUFACTURING, INC.",16063,GA8074E,40534,2.67,"{'"2025-02-28 02:20:00'"}","{'"2025-02-28 05:00:00'"}",95.0,7.86,5.0,GA17516E,LDPE(HMI),"PELL 5	
SIEV 5",STANDARD,20,380,40/40,NONOY,Julius Fundano,"{'"W8'": 3.1, '"G40'": 1.302, '"L28'": 12.4, '"L37'": 12.4, '"K907'": 69.13, '"LL12'": 54.25, '"Y117'": 2.418, '"6826AL'": 2.2}","{170,170,170,170,170,170,160,160,160,150,150}",114,{149.34},55.9326,95448,157.2,"{9416AL-9417AL,9418AL,9419AL}",,,8,2025-05-05,2025-02-28 02:20:00,2025-02-28 05:00:00
1452,1,50,49.0000,EASTERN INTERNATIONAL PLASTIC PACKAGING CORPORATION,15812,YA7822E,40501,35066.17,"{'"2021-02-20 18:00:00'"}","{'"2025-02-20 20:10:00'"}",98.0,1.0,2.0,BA4549E,LDPE(HMI),"NO OVERSIZE
2010 SHUT OFF",STANDARD,80,400,40/40,Aldrin Villacrusis,Julius Fundano,"{'"I24'": 0.165, '"L28'": 2.5, '"L37'": 1.75, '"LL6'": 17.5, '"W35'": 4.0, '"Y89'": 1.5, '"K907'": 15.585, '"Y122'": 7.0}","{120,140,150,150,150,150,150,150,140,140}",90,{49},0.0014,95354,50.0,"{9018AL,9019AL}",,,6,2025-05-05,2025-02-20 18:00:00,2025-02-20 20:10:00
1453,8,800,790.0300,Una Internationale,16028,OA2860E,40482,15.92,"{'"2025-02-19 16:30:00'",'"2025-02-19 18:00:00'",'"2025-02-20 07:00:00'",'"2025-02-20 10:00:00'"}","{'"2025-02-19 18:00:00'",'"2025-02-20 05:00:00'",'"2025-02-20 10:00:00'",'"2025-02-20 10:25:00'"}",98.7537,9.97,1.2463,GA1225E,LDPE(HMI),"VACUUM ON

OVERFLOW ON VENT PORT
PELL 9 
SIEV 2",STANDARD,20,420,60/60,Aldrin Villacrusis,Julius Fundano,"{'"L28'": 40.0, '"L37'": 40.0, '"O58'": 175.0, '"O60'": 25.0, '"Y89'": 16.0, '"K907'": 80.0, '"LL12'": 420.0, '"R103'": 4.0}","{170,170,170,170,160,160,160,160,150,150,160,160}",120,"{70,557,148,15.03}",49.625,95298,800.0,"{8778AL-8779AL,8764AL-8777AL}",,,12,2025-05-05,2025-02-19 16:30:00,2025-02-20 10:25:00
1454,8,775,770.0000,SAN MIGUEL YAMAMURA PACKAGING CORPORATION,0,GA1225E,40475,248.58,"{'"2025-02-20 12:25:00'",'"2025-02-20 20:20:00'"}","{'"2025-02-25 18:00:00'",'"2025-02-25 23:20:00'"}",99.3548,5.0,0.6452,0,LDPE(HMI),"LUMALAKI LUMILIIT ANG STRAND
CHANGE RPM & SETTING",STANDARD,9,280,40/40,Aldrin Villacrusis,Julius Fundano,"{'"8133AL(16)'": 25.0, '"8133AL(25)'": 25.0, '"8193AL(17)'": 25.0, '"8193AL(30)'": 25.0, '"8193AL(33)'": 25.0, '"8193AL(1-2)'": 50.0, '"8193AL(3-4)'": 50.0, '"8193AL(5-6)'": 50.0, '"8193AL(7-8)'": 50.0, '"8193AL(9-10)'": 50.0, '"8133AL(17-18)'": 50.0, '"8133AL(19-22)'": 100.0, '"8133AL(23-24)'": 50.0, '"8193AL(11-12)'": 50.0, '"8193AL(13-14)'": 50.0, '"8193AL(15-16)'": 50.0, '"8193AL(31-32)'": 50.0}","{180,180,180,180,180,180,170,170,170,170,180,180}",0,"{500,270}",3.0976,95294,775.0,"{8810AL,8987AL,8988AL,8989AL}",,,0,2025-05-05,2025-02-20 12:25:00,2025-02-20 23:20:00
1455,8,75,78.5000,H&E MANUFACTURING CORPORATION,16045,GA5520E,40507,1.58,"{'"2025-02-24 14:30:00'"}","{'"2025-02-24 16:05:00'"}",98.125,1.5,1.875,GA15221E,LDPE(HMI),"VACUUM ON 
FLAT ANG PELLET 
MABAHO AT MASAKIT SA MATA",STANDARD,9,270,40/40,Aldrin Villacrusis,Julius Fundano,"{'"W8'": 2.4, '"G40'": 0.6799999999999999, '"L37'": 4.0, '"LL6'": 28.0, '"Y53'": 0.64, '"FG10'": 2.4, '"FG18'": 4.0, '"K907'": 27.8, '"Y115'": 5.76, '"Y124'": 4.32}","{170,170,170,170,160,160,160,160,160,150,150,150}",105,{78.5},49.6835,95383,80.0,"{9166AL,9167AL}",,,9,2025-05-05,2025-02-24 14:30:00,2025-02-24 16:05:00
1467,3,150,153.2500,CEBU HIQ MANUFACTURING CORPORATION,15496,WA2127E,40527,2.17,"{'"2025-02-27 09:00:00'"}","{'"2025-02-27 11:10:00'"}",96.5658,5.45,3.4342,WA15190E,LDPE(HMI),"PELL 10
SIEV 8",STANDARD,8.3,28,40/40,Joel Miras,Julius Fundano,"{'"W8'": 72.85, '"B81'": 0.0775, '"L28'": 3.1, '"L37'": 3.1, '"K907'": 37.1225, '"LL12'": 38.75, '"22-4253AL'": 3.7}","{150,150,150,130,130,140,140}",95,{153.25},70.6221,95395,158.7,"{9170AL,9171AL}",,,11,2025-05-06,2025-02-27 09:00:00,2025-02-27 11:10:00
1456,8,4950,4540.0000,SAN MIGUEL YAMAMURA PACKAGING CORPORATION,16009,GA1225E,40475,51.67,"{'"2025-02-20 23:20:00'",'"2025-02-21 06:00:00'",'"2025-02-21 18:00:00'",'"2025-02-22 06:00:00'",'"2025-02-22 18:00:00'"}","{'"2025-02-21 05:00:00'",'"2025-02-21 18:00:00'",'"2025-02-22 05:00:00'",'"2025-02-22 18:00:00'",'"2025-02-23 05:00:00'"}",89.0196,560.0,10.9804,GA5520E,LDPE(HMI),"VACUUM ON 
FLAT ANG PELLET

LUMALAKI LUMILLIIT ANG STRAND 02242025
0555- HEAT UP
CHANGE SCREEN
",STANDARD,9,380,40/40,Aldrin Villacrusis,Julius Fundano,"{'"C19'": 4.386, '"G40'": 117.3, '"L28'": 153.0, '"L37'": 153.0, '"W34'": 51.0, '"W35'": 51.0, '"K907'": 2683.314, '"LL12'": 1020.0, '"LL52'": 765.0, '"Y124'": 102.0}","{170,170,170,170,170,160,160,160,160,150,150,150}",90,"{490,1056,969,1056,969}",87.8653,95286,5100.0,{8819AL-8920AL},,,9,2025-05-05,2025-02-20 23:20:00,2025-02-23 05:00:00
1457,5,50,52.1600,SAN MIGUEL YAMAMURA PACKAGING CORPORATION,0,GA1225E,39929,0.5,"{'"2025-01-23 12:30:00'"}","{'"2025-01-23 13:00:00'"}",99.0505,0.5,0.9495,IA1736E,LDPE(HMI),"PELL 10
SIEV 8",STANDARD,180,400,40/40,NONOY,Julius Fundano,"{'"3118AL(22)'": 27.63, '"3118AL(29)'": 25.03}","{170,170,170,170,170,160,160,160,160,150,150}",120,{52.16},104.32,94845,52.66,{7045AL},,,12,2025-05-05,2025-01-23 12:30:00,2025-01-23 13:00:00
1458,8,300,277.4700,"PHIL-TOP INDUSTRIES, INC.",15963,BA16776E,40511,3.5,"{'"2025-02-25 22:40:00'"}","{'"2025-02-26 02:10:00'"}",99.0964,2.53,0.9036,BA9159E,LDPE(HMI),"PELL 9
SIEV 2",STANDARD,12,350,40/40,Arjie Galgo,Julius Fundano,"{'"B78'": 5.88, '"L28'": 14.0, '"L37'": 14.0, '"W35'": 50.4, '"K907'": 97.72, '"LL12'": 98.0}","{170,170,170,170,170,170,160,160,160,160,150,150}",90,{277.47},79.2771,95349,280.0,"{9057AL-9061AL,9062AL}",,,9,2025-05-05,2025-02-25 22:40:00,2025-02-26 02:10:00
1459,8,50,50.7100,"EVEREST PLASTIC CONTAINERS IND., INC.",16043,BA7489E,40515,1.08,"{'"2025-02-25 20:05:00'"}","{'"2025-02-25 21:10:00'"}",89.184,6.15,10.816,BA116776E,PP,"PELL 9
SIEV 2",STANDARD,8,300,40/40,Arjie Galgo,Julius Fundano,"{'"L28'": 1.65, '"L37'": 1.65, '"V31'": 0.09240000000000001, '"B106'": 0.198, '"K907'": 6.6, '"38-6500AB'": 3.83, '"FG-2923AE'": 14.28, '"FG-5815AA'": 5.27, '"14-QCEXCESS'": 0.48, '"PP17 POWDER'": 22.809600000000003}","{180,200,180,180,180,180,180,180,180,180,180,180}",90,{50.71},46.9537,95370,56.86,"{9151AL,9152AL}",,,9,2025-05-05,2025-02-25 20:05:00,2025-02-25 21:10:00
1460,8,50,53.2000,H&E MANUFACTURING CORPORATION,0,BA9550E,40500,1.17,"{'"2025-02-25 17:25:00'",'"2025-02-25 18:00:00'"}","{'"2025-02-25 18:00:00'",'"2025-02-25 18:35:00'"}",99.5137,0.26,0.4863,BA7489E,LDPE(HMI),PP SETTING,STANDARD,8,300,40/40,Aldrin Villacrusis,Julius Fundano,"{'"B78'": 0.039945, '"L28'": 0.15978, '"8997AL-8998AL'": 53.26}","{180,200,180,180,180,180,180,180,180,180,180,180}",90,"{25,28.2}",45.4701,95385,53.46,{9168AL},,,6,2025-05-05,2025-02-25 17:25:00,2025-02-25 18:35:00
1461,8,250,251.7000,"PHIL-TOP INDUSTRIES, INC.",15529,DA16760E,40509,2.92,"{'"2025-02-25 12:30:00'"}","{'"2025-02-25 15:25:00'"}",98.4511,3.96,1.5489,BA9550E,LDPE(HMI),"PELL 9
SIEV 2",STANDARD,10,350,40/40,Aldrin Villacrusis,Julius Fundano,"{'"C19'": 0.41650000000000004, '"I24'": 1.47, '"L28'": 12.25, '"L37'": 12.25, '"W35'": 53.9, '"Y98'": 1.225, '"K907'": 77.7385, '"LL12'": 85.75, '"FG-0119AL'": 10.66}","{170,170,170,170,170,170,160,160,160,160,150,150}",120,{251.7},86.1986,95344,255.66,"{9045AL-9048AL,9049AL}",,,12,2025-05-05,2025-02-25 12:30:00,2025-02-25 15:25:00
1462,8,150,153.2800,"PHIL-TOP INDUSTRIES, INC.",15579,TA16972E,40513,2.25,"{'"2025-02-25 08:20:00'"}","{'"2025-02-25 10:35:00'"}",98.3762,2.53,1.6238,DA16760E,LDPE(HMI),"PELL 9
SIEV 2",STANDARD,10,380,40/40,Aldrin Villacrusis,Julius Fundano,"{'"C19'": 0.589, '"L28'": 7.75, '"L37'": 7.75, '"W35'": 23.25, '"Y98'": 0.23249999999999998, '"B108'": 1.55, '"K907'": 59.6285, '"LL12'": 54.25, '"12-4495AL'": 0.81}","{170,170,170,170,160,160,160,160,150,150,150,150}",115,{153.28},68.1244,95353,155.81,"{9065AL-9066AL,9067AL}",,,11,2025-05-05,2025-02-25 08:20:00,2025-02-25 10:35:00
1463,8,50,55.5500,"ZELLER PLASTIK PHILIPPINES, INC.",15862,GA6607E,40518,1.25,"{'"2025-02-25 04:15:00'",'"2025-02-25 06:00:00'"}","{'"2025-02-25 05:00:00'",'"2025-02-25 06:30:00'"}",98.249,0.99,1.751,TA16972E,PP,"PELL 9
SIEV 2",STANDARD,9,300,40/40,Arnel Rosario,Julius Fundano,"{'"G40'": 0.517, '"L28'": 2.35, '"L37'": 2.35, '"P26'": 5.640000000000001, '"W33'": 0.6345000000000001, '"K907'": 4.7, '"Y117'": 2.726, '"FG-7060AL'": 9.54, '"PP14 POWDER'": 28.0825}","{180,200,180,180,180,180,180,180,180,180,180,180}",110,"{33,22.55}",44.44,95368,56.54,"{9149AL,9150AL}",,,9,2025-05-06,2000-01-01 00:00:00,2000-01-01 00:00:00
1464,5,50,34.1800,EASTERN INTERNATIONAL PLASTIC PACKAGING CORPORATION,13187,RA7886E,40464,0.67,"{'"2025-02-25 07:30:00'"}","{'"2025-02-25 08:10:00'"}",97.6571,0.82,2.3429,IA9154E,LDPE(HMI),"PELL 5
SIEV 1",STANDARD,60,280,40/40,Arnel Rosario,Julius Fundano,"{'"C19'": 0.01225, '"L28'": 1.75, '"L37'": 1.75, '"K907'": 16.08775, '"LL12'": 12.25, '"R122'": 2.8, '"Y116'": 0.35}","{150,150,150,150,150,130,130}",90,{34.18},51.0149,95366,35.0,{9148AL},,,14,2025-05-06,2025-02-25 07:30:00,2025-02-25 08:10:00
1465,5,25,21.8400,Una Internationale,15583,IA9154E,40481,0.5,"{'"2025-02-25 09:45:00'"}","{'"2025-02-25 10:15:00'"}",87.36,3.16,12.64,IA1770E,LDPE(HMI),VACUUM ON,STANDARD,10,380,60/60,JESSIE,Julius Fundano,"{'"C19'": 0.0325, '"L28'": 1.25, '"L37'": 1.25, '"O56'": 6.375, '"K907'": 2.5, '"LL12'": 13.2175, '"Y120'": 0.375}","{170,170,170,170,170,170,170,160,160,150,150}",90,{21.84},43.68,95374,25.0,{9159AL},,,14,2025-05-06,2025-02-25 09:45:00,2025-02-25 10:15:00
1466,5,500,509.6300,GENSTAR MANUFACTURING CORP.,16055,BA13023E,40530,9.83,"{'"2025-02-27 14:00:00'",'"2025-02-27 18:00:00'"}","{'"2025-02-27 18:00:00'",'"2025-02-27 23:50:00'"}",97.6078,12.49,2.3922,GA8074E,LDPE(HMI),"1340-1400 WAITING FOR COMPOUNDED 
UMAAPAW SA FEEDER PORT
NAGPUPUTOL PUTOL ANG STRAND",STANDARD,8,380,40/40,Edsel Mangarin,Julius Fundano,"{'"C19'": 4.8925, '"L28'": 25.75, '"L37'": 18.025, '"W35'": 20.6, '"B106'": 72.1, '"B107'": 18.025, '"K907'": 175.3575, '"LL12'": 180.25, '"7314AL'": 1.05, '"7569AL'": 4.17, '"21-5772AL'": 1.9}","{170,170,170,170,170,170,160,160,160,150,150}",150,"{185,324.63}",51.8444,95421,522.12,"{9321AL-9330AL,9331AL}",,,14,2025-05-06,2025-02-27 14:00:00,2025-02-27 23:50:00
1517,1,55,54.8000,H&E MANUFACTURING CORPORATION,0,BA4549E,40541,2.08,"{'"2025-03-07 14:30:00'"}","{'"2025-03-07 16:35:00'"}",99.0779,0.51,0.9221,BA9550E,PP,"PELL 8
SIEV 1",STANDARD,85,380,40/40,Edsel Mangarin,"","{'"B107'": 0.006636, '"9420AL-9421AL'": 55.3}","{180,200,180,180,180,180,180,180,180,180}",75,{54.8},26.3462,95598,55.31,{9966AL},,,3,2025-05-17,2025-03-07 14:30:00,2025-03-07 16:35:00
1468,3,150,163.8200,"PHIL-TOP INDUSTRIES, INC.",15580,WA16973E,40512,3.0,"{'"2025-02-25 03:10:00'",'"2025-02-25 06:00:00'"}","{'"2025-02-25 04:00:00'",'"2025-02-25 08:10:00'"}",96.3647,6.18,3.6353,WA15123E,LDPE(HMI),"02-*24-25 STANDBY FOR B-TIME DELIVER TO MC#8

CHANGE F.RATE -6.7
RPM 20-25
OVERFLOW ON VACUUM FORT",STANDARD,7.5,25,40/40,Arnel Rosario,Julius Fundano,"{'"B81'": 0.0476, '"L28'": 3.4, '"L37'": 3.4, '"W35'": 43.69, '"K907'": 73.5624, '"LL12'": 45.9}","{150,130,130,140,140,150,150}",95,"{40,123.82}",54.6067,95350,170.0,"{9064AL,9063AL}",,,13,2025-05-06,2025-02-25 03:10:00,2025-02-25 08:10:00
1469,8,2275,2254.1200,"EVEREST PLASTIC CONTAINERS IND., INC.",15616,BA9159E,40514,26.67,"{'"2025-02-26 03:40:00'",'"2025-02-26 06:00:00'",'"2025-02-26 08:40:00'",'"2025-02-26 18:00:00'",'"2025-02-27 06:00:00'"}","{'"2025-02-26 05:00:00'",'"2025-02-26 06:20:00'",'"2025-02-26 18:00:00'",'"2025-02-27 05:00:00'",'"2025-02-27 10:40:00'"}",99.0822,20.88,0.9178,YA14414E,LDPE(HMI),"02-26-2025
0620-0840 WAITING FOR COMPOUNDED
NO OVERSIZE",STANDARD,8.5,380,40/40,Arjie Galgo,Julius Fundano,"{'"G40'": 2.174, '"L28'": 108.69999999999999, '"L37'": 108.69999999999999, '"W35'": 69.568, '"B107'": 2.8262, '"K907'": 1121.1317999999999, '"LL12'": 760.9000000000001, '"7840AL'": 2.33, '"8510AL'": 43.67, '"7839AL-7840AL'": 55.0}","{170,170,170,170,160,160,160,150,150,150,160,160}",110,"{110,23,793,935,393.12}",84.5189,95360,2275.0,"{9068AL-9089AL,9090AL,9091AL-9103AL,9104AL,9105AL-9112AL,9113AL}",,,11,2025-05-06,2025-02-26 03:40:00,2025-02-27 10:40:00
1470,8,1250,870.0000,"BEVPACK, INC.",16049,YA14414E,40522,13.05,"{'"2025-02-27 12:30:00'",'"2025-02-27 18:00:00'"}","{'"2025-02-27 18:00:00'",'"2025-02-28 01:33:00'"}",100.0,0.0,0.0,0,PP,"KUMUKULAY SA TUBIG 
OVERFLOW
ON FEEDER PORT
RPM 350-420
FEEDRATE 10-9.5

PELL 9
SIEV 2",STANDARD,9.5,420,40/40,Aldrin Villacrusis,Julius Fundano,"{'"L28'": 43.5, '"L37'": 30.45, '"O57'": 0.348, '"W33'": 62.64, '"Y98'": 78.3, '"K907'": 350.26199999999994, '"PP14 POWDER'": 304.5}","{180,200,180,180,180,180,180,180,180,180,180,180}",0,"{365,505}",66.6667,95460,870.0,"{9183AL-9200AL,9201AL,9424AL-9439AL}",,,0,2025-05-07,2025-02-27 12:30:00,2025-02-28 01:33:00
1471,8,1250,253.1900,"BEVPACK, INC.",16050,YA14414E,40522,3.78,"{'"2025-02-28 01:33:00'",'"2025-02-28 06:00:00'"}","{'"2025-02-28 05:00:00'",'"2025-02-28 06:20:00'"}",95.5434,11.81,4.4566,0,PP,"PELL 9
SIEV 2",STANDARD,9.5,300,40/40,Aldrin Villacrusis,Julius Fundano,"{'"L28'": 13.25, '"L37'": 9.275, '"O57'": 0.10600000000000001, '"W33'": 17.225, '"W34'": 1.855, '"Y98'": 23.85, '"K907'": 106.68900000000001, '"PP17 POWDER'": 92.75}","{180,200,180,180,180,180,180,180,180,180,180,180}",0,"{231,22.19}",66.9815,95393,265.0,"{9172AL-9181AL,9182AL}",,,0,2025-05-07,2025-02-28 01:33:00,2025-02-28 06:20:00
1472,5,720,839.0000,Everbright Net & Twine,16051,IA1770E,40526,31.0,"{'"2025-02-25 00:40:00'",'"2025-02-25 15:40:00'",'"2025-02-25 22:40:00'",'"2025-02-26 06:00:00'"}","{'"2025-02-25 14:40:00'",'"2025-02-25 18:00:00'",'"2025-02-26 05:00:00'",'"2025-02-26 14:20:00'"}",102.3171,-19.0,-2.3171,BA15671E,LDPE(HMI),"VACUUM ON
1145-1230- WAITING FOR COMPOUNDED
CHANGE PELLETIZER @ SIEVER 140-1540",STANDARD,12,320,60/60,JESSIE,Julius Fundano,"{'"C19'": 3.28, '"L28'": 24.6, '"L37'": 28.7, '"O60'": 188.6, '"K907'": 135.3, '"LL12'": 439.52000000000004}","{170,170,170,170,170,170,170,160,160,150,150}",120,"{95,100,300,344}",27.0645,95417,820.0,"{9284AL-9311AL,9312AL,9315AL-9318AL}",,,16,2025-05-07,2025-02-25 12:40:00,2025-02-26 14:20:00
1473,8,1025,1015.6000,MGQ PLASTIC PRODUCT AND MFG.,15635,YA4584E,40548,12.0,"{'"2025-02-28 09:40:00'",'"2025-02-28 18:00:00'"}","{'"2025-02-28 18:00:00'",'"2025-02-28 21:40:00'"}",99.1284,8.93,0.8716,RA12739E,LDPE(HMI),"PELL 9
SIEV 2",STANDARD,14,400,60/60,Aldrin Villacrusis,Julius Fundano,"{'"L28'": 51.0, '"L37'": 51.0, '"O60'": 2.04, '"Y89'": 51.0, '"K907'": 207.06, '"LL12'": 346.8, '"Y122'": 311.1, '"32-1735AL'": 2.0, '"1-QCEXCESS'": 2.53}","{170,170,170,170,170,160,160,160,150,150,150,150}",120,"{705,310.6}",84.6333,95468,1024.53,"{9450AL-9469AL,9470AL}",,,12,2025-05-07,2025-02-28 09:40:00,2025-02-28 21:40:00
1474,8,1250,131.4000,"BEVPACK, INC.",0,YA14414E,40522,1.83,"{'"2025-02-28 06:20:00'"}","{'"2025-02-28 08:10:00'"}",98.9831,1.35,1.0169,YA4584E,PP,"PELL 9
SIEV 2",STANDARD,9,300,40/40,Aldrin Villacrusis,Julius Fundano,"{'"O57'": 0.106266, '"2386AH'": 5.09, '"2391AH'": 2.38, '"9758AH'": 92.77, '"9765AI'": 32.4}","{180,200,180,180,180,180,180,180,180,180,180,180}",90,{131.4},71.8033,95543,132.75,{9202AL-9206AL},,,9,2025-05-07,2025-02-28 06:20:00,2025-02-28 08:10:00
1475,8,500,494.8300,SAN MIGUEL YAMAMURA PACKAGING CORPORATION,16068,RA12739E,40549,5.92,"{'"2025-02-28 23:40:00'",'"2025-03-01 06:00:00'"}","{'"2025-03-01 05:00:00'",'"2025-03-01 06:35:00'"}",98.966,5.17,1.034,RA9825E,LDPE(HMI),"LUMILIIT LUMALAKI ANG STRAND
CHANGE SETTING",STANDARD,12,400,40/40,Arjie Galgo,Julius Fundano,"{'"L28'": 10.0, '"L37'": 40.0, '"V50'": 2.5, '"K907'": 241.5, '"LL12'": 100.0, '"LL52'": 75.0, '"R122'": 11.0, '"R129'": 20.0}","{200,200,200,200,200,200,190,190,190,190,170,170}",95,"{450,44.83}",83.5861,95479,500.0,{9490AL-9499AL},,,8,2025-05-07,2025-02-28 23:40:00,2025-03-01 06:35:00
1476,8,50,45.0000,"ZELLER PLASTIK PHILIPPINES, INC.",15983,GA4352E,40368,0.75,"{'"2025-02-01 02:15:00'"}","{'"2025-02-01 03:00:00'"}",90.0,5.0,10.0,BA9094E,PP,"PELL 9
SIEV 5",STANDARD,9,250,40/40,NONOY,Julius Fundano,"{'"G40'": 0.63, '"L28'": 1.5, '"L37'": 1.5, '"K907'": 10.0, '"Y107'": 0.16, '"PP14 POWDER'": 36.21}","{180,200,180,180,180,180,180,180,180,180,180,180}",90,{45},60.0,94983,50.0,{7570AL-7571AL},,,5,2025-05-07,2025-02-01 02:15:00,2025-02-01 03:00:00
1478,8,150,153.3700,EVERGOOD PLASTIC INDUSTRY INC.,15756,GA4921E,40417,2.0,"{'"2025-02-08 16:20:00'",'"2025-02-08 18:00:00'"}","{'"2025-02-08 18:00:00'",'"2025-02-08 18:20:00'"}",98.9484,1.63,1.0516,GA14271E,LDPE(HMI),"PELL 9
SIEV 2",STANDARD,15,400,40/40,Arjie Galgo,Julius Fundano,"{'"G40'": 0.9299999999999999, '"L28'": 4.65, '"L37'": 4.65, '"W35'": 15.4225, '"Y89'": 5.115, '"K907'": 45.1825, '"LL31'": 77.5, '"Y118'": 1.55}","{170,170,170,170,170,170,160,160,160,160,150,150}",60,"{130,23.37}",76.685,95091,155.0,"{8042AL-8043AL,8044AL}",,,9,2025-05-07,2025-02-08 16:20:00,2025-02-08 18:20:00
1479,8,300,306.9500,"PHIL-TOP INDUSTRIES, INC.",15964,GA16778E,40510,20.08,"{'"2025-02-24 22:50:00'"}","{'"2025-02-24 02:45:00'"}",98.9842,3.15,1.0158,GA6607E,LDPE(HMI),"PELL 9
SIEV 2",STANDARD,20,380,40/40,Arjie Galgo,Julius Fundano,"{'"G40'": 0.45749999999999996, '"L28'": 15.25, '"L37'": 15.25, '"W35'": 57.95, '"K907'": 92.56750000000001, '"LL12'": 106.75, '"Y107'": 16.775, '"FG-7379AL'": 5.1}","{170,170,170,170,170,170,170,160,160,160,150,150}",90,{306.95},15.2864,95347,310.1,"{9050AL-9054AL,9055AL,9056AL}",,,6,2025-05-07,2025-02-24 22:50:00,2025-02-24 02:45:00
1480,8,3051,2450.8000,SAN MIGUEL YAMAMURA PACKAGING CORPORATION,15508,BA7861E,40388,38.65,"{'"2025-02-05 07:00:00'",'"2025-02-05 18:00:00'",'"2025-02-06 06:00:00'",'"2025-02-06 18:00:00'",'"2025-02-06 19:40:00'"}","{'"2025-02-05 18:00:00'",'"2025-02-06 05:00:00'",'"2025-02-06 18:00:00'",'"2025-02-06 19:40:00'",'"2025-02-06 22:39:00'"}",80.3278,600.2,19.6722,BA9094E,LDPE(HMI),"OVERFLOW ON F-DER & VENT PORT
F-RATE 15-11
RPM 350-400
VACUUM OFF

HINDI BUMABAGSAK
LMI W/ DIESEL",STANDARD,11,400,40/40,Arjie Galgo,Julius Fundano,"{'"L37'": 182.4, '"LB2'": 456.0, '"V50'": 8.512, '"B107'": 33.44, '"B108'": 532.0, '"K907'": 1219.648, '"LL12'": 608.0, '"19-4467AI'": 0.58, '"19-4890AI'": 4.37, '"25-0401AL'": 2.05, '"35-9937AK'": 3.55, '"3-QCEXCESS'": 0.45}","{200,200,200,200,170,170,160,160,160,160,150,150}",120,"{663,740,805,42,200.8}",63.4101,94987,3051.0,"{7693AL-7752AL,7753AL}",,,13,2025-05-07,2025-02-05 07:00:00,2025-02-06 22:39:00
1481,5,500,507.8500,"EVEREST PLASTIC CONTAINERS IND., INC.",15756,GA4921E,40377,6.25,"{'"2025-02-01 01:15:00'",'"2025-02-01 06:15:00'"}","{'"2025-02-01 05:00:00'",'"2025-02-01 08:45:00'"}",98.6117,7.15,1.3883,GA6246E,LDPE(HMI),"PELL 5
SIEV 1",STANDARD,12,400,40/40,Arjie Galgo,Julius Fundano,"{'"G40'": 3.09, '"L28'": 15.45, '"L37'": 15.45, '"W35'": 51.2425, '"Y89'": 16.995, '"K907'": 150.1225, '"LL31'": 257.5, '"Y118'": 5.15}","{170,170,170,170,160,160,160,160,160,150,150}",95,"{298,209.85}",81.256,94966,515.0,"{7553AL-7562AL,7563AL}",,,14,2025-05-09,2025-02-01 01:15:00,2025-02-01 08:45:00
1482,5,125,130.0000,PLASTIMER INDUSTRIAL CORP.,15988,GA6246E,40357,2.37,"{'"2025-02-01 12:38:00'"}","{'"2025-02-01 15:00:00'"}",100.0,0.0,0.0,RA12739E,PP,"PELL 5
SIEV 1",STANDARD,15,300,40/40,JESSIE,Julius Fundano,"{'"W8'": 6.5, '"C19'": 0.078, '"G40'": 5.07, '"L28'": 6.5, '"L37'": 6.5, '"Y98'": 18.2, '"B106'": 1.3, '"K907'": 13.0, '"PP14 POWDER'": 72.852}","{180,200,180,180,180,180,180}",110,{130},54.8523,95019,130.0,"{7847AL-7850AL,7851AL}",,,7,2025-05-09,2025-02-01 12:38:00,2025-02-01 15:00:00
1483,5,100,113.5000,PLASTIMER INDUSTRIAL CORP.,0,GA6246E,40357,2.2,"{'"2025-02-01 10:20:00'"}","{'"2025-02-01 12:32:00'"}",98.4389,1.8,1.5611,0,PP,"KUMUKULAY SA TUBIG

PELL 5
SIEV 1",STANDARD,15,300,40/40,JESSIE,Julius Fundano,"{'"L28'": 0.86475, '"L37'": 0.86475, '"Y98'": 1.44125, '"K907'": 1.7295, '"PP14 POWDER'": 12.39475, '"7433AL-7436AL'": 98.0}","{180,200,180,180,180,180,180}",0,{113.5},51.5909,95020,115.3,{7842AL-7846AL},,,0,2025-05-09,2025-02-01 10:20:00,2025-02-01 12:32:00
1484,5,1000,550.0000,SAN MIGUEL YAMAMURA PACKAGING CORPORATION,15508,BA7861E,40388,7.83,"{'"2025-02-04 14:10:00'",'"2025-02-04 18:00:00'"}","{'"2025-02-04 18:00:00'",'"2025-02-04 22:00:00'"}",18.0269,2501.0,81.9731,BA9159E,LDPE(HMI),"DI BUMABAGSAK ANG COMPOUNDED 
F. OVERFLOW

CHANGE SETTING
Z1-170-200
Z2-170-200
OVERFLOW PARIN AT DI BUMUBAGSAK 
2100-2200 OUTPUT 50Kg per Hrs.

RPM 380-400
F.RATE 10.5-5
VACUUM ON",STANDARD,10,380,40/40,Edsel Mangarin,Julius Fundano,"{'"L37'": 182.4, '"LB2'": 456.0, '"V50'": 8.512, '"B107'": 33.44, '"B108'": 532.0, '"K907'": 1219.648, '"LL12'": 608.0, '"19-4467AI'": 0.58, '"19-4890AI'": 4.37, '"25-0401AL'": 2.05, '"35-9937AK'": 3.55, '"3-QCEXCESS'": 0.45}","{170,170,170,170,170,170,160,160,160,150,150}",120,"{283,267}",70.2427,94987,3051.0,"{7693AL-7752AL,7753AL}",,,15,2025-05-09,2025-02-04 14:10:00,2025-02-04 22:00:00
1485,3,1600,1600.0000,In House,15896,WA3827E,40403,57.03,"{'"2025-02-04 01:13:00'",'"2025-02-04 06:15:00'",'"2025-02-04 18:00:00'",'"2025-02-04 06:15:00'"}","{'"2025-02-04 05:00:00'",'"2025-02-04 18:00:00'",'"2025-02-05 06:00:00'",'"2025-02-05 11:45:00'"}",98.4615,25.0,1.5385,WA13183E,HDPE(HMI),"VACUUM & VENT OVERFLOW
VACUUM OFF

2-5-2025
0600-0615
CHANGE SCREEN
HINDI NA MATAASAN ANG OVERSIZE
TUMATAAS ANG AMPE RATE	",STANDARD,7.5,16,40/40,Arnel Rosario,Julius Fundano,"{'"B81'": 0.8125, '"L37'": 32.5, '"W33'": 243.75, '"B101'": 5.6875, '"K907'": 676.0, '"LL53 POWDER'": 666.25}","{200,180,180,180,160,160,170}",155,"{200,550,600,250}",28.0554,95009,1625.0,"{7773AL-7787AL,7788AL}",,,8,2025-05-09,2025-02-04 01:13:00,2025-02-05 11:45:00
1486,3,150,154.3300,"STAR PLASTIC PRODUCTS, INC.",15685,WA13183E,40407,3.8,"{'"2025-02-05 18:00:00'"}","{'"2025-02-05 21:48:00'"}",95.4717,7.32,4.5283,WA15135E,LDPE(HMI),"VACUUM ON

2-5-25
1300-1400
STANDBYE FOR BREAKTIME

2-5-25 
15:20 MC#3  PROD STOP. UNDER MAINTENANCE LAGING UMAAPAW

17:35 PROD. RESUME 

VACUUM OVERFLOW
CHANGE F.RATE 7.5
CHANGE RPM 13

HINDI NA M ARUN NG MAAYOS RE-EXTRUD 1ST BAG BASA AT FLAT

PLAT ANG PELLET PAG                                                        MABILIS ANG SPEED",STANDARD,7.5,13,40/40,Arnel Rosario,Julius Fundano,"{'"B81'": 0.4185, '"L28'": 2.79, '"L37'": 2.79, '"LL6'": 37.665, '"W35'": 30.69, '"K907'": 65.1465, '"0814AL'": 15.5, '"4582AL'": 0.77, '"FG-5099AL'": 5.88}","{150,140,140,130,130,140,150}",87,{154.33},40.6132,95070,161.65,"{8009AL,8010AL}",,,14,2025-05-09,2025-02-05 18:00:00,2025-02-05 21:45:00
1487,5,250,210.0000,EVERGOOD PLASTIC INDUSTRY INC.,15741,YA5917E,40418,3.17,"{'"2025-02-10 12:40:00'"}","{'"2025-02-10 15:50:00'"}",99.1267,1.85,0.8733,YA16164E,LDPE(HMI),"FEEDER OVERFLOW
CHANGE RPM 400-420
CHANGE FEEDRATE 80-150

PELL 5
SIEV 5",STANDARD,7.5,420,40/40,Joel Miras,"","{'"L28'": 10.25, '"L37'": 10.25, '"LL6'": 71.75, '"O55'": 0.03075, '"W35'": 15.375, '"Y89'": 25.625, '"K907'": 71.71924999999999, '"4-3593AL'": 0.95, '"FG-1015AL'": 5.9}","{180,180,170,170,170,170,170,160,160,160,160}",130,{210},66.2461,95099,211.85,"{8088AL-8090AL,8091AL,8092AL}",,,18,2025-05-09,2025-02-10 12:40:00,2025-02-10 15:50:00
1488,8,10,8.1700,Incon Industrial Corporation,15977,OA14302E,40348,0.33,"{'"2025-02-01 17:30:00'"}","{'"2025-02-01 17:50:00'"}",81.7,1.83,18.3,OA8984E,LDPE(HMI),"PELL 9
SIEV 7",STANDARD,10,350,40/40,Aldrin Villacrusis,Julius Fundano,"{'"L28'": 0.5, '"L37'": 0.5, '"LL6'": 3.5, '"O57'": 0.0175, '"W33'": 0.67, '"Y98'": 0.05, '"K907'": 4.7625}","{170,170,170,170,170,170,160,160,160,160,150,150}",90,{8.17},24.7576,95000,10.0,{7772AL},,,8,2025-05-09,2025-02-01 17:30:00,2025-02-01 17:50:00
1489,8,50,50.0000,Incon Industrial Corporation,0,OA14302E,40348,0.83,"{'"2025-02-01 16:40:00'"}","{'"2025-02-01 17:30:00'"}",99.7805,0.11,0.2195,0,LDPE(HMI),"PELL 9
SIEV 5",STANDARD,8,250,40/40,Aldrin Villacrusis,Julius Fundano,"{'"L28'": 0.1, '"O57'": 0.0085, '"7343AL'": 50.0}","{160,160,160,160,160,160,150,150,150,150,150,150}",0,{50},60.241,94996,50.11,{7766AL},,,0,2025-05-09,2025-02-01 16:40:00,2025-02-01 17:30:00
1521,1,25,14.9000,In House,14261,GA2595E,40370,0.5,"{'"2025-02-04 15:30:00'"}","{'"2025-02-04 16:00:00'"}",59.6,10.1,40.4,CA17279E,LDPE(HMI),Production Cut Iba ang kulay,STANDARD,8,240,40/40,Arnel Rosario,Julius Fundano,"{'"B93'": 0.4375, '"LL60'": 24.45, '"Y121'": 0.1125}","{200,220,220,220,220,220,220,220,220,220}",90,{14.9},29.8,95078,25.0,{8028AL},,,9,2025-06-03,2025-02-04 15:30:00,2025-02-04 16:00:00
1490,8,50,50.0000,H&E MANUFACTURING CORPORATION,15987,BA9550E,40390,0.92,"{'"2025-02-01 14:00:00'"}","{'"2025-02-01 14:55:00'"}",100.0,0.0,0.0,OA14302E,PP,"PELL 9	
SIEV 5",STANDARD,9,250,40/40,Aldrin Villacrusis,Julius Fundano,"{'"W8'": 3.5, '"B78'": 0.225, '"G40'": 0.185, '"L28'": 2.5, '"L37'": 2.5, '"K907'": 10.0, '"PP14 POWDER'": 31.09}","{180,200,180,180,180,180,180,180,180,180,180,180}",105,{50},54.3478,95010,50.0,{7789AL-7790AL},,,7,2025-05-09,2025-02-01 14:00:00,2025-02-01 14:55:00
1491,8,75,78.8000,PLASTIMER INDUSTRIAL CORP.,15537,BA9550E,40401,1.33,"{'"2025-02-01 12:40:00'"}","{'"2025-02-01 14:00:00'"}",97.284,2.2,2.716,0,PP,"PELL 9
SIEV 5",STANDARD,20,380,40/40,Aldrin Villacrusis,Julius Fundano,"{'"W8'": 5.67, '"B78'": 0.36450000000000005, '"G22'": 0.29969999999999997, '"L28'": 4.05, '"L37'": 4.05, '"K907'": 16.2, '"PP14 POWDER'": 50.3658}","{180,200,180,180,180,180,180,180,180,180,180,180}",0,{78.8},59.2481,95012,81.0,"{7791AL-7792AL,7793AL}",,,0,2025-05-09,2025-02-01 12:40:00,2025-02-01 14:00:00
1492,3,500,509.8200,"ATLANTA INDUSTRIES, INC.",0,WA6947E,40359,7.83,"{'"2025-02-03 11:45:00'",'"2025-02-03 13:00:00'",'"2025-02-03 18:00:00'"}","{'"2025-02-03 12:00:00'",'"2025-02-03 18:00:00'",'"2025-02-03 20:35:00'"}",98.9942,5.18,1.0058,WA15135E,PP,"WITH VACUUM 
2-3-2025 
1200-1300
STANDBY FOR B-TIME",STANDARD,8.6,20,40/40,Arnel Rosario,Julius Fundano,"{'"W8'": 20.6, '"I24'": 0.05665, '"L28'": 19.57, '"L37'": 11.844999999999999, '"Y76'": 0.10300000000000001, '"PP14 POWDER'": 153.82535000000001, '"WA15192E(2484AK)'": 240.0, '"WA15192E(2486AK)'": 69.0}","{180,200,180,180,180,180,180}",85,"{15,325,169.82}",65.1111,94999,515.0,"{7767AL-7770AL,7771AL}",,,14,2025-05-09,2025-02-03 11:45:00,2025-02-03 20:35:00
1493,3,100,107.7000,Heritage Plastic,15547,WA15135E,40404,1.67,"{'"2025-02-03 22:00:00'"}","{'"2025-02-03 23:40:00'"}",98.9253,1.17,1.0747,WA3827E,LDPE(HMI),"VACUUM & VENT OVERFLOW
NO VACUUM 
CHANGE RPM 18-14
CHANGE F.RATE 8.2-7

PELL 10
SIEV 8",STANDARD,7.5,14,60/60,Joel Miras,Julius Fundano,"{'"B81'": 0.0525, '"L28'": 2.1, '"L37'": 2.1, '"LL6'": 28.35, '"W33'": 22.05, '"W34'": 4.305, '"K907'": 46.0425, '"18-2931AL'": 3.87}","{150,140,110,120,120,130,130}",93,{107.7},64.491,95035,108.87,{7863AL},,,13,2025-05-09,2025-02-03 22:00:00,2025-02-03 23:40:00
1494,1,50,56.4600,EVERGOOD PLASTIC INDUSTRY INC.,15763,KA4607E,40431,2.25,"{'"2025-02-11 21:40:00'"}","{'"2025-02-11 23:55:00'"}",98.7754,0.7,1.2246,MA4088E,PP,"PELL 8
SIEV 7",STANDARD,80,230,40/40,NONOY,Julius Fundano,"{'"L28'": 1.62, '"L37'": 1.62, '"V50'": 0.059399999999999994, '"K907'": 5.4, '"R115'": 0.059399999999999994, '"R119'": 0.14579999999999999, '"5-5626AL'": 3.16, '"PP14 POWDER'": 45.0954}","{180,200,180,180,180,180,180,180,180,180}",90,{56.46},25.0933,95149,57.16,"{8493AL,8494AL}",,,7,2025-05-10,2025-02-11 21:40:00,2025-02-11 23:55:00
1495,5,1300,1005.3600,"EVEREST PLASTIC CONTAINERS IND., INC.",15994,MA4737E,40412,37.67,"{'"2025-02-07 18:20:00'",'"2025-02-08 06:00:00'",'"2025-02-08 18:00:00'",'"2025-02-10 07:00:00'"}","{'"2025-02-08 04:00:00'",'"2025-02-08 18:00:00'",'"2025-02-09 06:00:00'",'"2025-02-10 11:00:00'"}",98.0839,19.64,1.9161,YA5917E,LDPE(HMI),"FEEDER OVERFLOW
CHANGE RPM 420
CHANGE F.RATE 60-40
VACUUM ON",STANDARD,40,420,40/40,RONALD,Julius Fundano,"{'"C19'": 0.41, '"L28'": 30.75, '"L37'": 30.75, '"O41'": 0.555, '"O55'": 0.06, '"P26'": 66.625, '"P27'": 82.0, '"P28'": 137.35, '"Y98'": 35.875, '"K907'": 102.5, '"LL31'": 538.125}","{200,200,180,180,180,170,170,170,160,160,160}",98,"{256,336,308,105.36}",26.6886,95096,1025.0,"{8047AL-8050AL,8051AL-8087AL}",,,14,2025-05-10,2025-02-07 18:20:00,2025-02-10 11:00:00
1496,5,3390,2022.5000,"EVEREST PLASTIC CONTAINERS IND., INC.",15469,YA16164E,40411,39.0,"{'"2025-02-10 18:00:00'",'"2025-02-11 06:00:00'",'"2025-02-11 18:00:00'",'"2025-02-11 18:00:00'"}","{'"2025-02-11 05:00:00'",'"2025-02-11 18:00:00'",'"2025-02-12 02:00:00'",'"2025-02-12 02:00:00'"}",99.1188,17.98,0.8812,YA7822E,LDPE(HMI),"VACUUM ON

2-10-2025
0500-0600
ST6ANDBY FOR B-TIME",STANDARD,80,380,40/40,Arnel Rosario,Julius Fundano,"{'"L28'": 61.05, '"L37'": 142.45, '"W33'": 610.5, '"Y98'": 19.129, '"K907'": 484.73699999999997, '"LL31'": 712.25, '"Y107'": 4.8839999999999995, '"24-9380AK'": 3.74, '"24-9444AK'": 1.74}","{170,170,170,170,160,160,160,160,160,160,150,150}",100,"{715,780,510.45,17.05}",51.859,95147,2040.48,"{8442AL-8475AL,8476AL,8486AL-8491AL,8492AL}",,,9,2025-05-10,2025-02-10 18:00:00,2025-02-12 02:00:00
1497,3,100,107.3600,SANICON MANUFACTURING CORP.,15570,WA16299E,40414,742.0,"{'"2025-02-08 23:00:00'"}","{'"2025-01-09 01:00:00'"}",96.1749,4.27,3.8251,WA16245E,LDPE(HMI),"VACUUM ORDER FLOW
CHANGE RPM 28-20
CHANGE F.RATE 8.3-6.5

PELL 10
SIEV 8",STANDARD,6.5,20,40/40,Joel Miras,Julius Fundano,"{'"B81'": 0.042, '"L28'": 5.25, '"L37'": 5.25, '"LL6'": 36.75, '"W33'": 17.85, '"K907'": 39.858, '"FG-4366AL'": 6.63}","{150,150,140,140,140,150,150}",86,{107.36},0.1447,95092,111.63,{8014AL},,,14,2025-05-10,2025-02-08 23:00:00,2025-02-09 01:00:00
1499,3,154,149.7300,"ATLANTA INDUSTRIES, INC.",0,WA6947E,40359,2.75,"{'"2025-02-06 20:20:00'"}","{'"2025-02-06 23:05:00'"}",96.7373,5.05,3.2627,WA15123E,PP,"PELL 10
SIEV 8",STANDARD,7.5,22,40/40,Joel Miras,Julius Fundano,"{'"0003N'": 154.78}","{180,200,180,180,180,180,180}",85,{149.73},54.4473,95084,154.78,{8013AL},,,14,2025-05-10,2025-02-06 20:20:00,2025-02-06 23:05:00
1500,3,500,521.5000,"ATLANTA INDUSTRIES, INC.",15560,WA6947E,40359,9.57,"{'"2025-02-06 10:41:00'",'"2025-02-06 18:00:00'"}","{'"2025-02-06 18:00:00'",'"2025-02-06 20:15:00'"}",99.3333,3.5,0.6667,0,PP,"VACUUM ON

PELL 10
SIEV 8",STANDARD,8.3,22,40/40,Arnel Rosario,Julius Fundano,"{'"W8'": 210.0, '"I24'": 0.057749999999999996, '"L28'": 26.25, '"L37'": 18.375, '"Y86'": 0.10500000000000001, '"PP14 POWDER'": 270.21225000000004}","{180,200,180,180,180,180,180}",0,"{400,121.5}",54.4932,95083,525.0,"{8031AL-8034AL,8035AL}",,,0,2025-05-10,2025-02-06 10:45:00,2025-02-06 20:15:00
1501,5,50,54.5000,SANICON MANUFACTURING CORP.,15789,YA15776E,40415,0.83,"{'"2025-02-07 15:10:00'"}","{'"2025-02-07 16:00:00'"}",96.1708,2.17,3.8292,MA4737E,LDPE(HMI),"PELL 5
SIEV 1

WITH LMI 12",STANDARD,20,380,40/40,JESSIE,"","{'"L28'": 2.55, '"L37'": 2.55, '"LL6'": 17.85, '"W33'": 9.18, '"K907'": 16.064999999999998, '"Y107'": 1.275, '"Y116'": 1.53, '"FG-4371AL'": 5.67}","{170,170,170,160,160,160,160,160,160,150,150}",120,{54.5},65.6627,95120,56.67,"{8045AL,8046AL}",,,6,2025-05-10,2025-02-07 15:10:00,2025-02-07 16:00:00
1502,3,3100,4129.1000,GILVAN PACKAGING CORPORATION,15410,WA15123E,40520,44.83,"{'"2025-02-25 09:45:00'",'"2025-02-25 18:00:00'",'"2025-02-26 06:00:00'",'"2025-02-26 18:00:00'",'"2025-02-27 06:00:00'"}","{'"2025-02-25 18:00:00'",'"2025-02-26 06:00:00'",'"2025-02-26 18:00:00'",'"2025-02-27 05:00:00'",'"2025-02-27 07:35:00'"}",133.1968,-1029.1,-33.1968,WA2127E,LDPE(HMI),"PELL 10
SIEV 8",STANDARD,12.5,38,60/60,Arnel Rosario,Julius Fundano,"{'"AO8'": 3.1, '"AO9'": 3.1, '"B81'": 15.5, '"L37'": 62.0, '"W33'": 1829.0, '"LL12'": 1187.3}","{150,150,140,140,130,130,130}",85,"{575,770,840,770,1174.1}",92.1057,95364,3100.0,{9117AL-9147AL},,,14,2025-05-10,2025-02-25 09:45:00,2025-02-27 07:35:00
1503,3,1650,4125.0000,NMH PACKAGING PTE. LTD.,15891,WA15190E,40413,56.0,"{'"2025-02-13 08:00:00'",'"2025-02-13 18:00:00'",'"2025-02-14 06:00:00'",'"2025-02-14 14:00:00'",'"2025-02-14 18:00:00'",'"2025-02-15 06:00:00'"}","{'"2025-02-13 18:00:00'",'"2025-02-14 05:00:00'",'"2025-02-14 13:00:00'",'"2025-02-14 18:00:00'",'"2025-02-15 06:00:00'",'"2025-02-15 18:00:00'"}",217.1053,-2225.0,-117.1053,WA5860E,PP,"52-62 PPG
2/13/2025
CHANGE PELL. 9 TO PELL 10

VACUUM ON
02/14/2025
1300-1400 STANDBY
FOR B-TIME	

02-12-2025
CHANGE SCREEN 
600-0615	

2-17-2025
1300-1400
STANDBYE FOR B-TIME",STANDARD,8.3,38,60/60,Arnel Rosario,Julius Fundano,"{'"W8'": 1086.12, '"AO8'": 1.8101999999999998, '"AO9'": 1.8101999999999998, '"L28'": 36.204, '"L37'": 36.204, '"7250AL'": 6.6, '"7250AL(9)'": 10.0, '"6260AL(10)'": 3.0, '"PP14 POWDER'": 376.5216, '"PP16 POWDER'": 271.53, '"6260AL(9-10)'": 30.0, '"4869AL(39-40)'": 40.2}","{180,200,180,180,180,180,180}",165,"{750,825,525,300,825,900}",73.6607,95133,1900.0,"{8398AL,8399AL-8406AL,8407AL-8412AL,8413AL,8414AL-8415AL,8416AL}",,,8,2025-05-10,2025-02-13 08:00:00,2025-02-15 18:00:00
1504,8,750,949.0700,METRO CONTAINER CORPORATION,15990,GA17119E,40429,11.83,"{'"2025-02-11 10:00:00'",'"2025-02-11 18:00:00'"}","{'"2025-02-11 18:00:00'",'"2025-02-11 21:50:00'"}",124.0614,-184.07,-24.0614,BA0830E,LDPE(HMI),"KUMUKULAY SA TUBIG
VACUUM OFF

PELL 9
SIEV 2",STANDARD,26,420,40/40,Aldrin Villacrusis,Julius Fundano,"{'"C19'": 4.9725, '"G40'": 47.43, '"L28'": 53.55, '"L37'": 38.25, '"W33'": 22.95, '"Y98'": 76.5, '"B107'": 26.01, '"K907'": 227.5875, '"LL12'": 267.75}","{170,170,170,170,160,160,160,160,160,160,150,150}",120,"{700,249.07}",80.2257,95171,765.0,"{8327AL-8340AL,8341AL,8562AL}",,,13,2025-05-10,2025-02-11 10:00:00,2025-02-11 21:50:00
1505,8,25,22.9500,In House,0,GA2595E,40370,1.0,"{'"2025-02-11 07:00:00'"}","{'"2025-02-11 08:00:00'"}",93.865,1.5,6.135,GA17119E,LDPE(HMI),"90-100 PPG LESS 10°C

PELL 9
SIEV 2",STANDARD,7,200,40/40,Aldrin Villacrusis,Julius Fundano,"{'"B93'": 0.1458, '"8028AL'": 24.3}","{220,220,210,210,210,210,210,210,210,210,220,220}",120,{22.95},22.95,95182,24.45,{8483AL},,,8,2025-05-10,2025-02-11 07:00:00,2025-02-11 08:00:00
1506,8,25,22.5200,In House,12727,GA2595E,40370,1.0,"{'"2025-02-11 06:00:00'"}","{'"2025-02-11 07:00:00'"}",90.08,2.48,9.92,0,PET,"90-100 PPG LESS 10°C

CHANGE SETTINGS
211-220°
212-220°
TUMITIGAS ANG DALAWANG STRAND SA GILID

PELL 9
SIEV 2",STANDARD,8,200,40/40,Aldrin Villacrusis,Julius Fundano,"{'"B93'": 0.424375, '"Y121'": 0.109125, '"9418AF'": 0.75, '"LL60 POWDER'": 23.7165}","{220,220,210,210,210,210,210,210,210,210,210,210}",0,{22.52},22.52,95183,25.0,{8561AL},,,0,2025-05-10,2025-02-11 06:00:00,2025-02-11 07:00:00
1507,5,200,164.2000,"PACKAGEWORLD, INC.",15433,WA12282E,39999,1.67,"{'"2024-11-13 05:45:00'",'"2024-11-13 06:00:00'"}","{'"2024-11-13 06:00:00'",'"2024-11-13 07:25:00'"}",82.1,35.8,17.9,WA11678E,RUBBER,"0725 SHUT OFF

PELL#3
SIEVER#5",STANDARD,25,380,60/60,Arjie Galgo,"","{'"AO8'": 0.2, '"AO9'": 0.2, '"LL36'": 50.0, '"LL38'": 95.6, '"LL66'": 48.0, '"WA15071E(5087AK)'": 6.0}","{160,160,160,160,150,150,150,150,150,160}",120,"{25,139.2}",98.3234,93765,200.0,{3854AL},,,4,2025-05-16,2024-11-13 05:45:00,2024-11-13 07:25:00
1508,5,2050,2041.5600,SAN MIGUEL YAMAMURA PACKAGING CORPORATION,16112,CA8905E,40621,40.42,"{'"2025-03-26 02:45:00'",'"2025-03-26 06:00:00'",'"2025-03-26 18:00:00'",'"2025-03-27 06:00:00'",'"2025-03-27 18:00:00'"}","{'"2025-03-26 05:00:00'",'"2025-03-26 18:00:00'",'"2025-03-27 05:00:00'",'"2025-03-27 18:00:00'",'"2025-03-27 21:10:00'"}",99.5883,8.44,0.4117,IA6500E,LDPE(HMI),BIGLA NALANG NAMATAY YUNG SIEVER#1 SIEVER#5 1850 TO 1920,STANDARD,3.8,9,40,NONOY,"","{'"J5'": 205.0, '"C31'": 922.5, '"L37'": 57.4, '"K907'": 414.1, '"LL31'": 451.0}","{150,150,150,140,110,120,130,110,110,120,120}",110,"{162,600,525,600,154.56}",50.5087,95759,2050.0,{0890AM-0930AM},,,11,2025-05-16,2025-03-26 02:45:00,2025-03-27 21:10:00
1509,1,50,56.2000,H&E MANUFACTURING CORPORATION,16064,KA7129E,40544,2.17,"{'"2025-03-03 08:00:00'"}","{'"2025-03-03 10:10:00'"}",99.2582,0.42,0.7418,OA14430E,PP,"PELL 8
SIEV 1",STANDARD,80,400,40/40,Edsel Mangarin,"","{'"L28'": 2.55, '"L37'": 2.55, '"V50'": 0.03723, '"K907'": 5.1, '"R119'": 0.05865, '"5-9541AK'": 0.84, '"20-8928AI'": 4.78, '"PP14 POWDER'": 40.70412}","{180,200,180,180,180,180,180,180,180,180}",110,{56.2},25.8986,95440,56.62,"{9397AL,9398AL}",,,7,2025-05-17,2025-03-03 08:00:00,2025-03-03 10:10:00
1510,5,300,308.8000,"PHIL-TOP INDUSTRIES, INC.",0,GA16778E,40510,19.95,"{'"2025-03-06 22:37:00'"}","{'"2025-03-06 02:40:00'"}",99.2288,2.4,0.7712,OA2469E,LDPE(HMI),"PELL 5
SIEV 5",STANDARD,20,380,40/40,nonoy,"","{'"L28'": 0.91737, '"W35'": 3.486006, '"Y107'": 1.009107, '"9410AL-9415AL'": 305.79}","{170,170,170,170,170,170,160,160,160,150,150}",118,{308.8},15.4787,95590,311.2,{9987AL-9992AL},,,12,2025-05-17,2025-03-06 22:37:00,2025-03-07 02:40:00
1511,1,50,55.3000,H&E MANUFACTURING CORPORATION,16059,BA4549E,40541,2.08,"{'"2025-03-02 08:00:00'"}","{'"2025-03-02 10:05:00'"}",98.9975,0.56,1.0025,BA4521E,PP,"PELL 8	
SIEV 7",STANDARD,80,400,40/40,Edsel Mangarin,"","{'"G40'": 0.06, '"L28'": 1.5, '"L37'": 1.5, '"B107'": 0.1175, '"K907'": 5.0, '"FG-1722AL'": 5.86, '"PP17 POWDER'": 41.8225}","{180,200,180,180,180,180,180,180,180,180}",75,{55.3},26.5865,95453,55.86,"{9420AL,9421AL}",,,6,2025-05-17,2025-03-02 08:00:00,2025-03-02 10:05:00
1512,5,600,589.0300,SAN MIGUEL YAMAMURA PACKAGING CORPORATION,15510,SA11780E,40561,7.92,"{'"2025-03-02 01:25:00'",'"2025-03-02 06:00:00'"}","{'"2025-03-02 06:00:00'",'"2025-03-02 09:20:00'"}",98.1717,10.97,1.8283,KA9045E,LDPE(HMI),"PELL 5
SIEV 5",STANDARD,20,380,40/40,Joel Miras,"","{'"C19'": 1.44, '"L28'": 30.0, '"L37'": 21.0, '"T22'": 36.0, '"B107'": 0.21, '"K907'": 301.35, '"LL12'": 210.0}","{170,170,170,170,170,170,160,160,160,150,150}",120,"{345,244.03}",74.3725,95493,600.0,{9522AL-9533AL},,,13,2025-05-17,2025-03-02 01:25:00,2025-03-02 09:20:00
1513,5,250,253.2000,"PHIL-TOP INDUSTRIES, INC.",15500,KA14303E,40593,3.5,"{'"2025-03-12 14:30:00'"}","{'"2025-03-12 18:00:00'"}",97.6475,6.1,2.3525,DA16760E,LDPE(HMI),"PELL 5
SIEV 5",STANDARD,12,380,40/40,TEDDY,"","{'"L28'": 12.7, '"L37'": 14.224, '"W33'": 26.162, '"K907'": 101.981, '"LL31'": 88.9, '"R119'": 8.128, '"R129'": 1.905, '"FG-6279AL'": 5.3}","{170,170,170,170,170,160,160,160,160,150,150}",110,{253.2},72.3429,95602,259.3,"{9994AL-9997AL,9998AL,9999AL}",,,10,2025-05-17,2025-03-12 14:30:00,2025-03-12 18:00:00
1514,5,125,131.8500,"EVEREST PLASTIC CONTAINERS IND., INC.",16100,VA17581E,40603,1.93,"{'"2025-03-13 09:30:00'"}","{'"2025-03-13 11:26:00'"}",99.1353,1.15,0.8647,VA17583E,LDPE(HMI),"PELL 5
SIEV 5",STANDARD,10,380,40/40,TEDDY,"","{'"C19'": 0.4389, '"L28'": 6.65, '"L37'": 6.65, '"W35'": 13.3, '"B108'": 6.65, '"K907'": 31.4811, '"LL12'": 66.5, '"R129'": 1.33}","{170,170,170,170,170,170,160,160,160,150,150}",79,{131.85},68.3161,95663,133.0,"{0305AM,0303AM-0304AM}",,,16,2025-05-17,2025-03-03 09:30:00,2025-03-13 11:26:00
1515,5,200,205.9000,"PHIL-TOP INDUSTRIES, INC.",15579,TA16972E,40609,3.17,"{'"2025-03-13 16:30:00'",'"2025-03-13 18:00:00'"}","{'"2025-03-13 18:00:00'",'"2025-03-13 19:40:00'"}",98.0476,4.1,1.9524,TA16761E,LDPE(HMI),"PROD STOP 
UNDERMAINTENANCE MAY GROUND ANG SIEVER AT PELLETIZER

1940-2000",STANDARD,10,380,40/40,TEDDY,"","{'"C19'": 0.7979999999999999, '"L28'": 10.5, '"L37'": 10.5, '"W35'": 31.5, '"Y98'": 0.315, '"B108'": 2.1, '"K907'": 80.78699999999999, '"LL12'": 73.5}","{170,170,170,170,170,170,160,160,160,150,150}",90,"{100,105.9}",64.9527,95650,210.0,"{0309AM-0311AM,0312AM,0313AM}",,,5,2025-05-17,2025-03-13 16:30:00,2025-03-13 19:40:00
1516,1,100,103.8000,SANICON MANUFACTURING CORP.,15789,YA15776E,40586,4.25,"{'"2025-03-07 09:00:00'"}","{'"2025-03-07 13:15:00'"}",98.8571,1.2,1.1429,BA4549E,LDPE(HMI),"PELL 8
SIEV 1",STANDARD,100,380,40/40,Edsel Mangarin,"","{'"L28'": 5.25, '"L37'": 5.25, '"LL6'": 36.75, '"W33'": 18.9, '"K907'": 33.075, '"Y107'": 2.625, '"Y116'": 3.15}","{120,140,150,150,150,150,150,150,140,140}",75,{103.8},24.4235,95582,105.0,"{9947AL,9980AL}",,,6,2025-05-17,2025-03-07 09:00:00,2025-03-07 13:15:00
1518,1,50,54.8200,"GLOBAL KONTEINER MANUFACTURING, INC.",16090,GA6050E,40599,2.58,"{'"2025-03-13 13:50:00'"}","{'"2025-03-13 16:25:00'"}",94.6968,3.07,5.3032,GA17489E,LDPE(HMI),"AYAW GUMANA NG SIEVER

PELL 8
SIEV 1",STANDARD,100,400,40/40,Aldrin Villacrusis,"","{'"W8'": 2.915, '"G40'": 2.4379999999999997, '"L28'": 2.12, '"L37'": 2.12, '"Y98'": 4.081, '"K907'": 5.3, '"11-4657AL'": 4.89, '"PP14 POWDER'": 34.025999999999996}","{180,200,180,180,180,180,180,180,180,180}",95,{54.82},21.2481,95615,57.89,"{0209AM,0210AM}",,,8,2025-05-17,2025-03-13 13:50:00,2025-03-13 16:25:00
1519,1,100,104.6000,I TUNG PLASTIC MOULD ENGINEERING COMPANY,16101,RA16016E,40610,4.58,"{'"2025-03-14 12:25:00'"}","{'"2025-03-14 17:00:00'"}",99.619,0.4,0.381,RA17528E,LDPE(HMI),"PELL 8
SIEV 1",STANDARD,85,380,40/40,Edsel Mangarin,"","{'"I23'": 0.8400000000000001, '"L28'": 5.25, '"L37'": 5.25, '"W33'": 1.575, '"K907'": 52.6995, '"LL12'": 36.75, '"R129'": 2.3625, '"Y116'": 0.273}","{120,140,150,150,150,150,150,150,140,140}",60,{104.6},22.8384,95676,105.0,"{0503AM,0504AM}",,,6,2025-05-17,2025-03-14 12:25:00,2025-03-14 17:00:00
1520,5,250,258.1000,"PHIL-TOP INDUSTRIES, INC.",16091,RA7310E,40596,19.0,"{'"2025-03-13 07:30:00'"}","{'"2025-03-12 12:30:00'"}",98.9647,2.7,1.0353,KA14303E,LDPE(HMI),"NAGPUPUTOL ANG STRAND PAG MABILIS ANG SPEED
CHANGE RPM 380 TO 320",STANDARD,12,380,40/40,TEDDY,"","{'"L37'": 25.7, '"LL31'": 213.31, '"R117'": 12.85, '"R129'": 5.14, '"3-2998AL'": 3.8}","{170,170,170,170,170,170,160,160,160,150,150}",120,{258.1},13.5842,95613,260.8,"{0199AM-0207AM,0208AM}",,,16,2025-05-17,2025-03-12 07:30:00,2025-03-12 12:30:00
1522,5,3000,2966.3300,SAN MIGUEL YAMAMURA PACKAGING CORPORATION,15473,RA12739E,40387,40.58,"{'"2025-02-01 16:50:00'",'"2025-02-01 18:00:00'",'"2025-02-02 06:40:00'",'"2025-02-02 18:00:00'",'"2025-02-04 06:15:00'"}","{'"2025-02-01 18:00:00'",'"2025-02-02 05:00:00'",'"2025-02-02 18:00:00'",'"2025-02-03 05:00:00'",'"2025-02-04 12:20:00'"}",112.5742,-331.33,-12.5742,BA7861E,LDPE(HMI),"Hindi bumabagsak ang compounded 
Overflow on F-der
RPM 350-400
Feed Rate 100-80

Feb 03, 2025
0700-0715
Change Screen",STANDARD,80,400,40/40,Arjie Galgo,Julius Fundano,"{'"L28'": 60.0, '"L37'": 240.0, '"LL6'": 600.0, '"V50'": 15.0, '"K907'": 1449.0, '"LL52'": 450.0, '"R122'": 66.0, '"R129'": 120.0}","{200,200,170,170,170,170,160,160,160,160,160}",840,"{85,825,775,825,456.33}",73.0983,94984,2635,{7572AL-7631AL},,,9,2025-06-03,2025-02-01 16:50:00,2025-02-04 12:20:00
1523,5,6000,715.0000,NMH PACKAGING PTE. LTD.,15837,WA15190E,40241,8.0,"{'"2025-01-06 21:30:00'",'"2025-01-06 22:30:00'"}","{'"2025-01-06 22:00:00'",'"2025-01-07 06:00:00'"}",11.3402,5590.0,88.6598,UA8910e,PP,"",STANDARD,10,400,60/60,Arnel Rosario,Julius Fundano,"{'"W8'": 3783.0, '"AO8'": 6.305000000000001, '"AO9'": 6.305000000000001, '"L28'": 126.1, '"L37'": 126.1, '"PP14 POWDER'": 1311.4399999999998, '"PP15 POWDER'": 465.75, '"PP16 POWDER'": 480.0}","{180,200,180,180,180,180,200}",105,"{35,680}",89.375,94535,6305.0,"{6198AL-6229AL,6230AL-6259AL,6260AL}",,,13,2025-09-19,2025-01-06 21:30:00,2025-01-09 18:00:00
