id,code,date,customer,qty_input,qty_output,output_per_hour,lot_number,screw_config,machine_no,feed_rate,rpm,screen,z1,z2,z3,z4,z5,z6,z7,z8,z9,z10,z11,z12,z13,resin_used,remarks
1,YA4249E,4-Jan-21,MOLDEX,,5,10,7361AF,STD,5,220,400,40/40,200,200,180,170,170,170,170,160,160,160,160,,,,
2,IA1770E,4-Jan-21,EVERBRIGHT,,935.62,69.1,7933AF-7945AF,STD,3,15,32,40/40,150,150,150,150,150,130,130,,,,,,,,VACUUM ON
3,WA5870E,4-Jan-21,ISLAND,,1754.26,353.21,7930AF-7932AF,STD,7,46,160,80/80,200,200,200,180,180,170,170,150,120,120,,,,,VACUUM ON
4,UA11287E,4-Jan-21,SMYPC-MPP,,11.35,23.48,7711AF,STD,5,380,20,40,170,170,170,170,170,170,160,160,160,150,150,,,,
5,WA3827E,4-Jan-21,ALPHATECH,,200,96.77,7374AF,STD,7,30,180,40/40,210,210,190,190,180,180,180,160,140,140,,,,,VACUUM ON
6,UA11287E,4-Jan-21,SMYPC-MPP,,51.22,69.85,7968AF-7969AF,STD,7,20,130,40,170,170,160,160,160,160,170,200,200,180,,,,,
7,VA4086E,5-Jan-21,IN-HOUSE(corr),,275,71.74,7366AF-7367AF; 7422AF-7425AF,STD,5,100,380,40/40,160,160,160,160,160,160,150,150,150,140,140,,,,VACUUM ON
8,VA4086E,5-Jan-21,IN-HOUSE(trial),,25,51.72,7420AF,STD,5,100,380,40/40,160,160,160,160,160,160,150,150,150,140,140,,,,VACUUM ON
9,KA3144E,4-Jan-21,H & E,,10,13.3,7712AF,STD,5,150,300,40/40,180,200,180,180,180,180,180,180,180,180,180,,,,
10,TA11397E,4-Jan-21,EVERGOOD,,253.44,59.23,7894AF-7899AF,STD,5,200,380,40/40,170,170,170,170,170,170,160,160,160,150,150,,,,
11,IA2859E,5-Jan-21,UNA(corr),,202.77,45.06,7946AF-7949AF,STD,3,30,40,60/60,150,150,150,150,150,150,130,130,,,,,,,
12,IA2859E,5-Jan-21,UNA(trial),,25,50,7950AF,STD,3,30,40,60/60,150,150,150,150,150,150,130,130,,,,,,,
13,VA4086E,5-Jan-21,ALPHATECH,,2500,50.97,7844AF-7889AF; 7890AF-7893AF,STD,5,100,380,40/40,160,160,160,160,160,160,150,150,150,140,140,,,,VACUUM ON
14,BA7688E,6-Jan-21,EVEREST(corr),,100.91,67.27,7929AF,STD,3,7.5,43,40/40,150,150,150,150,140,140,130,,,,,,,,VACUUM ON
15,BA7688E,6-Jan-21,EVEREST,,2495.25,63.85,7827AF-7843; 7900AF-7907AF,STD,3,7.5,43,40/40,150,150,150,150,140,140,130,,,,,,,,VACUUM ON
16,RA13616E,6-Jan-21,STAR PLASTIC,,201.55,53.27,7923AF-7926AF,STD,3,30,40,40/40,150,150,150,150,150,130,130,,,,,,,,
17,BA9094E,6-Jan-21,ZELLER,,77.19,34.05,7964AF-7965AF,STD,3,30,40,40/40,180,200,180,180,180,180,180,,,,,,,,
18,GA8074E,7-Jan-21,EASTERN,,406.11,70.22,7996AF-8004AF,STD,3,8,16,40/40,140,130,130,130,120,120,120,,,,,,,,
19,WA12282E,7-Jan-21,PACKAGE WORLD,,2116.75,64.88,7743AF-7747AF,STD,8,22,150,60/60,150,150,150,150,140,140,140,140,130,130,,,,,
20,WA3827E,7-Jan-21,IN-HOUSE,,2153.67,167.6,7991AF-7995AF,STD,7,30,180,40/40,210,210,190,190,180,180,180,160,140,140,,,,,VACUUM ON
21,VA4086E,7-Jan-21,IN-HOUSE,,495.72,48.68,7981AF-7990AF,STD,5,100,380,40/40,160,160,160,160,160,160,150,150,150,140,140,,,,VACUUM ON
22,SA7726E,8-Jan-21,EASTERN,,48.22,45.21,8012AF,STD,3,6,28,40/40,160,130,105,100,120,120,110,,,,,,,,
23,CA1578E,8-Jan-21,JR HOLSTER,,72.02,49.1,7966AF-7967AF,STD,3,30,40,40/40,150,150,150,150,150,130,130,,,,,,,,
24,WA5840E,8-Jan-21,TFT,,2545.15,265.58, 8006AF-8010AF ,STD,7,30,150,60/60,170,170,170,170,170,160,160,160,120,120,,,,,VACUUM ON
25,GA6607E,8-Jan-21,ALPHATECH,,43.78,29.19,8016AF,STD,3,15,25,40/40,180,200,180,180,180,180,180,,,,,,,,
26,WA2123E,9-Jan-21,KPC,,5330,251.81,7970AF-7980AF,STD,7,60,200,60/60,220,220,200,200,200,200,200,200,180,180,,,,,VACUUM ON
27,VA4086E,9-Jan-21,IN-HOUSE,,998.65,52.61,8023AF-8042AF,STD,5,100,380,40/40,160,160,160,160,160,160,150,150,150,140,140,,,,VACUUM ON
28,BA7883E,11-Jan-21,Alphatech,,128.7,81.28,8019AF-8021AF,STD,5,200,380,60/60,180,180,180,180,180,180,180,160,160,140,140,,,,
29,WA11278E,14-Jan-21,FORTUNE DARUMA,,225,11.34,8043AF,STD,1,50,100,40/40,170,180,180,180,180,180,180,180,180,180,180,180,,,
30,WA11838E,11-Jan-21,MCBRIDE,,301.96,61.63,8022AF,STD,7,80,400,40/40,200,220,220,220,220,220,220,220,220,220,,,,,Coil Screw
31,GA6607E,11-Jan-21,IN-HOUSE,,162.16,37.42,8090AF-8093AF,STD,3,15,25,40/40,180,200,180,180,180,180,180,,,,,,,,
32,VA4086E,11-Jan-21,IN-HOUSE(trial),,49.4,44.24,8094AF,STD,5,100,380,40/40,160,160,160,160,160,160,150,150,150,140,140,,,,VACUUM ON
33,BA2091E,12-Jan-21,GREENPACK,,2011.26,106.79,8049AF-8089AF,STD,5,250,400,60/60,170,170,170,170,170,170,160,160,160,150,150,,,,Pelletizer RPM 320
34,BA7688E,12-Jan-21,EVEREST(corr),,222.53,76.3,8044AF-8048AF,STD,5,120,400,40/40,170,170,170,170,170,170,160,160,160,150,150,,,,VACUUM ON
35,OA9199E,12-Jan-21,ASY,,98.86,19.51,8095AF-8096AF,STD,3,10,25,100/100,150,150,150,150,150,130,130,,,,,,,,VACUUM ON
36,BA7883E,12-Jan-21,EASTERN,,200,90.91,8102AF-8105AF,STD,5,200,380,60/60,180,180,180,180,180,180,180,160,160,140,140,,,,
37,GA8074E,13-Jan-21,EASTERN,,203.4,82.46,8098AF-8101AF,STD,3,8,16,40/40,140,130,130,130,120,120,120,,,,,,,,
38,KA5796E,13-Jan-21,INCON,,27.51,41.27,8097AF,STD,3,18,40,40/40,180,200,180,180,180,180,180,,,,,,,,
39,OA9199E,13-Jan-21,ASY,,198.76,24.74,8134AF-8137AF,STD,3,10,25,100/100,150,150,150,150,150,130,130,,,,,,,,VACUUM ON
40,WA12282E,14-Jan-21,PACKAGE WORLD,,5000,66.21,8122AF-8131AF,STD,8,22,150,60/60,150,150,150,150,140,140,140,140,130,130,,,,,
41,BA9094E,14-Jan-21,ZELLER,,142.86,51.02,8153AF-8155AF,STD,5,150,300,40/40,180,200,180,180,180,180,180,180,180,180,180,,,,
42,BA9094E,14-Jan-21,ZELLER(corr),,52.23,52.23,8156AF,STD,5,150,300,40/40,180,200,180,180,180,180,180,180,180,180,180,,,,
43,GA4352E,14-Jan-21,ZELLER,,272.7,47.43,8139AF-8144AF,STD,3,30,40,40/40,180,200,180,180,180,180,180,,,,,,,,
44,GA4254E,14-Jan-21,INCON,,104.6,46.15,8145AF-8146AF,STD,3,9,25,40/40,180,200,180,180,180,180,180,,,,,,,,VACUUM ON
45,GA2595E,15-Jan-21,ALPHATECH,,380.89,32.88,8106AF-8121AF, STD ,5,200,250,40/40,200,220,220,220,220,220,220,220,220,220,220,,,,VACUUM ON/COIL SCREW
46,VA4086E,15-Jan-21,EASTERN,,490.9,57.19,8160AF-8169AF,STD,5,100,380,40/40,160,160,160,160,160,160,150,150,150,140,140,,,,VACUUM ON
47,YA5188E,15-Jan-21,Evergood,,142.55,47.52,8171AF-8173AF,STD,3,12,40,40/40,140,130,130,130,130,130,130,,,,,,,,VACUUM ON
48,WA11838E,15-Jan-21,IN-HOUSE,,47.17,20.07,8133AF,STD,1,80,400,40/40,200,220,220,220,220,220,220,220,220,220,,,,,Coil Screw
49,WA3827E,15-Jan-21,EASTERN,,492.07,113.12,8170AF,STD,7,30,180,40/40,210,210,190,190,180,180,180,160,140,140,,,,,VACUUM ON
50,WA5870E,15-Jan-21,ISLAND,,190.2,163.03,8159AF,STD,7,46,160,80/80,200,200,200,180,180,170,170,150,120,120,,,,,VACUUM ON
51,WA13075E,15-Jan-21,IN-HOUSE,,299.8,133.24,8152AF, STD ,7,25,150,60/60,190,190,180,180,170,170,160,160,180,180,,,,,
52,GA6607E,14-Jan-21,ALPHATECH,,8.7,26.1,8149AF,STD,3,15,25,40/40,180,200,180,180,180,180,180,,,,,,,,
53,ZA4789E,16-Jan-21,ISLAND,,102.6,68.4,8195AF-8196AF,STD,5,230,400,60/60,180,180,180,180,170,170,170,160,140,150,150,,,,
54,VA3010E,16-Jan-21,EVERGOOD,,53.4,58.25,8225AF,STD,5,20,380,40/40,170,170,170,170,170,170,160,160,160,150,150,,,,
55,BA12011E,16-Jan-21,Emson-Arwin,,204.3,57.01,8197AF-8201AF,STD,3,30,40,40/40,180,200,180,180,180,180,180,,,,,,,,
56,BA3018E,16-Jan-21,Evergood,,257.02,74.86,8233AF-8238AF,STD,3,30,40,40/40,150,150,150,150,150,130,130,,,,,,,,
57,WA1400E,18-Jan-21,ALLIED,,985.62,260.52,8223AF-8224AF,STD,7,25,160,60/60,180,180,170,170,170,150,150,150,120,120,,,,,VACUUM ON
58,GA8074E,18-Jan-21,Polytechnique,,1013.76,81.1,8202AF-8222AF,STD,5,160,380,40/40,170,170,170,170,170,170,160,160,160,150,150,,,,
59,UA11287E,16-Jan-21,SMYPC-MPP,,24.04,27.74,7748AF,STD,1,80,40,40,120,140,150,150,150,150,150,150,140,140,,,,,
60,WA12282E,18-Jan-21,PACKAGE WORLD,,4783.1,64.88,8183AF-8192AF,STD,8,22,150,60/60,150,150,150,150,140,140,140,140,130,130,,,,,
61,BA9159E,18-Jan-21,Evergood,,495.56,77.03,8259AF-8268AF,STD,3,26,34,40/40,150,150,150,150,150,130,130,,,,,,,,VACUUM ON
62,GA6607E,19-Jan-21,In-house(corr),,7.65,22.95,8271AF,STD,3,15,25,40/40,180,200,180,180,180,180,180,,,,,,,,
63,KA5796E,19-Jan-21,INCON,,25.63,21.97,8239AF,STD,3,18,40,40/40,180,200,180,180,180,180,180,,,,,,,,
64,DA9260E,19-Jan-21,Evergood,,97.89,59.93,8269AF-8270AF,STD,3,30,40,60/60,150,150,150,150,150,130,130,,,,,,,,VACUUM ON
65,WA5835E,19-Jan-21,CEBU JUNTRADE,,1233.77,241.92,8256AF-8258AF,STD,7,40,150,60/60,200,200,180,170,160,140,140,140,120,120,,,,,VACUUM ON
66,WA7997E,5-Jan-21,NICE,,2183.16,59.62,7263AF-7267AF,STD,8,26,250,60/60,160,160,160,160,150,150,150,150,140,140,140,,,,VACUUM ON
67,WA11278E,16-Jan-21,FORTUNE DARUMA,,14.8,29.6,8158AF,STD,1,50,100,40/40,170,180,180,180,180,180,180,180,180,180,180,180,,,
68,IA12587E,20-Jan-21,EVERGOOD,,323.55,70.85,8226AF-8232AF,STD,3,30,40,40/40,150,150,150,150,150,130,130,,,,,,,,
69,BA9094E,20-Jan-21,ZELLER,,266.7,50.32,8251AF-8255AF,STD,3,30,40,40/40,180,200,180,180,180,180,180,,,,,,,,
70,WA8512E,20-Jan-21,AMAZON,,2970,221.92,8241AF-8246AF,STD,7,22,200,40,170,160,160,150,150,140,140,140,130,130,,,,,VACUUM ON
71,CA1578E,21-Jan-21,JR HOLSTER,,88.86,49.83,8289AF-8290AF,STD,3,30,40,40/40,150,150,150,150,150,130,130,,,,,,,,
72,TA13038E,21-Jan-21,PLEXCO,,53.93,49.03,8295AF,STD,3,30,40,40/40,150,150,150,150,150,130,130,,,,,,,,
73,WA13211E,21-Jan-21,CALYPSO,,5004.75,263.87,8279AF-8283AF; 8334AF-8335AF; 8338AF-8342AF,STD,7,40,150,60/60,200,200,190,180,170,170,170,160,160,150,150,150,,,
74,KA13315E,22-Jan-21,PHIL-TOP,,248.76,67.85,8296AF-8300AF,STD,3,30,40,40/40,150,150,150,150,150,130,130,,,,,,,,
75,KA12988E,22-Jan-21,PLEXCO,,51.9,51.9,8294AF,STD,3,30,40,40/40,150,150,150,150,150,130,130,,,,,,,,
76,DA9260E,22-Jan-21,Evergood,,103.74,64.17,8336AF-8337AF,STD,3,30,40,60/60,150,150,150,150,150,130,130,,,,,,,,VACUUM ON
77,DA13055E,22-Jan-21,PLEXCO,,54.33,48.65,8291AF,STD,3,30,40,40/40,150,150,150,150,150,130,130,,,,,,,,
78,WA8512E,25-Jan-21,AMAZON(corr),,1500,233.16,8273AF-8278AF,STD,7,22,200,40,170,160,160,150,150,140,140,140,130,130,,,,,VACUUM ON
79,KA4309E,25-Jan-21,MGQ,,990.62,69.52,8359AF-8368AF,STD,3,15,24,60/60,150,150,150,150,150,130,130,,,,,,,,
80,WA12282E,25-Jan-21,PACKAGE WORLD,,5200,66,8369AF-8381AF,STD,8,22,150,60/60,150,150,150,150,140,140,140,140,130,130,,,,,
81,WA7997E,25-Jan-21,NICE,,91.75,53.97,8193AF-8194AF,STD,8,26,250,60/60,160,160,160,160,150,150,150,150,140,140,140,,,,VACUUM ON
82,WA8512E,25-Jan-21,AMAZON,,527.28,259.32,8332AF-8333AF,STD,7,22,200,40,170,160,160,150,150,140,140,140,130,130,,,,,VACUUM ON
83,WA2123E,25-Jan-21,KPC,,5257.46,236.47,8404AF-8438AF,STD,7,60,200,60/60,220,220,200,200,200,200,200,200,180,180,,,,,VACUUM ON
84,BA9094E,26-Jan-21,H&E,,149.1,54.22,8329AF; 8382AF-8383AF,STD,5,150,300,40/40,180,200,180,180,180,180,180,180,180,180,180,,,,
85,BA9094E,26-Jan-21,H&E(tumbler),,22.2,53.28,8328AF,STD,5,150,300,40/40,180,200,180,180,180,180,180,180,180,180,180,,,,
86,GA12736E,26-Jan-21,PHIL-TOP,,126.9,60.91,8301AF-8303AF,STD,5,20,380,40/40,170,170,170,170,170,170,160,160,160,150,150,,,,
87,YA7822E,26-Jan-21,EASTERN,,395.74,71.3,8396AF-8403AF,STD,3,22,26,40/40,150,150,150,150,150,130,130,,,,,,,,VACUUM ON
88,GA6246E,26-Jan-21,PLASTIMER,,78.59,41,8353AF-8354AF,STD,5,15,300,40/40,180,200,180,180,180,180,180,180,180,180,180,,,,
89,YA6053E,26-Jan-21,EVERGOOD,,258.33,69.82,8347AF-8351AF,STD,3,30,40,40/40,150,150,150,150,150,130,130,,,,,,,,
90,OA2469E,23-Jan-21,H & E,,496.67,81.64,8304AF-8313AF,STD,3,25,40,40/40,150,150,150,150,150,130,130,,,,,,,,
91,KA5796E,22-Jan-21,INCON,,29.23,47.4,8250AF,STD,3,18,40,40/40,180,200,180,180,180,180,180,,,,,,,,
92,WA5840E,22-Jan-21,TFT,,2507.2,253.68, 8319AF-8325AF ,STD,7,30,150,60/60,170,170,170,170,170,160,160,160,120,120,,,,,VACUUM ON
93,WA5840E,23-Jan-21,TFT,,44.63,95.68, 8326AF ,STD,7,30,150,60/60,170,170,170,170,170,160,160,160,120,120,,,,,VACUUM ON
94,SA12119E,27-Jan-21,Emson-Arwin,,57.13,47.61,8357AF; 8358AF,STD,3,15,25,40/40,150,150,150,150,150,130,130,,,,,,,,
95,TA13038E,27-Jan-21,PLEXCO(corr),,50.23,50.23,8352AF,STD,3,30,40,40/40,150,150,150,150,150,130,130,,,,,,,,
96,KA12988E,27-Jan-21,PLEXCO,,50.78,50.78,8355AF,STD,3,30,40,40/40,150,150,150,150,150,130,130,,,,,,,,
97,DA13055E,27-Jan-21,PLEXCO(corr),,54.5,46.06,8330AF,STD,3,30,40,40/40,150,150,150,150,150,130,130,,,,,,,,
98,BA4140E,27-Jan-21,EVERBRIGHT,,983.23,59.89,8454AF-8493AF,STD,5,200,210,60/60,170,170,170,170,170,170,160,160,150,150,150,,,,
99,BA13023E,27-Jan-21,GENSTAR,,238.65,56.15,8444AF-8448AF,STD,5,20,380,40/40,170,170,170,170,170,170,160,160,160,150,150,,,,
100,BA13023E,27-Jan-21,GENSTAR(corr),,131.05,74.89,8449AF-8451AF,STD,5,20,380,40/40,170,170,170,170,170,170,160,160,160,150,150,,,,
101,WA5835E,28-Jan-21,STAR PLASTIC,,498.41,213.6,8494AF-8498AF,STD,7,40,150,60/60,200,200,180,170,160,140,140,140,120,120,,,,,VACUUM ON
102,WA3827E,28-Jan-21,EASTERN,,503.64,183.14,8343AF-8346AF,STD,7,30,180,40/40,210,210,190,190,180,180,180,160,140,140,,,,,VACUUM ON
103,BA7924E,28-Jan-21,AMAZON,,395.7,41.65,8511AF-8518AF,STD,5,100,400,40/40,180,180,180,180,180,180,180,180,160,160,160,,,,
104,WA12282E,28-Jan-21,PACKAGE WORLD,,3304.06,65.54,8498AF-8506AF,STD,8,22,150,60/60,150,150,150,150,140,140,140,140,130,130,,,,,
105,VA4086E,28-Jan-21,IN-HOUSE,,493.45,51.13,8384AF-8393AF,STD,3,20,34,40/40,160,160,160,140,140,140,130,,,,,,,,VACUUM ON
106,GA13755E,28-Jan-21,ERTESS,,29.78,68.72,8356AF,STD,3,30,40,40/40,150,150,150,150,150,130,130,,,,,,,,
107,BA9550E,29-Jan-21,H&E,,55.68,47.73,8395AF,STD,5,150,300,40/40,180,200,180,180,180,180,180,180,180,180,180,,,,
108,WA5870E,29-Jan-21,ISLAND,,490.61,218.05,8519AF-8522AF,STD,7,46,160,80/80,200,200,200,180,180,170,170,150,120,120,,,,,VACUUM ON
109,WA5870E,29-Jan-21,ISLAND,,50,100,8523AF,STD,7,46,160,80/80,200,200,200,180,180,170,170,150,120,120,,,,,VACUUM ON
110,WA6947E,29-Jan-21,ATLANTA,,296.27,202,8452AF-8453AF,STD,7,35,185,40/40,220,220,220,200,200,200,200,200,180,180,,,,,VACUUM ON
111,GA4352E,29-Jan-21,ZELLER,,301.64,49.45,8524AF-8529AF,STD,3,30,40,40/40,180,200,180,180,180,180,180,,,,,,,,
112,DA13643E,30-Jan-21,Anilson Pkg.(trial),,100,70.59,6817AF,STD,3,30,40,60/60,150,150,150,150,150,130,130,,,,,,,,
113,DA13643E,30-Jan-21,Anilson Pkg.,,500,60.12,8530AF-8534AF,STD,3,30,40,60/60,150,150,150,150,150,130,130,,,,,,,,
114,BA9094E,30-Jan-21,IN-HOUSE(corr),,144.33,42.24,8507AF-8509AF,STD,5,150,300,40/40,180,200,180,180,180,180,180,180,180,180,180,,,,
115,GA13760E,23-Jan-21,Emson-Arwin,,27,37.67,8285AF,STD,5,20,380,60/60,170,170,170,170,170,170,160,160,160,150,150,,,,
116,GA2595E,23-Jan-21,In House,,95.33,31.78,8314AF-8317AF, STD ,5,200,250,40/40,200,220,220,220,220,220,220,220,220,220,220,,,,VACUUM ON/COIL SCREW
117,GA11745E,1-Feb-21,SMYPC-MPP,,470,33.85,8591AF-8600AF,STD,5,15,300,40/40,180,200,180,180,180,180,180,180,180,180,180,,,,
118,GA11745E,1-Feb-21,SMYPC-MPP,,23.3,29.56,8601AF,STD,5,15,300,40/40,180,200,180,180,180,180,180,180,180,180,180,,,,
119,IA12587E,1-Feb-21,EVERGOOD,,500,88.5,8535AF-8544AF,STD,5,20,380,40/40,170,170,170,170,170,170,160,160,160,150,150,,,,
120,BA9159E,1-Feb-21,Evergood,,99.31,79.45,8553AF-8554AF,STD,5,200,380,40/40,170,170,170,170,170,170,160,160,160,150,150,,,,
121,BA13023E,1-Feb-21,GENSTAR(corr),,158.84,70.08,8550AF-8552AF,STD,5,20,380,40/40,170,170,170,170,170,170,160,160,160,150,150,,,,
122,DA13643E,1-Feb-21,Anilson Pkg.,,1410.93,60.3,8627AF-8640AF,STD,3,30,40,60/60,150,150,150,150,150,130,130,,,,,,,,
123,WA11838E,2-Feb-21,IN-HOUSE,,385.03,115.51,8658AF,STD,7,80,400,40/40,200,220,220,220,220,220,220,220,220,220,,,,,Coil Screw
124,WA1815E,2-Feb-21,NPPET GLOBAL,,70.62,105.93,8709AF-8710AF,STD,7,35,150,60/60,180,200,180,180,170,170,160,160,150,130,130,,,,
125,GA9050E,2-Feb-21,Polytechnique,,1573.13,77.62,8611AF-8626AF,STD,5,200,380,40/40,170,170,170,170,170,170,160,160,160,150,150,,,,
126,GA13527E,2-Feb-21,GREENPACK,,255,69.86,8570AF-8575AF,STD,5,20,380,40/40,170,170,170,170,170,170,160,160,160,150,150,,,,
127,YA4584E,2-Feb-21,ZENAM,,260.47,67.65,8605AF-8610AF,STD,3,26,45,60/60,130,130,130,120,120,110,110,,,,,,,,VACUUM ON
128,YA7345E,1-Feb-21,BENNY,,98,53.45,8602AF-8603AF,STD,3,10,34,60/60,160,160,160,160,160,140,140,,,,,,,,VACUUM ON
129,YA7345E,2-Feb-21,BENNY,,49.5,44.68,8604AF,STD,3,10,34,60/60,160,160,160,160,160,140,140,,,,,,,,VACUUM ON
130,KA4309E,3-Feb-21,ZENAM,,247.25,72.37,8641AF-8646AF,STD,3,15,24,60/60,150,150,150,150,150,130,130,,,,,,,,
131,BA9159E,3-Feb-21,Evergood,,415.39,77.4,8659AF-8667AF,STD,3,26,34,40/40,150,150,150,150,150,130,130,,,,,,,,VACUUM ON
132,BA7924E,3-Feb-21,AMAZON,,403.7,73.85,8648AF-8655AF,STD,3,7.1,35,40/40,150,140,130,130,140,140,140,,,,,,,,
133,WA2123E,25-Jan-21,KPC,,6000,240.96,8439AF-8443AF,STD,7,60,200,60/60,220,220,200,200,200,200,200,200,180,180,,,,,VACUUM ON
134,WA2123E,4-Feb-21,KPC,,5813.44,250.94,8555AF-8569AF,STD,7,60,200,60/60,220,220,200,200,200,200,200,200,180,180,,,,,VACUUM ON
135,BA7883E,4-Feb-21,EASTERN,,190.88,75.35,8750AF-8753AF,STD,3,7.5,28,60/60,160,180,180,180,180,180,160,,,,,,,,VACUUM ON
136,MA7758E,4-Feb-21,CYBERMANN,,423.88,39.18,8712AF-8728AF,STD,3,6.6,28,40/40,180,200,180,180,180,180,180,,,,,,,,
137,IA1770E,4-Feb-21,EVERBRIGHT,,1010.44,68.89,8668AF-8708AF,STD,5,270,400,40/40,160,160,160,160,160,160,150,150,150,140,140,,,,
138,GA7505E,4-Feb-21,TRADESPHERE,,49.54,66.05,8711AF,STD,5,200,380,40/40,170,170,170,170,170,170,160,160,160,150,150,,,,
139,VA4086E,5-Feb-21,EASTERN,,391.81,42.13,8755AF-8762AF,STD,5,100,380,40/40,160,160,160,160,160,160,150,150,150,140,140,,,,VACUUM ON
140,GA9050E,5-Feb-21,Polytechnique,,52.71,70.28,8763AF,STD,3,30,40,40/40,150,150,150,150,150,130,130,,,,,,,,
141,YA7822E,5-Feb-21,EASTERN,,250,69.77,8764AF-8768AF,STD,3,22,26,40/40,150,150,150,150,150,130,130,,,,,,,,VACUUM ON
142,YA7822E,5-Feb-21,EASTERN,,51.37,77.06,8769AF,STD,3,22,26,40/40,150,150,150,150,150,130,130,,,,,,,,VACUUM ON
143,WA5870E,6-Feb-21,ISLAND,,986.32,241.55,8729AF-8731AF,STD,7,46,160,80/80,200,200,200,180,180,170,170,150,120,120,,,,,VACUUM ON
144,RA7347E,6-Feb-21,BENNY,,716.83,28.13,8576AF-8590AF,STD,5,7.5,220,60/60,180,180,170,170,160,160,160,160,160,160,160,,,,VACUUM ON
145,RA4665E,7-Feb-21,EVEREST,,740.58,47.52,8833AF-8847AF,STD,5,250,350,40/40,160,160,160,160,160,160,160,150,150,150,150,,,,
146,WA1400E,8-Feb-21,In House,,320.37,240.38,8778AF,STD,7,25,160,60/60,180,180,170,170,170,150,150,150,120,120,,,,,VACUUM ON
147,WA3827E,8-Feb-21,EASTERN,,393.94,181.92,8754AF,STD,7,30,180,40/40,210,210,190,190,180,180,180,160,140,140,,,,,VACUUM ON
148,WA7997E,8-Feb-21,NICE,,1000,46.58,8733AF-8735AF,STD,3,11,36,60/60,150,150,140,140,140,140,140,,,,,,,,
149,WA7997E,8-Feb-21,NICE,,5247.77,63.6,8735AF-8748AF,STD,8,26,250,60/60,160,160,160,160,150,150,150,150,140,140,140,,,,VACUUM ON
150,IA12587E,9-Feb-21,EVERGOOD,,747.3,71.97,8782AF-8797AF,STD,5,20,380,40/40,170,170,170,170,170,170,160,160,160,150,150,,,,
151,BA9080E,11-Feb-21,ZELLER,,53.33,37.84,8863AF,STD,5,150,300,40/40,180,200,180,180,180,180,180,180,180,180,180,,,,
152,RA7487E,11-Feb-21,GENSTAR,,257.19,65.67,8855AF-8860AF,STD,5,300,380,40/40,170,170,170,170,170,170,160,160,160,150,150,,,,
153,RA12706E,11-Feb-21,PLEXCO,,124.31,62.16,8851AF-8853AF,STD,5,20,380,40/40,170,170,170,170,170,170,160,160,160,150,150,,,,
154,WA6168E-I,11-Feb-21,GILVAN,,1967.32,196.73,8870AF-8890AF,STD,7,30,150,80/80,200,200,180,170,170,160,160,150,130,130,,,,,VACUUM ON
155,VA4086E,13-Feb-21,EASTERN,,488.39,61.82,8923AF-8932AF,STD,5,100,380,40/40,160,160,160,160,160,160,150,150,150,140,140,,,,VACUUM ON
156,IA12587E,13-Feb-21,EVERGOOD,,768.41,73.65,8901AF-8916AF,STD,5,20,380,40/40,170,170,170,170,170,170,160,160,160,150,150,,,,
157,WA11678E,13-Feb-21,INCON,,211.7,254.04,8861AF; 8862AF,STD,7,35,150,40/40,200,200,190,190,170,170,160,160,170,170,,,,,
158,WA4284E,13-Feb-21,ZELLER,,60.44,80.59,8952AF; 8953AF,STD,7,38,200,40/40,220,220,200,200,200,200,200,200,180,180,,,,,VACUUM ON
159,GA4254E,15-Feb-21,Incon,,98.6,53.78,8950AF-8951AF,STD,5,150,300,40/40,180,200,180,180,180,180,180,180,180,180,180,,,,
160,GA5520E,15-Feb-21,H & E,,96.58,79.38,8933AF-8934AF,STD,5,75,400,40/40,170,170,170,170,170,170,160,160,160,150,150,,,,
161,GA5520E,15-Feb-21,H & E,,23.81,59.53,9016AF,STD,5,75,400,40/40,170,170,170,170,170,170,160,160,160,150,150,,,,
162,SA7726E,15-Feb-21,EASTERN,,55.03,51.59,8869AF,STD,5,150,250,40/40,170,170,170,170,170,170,160,160,160,150,150,,,,
163,WA3827E,15-Feb-21,IN-HOUSE,,472.82,149.31,8945AF-8949AF,STD,7,30,180,40/40,210,210,190,190,180,180,180,160,140,140,,,,,VACUUM ON
164,OA9199E,15-Feb-21,ASY,,302.21,28.03,8917AF-8922AF,STD,3,10,25,100/100,150,150,150,150,150,130,130,,,,,,,,VACUUM ON
165,WA13906E,15-Feb-21,NMH,,295.93,159.96,8864AF-8866AF,STD,7,30,180,60/60,200,200,180,180,180,180,180,180,180,180,180,,,,VACUUM ON (52-62 PPG)
166,WA5840E,9-Feb-21,TFT,,2462.64,240.65, 87710AF-8777AF ,STD,7,30,150,60/60,170,170,170,170,170,160,160,160,120,120,,,,,VACUUM ON
167,GA3383E,10-Feb-21,EVEREST,,498.28,90.6,8823AF-8832AF,STD,5,200,380,40/40,170,170,170,170,170,170,160,160,160,150,150,,,,
168,GA12984E,10-Feb-21,PLEXCO,,12.37,26.51,8854AF,STD,5,20,380,40/40,170,170,170,170,170,170,160,160,160,150,150,,,,
169,GA8074E,10-Feb-21,ALPHATECH,,146.46,78.46,8848AF-8850AF,STD,5,160,380,40/40,170,170,170,170,170,170,160,160,160,150,150,,,,
170,GA12984E,16-Feb-21,PLEXCO(corr),,12.5,23.44,9005AF,STD,5,20,380,40/40,170,170,170,170,170,170,160,160,160,150,150,,,,
171,GA3383E,15-Feb-21,EVEREST,,493.87,92.31,9006AF-9015AF,STD,5,200,380,40/40,170,170,170,170,170,170,160,160,160,150,150,,,,
172,VA4869E,16-Feb-21,EVEREST,,254.83,80.05,8958AF-8963AF,STD,5,80,400,40/40,120,140,150,150,150,150,150,150,140,140,140,,,,
173,WA11278E,17-Feb-21,FORTUNE DARUMA,,266.03,66.51,8955AF-8957AF,STD,7,6,45,40/40,140,140,140,140,140,140,140,140,130,130,,,,,
174,VA4086E,17-Feb-21,EASTERN,,486.11,57.3,8935AF-8944AF,STD,5,100,380,40/40,160,160,160,160,160,160,150,150,150,140,140,,,,VACUUM ON
175,WA6168E-I,17-Feb-21,GILVAN,,981.83,202.44,8891AF-8900AF,STD,7,30,150,80/80,200,200,180,170,170,160,160,150,130,130,,,,,VACUUM ON
176,CA8383E,18-Feb-21,GLOBAL COMPAK,,24,46.45,9019AF,STD,5,150,250,40/40,170,170,170,170,170,170,160,160,160,150,150,,,,
177,RA2187E,18-Feb-21,Incon,,53.81,46.12,9020AF; 9021AF,STD,5,80,250,40/40,170,170,170,170,170,170,160,160,160,150,150,,,,
178,WA2123E,18-Feb-21,KPC,,4950,264.02,8964AF-8996AF,STD,7,60,200,60/60,220,220,200,200,200,200,200,200,180,180,,,,,VACUUM ON
179,BA13497E,18-Feb-21,EVEREST,,26.91,29.36,9048AF,STD,5,20,380,40/40,170,170,170,170,170,170,160,160,160,150,150,,,,
180,GA5520E,19-Feb-21,H & E,,196.5,58.08,9111AF-9114AF,STD,3,10,45,40/40,140,140,140,140,140,120,120,,,,,,,,VACUUM ON
181,GA13527E,19-Feb-21,GREENPACK,,258.58,61.32,9089AF-9094AF,STD,3,30,40,40/40,150,150,150,150,150,130,130,,,,,,,,
182,GA6246E,19-Feb-21,H & E,,52.91,46.69,9088AF,STD,3,22,36,40/40,180,200,180,180,180,180,180,,,,,,,,
183,BA12731E,19-Feb-21,PHIL-TOP,,369.04,69.2,9034AF-9041AF,STD,5,20,380,40/40,170,170,170,170,170,170,160,160,160,150,150,,,,
184,WA2123E,19-Feb-21,KPC,,1065,269.91,8997AF-9004AF,STD,7,60,200,60/60,220,220,200,200,200,200,200,200,180,180,,,,,VACUUM ON
185,MA4737E,4-Feb-21,EVEREST,,1106.79,31.48,8798AF-8812AF,STD,3,4.3,42,40/40,150,150,150,150,140,140,140,,,,,,,,VACUUM ON
186,YA6053E,9-Feb-21,EVEREST,,995.96,62.57,8813AF-8822AF,STD,3,30,40,40/40,150,150,150,150,150,130,130,,,,,,,,
187,GA3383E,20-Feb-21,EVEREST(corr),,493.45,63.95,9101AF-9110AF,STD,3,15,15,40/40,120,110,110,110,110,120,120,,,,,,,,VACUUM ON
188,GA5520E,19-Feb-21,H & E,,199.56,47.51,9125AF-9128AF,STD,3,10,45,40/40,140,140,140,140,140,120,120,,,,,,,,VACUUM ON
189,GA5520E,19-Feb-21,H & E,,49.65,52.26,9161AF,STD,3,10,45,40/40,140,140,140,140,140,120,120,,,,,,,,VACUUM ON
190,GA5520E,19-Feb-21,H & E(corr),,54.65,56.53,9162AF,STD,3,10,45,40/40,140,140,140,140,140,120,120,,,,,,,,VACUUM ON
191,BA2091E,20-Feb-21,GREENPACK,,1238.15,110.38,9063AF-9087AF,STD,5,250,400,60/60,170,170,170,170,170,170,160,160,160,150,150,,,,Pelletizer RPM 320
192,WA11278E,20-Feb-21,FORTUNE DARUMA,,485.05,57.63,9095AF-9099AF,STD,7,6,45,40/40,140,140,140,140,140,140,140,140,130,130,,,,,
193,WA13000E,20-Feb-21,PREMIER,,980.51,243.1,9053AF-9062AF,STD,7,38,160,40/40,200,180,170,170,160,160,150,150,160,170,,,,,
194,WA12282E,21-Feb-21,PACKAGE WORLD,,1748.15,66.72,9023AF-9026AF; 9100AF,STD,8,22,150,60/60,150,150,150,150,140,140,140,140,130,130,,,,,
195,BA9159E,22-Feb-21,Evergood,,493.31,74.37,9115AF-9124AF,STD,5,200,380,40/40,170,170,170,170,170,170,160,160,160,150,150,,,,
196,BA7924E,22-Feb-21,AMAZON,,392.8,58.19,9152AF-9160AF,STD,5,100,400,40/40,180,180,180,180,180,180,180,180,160,160,160,,,,
197,GA12984E,22-Feb-21,PLEXCO(corr),,12,42.35,9129AF,STD,3,30,40,40/40,150,150,150,150,150,130,130,,,,,,,,
198,GA12736E,22-Feb-21,PHIL-TOP,,251.52,67.67,9028AF-9033AF,STD,3,30,40,40/40,150,150,150,150,150,130,130,,,,,,,,
199,GA13925E,22-Feb-21,GREENPACK,,128.35,57.04,9050AF-9052AF,STD,3,30,40,40/40,150,150,150,150,150,130,130,,,,,,,,
200,VA4086E,27-Feb-21,EASTERN,,195.15,48.99,9285AF-9288AF,STD,5,100,380,40/40,160,160,160,160,160,160,150,150,150,140,140,,,,VACUUM ON
201,WA4284E,24-Feb-21,ZELLER,,54.08,28.22,9216AF,STD,1,80,400,40/40,180,200,180,180,180,180,180,180,180,180,,,,,
202,WA4284E,24-Feb-21,ZELLER,,52.47,30.57,9294AF,STD,1,80,400,40/40,180,200,180,180,180,180,180,180,180,180,,,,,
203,GA5520E,20-Feb-21,H & E,,49.5,57.12,9163AF,STD,3,10,45,40/40,140,140,140,140,140,120,120,,,,,,,,VACUUM ON
204,GA5520E,24-Feb-21,H & E(trial),,50,50,9259AF; 9260AF,STD,5,75,400,40/40,170,170,170,170,170,170,160,160,160,150,150,,,,
205,GA5520E,24-Feb-21,H & E,,50,50,9249AF-9250AF,STD,5,75,400,40/40,170,170,170,170,170,170,160,160,160,150,150,,,,
206,IA12587E,23-Feb-21,EVERGOOD,,1003.41,124.91,9130AF-9150AF,STD,5,20,380,40/40,170,170,170,170,170,170,160,160,160,150,150,,,,
207,RA11649E,24-Feb-21,MILLERS,,54.12,36.49,9257AF-9258AF,STD,5,15,300,60/60,180,200,180,180,180,180,180,180,180,180,180,,,,
208,BA6822E,24-Feb-21,Cebu Hi Q,,253.71,97.58,9251AF-9256AF,STD,5,200,380,40/40,170,170,170,170,170,170,160,160,160,150,150,,,,Pelletizer RPM 255
209,WA13183E,2-Feb-21,STAR PLASTIC,,255.42,383.13,9297AF-9299AF,STD,7,25,160,40/40,180,180,170,170,170,150,150,150,120,120,,,,,
210,BA9094E,28-Feb-21,ZELLER,,163.28,47.33,9349AF-9352AF,STD,5,150,300,40/40,180,200,180,180,180,180,180,180,180,180,180,,,,
211,WA12282E,1-Mar-21,PACKAGE WORLD,,6000,64.98,9300AF-9314AF,STD,8,22,150,60/60,150,150,150,150,140,140,140,140,130,130,,,,,
212,KA9045E,1-Mar-21,EVEREST,,1513.11,87.46,9354AF-9384AF,STD,3,14,26,40/40,170,170,170,170,150,150,150,,,,,,,,VACUUM ON
213,BA9159E,27-Feb-21,Evergood,,500,95.54,9328AF-9337AF,STD,5,200,380,40/40,170,170,170,170,170,170,160,160,160,150,150,,,,
214,BA9159E,1-Mar-21,EVEREST,,987.58,92.59,9385AF-9404AF,STD,5,200,380,40/40,170,170,170,170,170,170,160,160,160,150,150,,,,
215,VA12992E,22-Jan-21,PLEXCO,,50.13,35.4,6251AF,STD,3,30,40,40/40,150,150,150,150,150,130,130,,,,,,,,
216,VA4086E,2-Mar-21,IN-HOUSE,,173.17,49.48,9407AF-9410AF,STD,3,20,34,40/40,160,160,160,140,140,140,130,,,,,,,,VACUUM ON
217,GA6607E,27-Feb-21,Zeller,,53.5,84.47,9338AF,STD,3,15,25,40/40,180,200,180,180,180,180,180,,,,,,,,
218,MA4737E,26-Feb-21,EVEREST,,491.88,31.65,9262AF-9281AF,STD,3,4.3,42,40/40,150,150,150,150,140,140,140,,,,,,,,VACUUM ON
219,CA1578E,24-Feb-21,EVEREST,,247.33,70.67,9232AF-9236AF,STD,5,250,380,40/40,170,170,170,170,170,170,160,160,160,150,150,,,,
220,KA13315E,22-Feb-21,PHIL-TOP,,252.58,65.89,9042AF-9046AF,STD,3,30,40,40/40,150,150,150,150,150,130,130,,,,,,,,
221,KA5796E,26-Feb-21,INCON(trial),,22.75,41.36,9326AF,STD,3,18,40,40/40,180,200,180,180,180,180,180,,,,,,,,
222,WA3827E,3-Mar-21,EASTERN,,490.65,53.04,9411AF-9415AF,STD,5,20,380,40/40,180,180,180,180,180,180,180,180,160,160,140,,,,
223,BA11748E,3-Mar-21,ALLIED,,51.19,51.19,9426AF,STD,5,20,380,40/40,170,170,170,170,170,170,160,160,160,150,150,,,,
224,GA4178E,3-Mar-21,PSP,,509.15,60.49,9428AF-9448AF,STD,3,15,22,60/60,150,150,150,150,150,130,130,,,,,,,,
225,GA4352E,27-Feb-21,ZELLER,,492.46,52.11,9339AF-9348AF,STD,3,30,40,40/40,180,200,180,180,180,180,180,,,,,,,,
226,GA4352E,3-Mar-21,ZELLER,,73.33,50,9423AF; 9424AF,STD,3,30,40,40/40,180,200,180,180,180,180,180,,,,,,,,
227,KA5796E,3-Mar-21,INCON,,27.48,49.96,9427AF,STD,3,18,40,40/40,180,200,180,180,180,180,180,,,,,,,,
228,WA13906E,23-Feb-21,NMH,,998.04,107.82,9238AF-9247AF,STD,7,30,180,60/60,200,200,180,180,180,180,180,180,180,180,180,,,,VACUUM ON (52-62 PPG)
229,WA13075E,24-Feb-21,PACKAGE WORLD,,484.17,157.03,9221AF-9225AF, STD ,7,25,150,60/60,190,190,180,180,170,170,160,160,180,180,,,,,
230,WA2123E,26-Feb-21,KPC,,3904.07,268.63,9176AF-9215AF,STD,7,60,200,60/60,220,220,200,200,200,200,200,200,180,180,,,,,VACUUM ON
231,YA5188E,26-Feb-21,Evergood,,154.04,53.73,9282AF-9284AF,STD,3,12,40,40/40,140,130,130,130,130,130,130,,,,,,,,VACUUM ON
232,WA1400E,27-Feb-21,ALLIED,,494.99,329.99,9289AF-9293AF,STD,7,25,160,60/60,180,180,170,170,170,150,150,150,120,120,,,,,VACUUM ON
233,BA9094E,4-Mar-21,ZELLER(corr),,160.81,50.78,9517AF-9520AF,STD,3,30,40,40/40,180,200,180,180,180,180,180,,,,,,,,
234,GA6607E,4-Mar-21,ZELLER(corr),,54.31,50.91,9521AF-9522AF,STD,3,15,25,40/40,180,200,180,180,180,180,180,,,,,,,,
235,YA6053E,4-Mar-21,EVEREST,,1263.71,59.38,9470AF-9495AF,STD,3,30,40,40/40,150,150,150,150,150,130,130,,,,,,,,
236,DA5176E,4-Mar-21,EVEREST,,967.64,95.18,9496AF-9515AF,STD,5,200,380,40/40,170,170,170,170,170,170,160,160,160,150,150,,,,
237,IA7720E,4-Mar-21,PSP,,513.46,52.22,9449AF-9469AF,STD,3,40,36,60/60,150,150,150,150,150,130,130,,,,,,,,VACUUM ON
238,WA5870E,23-Feb-21,ISLAND,,973.72,215.58,9165AF-9174AF,STD,7,46,160,80/80,200,200,200,180,180,170,170,150,120,120,,,,,VACUUM ON
239,KA5796E,4-Mar-21,INCON,,22.24,35.12,9525AF,STD,3,18,40,40/40,180,200,180,180,180,180,180,,,,,,,,
240,WA12282E,4-Mar-21,PACKAGE WORLD,,4290,65.71,9315AF-9325AF,STD,1,22,150,60/60,150,150,150,150,140,140,140,140,130,130,,,,,
241,GA6607E,5-Mar-21,ALPHATECH,,590,52.44,9537AF-9548AF,STD,5,150,280,40/40,180,200,180,180,180,180,180,180,180,180,180,,,,
242,SA12119E,5-Mar-21,Emson-Arwin,,28.98,45.76,9535AF,STD,5,150,250,40/40,170,170,170,170,170,170,160,160,160,150,150,,,,
243,VA4086E,6-Mar-21,IN-HOUSE,,197.23,45.41,9526AF-9529AF,STD,5,100,380,40/40,160,160,160,160,160,160,150,150,150,140,140,,,,VACUUM ON
244,MA4737E,6-Mar-21,EVEREST,,522.2,26.11,9549AF-9569AF,STD,3,4.3,42,40/40,150,150,150,150,140,140,140,,,,,,,,VACUUM ON
245,YA7822E,6-Mar-21,EASTERN,,202.41,64.26,9530AF-9534AF,STD,3,22,26,40/40,150,150,150,150,150,130,130,,,,,,,,VACUUM ON
246,BA9550E,6-Mar-21,Zeller,,100,35.93,9523AF; 9524AF,STD,5,150,300,40/40,180,200,180,180,180,180,180,180,180,180,180,,,,
247,WA1400E,8-Mar-21,In House,,260.7,226.7,9578AF-9580AF,STD,7,25,160,60/60,180,180,170,170,170,150,150,150,120,120,,,,,VACUUM ON
248,WA11838E,8-Mar-21,NPPET GLOBAL,,342.73,139.89,9582AF-9585AF,STD,7,80,400,40/40,200,220,220,220,220,220,220,220,220,220,,,,,Coil Screw/vacuum on
249,DA5176E,6-Mar-21,EVEREST,,23.66,31.45,9586AF-9587AF,STD,3,17,12-8.3,40/40,130,115,120,120,115,115,115,,,,,,,,
250,WA2123E,9-Mar-21,KPC,,568.9,247.35,9588AF-9593AF,STD,7,60,200,60/60,220,220,200,200,200,200,200,200,180,180,,,,,VACUUM ON
251,BA13023E,9-Mar-21,GENSTAR,,474.69,50.14,9594AF-9603AF,STD,5,20,380,40/40,170,170,170,170,170,170,160,160,160,150,150,,,,
252,YA5868E,9-Mar-21,ARC,,2423.15,91.73,9615AF-9638AF,STD,3,11,40,40/40,160,160,110,110,120,120,120,,,,,,,,VACUUM ON
253,YA5868E,9-Mar-21,ARC(trial),,200,100,9681AF-9682AF,STD,3,11,40,40/40,160,160,110,110,120,120,120,,,,,,,,VACUUM ON
254,WA8512E,10-Mar-21,J&B,,509.43,179.8,9692AF-9696AF,STD,7,22,200,40,170,160,160,150,150,140,140,140,130,130,,,,,VACUUM ON
255,WA5860E,10-Mar-21,EVERBRIGHT,,103.6,172.67,9742AF,STD,7,35,150,80/80,180,180,170,170,170,160,160,160,120,120,,,,,VACUUM ON
256,WA5840E,10-Mar-21,DGV,,98.1,202.97, 9737AF ,STD,7,30,150,60/60,170,170,170,170,170,160,160,160,120,120,,,,,VACUUM ON
257,GA13703E,10-Mar-21,PRESTIGE,,75,20.83,9673AF-9674AF,STD,5,15,300,40/40,180,200,180,180,180,180,180,180,180,180,180,,,,
258,VA13514E,10-Mar-21,PRESTIGE,,74.25,23.76,9671AF-9672AF,STD,5,15,300,40/40,180,200,180,180,180,180,180,180,180,180,,,,,
259,RA13698E,10-Mar-21,Prestige,,75.5,51.48,9675AF-9676AF, STD ,5,15,300,40/40,180,200,180,180,180,180,180,180,180,180,180,,,,
260,BA13652E,10-Mar-21,PRESTIGE,,76.36,26.48,9677AF-9678AF,STD,5,15,300,40/40,180,200,180,180,180,180,180,180,180,180,180,,,,
261,BA12861E,10-Mar-21,AG CANPRINT,,497.95,36.21,9604AF-9614AF,STD,5,15,300,40/40,180,200,180,180,180,180,180,180,180,180,180,,,,
262,YA13556E,10-Mar-21,PRESTIGE,,76.67,40,9669AF-9670AF,STD,3,30,40,40/40,180,200,180,180,180,180,180,,,,,,,,
263,DA13643E,10-Mar-21,Anilson Pkg.(trial),,198.6,72.66,9639AF-9640AF,STD,3,30,40,60/60,150,150,150,150,150,130,130,,,,,,,,
264,DA13643E,10-Mar-21,Anilson Pkg.(trial),,198.81,73.18,9641AF-9642AF,STD,3,30,40,60/60,150,150,150,150,150,130,130,,,,,,,,
265,WA2123E,11-Mar-21,KPC,,5882.7,248.4,9697AF-9736AF,STD,7,60,200,60/60,220,220,200,200,200,200,200,200,180,180,,,,,VACUUM ON
266,SA12119E,11-Mar-21,Emson-Arwin,,95.91,71.93,9774AF-9775AF,STD,5,150,250,40/40,170,170,170,170,170,170,160,160,160,150,150,,,,
267,GA2595E,2-Dec-22,alcos global,,196,49,4868AI-4875AI, STD ,3,8,28,40/40,220,220,220,220,220,225,225,,,,,,,,VACUUM ON/COIL SCREW/PET : 90-100 PPG
268,GA2595E,11-Mar-21,In House,,105.89,33.44,9738AF-9741AF, STD ,5,200,250,40/40,200,220,220,220,220,220,220,220,220,220,220,,,,VACUUM ON/COIL SCREW
269,GA4254E,11-Mar-21,INCON,,132.3,70.88,9689AF9691AF,STD,5,150,300,40/40,180,200,180,180,180,180,180,180,180,180,180,,,,VACUUM ON
270,GA13527E,11-Mar-21,GREENPACK,,256.72,78.99,9683AF-9688AF,STD,5,20,380,40/40,170,170,170,170,170,170,160,160,160,150,150,,,,
271,DA13643E,10-Mar-21,Anilson Pkg.,,2598,73.88,9643AF-9668AF,STD,3,30,40,60/60,150,150,150,150,150,130,130,,,,,,,,
272,YA7345E,11-Mar-21,BENNY,,300,56.8,9743AF-9749AF,STD,3,10,34,60/60,160,160,160,160,160,140,140,,,,,,,,VACUUM ON
273,KA5796E,12-Mar-21,INCON,,54.23,36.15,9847AF,STD,5,80,220,40/40,180,200,180,180,180,180,180,180,180,180,180,,,,
274,VA4086E,11-Mar-21,EASTERN(corr),,98.92,67.45,9808AF-9809AF,STD,5,100,380,40/40,160,160,160,160,160,160,150,150,150,140,140,,,,VACUUM ON
275,BA7924E,12-Mar-21,AMAZON,,404.79,42.99,9798AF-9806AF,STD,5,100,400,40/40,180,180,180,180,180,180,180,180,160,160,160,,,,
276,MA13910E,12-Mar-21,METRO CONT.,,519.77,50.3,9810AF-9830AF,STD,3,30,40,40/40,150,150,150,150,150,130,130,,,,,,,,
277,WA5860E,12-Mar-21,EVERBRIGHT,,9.56,19.12,9849AF,STD,1,80,400,60/60,120,140,150,150,150,150,150,150,140,140,,,,,
278,RA7347E,14-Mar-21,BENNY,,1178.03,58.17,9750AF-9773AF,STD,5,7.5,220,60/60,180,180,170,170,160,160,160,160,160,160,160,,,,VACUUM ON
279,DA13643E,13-Mar-21,Anilson Pkg.(corr),,398.59,68.14,9850AF-9853AF,STD,3,30,40,60/60,150,150,150,150,150,130,130,,,,,,,,
280,YA5868E,13-Mar-21,ARC,,2221.11,99.45,9776AF-9797AF,STD,3,13,26,40/40,140,100,110,110,150,130,130,,,,,,,,VACUUM ON
281,MA7758E,15-Mar-21,CYBERMANN,,382.44,28.16,9867AF-9882AF,STD,3,6.6,28,40/40,180,200,180,180,180,180,180,,,,,,,,
282,GA4254E,15-Mar-21,INCON,,104.27,65.85,9970AF-9971AF,STD,5,150,300,40/40,180,200,180,180,180,180,180,180,180,180,180,,,,VACUUM ON
283,KA7129E,15-Mar-21,H&E,,52.8,57.6,9866AF,STD ,3,30,40,40/40,180,200,180,180,180,180,180,,,,,,,,
284,KA3144E,15-Mar-21,H & E,,54.88,43.33,9864AF-9865AF,STD,3,40,30,40/40,180,200,180,180,180,180,180,,,,,,,,
285,WA1400E,15-Mar-21,In House,,1519.33,276.24,9854AF-9863AF; 9883AF-9887AF,STD,7,25,160,60/60,180,180,170,170,170,150,150,150,120,120,,,,,VACUUM ON
286,VA4086E,16-Mar-21,EASTERN,,589.49,53.19,9982AF-9993AF,STD,3,20,34,40/40,160,160,160,140,140,140,130,,,,,,,,VACUUM ON
287,GA13703E,15-Mar-21,PRESTIGE(corr),,75,64.29,9888AF; 9889AF,STD,5,15,300,40/40,180,200,180,180,180,180,180,180,180,180,180,,,,
288,GA5575E,17-Mar-21,UNITED ASIA,,470.9,36.69,9972AF-9981AF,STD,5,120,380,60/60,170,170,170,170,170,170,160,160,160,150,150,,,,VACUUM ON
289,WA5835E,16-Mar-21,EVERGOOD,,5000,271.99,9890AF-9939AF,STD,7,40,150,60/60,200,200,180,170,160,140,140,140,120,120,,,,,VACUUM ON
290,IA1770E,16-Mar-21,EVERBRIGHT,,994.62,52.81,0001AG-0040AG,STD,3,15,32,40/40,150,150,150,150,150,130,130,,,,,,,,VACUUM ON
291,YA13953E,17-Mar-21,AG CANPRINT,,253,28.37,0095AG-0100AG,STD,5,20,380,40/40,170,170,170,170,170,170,160,160,160,150,150,,,,
292,VA4086E,16-Mar-21,EASTERN(corr),,100,64.52,0149AG-0150AG,STD,3,20,34,40/40,160,160,160,140,140,140,130,,,,,,,,VACUUM ON
293,WA5840E,18-Mar-21,TFT,,2397.72,254.18, 0124AG-0148AG ,STD,7,30,150,60/60,170,170,170,170,170,160,160,160,120,120,,,,,VACUUM ON
294,WA5870E,18-Mar-21,ISLAND,,976.33,222.74,0114AG-0123AG,STD,7,46,160,80/80,200,200,200,180,180,170,170,150,120,120,,,,,VACUUM ON
295,WA3827E,18-Mar-21,EASTERN,,306.06,140.18,0041AG-0043AG,STD,7,30,180,40/40,210,210,190,190,180,180,180,160,140,140,,,,,VACUUM ON
296,YA5917E,18-Mar-21,EVERGOOD,,380,41.91,0169AG-0176AG,STD,5,320,400,40/40,180,180,170,160,160,160,160,140,140,140,140,,,,
297,YA5124E,18-Mar-21,EVERGOOD,,510.14,76.52,0084AG-0094AG,STD,5,160,400,40/40,180,180,170,160,160,160,160,140,140,140,140,,,,
298,BA4140E,18-Mar-21,EVERBRIGHT,,994.45,53.13,0044AG-0083AG,STD,3,30,40,60/60,150,150,150,150,150,130,130,,,,,,,,
299,WA2123E,19-Mar-21,KPC,,9538.03,260.6,0151AG-0162AG; 0197AG-0250AG,STD,7,60,200,60/60,220,220,200,200,200,200,200,200,180,180,,,,,VACUUM ON
300,YA13837E,19-Mar-21,GENSTAR,,125,31.51,0186AG-0188AG,STD,5,20,380,40/40,170,170,170,170,170,170,160,160,160,150,150,,,,
301,YA13837E,19-Mar-21,GENSTAR,,43.5,31.07,0189AG,STD,5,20,380,40/40,170,170,170,170,170,170,160,160,160,150,150,,,,
302,BA9094E,19-Mar-21,ZELLER,,199.69,59.91,9842AF-9846AF,STD,3,30,40,40/40,180,200,180,180,180,180,180,,,,,,,,
303,BA13871E,19-Mar-21,PHIL-TOP,,128,57.74,0177AG-0179AG,STD,3,30,40,40/40,150,150,150,150,150,130,130,,,,,,,,
304,BA2091E,19-Mar-21,GREENPACK,,613.57,72.9,0101AG-0113AG,STD,3,20,34,60/60,160,160,140,120,120,125,125,,,,,,,,Pelletizer RPM 1400
305,VA4869E,20-Mar-21,EVEREST,,257.5,72.54,0163AG-0168AG,STD,3,22,36,40/40,150,150,150,150,150,130,130,,,,,,,,
306,OA9199E,20-Mar-21,ASY,,199,37.31,9994AF-9997AF,STD,5,110,400,100/100,170,170,170,170,170,170,160,160,160,150,150,,,,
307,GA11690E,20-Mar-21,EVEREST,,153.54,54.19,0190AG-0193AG,STD,3,30,40,40/40,180,200,180,180,180,180,180,,,,,,,,
308,GA13867E,20-Mar-21,PHIL-TOP,,124.85,49.94,0183AG-0185AG,STD,3,30,40,40/40,150,150,150,150,150,130,130,,,,,,,,
309,KA13864E,20-Mar-21,PHIL-TOP,,121.67,52.14,0180AG-0182AG,STD,5,20,380,40/40,170,170,170,170,170,170,160,160,160,150,150,,,,
310,WA7997E,22-Mar-21,NICE,,1956.2,66.76,9572AF-9576AF,STD,8,26,250,60/60,160,160,160,160,150,150,150,150,140,140,140,,,,VACUUM ON
311,WA5835E,22-Mar-21,EVERGOOD,,2875,251.09,9940AF-9969AF,STD,7,40,150,60/60,200,200,180,170,160,140,140,140,120,120,,,,,VACUUM ON
312,WA5835E,22-Mar-21,EVERGOOD,,7095.6,249.41,0265AG-0336AG,STD,7,40,150,60/60,200,200,180,170,160,140,140,140,120,120,,,,,VACUUM ON
313,GA4352E,22-Mar-21,ZELLER,,500.77,60.46,9831AF-9841AF,STD,3,30,40,40/40,180,200,180,180,180,180,180,,,,,,,,
314,WA5840E,24-Mar-21,TFT,,100,200, 0337AG ,STD,7,30,150,60/60,170,170,170,170,170,160,160,160,120,120,,,,,VACUUM ON
315,WA5840E,24-Mar-21,AMAZON,,857.97,253.59, 0380AG-0390AG ,STD,7,30,150,60/60,170,170,170,170,170,160,160,160,120,120,,,,,VACUUM ON
316,WA2123E,30-Mar-21,KPC,,6000,277.35,0423AG-0462AG,STD,7,60,200,60/60,220,220,200,200,200,200,200,200,180,180,,,,,VACUUM ON
317,BA12855E,26-Mar-21,GREENPACK,,257.52,52.38,0392AG-0397AG,STD,5,15,300,40/40,180,200,180,180,180,180,180,180,180,180,180,,,,
318,BA12011E,26-Mar-21,Emson-Arwin,,158.05,59.27,0398AG-0401AG,STD,5,15,300,40/40,180,200,180,180,180,180,180,180,180,180,180,,,,
319,DA9936E,26-Mar-21,TRADESPHERE(corr),,8,32,0422AG,STD,5,200,380,40/40,170,170,170,170,170,170,160,160,160,150,150,,,,
320,DA9936E,26-Mar-21,TRADESPHERE,,25,50,0421AG,STD,5,200,380,40/40,170,170,170,170,170,170,160,160,160,150,150,,,,
321,YA5917E,26-Mar-21,EVERGOOD,,26.55,28.96,0391AG,STD,5,320,400,40/40,180,180,170,160,160,160,160,140,140,140,140,,,,
322,WA3827E,26-Mar-21,EASTERN,,504.89,127.28,0403AG-0407AG,STD,7,30,180,40/40,210,210,190,190,180,180,180,160,140,140,,,,,VACUUM ON
323,WA1400E,26-Mar-21,INCON,,495.63,270.34,0413AG-0417AG,STD,7,25,160,60/60,180,180,170,170,170,150,150,150,120,120,,,,,VACUUM ON
324,VA4086E,26-Mar-21,EASTERN(corr),,320.14,57.68,0195AG-0196AG; 0408AG-0412AG,STD,3,20,34,40/40,160,160,160,140,140,140,130,,,,,,,,VACUUM ON
325,UA11287E,27-Mar-21,SMYPC-MPP,,1505.42,114.77,0575AG-0589AG,STD,7,20,130,40,170,170,160,160,160,160,170,200,200,180,,,,,VACUUM ON
326,KA9045E,28-Mar-21,EVEREST,,1499.14,79.95,0590AG-0620AG,STD,3,14,26,40/40,170,170,170,170,150,150,150,,,,,,,,VACUUM ON
327,WA8512E,24-Mar-21,AMAZON,,5019.17,256.95, 0346AG-0379AG ,STD,7,30,150,60/60,170,170,170,170,170,160,160,160,120,120,,,,,VACUUM ON
328,WA5840E,26-Mar-21,AMAZON(corr),,1189.28,188.77, 0471AG-0474AG ,STD,7,30,150,60/60,170,170,170,170,170,160,160,160,120,120,,,,,VACUUM ON
329,BA11748E,26-Mar-21,ALLIED,,53.85,65.94,0463AG,STD,5,20,380,40/40,170,170,170,170,170,170,160,160,160,150,150,,,,
330,WA5840E,26-Mar-21,AMAZON,,585.44,226.62, 0479AG-0484AG ,STD,7,30,150,60/60,170,170,170,170,170,160,160,160,120,120,,,,,VACUUM ON
331,GA3383E,27-Mar-21,EVEREST,,509.67,63.95,0621AG-0631AG,STD,3,15,15,40/40,120,110,110,110,110,120,120,,,,,,,,VACUUM ON
332,GA6246E,27-Mar-21,PLASTIMER,,152.75,47,0464AG-0467AG,STD,3,22,36,40/40,180,200,180,180,180,180,180,,,,,,,,
333,YA13837E,23-Mar-21,GENSTAR,,332.28,41.45,0339AG-0345AG,STD,5,20,380,40/40,170,170,170,170,170,170,160,160,160,150,150,,,,
334,VA3291E,31-Mar-21,Evergood(corr),,104.05,63.7,0705AG-0706AG,STD,3,12.5,28,40/40,135,120,120,135,150,150,140,,,,,,,,
335,GA3383E,31-Mar-21,EVEREST(corr),,459.18,76.53,0694AG-0703AG,STD,3,15,15,40/40,120,110,110,110,110,120,120,,,,,,,,VACUUM ON
336,GA6246E,31-Mar-21,PLASTIMER,,157.07,60.8,0691AG-0693AG,STD,3,22,36,40/40,180,200,180,180,180,180,180,,,,,,,,
337,DA9936E,30-Mar-21,TRADESPHERE(corr),,31.33,67.14,0660AG,STD,3,30,40,40/40,150,150,150,150,150,130,130,,,,,,,,
338,BA12855E,30-Mar-21,GREENPACK(corr),,273.65,49.75,0661AG-0666AG,STD,3,40,30,40/40,180,200,180,180,180,180,180,,,,,,,,
339,WA3827E,6-Apr-21,EASTERN,,502.15,133.91,0780AG-0784AG,STD,7,30,180,40/40,210,210,190,190,180,180,180,160,140,140,,,,,VACUUM ON
340,BA4701E,27-Mar-21,EVEREST,,59.4,37.52,0468AG-0469AG,STD,5,150,300,40/40,180,200,180,180,180,180,180,180,180,180,180,,,,
341,KA9732E,30-Mar-21,Alphatech,,55.58,74.11,0477AG-0478AG,STD,3,12,30,40/40,150,150,150,150,150,130,130,,,,,,,,
342,WA2123E,5-Apr-21,KPC,,2500,289.58,0632AG-0648AG,STD,7,60,200,60/60,220,220,200,200,200,200,200,200,180,180,,,,,VACUUM ON
343,WA2123E,7-Apr-21,KPC,,5836.39,266.1,0708AG-0747AG,STD,7,60,200,60/60,220,220,200,200,200,200,200,200,180,180,,,,,VACUUM ON
344,YA7418E,7-Apr-21,EVEREST,,1092.05,76.46,0748AG-0769AG,STD,3,14,32,40/40,150,150,150,150,150,130,130,,,,,,,,VACUUM ON
345,WA12282E,23-Mar-21,PACKAGE WORLD,,5013.8,66.44,0251AG-0263AG,STD,8,22,150,60/60,150,150,150,150,140,140,140,140,130,130,,,,,
346,WA12282E,10-Apr-21,PACKAGE WORLD,,4925.95,66.01,0678AG-0690AG,STD,8,22,150,60/60,150,150,150,150,140,140,140,140,130,130,,,,,
347,YA4584E,10-Apr-21,MGQ,,1011.8,78.74,0871AG-0891AG,STD,3,26,45,60/60,130,130,130,120,120,110,110,,,,,,,,VACUUM ON
348,GA13527E,10-Apr-21,GREENPACK,,251.26,63.88,0833AG-0838AG,STD,3,30,40,40/40,150,150,150,150,150,130,130,,,,,,,,
349,KA13932E,8-Apr-21,Emson-Arwin,,29.65,45.62,0856AG,STD,5,15,300,40/40,180,200,180,180,180,180,180,180,180,180,180,,,,
350,BA13949E,8-Apr-21,Emson-Arwin,,28.67,53.76,0855AG,STD,5,150,300,40/40,180,200,180,180,180,180,180,180,180,180,180,,,,
351,DA9936E,30-Mar-21,TRADESPHERE,,28.95,69.48,0667AG,STD,3,30,40,40/40,150,150,150,150,150,130,130,,,,,,,,
352,OA2469E,5-Apr-21,H & E,,515.32,95.43,0649AG-0659AG,STD,3,25,40,40/40,150,150,150,150,150,130,130,,,,,,,,
353,WA6947E,5-Apr-21,ATLANTA,,196.57,173.44,0475AG-0476AG,STD,7,35,185,40/40,220,220,220,200,200,200,200,200,180,180,,,,,VACUUM ON
354,BA9553E,6-Apr-21,H & E,,49.57,25.86,0418AG-0419AG,STD,5,140,240,40/40,200,220,220,220,220,220,220,220,220,220,220,,,,VACUUM ON / COIL SCREW
355,WA13000E,6-Apr-21,PREMIER,,1007.72,230.78,0668AG-0677AG,STD,7,38,160,40/40,200,180,170,170,160,160,150,150,160,170,,,,,
356,BA5516E,27-Mar-21,SMYPC-MPP/MCO,,4532.15,52.91,0485AG-0574AG,STD,5,75,150,40,105,105,100,100,100,100,100,100,100,110,110,,,,
357,WA5840E,12-Apr-21,TFT,,1939.3,240.41, 0892AG-0911AG ,STD,7,30,150,60/60,170,170,170,170,170,160,160,160,120,120,,,,,VACUUM ON
358,BA3018E,12-Apr-21,Evergood,,148.05,89.73,0941AG-0943AG,STD,5,150,300,40/40,220,220,220,210,210,200,200,200,200,180,180,,,,
359,BA8057E,12-Apr-21,SMYPC-MPP,,96.43,38.32,0858AG-0859AG,STD,5,130,400,40/40,170,170,170,170,170,170,160,160,160,150,150,,,,
360,VA3291E,12-Apr-21,Evergood,,149.95,81.79,0944AG-0946AG,STD,5,200,380,40/40,170,170,170,170,170,170,160,160,160,150,150,,,,
361,KA11750E,13-Apr-21,Alphatech,,30.27,45.41,0860AG,STD,3,30,40,40/40,180,200,180,180,180,180,180,,,,,,,,
362,KA11750E,15-Apr-21,Alphatech,,28.9,52.55,0869AG,STD,3,30,40,40/40,180,200,180,180,180,180,180,,,,,,,,
363,WA3827E,16-Apr-21,EASTERN,,1349.32,111.82,0998AG-1000AG; 1060AG-1069AG,STD,7,30,180,40/40,210,210,190,190,180,180,180,160,140,140,,,,,VACUUM ON
364,BA4140E,16-Apr-21,EVERBRIGHT,,1016,59.76,1075AG-1115AG,STD,5,200,210,60/60,170,170,170,170,170,170,160,160,150,150,150,,,,
365,GA4352E,16-Apr-21,ZELLER,,493.22,58.03,0931AG-0939AG; 0940AG,STD,3,30,40,40/40,180,200,180,180,180,180,180,,,,,,,,
366,GA6607E,16-Apr-21,Zeller,,74.67,50.34,1144AG; 1145AG,STD,3,15,25,40/40,180,200,180,180,180,180,180,,,,,,,,
367,MA13810E,16-Apr-21,INCON,,52.55,33.19,0861AG,STD,3,30,40,40/40,180,200,180,180,180,180,180,,,,,,,,
368,OA11759E,13-Apr-21,Alphatech,,30.31,43.3,0862AG,STD,3,30,40,40/40,180,200,180,180,180,180,180,,,,,,,,
369,KA13932E,13-Apr-21,Emson-Arwin(corr),,25,48.39,0947AG,STD,3,40,30,40/40,180,200,180,180,180,180,180,,,,,,,,
370,VA4086E,6-Apr-21,IN-HOUSE,,1361.53,50.58,0785AG-0812AG,STD,5,100,380,40/40,160,160,160,160,160,160,150,150,150,140,140,,,,VACUUM ON
371,VA4086E,7-Apr-21,IN-HOUSE(corr),,125,50,0813AG-0815AG,STD,5,100,380,40/40,160,160,160,160,160,160,150,150,150,140,140,,,,VACUUM ON
372,VA4086E,12-Apr-21,IN-HOUSE,,743,55.59,0912AG-0926AG,STD,5,100,380,40/40,160,160,160,160,160,160,150,150,150,140,140,,,,VACUUM ON
373,OA13708E,6-Apr-21,FORTE,,1248.55,63.86,0771AG-0779AG; 0816AG-0832AG,STD,3,30,40,40/40,150,150,150,150,150,130,130,,,,,,,,
374,OA7922E,8-Apr-21,AMAZON,,203.66,47.92,0850AG-0854AG,STD,3,30,40,40/40,160,180,180,180,180,180,160,,,,,,,,
375,RA12372E,8-Apr-21,SPI,,511.73,79.54,0839AG-0849AG,STD,5,20,380,60/60,170,170,170,170,170,170,160,160,160,150,150,,,,
376,YA5124E,15-Apr-21,EVERGOOD,,502.26,76.52,1004AG-1014AG,STD,3,60,50,40/40,175,175,150,150,150,130,130,,,,,,,,
377,BA12011E,15-Apr-21,Emson-Arwin,,198.29,53.83,0964AG-0967AG,STD,5,15,300,40/40,180,200,180,180,180,180,180,180,180,180,180,,,,
378,BA13023E,14-Apr-21,GENSTAR,,746.39,46.46,0948AG-0963AG,STD,5,20,380,40/40,170,170,170,170,170,170,160,160,160,150,150,,,,
379,WA2123E,19-Apr-21,IN-HOUSE,,4139.53,266.1,1116AG-1143AG,STD,7,60,200,60/60,220,220,200,200,200,200,200,200,180,180,,,,,VACUUM ON
380,GA2595E,16-Apr-21,In House,,120.12,25.56,1070AG-1074AG, STD ,5,200,250,40/40,200,220,220,220,220,220,220,220,220,220,220,,,,VACUUM ON/COIL SCREW
381,MA13810E,20-Apr-21,INCON,,51.28,68.37,1206AG,STD,5,15,300,40/40,180,200,180,180,180,180,180,180,180,180,180,,,,
382,WA5870E,21-Apr-21,ISLAND,,1184.38,245.04,1175AG-1186AG,STD,7,46,160,80/80,200,200,200,180,180,170,170,150,120,120,,,,,VACUUM ON
383,WA2127E,21-Apr-21,CEBU HI Q,,118.6,124.84,1201AG,STD,7,40,105,60/60,200,200,180,180,170,170,150,150,120,120,,,,,VACUUM ON
384,OA11759E,16-Apr-21,Alphatech,,41,53.48,1146AG,STD,3,30,40,40/40,180,200,180,180,180,180,180,,,,,,,,
385,OA11759E,16-Apr-21,Alphatech,,27.6,63.69,0870AG,STD,3,30,40,40/40,180,200,180,180,180,180,180,,,,,,,,
386,OA11759E,21-Apr-21,Alphatech,,1.8,3,1207AG,STD,6,15,40,,180,190,180,180,180,180,180,,,,,,,,
387,GA4352E,20-Apr-21,ZELLER,,1.77,3.66,1189AG,STD,6,15,400,,180,190,180,180,180,180,,,,,,,,,
388,SA12119E,21-Apr-21,Emson-Arwin,,156.98,112.13,1202AG-1205AG,STD,5,150,250,40/40,170,170,170,170,170,170,160,160,160,150,150,,,,
389,VA4086E,17-Apr-21,IN-HOUSE,,1387.97,56.88,1147AG-1174AG,STD,3,20,34,40/40,160,160,160,140,140,140,130,,,,,,,,
390,VA4086E,22-Apr-21,Alphatech,,500,56.93,1230AG-1239AG,STD,5,100,380,40/40,160,160,160,160,160,160,150,150,150,140,140,,,,VACUUM ON
391,GA2563E,19-Apr-21,MOLDEX,,551.26,60.14,1190AG-1200AG,STD,5,250,380,60/60,180,180,180,180,180,180,180,180,160,160,160,,,,
392,RA7310E,13-Apr-21,GILVAN,,43.7,30.85,0864AG,STD,5,150,220,40/40,170,170,170,170,170,170,160,160,160,150,150,,,,
393,CA1578E,13-Apr-21,JR HOLSTER,,116.96,31.19,0865AG-0867AG,STD,5,250,380,40/40,170,170,170,170,170,170,160,160,160,150,150,,,,
394,WA6168E-I,15-Apr-21,GILVAN,,2964.91,228.66,2349AG-2378AG,STD,7,30,150,80/80,200,200,180,170,170,160,160,150,130,130,,,,,VACUUM ON
395,VA3291E,14-Apr-21,Evergood,,153.2,72.38,1001AG-1003AG,STD,3,12.5,28,40/40,135,120,120,135,150,150,140,,,,,,,,
396,VA12802E,15-Apr-21,JARZONE,,97.72,39.09,1015AG-1018AG,STD,5,20,250,60/60,200,220,220,220,220,220,220,220,220,220,20,220,,,
397,CA2912E,19-Apr-21,ELLESTREQUE,,49.62,32.01,1187AG,STD,5,200,350,60/60,160,160,160,160,180,160,160,160,160,170,170,,,,LDPE(HMI)
398,BA9094E,17-Apr-21,ZELLER,,154.71,53.97,0927AG-0930AG,STD,3,30,40,40/40,180,200,180,180,180,180,180,,,,,,,,
399,KA9045E,14-Apr-21,EVEREST,,47.7,45.43,0863AG,STD,3,14,26,40/40,170,170,170,170,150,150,150,,,,,,,,VACUUM ON
400,IA1770E,17-Apr-21,EVERBRIGHT,,1007.64,75.38,1019AG-1059AG,STD,5,270,400,40/40,160,160,160,160,160,160,150,150,150,140,140,,,,
401,GA4254E,22-Apr-21,INCON,,105,47.73,1215AG-1217AG,STD,3,9,25,40/40,180,200,180,180,180,180,180,,,,,,,,VACUUM ON
402,KA4361E,22-Apr-21,INCON,,55.18,40.38,1214AG,STD,3,30,40,40/40,180,200,180,180,180,180,180,,,,,,,,
403,OA11759E,21-Apr-21,Alphatech,,29.77,39.69,1229AG,STD,5,15,300,40/40,180,200,180,180,180,180,180,180,180,180,180,,,,
404,OA9199E,24-Apr-21,ASY,,195.28,43.4,1208AG-1211AG,STD,5,110,400,100/100,170,170,170,170,170,170,160,160,160,150,150,,,,
405,GA4178E,25-Apr-21,PSP,,501.14,59.19,1369AG-1388AG,STD,3,15,22,60/60,150,150,150,150,150,130,130,,,,,,,,
406,IA7720E,26-Apr-21,PSP,,292.66,79.82,1389AG-1400AG,STD,5,270,380,60/60,170,170,170,170,170,170,160,160,160,150,150,,,,
407,IA14034E,25-Apr-21,CDC,,100.79,31.66,1263AG; 1264AG,STD,5,15,300,40/40,180,200,180,180,180,180,180,180,180,180,180,,,,
408,WA5835E,25-Apr-21,CEBU JUNTRADE,,1551.26,245.58,1352AG-1367AG,STD,7,40,150,60/60,200,200,180,170,160,140,140,140,120,120,,,,,VACUUM ON
409,WA11838E,28-Apr-21,IN-HOUSE,,339.35,101.81,1461AG-1464AG,STD,7,80,400,40/40,200,220,220,220,220,220,220,220,220,220,,,,,Coil Screw/vacuum on
410,YA4249E,28-Apr-21,MOLDEX,,1208.48,65.5,1542AG-1590AG,STD,5,220,400,40/40,200,200,180,170,170,170,170,160,160,160,160,,,,
411,YA4249E,29-Apr-21,MOLDEX,,245,172.94,1496AG-1500AG,STD,5,220,400,40/40,200,200,180,170,170,170,170,160,160,160,160,,,,
412,YA4249E,29-Apr-21,MOLDEX,,23,23,1616AG,STD,5,220,400,40/40,200,200,180,170,170,170,170,160,160,160,160,,,,
413,GA13925E,3-May-21,GREENPACK,,27.44,41.16,1486AF,STD,5,20,380,40/40,170,170,170,170,170,170,160,160,160,150,150,,,,
414,GA13527E,30-Apr-21,GREENPACK,,206,82.4,1611AG-1615AG,STD,5,20,380,40/40,170,170,170,170,170,170,160,160,160,150,150,,,,
415,GA7505E,29-Apr-21,TRADESPHERE,,40.35,53.8,1493AG,STD,5,200,380,40/40,170,170,170,170,170,170,160,160,160,150,150,,,,
416,WA2123E,27-Apr-21,NMH,,5550,278.66,1291AG-1327AG,STD,7,60,200,60/60,220,220,200,200,200,200,200,200,180,180,,,,,VACUUM ON (52-62 PPG)
417,WA2123E,28-Apr-21,NMH,,369.16,226.02,1328AG-1330AG,STD,7,60,200,60/60,220,220,200,200,200,200,200,200,180,180,,,,,VACUUM ON (52-62 PPG)
418,WA2123E,30-Apr-21,KPC,,5932.17,268.22,1502AG-1541AG,STD,7,60,200,60/60,220,220,200,200,200,200,200,200,180,180,,,,,VACUUM ON
419,WA1400E,29-Apr-21,ALLIED,,1007,229.73,1592AG-1601AG,STD,7,25,160,60/60,180,180,170,170,170,150,150,150,120,120,,,,,VACUUM ON
420,KA13315E,30-Apr-21,PHIL-TOP,,249.5,70.61,1476AG-1480AG,STD,5,20,380,40/40,170,170,170,170,170,170,160,160,160,150,150,,,,
421,VA4086E,26-Apr-21,Alphatech,,981.85,58.33,1240AG-1259AG,STD,3,20,34,40/40,160,160,160,140,140,140,130,,,,,,,,VACUUM ON
422,GA7119E,24-Apr-21,METRO CONT.,,53.22,44.14,1260AG,STD,3,40,40,40/40,150,150,150,150,150,130,130,,,,,,,,
423,MA13810E,29-Apr-21,INCON,,53.05,37.45,1629AG,STD,5,15,300,40/40,180,200,180,180,180,180,180,180,180,180,180,,,,
424,WA6947E,21-Apr-21,ATLANTA,,196.83,262.44,1212AG-1213AG,STD,7,35,185,40/40,220,220,220,200,200,200,200,200,180,180,,,,,VACUUM ON
425,VA3291E,24-Apr-21,Evergood,,99.52,132.69,1349AG-1350AG,STD,3,12.5,28,40/40,135,120,120,135,150,150,140,,,,,,,,
426,DA14064E,23-Apr-21,CDC,,103.23,53.86,1261AG-1262AG,STD,3,30,40,40/40,180,200,180,180,180,180,180,,,,,,,,
427,OA2362E,24-Apr-21,H & E,,53.55,37.8,1289AG-1290AG,STD,3,40,30,40/40,220,220,220,200,200,200,200,,,,,,,,
428,YA4584E,24-Apr-21,ZENAM,,343.39,97.65,1332AG-1338AG,STD,5,250,230,60/60,160,160,160,160,160,160,160,160,150,150,150,,,,
429,GA4352E,22-Apr-21,ZELLER,,502.86,58.03,1218AG-1228AG,STD,3,30,40,40/40,180,200,180,180,180,180,180,,,,,,,,
430,YA5124E,23-Apr-21,EVERGOOD,,868.25,74.96,1278AG-1286AG,STD,3,60,50,40/40,175,175,150,150,150,130,130,,,,,,,,
431,BA2091E,27-Apr-21,GREENPACK,,2489.35,75.36,1401AG-1451AG,STD,3,20,34,60/60,160,160,140,120,120,125,125,,,,,,,,Pelletizer RPM 1400
432,WA1815E,28-Apr-21,NPPET GLOBAL,,60.92,121.84,1465AG,STD,7,35,150,60/60,180,200,180,180,170,170,160,160,150,130,130,,,,
433,KA2871E,23-Apr-21,EVEREST,,1188.77,100.77,1265AG-1276AG,STD,5,150,350,40/40,160,160,160,160,150,150,150,140,140,140,140,,,,VACUUM ON
434,KA2871E,28-Apr-21,EVEREST,,51.44,81.22,1457AG,STD,5,150,350,40/40,160,160,160,160,150,150,150,140,140,140,140,,,,VACUUM ON
435,DA14064E,28-Apr-21,CDC,,49.76,58.54,1458AG,STD,5,15,300,40/40,180,200,180,180,180,180,180,180,180,180,180,,,,
436,BA9159E,4-May-21,EVEREST,,1271.38,93.71,1680AG-1705AG,STD,5,200,380,40/40,170,170,170,170,170,170,160,160,160,150,150,,,,
437,WA11278E,29-Apr-21,FORTUNE DARUMA,,472.88,27.76,1466AG-1470AG,STD,7,14,90,40/40,140,140,140,140,140,140,140,140,130,130,,,,,
438,WA5870E,30-Apr-21,ISLAND,,194.5,188.23,1459AG-1460AG,STD,7,46,160,80/80,200,200,200,180,180,170,170,150,120,120,,,,,VACUUM ON
439,WA5835E,30-Apr-21,STAR PLASTIC,,249,191.54,1488AG-1490AG,STD,7,40,150,60/60,200,200,180,170,160,140,140,140,120,120,,,,,VACUUM ON
440,DA14064E,30-Apr-21,CDC,,103,51.93,1627AG-1628AG,STD,5,15,300,40/40,180,200,180,180,180,180,180,180,180,180,180,,,,
441,BA12969E,29-Apr-21,AG CANPRINT,,128.51,50.07,1453AG-1455AG,STD,3,30,40,40/40,180,200,180,180,180,180,180,,,,,,,,
442,BA12855E,30-Apr-21,CEBU HI Q,,29.57,39.43,1487AG,STD,3,40,30,40/40,180,200,180,180,180,180,180,,,,,,,,
443,BA12731E,30-Apr-21,PHIL-TOP,,251.79,77.47,1481AG-1485AG,STD,5,20,380,40/40,170,170,170,170,170,170,160,160,160,150,150,,,,
444,WA2123E,5-May-21,KPC,,5924.44,265.08,1725AG-1764AG,STD,7,60,200,60/60,220,220,200,200,200,200,200,200,180,180,,,,,VACUUM ON
445,WA3827E,5-May-21,EASTERN,,189.18,119.48,1710AG-1713AG,STD,7,30,180,40/40,210,210,190,190,180,180,180,160,140,140,,,,,VACUUM ON
446,WA8512E,5-May-21,J&B,,200,200, 1716AG-1717AG ,STD,7,30,150,60/60,170,170,170,170,170,160,160,160,120,120,,,,,VACUUM ON
447,BA12969E,5-May-21,AG CANPRINT,,401.99,71.15,1815AG-1823AG,STD,5,15,300,40/40,180,200,180,180,180,180,180,180,180,180,180,,,,
448,VA4086E,4-May-21,IN-HOUSE,,731.38,45.24,1339AG-1348AG; 1706AG-1709AG; 1830AG,STD,5,100,380,40/40,160,160,160,160,160,160,150,150,150,140,140,,,,VACUUM ON
449,RA11649E,6-May-21,MILLERS,,51.04,40.83,2052AG,STD,5,15,300,60/60,180,200,180,180,180,180,180,180,180,180,180,,,,
450,YA5917E,7-May-21,EVERGOOD,,380.32,50.37,1994AG-2001AG,STD,3,30,40,40/40,150,150,150,150,150,130,130,,,,,,,,
451,MA4737E,7-May-21,EVEREST,,1488.86,35.43,1876AG-1935AG,STD,5,65,400,40/40,160,160,160,160,160,150,150,150,150,150,150,,,,VACUUM ON
452,MA4737E,7-May-21,GENSTAR,,25,60,2056AG,STD,5,65,400,40/40,160,160,160,160,160,150,150,150,150,150,150,,,,VACUUM ON
453,IA0760E,7-May-21,PLACEL,,49.54,37.16,1936AG,STD,5,200,380,40/40,170,170,170,170,170,170,160,160,160,150,150,,,,
454,GA12736E,7-May-21,PHIL-TOP,,248.48,79.3,2047AG-2051AG,STD,5,20,380,40/40,170,170,170,170,170,170,160,160,160,150,150,,,,
455,WA5835E,7-May-21,EVERGOOD,,4470.3,246.07,2002AG-2046AG,STD,7,40,150,60/60,200,200,180,170,160,140,140,140,120,120,,,,,VACUUM ON
456,WA5870E,7-May-21,ISLAND,,985.83,267.65,1979AG-1988AG,STD,7,46,160,80/80,200,200,200,180,180,170,170,150,120,120,,,,,VACUUM ON
457,WA5850E,7-May-21,ZENAM,,75,140.63,1715AG,STD,7,30,150,80/80,200,200,200,180,180,170,170,150,120,120,,,,,VACUUM ON
458,GA12736E,30-Apr-21,PHIL-TOP,,250.77,68.39,1471AG-1475AG,STD,5,20,380,40/40,170,170,170,170,170,170,160,160,160,150,150,,,,
459,BA4701E,3-May-21,INCON,,98.37,39.61,1494AG-1495AG,STD,3,30,40,40/40,180,200,180,180,180,180,180,,,,,,,,
460,MA4737E,3-May-21,GENSTAR,,252.1,26.08,1617AG-1626AG,STD,5,65,400,40/40,160,160,160,160,160,150,150,150,150,150,150,,,,VACUUM ON
461,RA11649E,3-May-21,MILLERS,,50.25,37.69,1630AG,STD,3,30,40,60/60,180,200,180,180,180,180,180,,,,,,,,
462,BA7883E,3-May-21,EASTERN,,101.76,64.27,1645AG-1646AG,STD,3,7.5,28,60/60,160,180,180,180,180,180,160,,,,,,,,VACUUM ON
463,WA13000E,4-May-21,PREMIER,,1010.2,288.63,1633AG-1642AG,STD,7,38,160,40/40,200,180,170,170,160,160,150,150,160,170,,,,,
464,GA13527E,4-May-21,GREENPACK,,250,74.26,1719AG-1722AG; 1724AG,STD,5,20,380,40/40,170,170,170,170,170,170,160,160,160,150,150,,,,
465,YA7822E,5-May-21,EASTERN,,104.44,62.66,1643AG-1644AG,STD,5,200,380,40/40,170,170,170,170,170,170,160,160,160,150,150,,,,
466,MA13810E,4-May-21,INCON,,51.69,51.69,1714AG,STD,5,15,300,40/40,180,200,180,180,180,180,180,180,180,180,180,,,,
467,MA13810E,4-May-21,INCON,,9.69,58.14,1824AG,STD,5,15,300,40/40,180,200,180,180,180,180,180,180,180,180,180,,,,
468,GA4254E,10-May-21,INCON,,103.22,50.76,2057AG-2058AG,STD,3,9,25,40/40,180,200,180,180,180,180,180,,,,,,,,VACUUM ON
469,OA3552E,10-May-21,ZELLER,,53.55,49.43,2088AG-2089AG,STD,3,30,40,40/40,180,200,180,180,180,180,,,,,,,,,
470,BA3435E,10-May-21,ZELLER,,53,70.67,2087AG,STD,5,150,300,40/40,180,200,180,180,180,180,180,180,180,180,180,,,,
471,BA3431E,10-May-21,ZELLER,,28.51,38.01,2078AG,STD,5,150,300,40/40,180,200,180,180,180,180,180,180,180,180,180,,,,
472,KA3541E,10-May-21,ZELLER,,52.94,41.79,2077AG,STD,5,150,300,40/40,180,200,180,180,180,180,180,180,180,180,180,,,,
473,KA2871E,10-May-21,EVEREST,,46.87,52.08,2076AG,STD,5,150,350,40/40,160,160,160,160,150,150,150,140,140,140,140,,,,VACUUM ON
474,WA5905E,10-May-21,BEVPACK,,2000,120.6,2090AG-2109AG,STD,7,35,220,40/40,160,160,160,150,150,150,140,140,140,140,,,,,
475,WA5905E,10-May-21,BEVPACK,,445.09,110.81,2110AG-2114AG,STD,7,35,220,40/40,160,160,160,150,150,150,140,140,140,140,,,,,
476,KA9045E,3-May-21,EVEREST,,1510.75,86.74,1649AG-1679AG,STD,3,14,26,40/40,170,170,170,170,150,150,150,,,,,,,,VACUUM ON
477,GA2364E,6-May-21,H & E,,53.86,40.4,1609AG-1610AG,STD,5,150,280,60/60,220,230,230,230,230,230,230,230,230,230,230,,,,
478,GA2595E,6-May-21,In House,,86.1,43.05,1602AG; 2059AG, STD ,5,200,250,40/40,200,220,220,220,220,220,220,220,220,220,220,,,,VACUUM ON/COIL SCREW
479,CA1578E,6-May-21,EVEREST,,500,62.5,1866AG-1875AG,STD,5,250,380,40/40,170,170,170,170,170,170,160,160,160,150,150,,,,
480,YA5868E,6-May-21,ARC,,2454.08,86.31,1765AG-1814AG,STD,3,13,26,40/40,140,100,110,110,150,130,130,,,,,,,,VACUUM ON
481,YA5188E,7-May-21,Evergood,,154.85,60.73,1990AG-1992AG,STD,3,12,40,40/40,140,130,130,130,130,130,130,,,,,,,,VACUUM ON
482,IA1696E,7-May-21,PLACEL,,50.96,33.97,1608AG,STD,5,200,380,40/40,170,170,170,170,170,170,160,160,160,150,150,,,,
483,BA7688E,11-May-21,EVEREST,,1538,65.45,2192AG-2222AG,STD,5,120,400,40/40,170,170,170,170,170,170,160,160,160,150,150,,,,VACUUM ON
484,BA7688E,11-May-21,EVEREST(corr),,200,91.6,2278AG-2281AG,STD,5,120,400,40/40,170,170,170,170,170,170,160,160,160,150,150,,,,VACUUM ON
485,YA5124E,12-May-21,EVERGOOD,,495.55,63.53,2178AG-2187AG,STD,3,60,50,40/40,175,175,150,150,150,130,130,,,,,,,,
486,WA5840E,12-May-21,TFT,,2392.2,225.32, 2290AG-2313AG ,STD,7,30,150,60/60,170,170,170,170,170,160,160,160,120,120,,,,,VACUUM ON
487,YA13953E,12-May-21,GENSTAR,,149.37,47.42,2170AG-2172AG,STD,3,30,40,40/40,150,150,150,150,150,130,130,,,,,,,,
488,OA11689E,12-May-21,EVEREST,,98,45.94,2137AG-2138AG,STD,3,15,25,40/40,180,200,180,180,180,180,180,,,,,,,,
489,IA9912E,15-May-21,Evergood,,153.1,90.06,2449AG-2452AG,STD,5,20,380,40/40,170,170,170,170,170,170,160,160,160,150,150,,,,
490,WA5835E,15-May-21,EVERGOOD,,5500,245.35,2223AG-2257AG,STD,7,40,150,60/60,200,200,180,170,160,140,140,140,120,120,,,,,VACUUM ON
491,WA5835E,16-May-21,EVERGOOD,,4975,239.76,2259AG-2275AG,STD,7,40,150,60/60,200,200,180,170,160,140,140,140,120,120,,,,,VACUUM ON
492,KA9045E,16-May-21,EVEREST,,2009.61,88.08,2403AG-2443AG,STD,3,14,26,40/40,170,170,170,170,150,150,150,,,,,,,,VACUUM ON
493,OA11689E,15-May-21,EVEREST(corr),,96.58,45.63,2459AG-2460AG,STD,3,15,25,40/40,180,200,180,180,180,180,180,,,,,,,,
494,YA6053E,8-May-21,EVEREST,,1734.18,59.38,1831AG-1865AG,STD,3,30,40,40/40,150,150,150,150,150,130,130,,,,,,,,
495,WA3827E,10-May-21,EASTERN,,182.33,104.19,2123AG-2124AG,STD,7,30,180,40/40,210,210,190,190,180,180,180,160,140,140,,,,,VACUUM ON
496,WA6947E,10-May-21,ATLANTA,,272.4,190.05,2125AG-2127AG,STD,7,35,185,40/40,220,220,220,200,200,200,200,200,180,180,,,,,VACUUM ON
497,GA4440E,10-May-21,ZELLER,,271.28,39.8,2080AG-2085AG,STD,3,13,40,40/40,180,200,180,180,180,180,180,,,,,,,,
498,VA4875E,12-May-21,EVEREST,,237.37,68.14,2132AG-2136AG,STD,5,220,400,40/40,170,170,170,170,170,170,160,160,160,150,150,,,,
499,VA3291E,12-May-21,Evergood,,98.93,49.47,2188AG-2189AG,STD,5,200,380,40/40,170,170,170,170,170,170,160,160,160,150,150,,,,
500,MA4737E,12-May-21,GENSTAR,,88.49,46.17,2191AG; 2347AG-2348AG,STD,3,4.3,42,40/40,150,150,150,150,140,140,140,,,,,,,,VACUUM ON
501,RA7487E,12-May-21,GENSTAR,,244.79,75.32,2173AG-2177AG,STD,3,40,42,40/40,150,150,150,150,150,130,130,,,,,,,,
502,BA9159E,11-May-21,EVEREST,,97.56,81.3,2122AG,STD,5,200,380,40/40,170,170,170,170,170,170,160,160,160,150,150,,,,
503,BA3925E,11-May-21,Evergood,,275,92.7,2282AG-2287AG,STD,5,180,410,40/40,180,180,150,150,170,160,160,150,150,140,140,,,,
504,BA3925E,11-May-21,Evergood,,100,120,2288AG-2289AG,STD,5,180,410,40/40,180,180,150,150,170,160,160,150,150,140,140,,,,
505,GA8610E,11-May-21,AMAZON,,373.83,66.95,2060AG-2067AG,STD,3,30,21,40/40,160,180,180,180,180,180,160,,,,,,,,
506,GA13755E,11-May-21,ERTESS,,28.78,57.56,2315AG,STD,3,30,40,40/40,150,150,150,150,150,130,130,,,,,,,,
507,OA8634E,11-May-21,EASTERN,,58.81,56.01,2128AG-2129AG,STD,3,16,42,40/40,160,150,150,150,140,140,140,,,,,,,,
508,GA13867E,14-May-21,PHIL-TOP,,258.72,61.6,2326AG-2331AG,STD,3,30,40,40/40,150,150,150,150,150,130,130,,,,,,,,
509,KA13315E,13-May-21,PHIL-TOP,,128.82,79.68,2344AG-2346AG,STD,3,30,40,40/40,150,150,150,150,150,130,130,,,,,,,,
510,KA2871E,12-May-21,EVEREST,,1515.43,78.25,2139AG-2169AG,STD,3,8.4,35,40/40,150,150,150,150,150,130,130,,,,,,,,VACUUM ON
511,BA13871E,13-May-21,PHIL-TOP,,256.31,73.23,2320AG-2325AG,STD,5,20,380,40/40,170,170,170,170,170,170,160,160,160,150,150,,,,
512,BA12731E,13-May-21,PHIL-TOP,,129.19,91.19,2341AG-2343AG,STD,5,20,380,40/40,170,170,170,170,170,170,160,160,160,150,150,,,,
513,BA9094E,28-Feb-21,ZELLER,,54.27,50.1,2258AG,STD,5,150,300,40/40,180,200,180,180,180,180,180,180,180,180,180,,,,
514,BA7924E,10-May-21,AMAZON,,396.23,67.93,2068AG-2075AG,STD,5,100,400,40/40,180,180,180,180,180,180,180,180,160,160,160,,,,
515,BA12574E,12-May-21,PLASTIC & TOOLS,,103.7,59.26,2316AG-2317AG,STF,5,20,380,40/40,170,170,170,170,170,170,160,160,160,150,150,,,,
516,WA5905E,14-May-21,BEVPACK,,69.89,119.81,2402AG,STD,7,35,220,40/40,160,160,160,150,150,150,140,140,140,140,,,,,
517,KA13864E,13-May-21,PHIL-TOP,,258.88,64.72,2332AG-2337AG,STD,3,40,30,40/40,150,150,150,150,150,130,130,,,,,,,,
518,GA6607E,14-May-21,Zeller,,41.3,52.72,2276AG,STD,3,15,25,40/40,180,200,180,180,180,180,180,,,,,,,,
519,GA12736E,14-May-21,PHIL-TOP,,127.6,72.91,2338AG-2340AG,STD,3,30,40,40/40,150,150,150,150,150,130,130,,,,,,,,
520,OA8634E,15-May-21,EASTERN(corr),,57.92,69.5,2446AG-2447AG,STD,3,16,42,40/40,160,150,150,150,140,140,140,,,,,,,,
521,MA4737E,15-May-21,EVEREST(corr),,27.87,55.74,2458AG,STD,3,4.3,42,40/40,150,150,150,150,140,140,140,,,,,,,,VACUUM ON
522,MA13810E,15-May-21,INCON,,25.8,32.6,2445AG,STD,3,30,40,40/40,180,200,180,180,180,180,180,,,,,,,,
523,GA8074E,14-May-21,Polytechnique,,374.74,80.88,2392AG-2399AG,STD,3,8,16,40/40,140,130,130,130,120,120,120,,,,,,,,
524,WA5870E,14-May-21,ISLAND,,976.4,217.78,2379AG-2388AG,STD,7,46,160,80/80,200,200,200,180,180,170,170,150,120,120,,,,,VACUUM ON
525,BA3925E,12-May-21,Evergood(corr),,125,68.18,2389AG-2391AG,STD,5,180,410,40/40,180,180,150,150,170,160,160,150,150,140,140,,,,
526,OA9199E,18-May-21,ASY,,194.1,44.76,2453AG-2456AG,STD,3,10,25,100/100,150,150,150,150,150,130,130,,,,,,,,VACUUM ON
527,DA13643E,20-May-21,Anilson Pkg.(trial),,193.27,128.8,2564AG-2565AG,STD,5,20,380,60/60,170,170,170,170,170,170,160,160,160,150,150,,,,
528,BA7883E,21-May-21,EASTERN,,202.35,72.7,2634AG-2637AG,STD,3,7.5,28,60/60,160,180,180,180,180,180,160,,,,,,,,VACUUM ON
529,WA8512E,21-May-21,J&B,,514.71,343.14,2559AG-2563AG,STD,7,22,200,40,170,160,160,150,150,140,140,140,130,130,,,,,VACUUM ON
530,WA13183E,21-May-21,STAR PLASTIC,,256.1,256.1,2597AG-2599AG,STD,7,25,160,40/40,180,180,170,170,170,150,150,150,120,120,,,,,
531,GA2563E,24-May-21,MOLDEX,,1015.77,70.46,2600AG-2620AG,STD,3,12,30,60/60,160,180,180,180,180,180,160,,,,,,,,
532,GA4352E,23-May-21,ZELLER,,506.56,56.08,2670AG-2680AG,STD,3,30,40,40/40,180,200,180,180,180,180,180,,,,,,,,
533,GA12984E,24-May-21,PLEXCO,,53.48,53.48,2699AG,STD,3,30,40,40/40,150,150,150,150,150,130,130,,,,,,,,
534,VA4086E,24-May-21,IN-HOUSE,,497.17,40.59,2624AG-2633AG,STD,5,100,380,40/40,160,160,160,160,160,160,150,150,150,140,140,,,,VACUUM ON
535,VA3291E,22-May-21,Evergood,,97.58,54.72,2692AG-2693AG,STD,5,200,380,40/40,170,170,170,170,170,170,160,160,160,150,150,,,,
536,BA3018E,22-May-21,Evergood,,150.72,74.12,2712AG-2714AG,STD,5,150,300,40/40,170,170,170,170,170,170,160,160,160,150,150,,,,
537,WA3827E,24-May-21,IN-HOUSE,,280.87,124.83,2621AG-2623AG,STD,7,30,180,40/40,210,210,190,190,180,180,180,160,140,140,,,,,VACUUM ON
538,WA5840E,26-May-21,TFT,,2460.55,242.52, 2716AG-2740AG ,STD,7,30,150,60/60,170,170,170,170,170,160,160,160,120,120,,,,,VACUUM ON
539,GA2595E,27-May-21,In House,,112.07,24.19,2763AG-2765AG; 2770AG-2771AG, STD ,5,200,250,40/40,200,220,220,220,220,220,220,220,220,220,220,,,,VACUUM ON/COIL SCREW
540,BA14146E,26-May-21,AG CANPRINT,,150,75.63,2766AG-2768AG,STD,5,20,380,40/40,170,170,170,170,170,170,160,160,160,150,150,,,,
541,GA12411E,26-May-21,AG CANPRINT,,490.85,45.95,2751AG-2761AG,STD,3,30,40,40/40,180,200,180,180,180,180,180,,,,,,,,
542,GA13854E,26-May-21,RE-IMAGINE,,28.79,49.35,2769AG,STD,3,30,40,40/40,150,150,150,150,150,130,130,,,,,,,,
543,GA12984E,26-May-21,PLEXCO(corr),,53.03,53.03,2811AG,STD,3,30,40,40/40,150,150,150,150,150,130,130,,,,,,,,
544,YA4249E,18-May-21,MOLDEX,,1018.49,65.57,2465AG-2505AG,STD,3,26,32,40/40,160,180,180,180,180,180,160,,,,,,,,
545,GA7441E,20-May-21,GENSTAR,,50,54.55,2558AG,STD,5,130,400,40/40,170,170,170,170,170,170,160,160,160,150,150,,,,
546,MA4737E,20-May-21,EVEREST(corr),,41.81,45.61,2595AG,STD,5,65,400,40/40,160,160,160,160,160,150,150,150,150,150,150,,,,VACUUM ON
547,DA13643E,20-May-21,Anilson Pkg.,,2827.9,100.58,2566AG-2594AG,STD,5,20,380,60/60,170,170,170,170,170,170,160,160,160,150,150,,,,
548,BA9159E,21-May-21,Evergood,,244.89,79.42,2694AG-2698AG,STD,3,26,34,40/40,150,150,150,150,150,130,130,,,,,,,,VACUUM ON
549,GA13925E,22-May-21,GREENPACK,,124.37,59.7,2709AG-2711AG,STD,3,30,40,40/40,150,150,150,150,150,130,130,,,,,,,,
550,GA6607E,22-May-21,Zeller,,102.99,46.81,2706AG-2707AG,STD,3,15,25,40/40,180,200,180,180,180,180,180,,,,,,,,
551,GA4440E,22-May-21,plastimer,,149.16,33.15,2683AG-2685AG,STD,3,13,40,40/40,180,200,180,180,180,180,180,,,,,,,,
552,GA4921E,22-May-21,Evergood,,254.66,76.78,2686AG-2691AG,STD,3,10,18,40/40,130,130,130,120,120,120,120,,,,,,,,
553,DA13055E,21-May-21,PLEXCO,,54,81,2700AG,STD,5,20,380,40/40,170,170,170,170,170,170,160,160,160,150,150,,,,
554,DA13049E,21-May-21,PLEXCO,,54,49.85,2702AG,STD,5,20,380,40/40,170,170,170,170,170,170,160,160,160,150,150,,,,
555,YA5868E,19-May-21,ARC,,2603.9,98.88,2506AG-2557AG,STD,3,13,26,40/40,140,100,110,110,150,130,130,,,,,,,,VACUUM ON
556,BA9094E,13-May-21,ZELLER,,54.27,72.36,2258AG,STD,5,150,300,40/40,180,200,180,180,180,180,180,180,180,180,180,,,,
557,BA9094E,22-May-21,ZELLER,,53.74,46.73,2596AG,STD,3,30,40,40/40,180,200,180,180,180,180,180,,,,,,,,
558,SA7726E,27-May-21,EASTERN,,47.8,41.57,2948AG,STD,5,150,250,40/40,170,170,170,170,170,170,160,160,160,150,150,,,,
559,MA7758E,26-May-21,CYBERMANN,,713.77,40.79,2812AG-2840AG,STD,3,6.6,28,40/40,180,200,180,180,180,180,180,,,,,,,,
560,MA13810E,26-May-21,INCON,,31.71,51.42,2844AG,STD,3,30,40,40/40,180,200,180,180,180,180,180,,,,,,,,
561,YA5124E,27-May-21,EVERGOOD,,492.62,71.57,2741AG-2750AG,STD,3,60,50,40/40,175,175,150,150,150,130,130,,,,,,,,
562,DA13049E,28-May-21,PLEXCO,,53.79,92.21,2866AG,STD,3,30,40,40/40,150,150,150,150,150,130,130,,,,,,,,
563,DA13047E,21-May-21,PLEXCO,,53.27,63.92,2701AG,STD,5,20,380,40/40,170,170,170,170,170,170,160,160,160,150,150,,,,
564,DA13047E,28-May-21,PLEXCO(corr),,54.86,70.03,2865AG,STD,3,30,40,40/40,150,150,150,150,150,130,130,,,,,,,,
565,DA10063E,28-May-21,EVERGOOD,,377.96,80.99,2841AG-2843AG; 2942AG-2947AG,STD,3,30,40,40/40,150,150,150,150,150,130,130,,,,,,,,
566,BA7924E,28-May-21,AMAZON,,405.94,50.74,2930AG-2938AG,STD,5,100,400,40/40,180,180,180,180,180,180,180,180,160,160,160,,,,
567,GA1956E,28-May-21,AMAZON,,1000,105.27,3022AG-3041AG,STD,5,180,400,40/40,170,170,170,160,160,160,160,160,160,140,140,,,,
568,GA1956E,28-May-21,AMAZON,,100,46.88,3062AG-3063AG,STD,5,180,400,40/40,170,170,170,160,160,160,160,160,160,140,140,,,,
569,WA8512E,28-May-21,J&B,,1980.66,241.54,2845AG-2864AG,STD,7,22,200,40,170,160,160,150,150,140,140,140,130,130,,,,,VACUUM ON
570,WA1815E,28-May-21,NPPET GLOBAL,,49.44,123.6,2929AG,STD,7,35,150,60/60,180,200,180,180,170,170,160,160,150,130,130,,,,
571,WA6947E,24-May-21,ATLANTA,,246.9,227.91,2704AG-2705AG,STD,7,35,185,40/40,220,220,220,200,200,200,200,200,180,180,,,,,VACUUM ON
572,VA4086E,22-May-21,IN-HOUSE,,300,38.54,2116AG-2121AG,STD,5,100,380,40/40,160,160,160,160,160,160,150,150,150,140,140,,,,VACUUM ON
573,GA7441E,25-May-21,GENSTAR,,47.9,70.1,2715AG,STD,3,9.5,30,40/40,150,150,150,150,150,130,130,,,,,,,,
574,GA13527E,29-May-21,GREENPACK,,252.78,62.93,3154AG-3159AG,STD,3,30,40,40/40,150,150,150,150,150,130,130,,,,,,,,
575,GA3383E,29-May-21,EVEREST,,245.78,62.75,3105AG-3109AG,STD,3,15,15,40/40,120,110,110,110,110,120,120,,,,,,,,VACUUM ON
576,GA3383E,29-May-21,EVEREST(trial),,98.8,69.74,3110AG-3111AG,STD,3,15,15,40/40,120,110,110,110,110,120,120,,,,,,,,VACUUM ON
577,DA5176E,28-May-21,EVEREST,,880.53,76.68,3087AG-3104AG,STD,3,17,12-8.3,40/40,130,115,120,120,115,115,115,,,,,,,,
578,BA7688E,29-May-21,EVEREST,,1500,52.33,2980AG-3009AG,STD,5,120,400,40/40,170,170,170,170,170,170,160,160,160,150,150,,,,VACUUM ON
579,BA7688E,29-May-21,EVEREST(corr),,532.47,96.81,3010AG-3021AG,STD,5,120,400,40/40,170,170,170,170,170,170,160,160,160,150,150,,,,VACUUM ON
580,WA6168E-I,30-May-21,GILVAN,,2952.33,248.09,2899AG-2928AG,STD,7,30,150,80/80,200,200,180,170,170,160,160,150,130,130,,,,,VACUUM ON
581,KA5796E,26-May-21,INCON,,55,50.77,2772AG,STD,5,80,220,40/40,180,200,180,180,180,180,180,180,180,180,180,,,,
582,RA7347E,25-May-21,BENNY,,788.93,35.64,2638AG-2653AG,STD,5,7.5,220,60/60,180,180,170,170,160,160,160,160,160,160,160,,,,VACUUM ON
583,WA2123E,18-May-21,KPC,,5916.76,251.39,1939AG-1978AG,STD,7,60,200,60/60,220,220,200,200,200,200,200,200,180,180,,,,,VACUUM ON
584,WA5870E,1-Jun-21,IN-HOUSE,,300,183.67,3263AG,STD,7,46,160,80/80,200,200,200,180,180,170,170,150,120,120,,,,,VACUUM ON
585,WA5870E,1-Jun-21,IN-HOUSE,,178.03,164.34,3264AG,STD,7,46,160,80/80,200,200,200,180,180,170,170,150,120,120,,,,,VACUUM ON
586,BA9159E,31-May-21,EVEREST,,2905.28,101.94,2955AG-2977AG; 3167AG-3202AG,STD,5,200,380,40/40,170,170,170,170,170,170,160,160,160,150,150,,,,
587,BA9159E,2-Jun-21,EVEREST,,99,132,2978AG-2979AG,STD,5,200,380,40/40,170,170,170,170,170,170,160,160,160,150,150,,,,
588,BA12299E,1-Jun-21,SMYPC-MPP,,127.97,54.07,3162AG-3164AG, STD ,5,20,380,40/40,170,170,170,170,170,170,160,160,160,150,150,,,,
589,RA12739E,1-Jun-21,SMYPC-MPP,,1983.48,69.8,3112AG-3151AG,STD,3,20.8,50,40/40,150,150,150,150,150,130,130,,,,,,,,
590,DA10063E,29-May-21,EVERGOOD(corr),,376.13,75.48,3250AG-3257AG,STD,3,30,40,40/40,150,150,150,150,150,130,130,,,,,,,,
591,GA7441E,29-May-21,GENSTAR,,54.1,59.02,3243AG,STD,3,9.5,30,40/40,150,150,150,150,150,130,130,,,,,,,,
592,BA14146E,30-May-21,AG CANPRINT(corr),,198.8,70.16,3245AG-3248AG,STD,5,20,380,40/40,170,170,170,170,170,170,160,160,160,150,150,,,,
593,WA2127E,29-May-21,SMYPC-MPP,,107.75,258.6,3161AG,STD,7,40,105,60/60,200,200,180,180,170,170,150,150,120,120,,,,,VACUUM ON
594,GA7441E,2-Jun-21,GENSTAR(corr),,53.61,91.9,3356AG,STD,3,9.5,30,40/40,150,150,150,150,150,130,130,,,,,,,,
595,GA2595E,3-Mar-21,alcos,,147.49,40.97,9417AF-9422AF, STD ,3,8,28,40/40,220,220,200,200,200,200,,,,,,,,,
596,RA12860E,2-Jun-21,AG CANPRINT,,203.12,53.69,3266AG-3270AG,STD,3,30,40,40/40,180,200,180,180,180,180,180,,,,,,,,
597,BA7688E,2-Jun-21,EVEREST,,1994.86,79.32,3203AG-3242AG,STD,5,120,400,40/40,170,170,170,170,170,170,160,160,160,150,150,,,,VACUUM ON
598,WA2123E,2-Jun-21,IN-HOUSE,,402.33,254.1,2773AG-2776AG,STD,7,60,200,60/60,220,220,200,200,200,200,200,200,180,180,,,,,VACUUM ON
599,WA2123E,2-Jun-21,IN-HOUSE,,5000,269.06,2777AG-2810AG,STD,7,60,200,60/60,220,220,200,200,200,200,200,200,180,180,,,,,VACUUM ON
600,GA14157E,3-Jun-21,MNL CORDAGE,,353.05,52.3,3375AG-3382AG,STD,3,30,40,60/60,150,150,150,150,150,130,130,,,,,,,,
601,GA3383E,3-Jun-21,EVEREST,,653.95,64.32,3332AG-3345AG,STD,3,15,15,40/40,120,110,110,110,110,120,120,,,,,,,,VACUUM ON
602,GA3383E,3-Jun-21,EVEREST,,50,75,3355AG,STD,3,15,15,40/40,120,110,110,110,110,120,120,,,,,,,,VACUUM ON
603,BA7924E,3-Jun-21,AMAZON(corr),,399.83,79.97,3540AG-3548AG,STD,5,100,400,40/40,180,180,180,180,180,180,180,180,160,160,160,,,,
604,BA14146E,3-Jun-21,AG CANPRINT,,354.7,72.14,3347AG-3354AG,STD,5,20,380,40/40,170,170,170,170,170,170,160,160,160,150,150,,,,
605,ZA4789E,31-May-21,ISLAND,,101.33,55.27,3152AG-3153AG,STD,3,45,40,60/60,170,160,110,140,140,120,120,,,,,,,,VACUUM ON
606,VA4869E,31-May-21,EVEREST,,1124.79,77.57,3064AG-3086AG,STD,3,22,36,40/40,150,150,150,150,150,130,130,,,,,,,,
607,WA8512E,31-May-21,AMAZON,,3013.74,228.31,2868AG-2898AG,STD,7,22,200,40,170,160,160,150,150,140,140,140,130,130,,,,,VACUUM ON
608,GA1956E,4-Jun-21,AMAZON,,1000,65.57,3042AG-3061AG,STD,3,14,45,40/40,150,150,150,150,150,130,130,,,,,,,,
609,GA1956E,4-Jun-21,AMAZON,,2910.86,81.42,3271AG-3330AG,STD,3,14,45,40/40,150,150,150,150,150,130,130,,,,,,,,
610,WA5870E,4-Jun-21,IN-HOUSE(trial),,191.42,287.13,3535AG-3536AG,STD,7,46,160,80/80,200,200,200,180,180,170,170,150,120,120,,,,,VACUUM ON
611,WA5870E,4-Jun-21,IN-HOUSE(tmblr),,177.64,266.46,3537AG,STD,7,46,160,80/80,200,200,200,180,180,170,170,150,120,120,,,,,VACUUM ON
612,WA5870E,4-Jun-21,IN-HOUSE,,993.52,259.18,3525AG-3534AG,STD,7,46,160,80/80,200,200,200,180,180,170,170,150,120,120,,,,,VACUUM ON
613,WA5835E,4-Jun-21,EVEREST,,98.05,196.1,3490AG-3491AG,STD,7,40,150,60/60,200,200,180,170,160,140,140,140,120,120,,,,,VACUUM ON
614,RA12739E,4-Jun-21,SMYPC-MPP,,4501.91,98.01,3399AG-3489AG,STD,5,20,380,40/40,150,170,170,170,170,170,160,160,160,150,150,,,,
615,OA14153E,4-Jun-21,MANCO SYNTHETICS,,349.95,52.23,3549AG-3562AG,STD,5,20,380,60/60,170,170,170,170,170,170,160,160,160,150,150,,,,
616,DA5176E,4-Jun-21,EVEREST(corr),,31.15,46.73,3331AG,STD,5,200,380,40/40,170,170,170,170,170,170,160,160,160,150,150,,,,
617,VA4869E,4-Jun-21,EVERGOOD,,249.77,77.25,3258AG-3262AG,STD,5,80,400,40/40,120,140,150,150,150,150,150,150,140,140,140,,,,
618,VA14161E,4-Jun-21,MANCO SYNTHETICS,,170.67,62.06,3395AG-3398AG,STD,5,20,380,,170,170,170,170,170,170,160,160,160,150,150,,,,
619,VA14161E,3-Jun-21,MANCO SYNTHETICS,,181,61.01,3391AG-3394AG,STD,5,20,380,,170,170,170,170,170,170,160,160,160,150,150,,,,
620,WA13075E,4-Jun-21,PACKAGE WORLD,,206.93,120.54,3538AG-3539AG, STD ,7,25,150,60/60,190,190,180,180,170,170,160,160,180,180,,,,,VACUUM ON
621,WA12282E,5-Jun-21,PACKAGE WORLD,,4970,65.68,3502AG-3518AG,STD,8,22,150,60/60,150,150,150,150,140,140,140,140,130,130,,,,,
622,YA4249E,6-Jun-21,MOLDEX,,1000,35.67,2656AG-2669AG,STD,3,26,32,40/40,160,180,180,180,180,180,160,,,,,,,,
623,YA4249E,7-Jun-21,MOLDEX,,700,68.85,3357AG-3363AG,STD,3,26,32,40/40,160,180,180,180,180,180,160,,,,,,,,
624,GA3383E,7-Jun-21,EVEREST(corr),,650,66.9,3567AG-3579AG,STD,3,15,15,40/40,120,110,110,110,110,120,120,,,,,,,,VACUUM ON
625,DA10063E,7-Jun-21,EVERGOOD,,249.98,81.07,3580AG-3585AG,STD,3,30,40,40/40,150,150,150,150,150,130,130,,,,,,,,
626,BA5327E,8-Jun-21,EVEREST,,127.51,54.65,3618AG-3620AG,STD,5,120,400,40/40,170,170,170,170,170,170,160,160,160,150,150,,,,
627,VA13924E,8-Jun-21,ZELLER,,52.97,41.92,3390AG,STD,5,120,400,40/40,170,170,170,170,170,170,160,160,160,150,150,,,,
628,VA4086E,8-Jun-21,IN-HOUSE,,783.3,56.97,3492AG-3501AG; 3519AG-3524AG,STD,5,100,380,40/40,160,160,160,160,160,160,150,150,150,140,140,,,,VACUUM ON
629,OA14153E,9-Jun-21,MANCO SYNTHETICS(corr),,428.77,74.57,3631AG-3639AG,STD,3,30,40,60/60,150,150,150,150,150,130,130,,,,,,,,
630,BA9159E,8-Jun-21,EVEREST,,1498,88.99,3587AG-3617AG,STD,5,200,380,40/40,170,170,170,170,170,170,160,160,160,150,150,,,,
631,WA6947E,9-Jun-21,ATLANTA,,492.16,236.24,3384AG-3388AG,STD,7,35,185,40/40,220,220,220,200,200,200,200,200,180,180,,,,,VACUUM ON
632,WA5835E,9-Jun-21,IN-HOUSE,,120.2,175.9,3706AG,STD,7,40,150,60/60,200,200,180,170,160,140,140,140,120,120,,,,,VACUUM ON
633,WA5870E,9-Jun-21,IN-HOUSE(corr),,549.07,253.38,3702AG-3705AG,STD,7,46,160,80/80,200,200,200,180,180,170,170,150,120,120,,,,,VACUUM ON
634,IA14034E,10-Jun-21,CDC,,104.04,47.29,3658AG-3659AG,STD,5,15,300,40/40,180,200,180,180,180,180,180,180,180,180,180,,,,
635,MA13810E,10-Jun-21,INCON(corr),,97.26,58.36,3760AG-3761AG,STD,5,15,300,40/40,180,200,180,180,180,180,180,180,180,180,180,,,,
636,DA14064E,10-Jun-21,CDC,,104.72,57.12,3660AG-3661AG,STD,5,15,300,40/40,180,200,180,180,180,180,180,180,180,180,180,,,,
637,GA4921E,10-Jun-21,IN-HOUSE,,775.47,76.65,3640AG-3655AG,STD,5,340,380,40/40,170,170,170,170,170,160,160,160,160,150,150,,,,
638,GA4921E,10-Jun-21,IN-HOUSE,,98.85,67.4,3656AG-3657AG,STD,5,340,380,40/40,170,170,170,170,170,160,160,160,160,150,150,,,,
639,WA12282E,9-Jun-21,PACKAGE WORLD,,1092.69,62.44,3563AG-3566AG,STD,8,22,150,60/60,150,150,150,150,140,140,140,140,130,130,,,,,
640,WA2123E,10-Jun-21,IN-HOUSE,,7950,260.37,3707AG-3759AG,STD,7,60,200,60/60,220,220,200,200,200,200,200,200,180,180,,,,,VACUUM ON
641,IA1770E,11-Jun-21,EVERBRIGHT,,988.3,52.38,3662AG-3701AG,STD,5,270,400,40/40,160,160,160,160,160,160,150,150,150,140,140,,,,
642,DA10063E,11-Jun-21,EVERGOOD(corr),,251.78,88.86,3762AG-3466AG,STD,5,200,380,40/40,170,170,170,170,170,160,160,160,160,150,150,,,,
643,BA9159E,14-Jun-21,EVEREST(corr),,107.54,81.68,3772AG-3773AG,STD,5,200,380,40/40,170,170,170,170,170,170,160,160,160,150,150,,,,
644,GA3383E,12-Jun-21,EVEREST(corr),,98.08,42.03,3770AG-3771AG,STD,5,200,380,40/40,170,170,170,170,170,170,160,160,160,150,150,,,,
645,YA4249E,13-Jun-21,MOLDEX(corr),,100,60,3774AG-3775AG,STD,5,220,400,40/40,200,200,180,170,170,170,170,160,160,160,160,,,,
646,WA2123E,14-Jun-21,IN-HOUSE,,5768.42,265.83,3785AG-3824AG,STD,7,60,200,60/60,220,220,200,200,200,200,200,200,180,180,,,,,VACUUM ON
647,GA14157E,9-Jun-21,Manco (corr),,388.86,63.92,3623AG-3630AG,STD,3,20,380,60/60,170,170,170,170,170,170,160,160,160,150,150,,,,
648,WA14068E,9-Jun-21,Zeller,,46.04,81.25,3389AG,STD,7,20,150,40/40,200,200,180,180,180,180,180,180,180,180,,,,,VACUUM ON
649,WA1400E,15-Jun-21,ALLIED,,997.29,268.33,3825AG-3834AG,STD,7,25,160,60/60,180,180,170,170,170,150,150,150,120,120,,,,,VACUUM ON
650,YA4249E,14-Jun-21,MOLDEX,,1116.29,68.5,3364AG-3374AG,STD,3,26,32,40/40,160,180,180,180,180,180,160,,,,,,,,
651,GA8074E,15-Jun-21,PCPC,,23.11,51.36,3836AG,STD,5,160,380,40/40,170,170,170,170,170,170,160,160,160,150,150,,,,
652,VA4086E,15-Jun-21,IN-HOUSE,,415.85,49.12,3776AG-3783AG; 3784AG,STD,5,100,380,40/40,160,160,160,160,160,160,150,150,150,140,140,,,,VACUUM ON
653,BA13505E,14-Jun-21,Emson-Arwin,,54.2,48.54,3837AG-3838AG,STD,5,380,20,40/40,170,170,170,170,170,170,160,160,160,150,150,,,,
654,BA12299E,15-Jun-21,SMYPC-MPP,,504.22,72.03,3840AG-3850AG, STD ,5,20,380,40/40,170,170,170,170,170,170,160,160,160,150,150,,,,
655,GA13527E,15-Jun-21,GREENPACK,,98.2,71.85,3867AG-3868AG,STD,5,20,380,40/40,170,170,170,170,170,170,160,160,160,150,150,,,,
656,GA13527E,14-Jun-21,GREENPACK,,283.09,62.89,3861AG-3866AG,STD,5,20,380,40/40,170,170,170,170,170,170,160,160,160,150,150,,,,
657,BA12731E,17-Jun-21,PHIL-TOP,,373.57,78.37,3870AG-3877AG,STD,3,30,40,40/40,150,150,150,150,150,130,130,,,,,,,,
658,GA8074E,17-Jun-21,Polytechnique,,501.85,92.65,3888AG-3898AG,STD,3,8,16,40/40,140,130,130,130,120,120,120,,,,,,,,
659,GA12736E,17-Jun-21,PHIL-TOP,,127.72,71.62,3878AG-3880AG,STD,3,30,40,40/40,150,150,150,150,150,130,130,,,,,,,,
660,VA4086E,17-Jun-21,EASTERN,,488.03,61,3851AG-3860AG,STD,5,100,380,40/40,160,160,160,160,160,160,150,150,150,140,140,,,,VACUUM ON
661,QA0851E,17-Jun-21,COFTA,,50,38.96,3869AG,STD,5,20,380,40/40,170,170,170,170,170,170,160,160,160,150,150,,,,
662,RA12300E,17-Jun-21,SMYPC-MPP,,302.23,69.75,3881AG-3887AG,STD,5,20,380,40/40,170,170,170,170,170,170,160,160,160,150,150,,,,
663,GA4921E,17-Jun-21,Everest,,1.94,2.91,3909AG,STD,6,10,400,,160,170,160,160,160,160,,,,,,,,,
664,BA14168E,18-Jun-21,GENSTAR,,254.76,58.79,3899AG-3904AG,STD,3,30,40,40/40,150,150,150,150,150,130,130,,,,,,,,
665,OA7922E,18-Jun-21,GILVAN,,50,75,3908AG,STD,3,30,40,40/40,160,180,180,180,180,180,160,,,,,,,,
666,YA8107E,18-Jun-21,GILVAN,,55.3,51.84,3906AG; 3907AG,STD,3,30,40,40/40,150,150,150,150,150,130,130,,,,,,,,
667,VA4086E,17-Jun-21,EASTERN(corr),,98.87,65.91,3910AG-3911AG,STD,5,100,380,40/40,160,160,160,160,160,160,150,150,150,140,140,,,,VACUUM ON
668,WA2123E,19-Jun-21,IN-HOUSE,,5896.27,328.79,3912AG-3951AG,STD,7,60,200,60/60,220,220,200,200,200,200,200,200,180,180,,,,,VACUUM ON
669,RA7347E,21-Jun-21,BENNY,,707.28,55.11,3989AG-4003AG,STD,5,7.5,220,60/60,180,180,170,170,160,160,160,160,160,160,160,,,,VACUUM ON
670,YA7345E,21-Jun-21,BENNY,,211.98,60.57,4004AG-4008AG,STD,5,120,400,60/60,170,170,170,170,170,170,160,160,160,150,150,,,,VACUUM ON
671,GA12736E,21-Jun-21,PHIL-TOP,,127.43,89.95,3956AG-3958AG,STD,5,20,380,40/40,170,170,170,170,170,170,160,160,160,150,150,,,,
672,GA4921E,21-Jun-21,Everest,,4.78,19.12,3955AG,STD,5,340,380,40/40,170,170,170,170,170,160,160,160,160,150,150,,,,
673,WA6168E-I,21-Jun-21,GILVAN,,2969.41,254.52,3959AG-3988AG,STD,7,30,150,80/80,200,200,180,170,170,160,160,150,130,130,,,,,VACUUM ON
674,WA2123E,21-Jun-21,IN-HOUSE,,7121.5,279.27,4034AG-4081AG,STD,7,60,200,60/60,220,220,200,200,200,200,200,200,180,180,,,,,VACUUM ON
675,WA5835E,22-Jun-21,STAR PLASTIC,,246.73,189.79,4031AG-4033AG,STD,7,40,150,60/60,200,200,180,170,160,140,140,140,120,120,,,,,VACUUM ON
676,YA4249E,22-Jun-21,MOLDEX(corr),,151.32,67.25,3952AG-3954AG,STD,5,220,400,40/40,200,200,180,170,170,170,170,160,160,160,160,,,,
677,MA12627E,23-Jun-21,PLEXCO,,128.7,59.4,4090AG-4092AG,STD,5,20,380,40/40,170,170,170,170,170,170,160,160,160,150,150,,,,
678,BA12861E,23-Jun-21,AG CANPRINT,,514.39,55.31,4009AG-4019AG,STD,3,30,40,40/40,180,200,180,180,180,180,180,,,,,,,,
679,GA12411E,23-Jun-21,GENSTAR,,499.85,48.37,4020AG-4030AG,STD,5,15,350,40/40,180,200,180,180,180,180,180,180,180,180,180,,,,
680,CA1578E,24-Jun-21,JR HOLSTER,,105.49,74.46,4096AG-4098AG,STD,3,30,40,40/40,150,150,150,150,150,130,130,,,,,,,,
681,GA2595E,9-Dec-22,Suarez,,77.38,33.16,5343AI-5345AI, STD ,3,8,28,40/40,220,220,220,220,220,225,225,,,,,,,,VACUUM ON/COIL SCREW/PET : 90-100 PPG
682,BA12615E,24-Jun-21,PLEXCO,,133.8,55.37,4083AG-4085AG,STD,3,30,40,40/40,150,150,150,150,150,130,130,,,,,,,,
683,YA5124E,23-Jun-21,EVERGOOD,,405,67.5,4099AG-4107AG,STD,5,160,400,40/40,180,180,170,160,160,160,160,140,140,140,140,,,,
684,YA5124E,24-Jun-21,EVERGOOD,,100,52.63,4108AG-4109AG,STD,5,160,400,40/40,180,180,170,160,160,160,160,140,140,140,140,,,,
685,WA11838E,24-Jun-21,IN-HOUSE,,405.5,123.59,4086AG-4089AG; 4110AG,STD,7,80,400,40/40,200,220,220,220,220,220,220,220,220,220,,,,,Coil Screw/vacuum on
686,GA12411E,25-Jun-21,GENSTAR(corr),,503.8,69.17,4116AG-4125AG,STD,5,15,350,40/40,180,200,180,180,180,180,180,180,180,180,180,,,,
687,MA13810E,25-Jun-21,INCON,,28.9,28.9,4115AG,STD,5,15,300,40/40,180,200,180,180,180,180,180,180,180,180,180,,,,
688,YA4249E,25-Jun-21,MOLDEX(corr),,199.74,64.78,4111AG-4114AG,STD,5,220,400,40/40,200,200,180,170,170,170,170,160,160,160,160,,,,
689,VA3291E,26-Jun-21,Evergood,,89.11,53.47,4126AG; 4127AG,STD,5,200,380,40/40,170,170,170,170,170,170,160,160,160,150,150,,,,
690,OA4303E,26-Jun-21,ZENAM,,98.39,44.72,4132AG-4133AG,STD,5,170,400,100/100,180,180,180,180,170,170,170,160,160,150,150,,,,VACUUM ON 
691,YA4584E,26-Jun-21,ZENAM,,98.49,90.91,4128AG-4130AG,STD,5,250,230,60/60,160,160,160,160,160,160,160,160,150,150,150,,,,
692,WA5850E,26-Jun-21,ZENAM,,128.29,85.53,4131AG,STD,8,250,40,80/80,190,190,190,190,180,180,180,170,170,170,160,,,,VACUUM ON
693,IA6500E,26-Jun-21,SMYPC-MPP,,512.55,61.75,4135AG-4145AG,STD,3,30,40,40/40,150,150,150,150,150,130,130,,,,,,,,
694,WA5870E,28-Jun-21,ISLAND,,597.02,106.29,4160AG-4165AG,STD,8,270,45,80/80,190,190,190,190,180,180,180,170,170,170,160,,,,VACUUM ON
695,WA5870E,28-Jun-21,ISLAND(trial),,94.37,149.01,4166AG,STD,8,270,45,80/80,190,190,190,190,180,180,180,170,170,170,160,,,,VACUUM ON
696,YA13953E,28-Jun-21,AG CANPRINT,,155.87,37.41,4170AG-4173AG,STD,5,20,380,40/40,170,170,170,170,170,170,160,160,160,150,150,,,,
697,YA13953E,17-Mar-21,AG CANPRINT,,99.38,45.87,4174AG-4175AG,STD,5,20,380,40/40,170,170,170,170,170,170,160,160,160,150,150,,,,
698,VA4086E,28-Jun-21,Alphatech,,200,63.16,4146AG-4149AG,STD,5,100,380,40/40,160,160,160,160,160,160,150,150,150,140,140,,,,VACUUM ON
699,VA4086E,28-Jun-21,Alphatech,,496.04,64.7,4150AG-4159AG,STD,5,100,380,40/40,160,160,160,160,160,160,150,150,150,140,140,,,,VACUUM ON
700,IA9912E,28-Jun-21,Evergood,,256.36,53.97,4176AG-4181AG,STD,3,7.2,20,40/40,150,150,150,150,150,130,130,,,,,,,,
701,VA4086E,29-Jun-21,IN-HOUSE,,547.1,55.54,4197AG-4207AG,STD,3,20,34,40/40,160,160,160,140,140,140,130,,,,,,,,VACUUM ON
702,SA12119E,29-Jun-21,Emson-Arwin,,77.69,66.59,4195AG-4196AG,STD,3,15,25,40/40,150,150,150,150,150,130,130,,,,,,,,
703,WA1400E,30-Jun-21,ALLIED,,985.92,115.31,4183AG-4192AG,STD,8,33,280,60/60,190,190,190,190,180,180,180,170,170,170,160,,,,VACUUM ON
704,WA6168E-I,29-Jun-21,GILVAN,,3000.39,239.71,4208AG-4237AG,STD,7,30,150,80/80,200,200,180,170,170,160,160,150,130,130,,,,,VACUUM ON
705,GA2595E,14-Jun-22,ALPHATECH,,37.23,27.92,7897AH-7898AH, STD ,3,8,28,40/40,220,220,200,200,200,200,,,,,,,,,VACUUM ON/COIL SCREW
706,CA13043E,26-Jun-21,FORTUNE,,121.8,22.63,4167AG-4169AG,STD,3,6,9,40/40,170,130,130,140,140,160,160,,,,,,,,
707,CA13043E,26-Jun-21,FORTUNE,,13.1,13.1,4194AG,STD,3,6,9,40/40,170,130,130,140,140,160,160,,,,,,,,
708,GA13429E,28-Jun-21,CEBU HI Q,,53.78,53.78,4193AG,STD,5,20,380,40/40,170,170,170,170,170,170,160,160,160,150,150,,,,
709,VA3291E,30-Jun-21,Evergood,,97.98,90.44,4244AG-4245AG,STD,3,12.5,28,40/40,135,120,120,135,150,150,140,,,,,,,,
710,YA5188E,1-Jul-21,Evergood,,148.08,59.23,4305AG-4307AG,STD,5,180,400,40/40,170,170,170,160,160,160,160,160,140,140,140,,,,
711,WA13000E,1-Jul-21,PREMIER,,1394.82,249.82,4308AG-4321AG,STD,7,38,160,40/40,200,180,170,170,160,160,150,150,160,170,,,,,
712,WA13000E,1-Jul-21,PREMIER,,97.1,233.04,4322AG,STD,7,38,160,40/40,200,180,170,170,160,160,150,150,160,170,,,,,
713,RA4665E,1-Jul-21,EVEREST,,492.54,78.81,4323AG-4332AG,STD,3,12,45,40/40,150,150,150,150,150,130,130,,,,,,,,
714,BA4140E,2-Jul-21,EVERBRIGHT,,987.93,57,4334AG-4373AG,STD,3,30,40,60/60,150,150,150,150,150,130,130,,,,,,,,
715,VA4086E,2-Jul-21,Alphatech,,700,56.76,4277AG-4290AG,STD,3,20,34,40/40,160,160,160,140,140,140,130,,,,,,,,VACUUM ON
716,RA4665E,2-Jul-21,EVEREST,,10,60,4374AG,STD,3,12,45,40/40,150,150,150,150,150,130,130,,,,,,,,
717,YA4249E,2-Jul-21,MOLDEX,,1524.4,73.29,4246AG-4276AG,STD,5,220,400,40/40,200,200,180,170,170,170,170,160,160,160,160,,,,
718,MA13810E,28-Jun-21,INCON,,5.62,3.44,4182AG,STD,6,15,400,-,180,190,180,180,180,,,,,,,,,,
719,DA13643E,2-Jul-21,Anilson Pkg.,,193.67,86.08,4377AG-4378AG,STD,5,20,380,60/60,170,170,170,170,170,170,160,160,160,150,150,,,,
720,DA13643E,2-Jul-21,Anilson Pkg.,,995.91,101.99,4379AG-4388AG,STD,5,20,380,60/60,170,170,170,170,170,170,160,160,160,150,150,,,,
721,OA8176E,3-Jul-21,SMYPC-MPP,,55.31,58.22,4440AG-4441AG,STD,5,20,380,40/40,170,170,170,170,170,170,160,160,160,150,150,,,,
722,DA13643E,3-Jul-21,Anilson Pkg.,,199,125.68,4442AG-4443AG,STD,5,20,380,60/60,170,170,170,170,170,170,160,160,160,150,150,,,,
723,SA12119E,3-Jul-21,Emson-Arwin(corr),,50.5,60.6,4376AG,STD,5,150,250,40/40,170,170,170,170,170,170,160,160,160,150,150,,,,
724,GA11745E,5-Jul-21,SMYPC-MPP,,258.54,62.05,4428AG-4433AG,STD,3,15,400,40/40,180,200,180,180,180,180,180,,,,,,,,
725,GA13854E,5-Jul-21,RE-IMAGINE,,54.13,49.21,4416AG,STD,3,30,40,40/40,150,150,150,150,150,130,130,,,,,,,,
726,BA12299E,5-Jul-21,SMYPC-MPP,,513.98,60.47,4417AG-4427AG, STD ,3,30,40,40/40,150,150,150,150,150,130,130,,,,,,,,
727,YA5188E,3-Jul-21,EVERGOOD(corr),,148,71.61,4444AG-4446AG,STD,5,180,400,40/40,170,170,170,160,160,160,160,160,140,140,140,,,,
728,YA5124E,5-Jul-21,EVERGOOD,,509.29,76.58,4455AG-4465AG,STD,5,160,400,40/40,180,180,170,160,160,160,160,140,140,140,140,,,,
729,VA4086E,6-Jul-21,Alphatech,,1479.22,57.3,4291AG-4304AG; 4389AG-4404AG,STD,3,20,34,40/40,160,160,160,140,140,140,130,,,,,,,,VACUUM ON
730,WA2123E,6-Jul-21,IN-HOUSE,,5918.44,280.72,4474AG-4513AG,STD,7,60,200,60/60,220,220,200,200,200,200,200,200,180,180,,,,,VACUUM ON
731,WA5870E,6-Jul-21,ISLAND,,128.03,197.05,4434AG-4437AG,STD,7,46,160,80/80,200,200,200,180,180,170,170,150,120,120,,,,,VACUUM ON
732,DA10063E,6-Jul-21,EVERGOOD,,259.45,95.5,4449AG-4454AG,STD,5,200,380,40/40,170,170,170,170,170,160,160,160,160,150,150,,,,
733,DA13643E,6-Jul-21,Anilson Pkg.(corr),,395.69,118.69,4447AG-4448AG; 4467AG-4468AG,STD,5,20,380,60/60,170,170,170,170,170,170,160,160,160,150,150,,,,
734,DA13643E,6-Jul-21,Anilson Pkg.,,197.28,94.69,4470AG-4471AG,STD,5,20,380,60/60,170,170,170,170,170,170,160,160,160,150,150,,,,
735,RA4665E,7-Jul-21,EVEREST,,10.4,41.6,4469AG,STD,3,12,45,40/40,150,150,150,150,150,130,130,,,,,,,,
736,YA4249E,7-Jul-21,MOLDEX,,534.89,76.41,4405AG-4415AG,STD,5,220,400,40/40,200,200,180,170,170,170,170,160,160,160,160,,,,
737,WA5835E,7-Jul-21,CEBU JUNTRADE,,1468.68,174.84,4520AG-4534AG,STD,7,40,150,60/60,200,200,180,170,160,140,140,140,120,120,,,,,VACUUM ON
738,DA13643E,7-Jul-21,Anilson Pkg.,,1010.84,114.43,4536AG-4556AG,STD,5,20,380,60/60,170,170,170,170,170,170,160,160,160,150,150,,,,
739,DA13643E,7-Jul-21,Anilson Pkg.,,397,113.43,4557AG-4564AG,STD,5,20,380,60/60,170,170,170,170,170,170,160,160,160,150,150,,,,
740,WA2123E,7-Jul-21,IN-HOUSE,,500,285.71,4514AG-4517AG,STD,7,60,200,60/60,220,220,200,200,200,200,200,200,180,180,,,,,VACUUM ON
741,DA13643E,8-Jul-21,Anilson Pkg.(corr),,609.35,102.13,4566AG-4577AG,STD,5,20,380,60/60,170,170,170,170,170,170,160,160,160,150,150,,,,
742,YA5124E,9-Jul-21,EVERGOOD(corr),,512.8,125.9,4646AG-4656AG,STD,5,160,400,40/40,180,180,170,160,160,160,160,140,140,140,140,,,,
743,DA10063E,9-Jul-21,EVERGOOD(corr),,259.76,111.33,4640AG-4645AG,STD,5,200,380,40/40,170,170,170,170,170,160,160,160,160,150,150,,,,
744,KA9045E,9-Jul-21,EVEREST,,1638.08,88.54,4605AG-4637AG,STD,3,14,26,40/40,170,170,170,170,150,150,150,,,,,,,,VACUUM ON
745,KA9045E,10-Jul-21,EVEREST,,99.16,84.99,4638AG-4639AG,STD,3,14,26,40/40,170,170,170,170,150,150,150,,,,,,,,VACUUM ON
746,YA3504E,9-Jul-21,ZELLER,,45.06,46.61,4678AG,STD,5,150,300,40/40,180,200,180,180,180,180,180,180,180,180,180,,,,
747,YA3504E,9-Jul-21,ZELLER,,4.89,19.56,4679AG,STD,5,150,300,40/40,180,200,180,180,180,180,180,180,180,180,180,,,,
748,YA6053E,9-Jul-21,EVEREST,,1265.25,78.91,4579AG-4604AG,STD,5,30,40,40/40,170,170,170,170,170,170,160,160,160,150,150,,,,VACUUM ON
749,WA5870E,10-Jul-21,ISLAND,,1000,300,4702AG-4711AG,STD,7,46,160,80/80,200,200,200,180,180,170,170,150,120,120,,,,,VACUUM ON
750,WA5870E,10-Jul-21,ISLAND,,34.67,26,4712AG,STD,7,46,160,80/80,200,200,200,180,180,170,170,150,120,120,,,,,VACUUM ON
751,RA12739E,10-Jul-21,SMYPC-MPP,,1003.27,69.75,4657AG-4677AG,STD,3,20.8,50,40/40,150,150,150,150,150,130,130,,,,,,,,
752,UA8910E,12-Jul-21,STARKSON,,1000.8,161.6,4718AG-4728AG,STD,7,26,150,60/60,190,190,190,180,180,170,170,160,160,160,150,150,,,
753,BA2091E,10-Jul-21,GREENPACK,,634.28,100.15,4684AG-4696AG,STD,5,250,400,60/60,170,170,170,170,170,170,160,160,160,150,150,,,,Pelletizer RPM 320
754,BA12855E,12-Jul-21,CEBU HI Q,,67.66,50.75,4713AG-4714AG,STD,5,15,300,40/40,180,200,180,180,180,180,180,180,180,180,180,,,,
755,BA12855E,1-Oct-21,GREENPACK,,256.59,53.09,7627AG-7636AG,STD,5,15,300,40/40,180,200,180,180,180,180,180,180,180,180,180,,,,
756,RA5277E,11-Jul-21,EVEREST,,250,47.32,4697AG-4701AG,STD,3,36,40,40/40,150,150,150,150,150,130,130,130,,,,,,,VACUUM ON
757,VA3291E,12-Jul-21,Evergood,,120,96,4730AG-4732AG,STD,5,200,380,40/40,170,170,170,170,170,170,160,160,160,150,150,,,,
758,VA3291E,12-Jul-21,Evergood,,22.23,33.35,4733AG,STD,5,200,380,40/40,170,170,170,170,170,170,160,160,160,150,150,,,,
759,IA9912E,12-Jul-21,Evergood,,249.03,101.64,4738AG-4742AG,STD,5,20,380,40/40,170,170,170,170,170,170,160,160,160,150,150,,,,
760,KA9045E,13-Jul-21,EVEREST,,108.78,70.94,4748AG-4749AG,STD,3,14,26,40/40,170,170,170,170,150,150,150,,,,,,,,VACUUM ON
761,KA9045E,9-Jul-21,EVEREST,,25,71.43,4747AG,STD,3,14,26,40/40,170,170,170,170,150,150,150,,,,,,,,VACUUM ON
762,OA9199E,13-Jul-21,ASY,,190.95,34.72,4734AG-4737AG,STD,3,10,25,100/100,150,150,150,150,150,130,130,,,,,,,,VACUUM ON
763,MA13810E,13-Jul-21,INCON,,25.09,5.42,4750AG,STD,6,15,400,-,180,190,180,180,180,,,,,,,,,,
764,MA4088E,13-Jul-21,METRO CONT.,,500,68.97,4751AG-4770AG,STD,3,7,18,40/40,130,120,110,110,110,110,120,,,,,,,,VACUUM ON
765,MA4088E,13-Jul-21,METRO CONT.,,498.37,85.43,4771AG-4790AG,STD,5,20,380,40/40,170,170,170,170,170,170,160,160,160,150,150,,,,
766,MA4088E,13-Jul-21,METRO CONT.,,1.95,2.6,4865AG,STD,6,15,400,-,180,180,170,170,170,170,,,,,,,,,
767,GA13527E,12-Jul-21,CEBU HI Q,,128.85,67.96,4680AG-4682AG,STD,3,30,40,40/40,150,150,150,150,150,130,130,,,,,,,,
768,GA13925E,13-Jul-21,CEBU HI Q,,48.88,50.57,4683AG,STD,3,30,40,40/40,150,150,150,150,150,130,130,,,,,,,,
769,MA13810E,13-Jul-21,INCON,,4.74,4.12,4794AG,STD,6,15,400,-,180,190,180,180,180,,,,,,,,,,
770,UA8910E,13-Jul-21,STARKSON,,33.87,14.83,4791AG,STD,1,70,290,60/60,120,140,160,160,160,160,160,160,160,150,150,,,,
771,IA1770E,15-Jul-21,EVERBRIGHT,,1002.01,74.31,4800AG-4840AG,STD,5,270,400,40/40,160,160,160,160,160,160,150,150,150,140,140,,,,
772,VA4086E,15-Jul-21,Alphatech,,691.08,57.04,4844AG-4857AG,STD,3,20,34,40/40,160,160,160,140,140,140,130,,,,,,,,VACUUM ON
773,VA4086E,14-Jul-21,Alphatech,,196.44,57.39,4858AG-4861AG,STD,3,20,34,40/40,160,160,160,140,140,140,130,,,,,,,,VACUUM ON
774,VA3291E,15-Jul-21,Evergood(corr),,146.78,97.85,4841AG-4843AG,STD,3,12.5,28,40/40,135,120,120,135,150,150,140,,,,,,,,
775,SA12119E,16-Jul-21,Emson-Arwin,,99.9,59.94,4867AG-4868AG,STD,5,150,250,40/40,170,170,170,170,170,170,160,160,160,150,150,,,,
776,GA13925E,15-Jul-21,CEBU HI Q,,52.26,59.16,4866AG,STD,5,20,380,40/40,170,170,170,170,170,170,160,160,160,150,150,,,,
777,BA7688E,17-Jul-21,EVEREST,,1959.3,76.73,4869AG-4908AG,STD,5,120,400,40/40,170,170,170,170,170,170,160,160,160,150,150,,,,VACUUM ON
778,GA4921E,17-Jul-21,Everest,,1509.03,77.92,4909AG-4939AG,STD,3,10,18,40/40,130,130,130,120,120,120,120,,,,,,,,
779,RA4665E,16-Jul-21,EVEREST,,94.7,91.65,4941AG-4942AG,STD,3,12,45,40/40,150,150,150,150,150,130,130,,,,,,,,
780,RA4665E,16-Jul-21,EVEREST,,48.63,58.36,4940AG,STD,3,12,45,40/40,150,150,150,150,150,130,130,,,,,,,,
781,VA4875E,19-Jul-21,EVEREST,,125,60,4954AG-4956AG,STD,3,7.5,13,40/40,130,120,120,110,110,110,120,,,,,,,,VACUUM ON
782,RA4665E,17-Jul-21,EVEREST,,195.51,69,4968AG-4971AG,STD,3,12,45,40/40,150,150,150,150,150,130,130,,,,,,,,
783,BA5327E,19-Jul-21,EVEREST,,504.87,68.53,4943AG-4953AG,STD,5,120,400,40/40,170,170,170,170,170,170,160,160,160,150,150,,,,
784,WA2123E,18-Jul-21,IN-HOUSE,,416.65,186.56,4862AG-4864AG,STD,7,60,200,60/60,220,220,200,200,200,200,200,200,180,180,,,,,VACUUM ON
785,WA11838E,18-Jul-21,IN-HOUSE,,340.55,74.3,4957AG-4963AG,STD,7,80,400,40/40,200,220,220,220,220,220,220,220,220,220,,,,,Coil Screw/vacuum on
786,WA2123E,21-Jul-21,IN-HOUSE,,4850,300.93,4988AG-5020AG,STD,7,60,200,60/60,220,220,200,200,200,200,200,200,180,180,,,,,VACUUM ON
787,WA2123E,21-Jul-21,IN-HOUSE,,1292.51,341.63,5021AG-5029AG,STD,7,60,200,60/60,220,220,200,200,200,200,200,200,180,180,,,,,VACUUM ON
788,YA7822E,21-Jul-21,EASTERN,,98.1,57.71,4972AG-4973AG,STD,5,200,380,40/40,170,170,170,170,170,170,160,160,160,150,150,,,,
789,WA3827E,21-Jul-21,EASTERN,,99.79,127.39,4976AG,STD,7,30,180,40/40,210,210,190,190,180,180,180,160,140,140,,,,,VACUUM ON
790,BA7883E,21-Jul-21,EASTERN,,99.03,66.76,4974AG-4975AG,STD,5,200,380,60/60,180,180,180,180,180,180,180,160,160,140,140,,,,
791,RA4665E,21-Jul-21,EVEREST(corr),,195.31,71.02,4979AG-4982AG,STD,3,12,45,40/40,150,150,150,150,150,130,130,,,,,,,,
792,RA4665E,21-Jul-21,EVEREST,,244.2,71.13,4983AG-4987AG,STD,3,12,45,40/40,150,150,150,150,150,130,130,,,,,,,,
793,VA3291E,22-Jul-21,Evergood,,24.3,72.9,5037AG,STD,3,12.5,28,40/40,135,120,120,135,150,150,140,,,,,,,,
794,VA4086E,22-Jul-21,Alphatech,,146.2,64.98,5038AG-5040AG,STD,3,20,34,40/40,160,160,160,140,140,140,130,,,,,,,,VACUUM ON
795,GA4921E,21-Jul-21,Evergood,,257.43,67.16,5031AG-5036AG,STD,3,10,18,40/40,130,130,130,120,120,120,120,,,,,,,,
796,WA1400E,22-Jul-21,INCON,,307.96,246.37,5042AG-5044AG,STD,7,25,160,60/60,180,180,170,170,170,150,150,150,120,120,,,,,VACUUM ON
797,MA4088E,17-Jul-21,METRO CONT.,,1.9,2,4964AG,STD,6,7,400,-,160,160,160,160,160,170,,,,,,,,,
798,RA2508E,23-Jul-21,Evergood,,496,63.73,5046AG-5056AG,STD,3,8.9,25,60/60,170,160,160,150,150,130,130,,,,,,,,
799,RA4665E,23-Jul-21,EVEREST,,415.29,73.07,5058AG-5066AG,STD,3,12,45,40/40,150,150,150,150,150,130,130,,,,,,,,
800,WA13075E,23-Jul-21,IN-HOUSE,,225.68,131.46,5067AG-5068AG, STD ,7,25,150,60/60,190,190,180,180,170,170,160,160,180,180,,,,,VACUUM ON
801,WA5860E,23-Jul-21,EVERBRIGHT,,101.48,57.99,5095AG,STD,8,65,400,80/80,170,170,170,160,160,160,160,160,160,160,150,150,,,
802,WA12282E,23-Jul-21,PACKAGE WORLD,,3000,66.42,5096AG-5105AG,STD,8,22,150,60/60,150,150,150,150,140,140,140,140,130,130,,,,,
803,GA13527E,24-Jul-21,GREENPACK,,750,81.08,5139AG-5154AG,STD,3,30,40,40/40,150,150,150,150,150,130,130,,,,,,,,
804,GA13925E,24-Jul-21,GREENPACK,,103.62,63.44,5155AG-5157AG,STD,3,30,40,40/40,150,150,150,150,150,130,130,,,,,,,,
805,GA13854E,24-Jul-21,RE-IMAGINE,,50.46,44.52,5057AG,STD,3,30,40,40/40,150,150,150,150,150,130,130,,,,,,,,
806,RA5277E,24-Jul-21,EVERGOOD,,500,76.92,5084AG-5094AG,STD,3,36,40,40/40,150,150,150,150,150,130,130,130,,,,,,,VACUUM ON
807,RA13616E,26-Jul-21,STAR PLASTIC,,104.6,77.48,5163AG-5165AG,STD,3,30,40,40/40,150,150,150,150,150,130,130,,,,,,,,
808,KA5796E,26-Jul-21,INCON,,49.9,31.85,5218AG,STD,3,18,40,40/40,180,200,180,180,180,180,180,,,,,,,,
809,YA5124E,26-Jul-21,EVERGOOD,,742.26,62.73,5069AG-5083AG,STD,3,60,50,40/40,175,175,150,150,150,130,130,,,,,,,,
810,BA5516E,27-Jul-21,SMYPC-MPP,,1000,44.25,5166AG-5185AG,STD,3,5.5,15,40,130,130,120,120,120,110,110,,,,,,,,VACUUM ON
811,VA4875E,27-Jul-21,EVEREST,,127.53,42.51,5261AG-5263AG,STD,3,7.5,13,40/40,130,120,120,110,110,110,120,,,,,,,,VACUUM ON
812,VA3291E,27-Jul-21,Evergood(trial),,93.9,65.51,5161AG; 5162AG,STD,3,12.5,28,40/40,135,120,120,135,150,150,140,,,,,,,,
813,VA3291E,27-Jul-21,Evergood,,147.88,46.45,5158AG-5160AG,STD,3,12.5,28,40/40,135,120,120,135,150,150,140,,,,,,,,
814,RA2508E,27-Jul-21,Evergood,,6.88,20.64,5265AG,STD,3,8.9,25,60/60,170,160,160,150,150,130,130,,,,,,,,
815,BA2091E,27-Jul-21,GREENPACK,,1266.2,88.55,5113AG-5138AG,STD,5,250,400,60/60,170,170,170,170,170,170,160,160,160,150,150,,,,Pelletizer RPM 320
816,KA5796E,28-Jul-21,INCON,,54.38,35.47,5266AG,STD,3,18,40,40/40,180,200,180,180,180,180,180,,,,,,,,
817,BA7688E,28-Jul-21,EVEREST,,1997.51,79.58,5220AG-5260AG,STD,5,120,400,40/40,170,170,170,170,170,170,160,160,160,150,150,,,,VACUUM ON
818,BA12299E,29-Jul-21,SMYPC-MPP,,497.6,71.6,5330AG-5339AG, STD ,5,20,380,40/40,170,170,170,170,170,170,160,160,160,150,150,,,,
819,DA13643E,29-Jul-21,Anilson Pkg.,,2977.4,70.78,5340AG-5369AG,STD,3,30,40,60/60,150,150,150,150,150,130,130,,,,,,,,
820,WA6168E-I,30-Jul-21,GILVAN,,3017.1,98.38,5284AG-5314AG,STD,8,68,280,80/80,160,160,160,150,150,150,150,150,150,170,120,,,,
821,RA12300E,30-Jul-21,SMYPC-MPP,,309.42,71.4,5323AG-5329AG,STD,5,20,380,40/40,170,170,170,170,170,170,160,160,160,150,150,,,,
822,SA11780E,30-Jul-21,SMYPC-MPP,,186,79.71,5316AG-5319AG,STD,5,15,250,40/40,170,170,170,170,170,170,160,160,160,150,150,,,,
823,SA11780E,30-Jul-21,SMYPC-MPP,,100,66.67,5320AG-5321AG,STD,5,15,250,40/40,170,170,170,170,170,170,160,160,160,150,150,,,,
824,SA11780E,30-Jul-21,SMYPC-MPP,,21.99,65.97,5322AG,STD,5,15,250,40/40,170,170,170,170,170,170,160,160,160,150,150,,,,
825,BA4521E,30-Jul-21,ZELLER,,54.67,68.34,5371AG,STD,5,15,300,40/40,180,200,180,180,180,180,180,180,180,180,180,,,,
826,IA6314E,31-Jul-21,SMYPC-MPP,,512.65,43.75,5403AG-5412AG,STD,3,6.5,13,40,130,120,100,100,100,100,120,,,,,,,,Pelletizer Speed : 500
827,IA6314E,31-Jul-21,SMYPC-MPP,,90,41.86,5413AG-5414AG,STD,3,6.5,13,40,130,120,100,100,100,100,120,,,,,,,,Pelletizer Speed : 500
828,BA5516E,31-Jul-21,SMYPC-MPP,,1462.74,57.74,5186AG-5215AG,STD,5,75,150,40,105,105,100,100,100,100,100,100,100,110,110,,,,
829,BA4701E,31-Jul-21,INCON,,35,61.76,5415AG,STD,5,150,300,40/40,180,200,180,180,180,180,180,180,180,180,180,,,,
830,MA13810E,31-Jul-21,INCON,,48.16,4.04,5424AG-5425AG,STD,6,15,400,-,180,190,180,180,180,,,,,,,,,,
831,GA4921E,2-Aug-21,Everest,,1497.27,79.85,5372AG-5402AG,STD,5,340,380,40/40,170,170,170,170,170,160,160,160,160,150,150,,,,
832,BA3925E,2-Aug-21,Evergood,,98.5,65.67,5427AG-5428AG,STD,3,10,25,40/40,150,150,150,150,150,130,130,,,,,,,,
833,BA3925E,2-Aug-21,Evergood(corr),,170.97,72.24,5429AG-5432AG,STD,3,10,25,40/40,150,150,150,150,150,130,130,,,,,,,,
834,WA5870E,2-Aug-21,ISLAND,,501.3,99.93,5416AG-5420AG,STD,8,270,45,80/80,190,190,190,190,180,180,180,170,170,170,160,,,,VACUUM ON
835,KA5796E,30-Jul-21,Incon(corr),,103.5,65.37,5421AG-5422AG,STD,5,80,220,40/40,180,200,180,180,180,180,180,180,180,180,180,,,,
836,WA12282E,23-Jul-21,PACKAGE WORLD,,1911.46,62.84,5106AG-5112AG,STD,8,22,150,60/60,150,150,150,150,140,140,140,140,130,130,,,,,
837,WA1400E,3-Aug-21,ALLIED,,1002.02,105.15,5490AG-5493AG,STD,8,33,280,60/60,190,190,190,190,180,180,180,170,170,170,160,,,,VACUUM ON
838,WA5835E,3-Aug-21,Heritage,,99.35,110.39,5498AG,STD,8,45,300,60/60,170,170,170,160,160,160,160,160,160,150,150,,,,
839,BA13023E,3-Aug-21,GENSTAR,,272.54,49.85,5500AG-5505AG,STD,3,30,40,40/40,150,150,150,150,150,130,130,,,,,,,,
840,VA4086E,3-Aug-21,Alphatech,,685.22,114.33,5433AG-5446AG,STD,3,20,34,40/40,160,160,160,140,140,140,130,,,,,,,,VACUUM ON
841,YA7345E,3-Aug-21,BENNY,,196.56,57.81,5447AG-5450AG,STD,5,120,400,60/60,170,170,170,170,170,170,160,160,160,150,150,,,,VACUUM ON
842,GA9050E,3-Aug-21,Polytechnique,,30.43,73.03,5426AG,STD,5,200,380,40/40,170,170,170,170,170,170,160,160,160,150,150,,,,
843,GA6246E,3-Aug-21,PLASTIMER,,74.13,57.76,5472AG-5473AG,STD,5,15,300,40/40,180,200,180,180,180,180,180,180,180,180,180,,,,
844,WA12282E,4-Aug-21,PACKAGE WORLD,,3000,65.19,5267AG-5276AG,STD,8,22,150,60/60,150,150,150,150,140,140,140,140,130,130,,,,,
845,WA6947E,4-Aug-21,ATLANTA,,249.15,93.43,5517AG-5521AG,STD,8,70,350,60/60,180,200,200,200,200,180,180,180,180,180,180,,,,VACUUM ON
846,VA4869E,4-Aug-21,EVERGOOD,,150,100,5534AG-5536AG,STD,3,22,36,40/40,150,150,150,150,150,130,130,,,,,,,,
847,BA3018E,4-Aug-21,Evergood,,151.81,67.47,5537AG-5539AG,STD,3,30,40,40/40,150,150,150,150,150,130,130,,,,,,,,
848,BA7924E,4-Aug-21,AMAZON,,494.45,74.35,5477AG-5487AG,STD,3,7.1,35,40/40,150,140,130,130,140,140,140,,,,,,,,
849,BA7924E,4-Aug-21,AMAZON,,98.7,73.11,5488AG-5489AG,STD,3,7.1,35,40/40,150,140,130,130,140,140,140,,,,,,,,
850,IA12399E,4-Aug-21,SUMMIT,,53.16,23.63,5522AG,STD,5,15,300,60/60,180,200,180,180,180,180,180,180,180,180,180,,,,75-105 PPG
851,IA6314E,4-Aug-21,SMYPC-MPP,,913.42,65.79,5508AG-5516AG,STD,5,120,200,40,100,100,100,100,100,100,100,100,100,120,120,,,,
852,WA12282E,4-Aug-21,PACKAGE WORLD,,1948.8,66.29,5277AG-5283AG,STD,8,22,150,60/60,150,150,150,150,140,140,140,140,130,130,,,,,
853,IA6314E,5-Aug-21,SMYPC-MPP(corr),,177,48.27,5552AG-5557AG,STD,3,6.5,13,40,130,120,100,100,100,100,120,,,,,,,,Pelletizer Speed : 500
854,IA4796E,5-Aug-21,ASSOC. WIRE,,109.03,96.2,5540AG-5541AG,STD,3,8.5,20,40/40,160,95,95,100,120,120,120,,,,,,,,
855,RA12372E,5-Aug-21,SPI,,504.45,99.89,5523AG-5533AG,STD,5,20,380,60/60,170,170,170,170,170,170,160,160,160,150,150,,,,
856,GA2595E,5-Aug-21,SUAREX,,38.16,11.62,5506AG-5507AG, STD ,5,200,250,40/40,200,220,220,220,220,220,220,220,220,220,220,,,,VACUUM ON/COIL SCREW
857,GA6246E,6-Aug-21,PLASTIMER(corr),,75.44,58.58,5547AG-5548AG,STD,3,22,36,40/40,180,200,180,180,180,180,180,,,,,,,,
858,RA7347E,6-Aug-21,BENNY,,500,45.8,5451AG-5460AG,STD,5,7.5,220,60/60,180,180,170,170,160,160,160,160,160,160,160,,,,VACUUM ON
859,RA12706E,6-Aug-21,PLEXCO,,53.72,46.71,5546AG,STD,5,20,380,40/40,170,170,170,170,170,170,160,160,160,150,150,,,,
860,BA4701E,6-Aug-21,INCON,,102.61,32.07,5570AG-5572AG,STD,3,30,40,40/40,180,200,180,180,180,180,180,,,,,,,,
861,BA12615E,6-Aug-21,PLEXCO,,241.95,53.77,5558AG-5562AG,STD,3,30,40,40/40,150,150,150,150,150,130,130,,,,,,,,
862,WA6365E,7-Aug-21,ISLAND,,1991.19,93.63,5563AG-5569AG,STD,3,16,18,60/60,160,150,140,150,140,140,130,,,,,,,,VACUUM ON
863,GA2595E,7-Aug-21,UCC,,120.8,27.56,5577AG-5581AG, STD ,5,200,250,40/40,200,220,220,220,220,220,220,220,220,220,220,,,,VACUUM ON/COIL SCREW
864,UA11287E,9-Aug-21,SMYPC-MPP,,3017.97,76.13,5629AG-5659AG,STD,8,24,190,40,170,170,160,160,160,150,150,150,150,150,,,,,
865,BA5516E,9-Aug-21,SMYPC-MPP,,8600,70.4,5660AG-5831AG,STD,5,75,150,40,105,105,100,100,100,100,100,100,100,110,110,,,,
866,YA12705E,9-Aug-21,PLEXCO,,130.13,69.71,5543AG-5545AG,STD,3,30,40,40/40,150,150,150,150,150,130,130,,,,,,,,
867,BA7883E,9-Aug-21,EASTERN,,155.53,69.12,5573AG-5576AG,STD,3,7.5,28,60/60,160,180,180,180,180,180,160,,,,,,,,VACUUM ON
868,BA7924E,9-Aug-21,AMAZON(corr),,101.66,87.14,5834AG-5835AG,STD,5,100,400,40/40,180,180,180,180,180,180,180,180,160,160,160,,,,
869,BA7924E,9-Aug-21,AMAZON,,10,20,5833AG,STD,5,100,400,40/40,180,180,180,180,180,180,180,180,160,160,160,,,,
870,KA2871E,10-Aug-21,EVEREST,,1247.98,83.94,5603AG-5628AG,STD,3,8.4,35,40/40,150,150,150,150,150,130,130,,,,,,,,VACUUM ON
871,DA5176E,10-Aug-21,EVEREST,,1013.3,87.48,5582AG-5602AG,STD,3,17,12-8.3,40/40,130,115,120,120,115,115,115,,,,,,,,
872,WA5870E,10-Aug-21,ISLAND,,494.22,97.54,5838AG-5842AG,STD,8,270,45,80/80,190,190,190,190,180,180,180,170,170,170,160,,,,VACUUM ON
873,GA2595E,13-Oct-21,alcos,,201.36,27.65,8136AG-8143AG, STD ,3,8,28,40/40,220,220,200,200,200,200,,,,,,,,,VACUUM ON/COIL SCREW
874,OA7922E,11-Aug-21,AMAZON,,296.35,38.99,5843AG-5849AG,STD,3,30,40,40/40,160,180,180,180,180,180,160,,,,,,,,
875,BA9550E,11-Aug-21,PLASTIMER,,53.7,49.57,5832AG,STD,3,30,40,40/40,180,200,180,180,180,180,180,,,,,,,,
876,WA11278E,11-Aug-21,FORTUNE DARUMA,,247.51,35.87,5851AG-5852AG,STD,8,18,120,40/40,160,160,150,150,150,150,150,150,150,150,,,,,
877,IA1770E,12-Aug-21,EVERBRIGHT,,999.46,49.89,5900AG-5940AG,STD,3,15,32,40/40,150,150,150,150,150,130,130,,,,,,,,VACUUM ON
878,RA7347E,12-Aug-21,BENNY,,503.02,40.03,5461AG-5471AG,STD,3,7.6,28,60/60,160,150,140,140,90,90,90,,,,,,,,VACUUM ON
879,BA4140E,13-Aug-21,EVERBRIGHT,,990.8,53.65,5941AG-5980AG,STD,3,30,40,60/60,150,150,150,150,150,130,130,,,,,,,,
880,CA13408E,11-Aug-21,SMYPC-MPP,,58.36,22.59,5981AG-5982AG,STD,3,5,20,40/40,150,150,150,140,140,140,140,,,,,,,,
881,BA9550E,13-Aug-21,PLASTIMER,,53.67,48.84,6034AG,STD,3,30,40,40/40,180,200,180,180,180,180,180,,,,,,,,
882,BA5516E,14-Aug-21,SMYPC-MPP,,1477.65,61.1,5871AG-5899AG; 6103AG,STD,5,75,150,40,105,105,100,100,100,100,100,100,100,110,110,,,,
883,RA5277E,14-Aug-21,EVERGOOD,,759,70.93,5984AG-5999AG,STD,3,36,40,40/40,150,150,150,150,150,130,130,130,,,,,,,VACUUM ON
884,YA4249E,16-Aug-21,MOLDEX,,2042.43,78.44,6035AG-6075AG,STD,5,220,400,40/40,200,200,180,170,170,170,170,160,160,160,160,,,,
885,BA9910E,16-Aug-21,Everest,,100,80,6076AG-6077AG,STD,3,30,40,40/40,150,150,150,150,150,130,130,,,,,,,,
886,BA9550E,16-Aug-21,PLASTIMER(corr),,55.95,51.65,6078AG-6079AG,STD,3,30,40,40/40,180,200,180,180,180,180,180,,,,,,,,
887,BA9550E,16-Aug-21,PLASTIMER,,28,42,6080AG,STD,3,30,40,40/40,180,200,180,180,180,180,180,,,,,,,,
888,GA4178E,16-Aug-21,PSP,,293.85,50.23,6000AG-6011AG,STD,3,15,22,60/60,150,150,150,150,150,130,130,,,,,,,,
889,WA1400E,16-Aug-21,ALLIED,,498.25,106.77,6029AG-6033AG,STD,8,33,280,60/60,190,190,190,190,180,180,180,170,170,170,160,,,,VACUUM ON
890,WA12282E,17-Aug-21,PACKAGE WORLD,,850,64.97,6012AG-6014AG,STD,8,22,150,60/60,150,150,150,150,140,140,140,140,130,130,,,,,
891,VA4086E,17-Aug-21,Alphatech,,442.2,62.28,6093AG-6101AG,STD,3,20,34,40/40,160,160,160,140,140,140,130,,,,,,,,VACUUM ON
892,VA4086E,17-Aug-21,Alphatech,,700,63.64,5857AG-5870AG,STD,3,20,34,40/40,160,160,160,140,140,140,130,,,,,,,,VACUUM ON
893,GA8610E,18-Aug-21,AMAZON,,577.9,73.46,6081AG-6092AG,STD,3,30,21,40/40,160,180,180,180,180,180,160,,,,,,,,
894,GA13854E,18-Aug-21,RE-IMAGINE,,49.61,62.01,6104AG,STD,3,30,40,40/40,150,150,150,150,150,130,130,,,,,,,,
895,BA9910E,18-Aug-21,Everest,,100,80,6147AG-6148AG,STD,3,30,40,40/40,150,150,150,150,150,130,130,,,,,,,,
896,BA9910E,18-Aug-21,Everest(corr),,110,82.5,6149AG-6152AG,STD,3,30,40,40/40,150,150,150,150,150,130,130,,,,,,,,
897,MA11346E,18-Aug-21,GILVAN,,53.98,43.18,6131AG-6132AG,STD,5,200,380,40/40,170,170,170,170,170,170,160,160,160,150,150,,,,
898,YA5868E,18-Aug-21,ARC,,297,132.99,6125AG-6130AG,STD,5,200,400,40/40,110,120,140,160,160,160,160,160,160,150,150,,,,
899,UA8910E,18-Aug-21,STARKSON,,1314.79,73.8,6134AG-6146AG,STD,7,26,150,60/60,190,190,190,180,180,170,170,160,160,160,150,150,,,
900,KA9045E,19-Aug-21,EVEREST,,970.36,100.73,6105AG-6124AG,STD,5,200,380,40/40,170,170,170,170,170,170,160,160,160,150,150, ,,,
901,BA9910E,19-Aug-21,Everest,,418.87,83.77,6154AG-6162AG,STD,3,30,40,40/40,150,150,150,150,150,130,130,,,,,,,,
902,YA5868E,19-Aug-21,ARC,,2182.25,77.02,6163AG-6206AG,STD,5,200,400,40/40,110,120,140,160,160,160,160,160,160,150,150,,,,
903,WA12282E,19-Aug-21,PACKAGE WORLD,,4096,54.76,6014AG-6028AG,STD,8,22,150,60/60,150,150,150,150,140,140,140,140,130,130,,,,,
904,VA4086E,23-Aug-21,Alphatech,,591.83,65.16,6208AG-6219AG,STD,3,20,34,40/40,160,160,160,140,140,140,130,,,,,,,,VACUUM ON
905,BA7883E,23-Aug-21,EASTERN,,98.87,64.48,6240AG-6241AG,STD,3,7.5,28,60/60,160,180,180,180,180,180,160,,,,,,,,VACUUM ON
906,TA11781E,23-Aug-21,SMYPC-MPP,,200,72.73,6223AG-6226AG,STD,5,15,250,40/40,170,170,170,170,170,170,160,160,160,150,150,,,,
907,TA11781E,23-Aug-21,SMYPC-MPP,,100,200,6227AG-6228AG,STD,5,15,250,40/40,170,170,170,170,170,170,160,160,160,150,150,,,,
908,RA5277E,21-Aug-21,EVERGOOD,,24.52,42.03,6207AG,STD,5,150,380,40/40,160,160,160,160,150,150,150,140,140,130,130,,,,
909,GA8610E,23-Aug-21,AMAZON,,27.31,36.41,6222AG,STD,5,200,380,40/40,180,180,180,180,180,180,180,180,160,160,140,,,,
910,KA4309E,24-Aug-21,ZENAM,,126.91,63.43,6252AG-6254AG,STD,5,140,350,60/60,160,160,160,160,150,150,150,140,140,140,140,,,,
911,YA4584E,24-Aug-21,ZENAM,,124.23,67.76,6249AG-6251AG,STD,5,250,230,60/60,160,160,160,160,160,160,160,160,150,150,150,,,,
912,SA11780E,23-Aug-21,SMYPC-MPP,,506.82,102.39,6229AG-6239AG,STD,5,15,250,40/40,170,170,170,170,170,170,160,160,160,150,150,,,,
913,BA13023E,24-Aug-21,GENSTAR,,498.87,52.33,6255AG-6264AG,STD,3,30,40,40/40,150,150,150,150,150,130,130,,,,,,,,
914,VA4086E,24-Aug-21,Alphatech,,103.26,60.15,6220AG-6221AG,STD,3,20,34,40/40,160,160,160,140,140,140,130,,,,,,,,VACUUM ON
915,WA12282E,24-Aug-21,PACKAGE WORLD,,294.08,56.37,6271AG,STD,8,22,150,60/60,150,150,150,150,140,140,140,140,130,130,,,,,
916,BA7883E,24-Aug-21,EASTERN,,257.86,67.27,6265AG-6270AG,STD,5,200,380,60/60,180,180,180,180,180,180,180,160,160,140,140,,,,
917,VA4869E,25-Aug-21,EVERGOOD,,154.47,70.75,6302AG-6305AG,STD,3,22,36,40/40,150,150,150,150,150,130,130,,,,,,,,
918,IA6314E,25-Aug-21,SMYPC-MPP,,248.89,46.67,6243AG-6247AG,STD,3,6.5,13,40,130,120,100,100,100,100,120,,,,,,,,Pelletizer Speed : 500
919,YA5188E,25-Aug-21,Evergood,,153.28,119.44,6299AG-6301AG,STD,5,180,400,40/40,170,170,170,160,160,160,160,160,140,140,140,,,,
920,DA5173E,25-Aug-21,Evergood,,100.5,100.5,6306AG-6307AG,STD,5,200,380,40/40,170,170,170,170,170,170,160,160,160,150,150,,,,
921,MA7758E,25-Aug-21,CYBERMANN,,294.45,49.77,6272AG-6283AG,STD,5,90,400,40/40,180,200,150,150,180,180,180,180,180,180,180,,,,
922,YA5124E,26-Aug-21,EVERGOOD,,741.41,70.95,6284AG-6298AG,STD,5,160,400,40/40,180,180,170,160,160,160,160,140,140,140,140,,,,
923,WA2123E,26-Aug-21, KPC,,50,185.87,6308AG,STD,8,70,400,60/60,180,200,180,180,180,180,180,180,180,180,180,180,180,,
924,WA14297E,26-Aug-21,NMH,,510.92,103.56,6358AG-6362AG,STD,8,35,250,60/60,220,220,220,220,180,180,180,180,180,180,180,180,,,(52-62 PPG)
925,WA2123E,26-Aug-21, KPC,,5813.16,341.63,6308AG-6347AG,STD,7,60,200,60/60,220,220,200,200,200,200,200,200,180,180,,,,,VACUUM ON
926,WA5870E,27-Aug-21,ISLAND,,105,70,6348AG,STD,8,270,45,80/80,190,190,190,190,180,180,180,170,170,170,160,,,,VACUUM ON
927,WA6947E,26-Aug-21,ATLANTA,,242.88,220.8,6363AG-6364AG,STD,7,35,185,40/40,220,220,220,200,200,200,200,200,180,180,,,,,VACUUM ON
928,OA9199E,27-Aug-21,ASY,,187.16,37.68,6365AG-6368AG,STD,5,110,400,100/100,170,170,170,170,170,170,160,160,160,150,150,,,,
929,BA9159E,28-Aug-21,EVEREST,,2993,100.32,6401AG-6461AG,STD,5,200,380,40/40,170,170,170,170,170,170,160,160,160,150,150,,,,
930,MA7758E,31-Aug-21,CYBERMANN(corr),,293.69,55.07,6466AG-6477AG,STD,3,6.6,28,40/40,180,200,180,180,180,180,180,,,,,,,,
931,VA4869E,31-Aug-21,Evergood(corr),,154.4,70.18,6462AG-6465AG,STD,3,22,36,40/40,150,150,150,150,150,130,130,,,,,,,,
932,WA6168E-I,31-Aug-21,GILVAN,,2928.7,219.38,6369AG-6398AG,STD,7,30,150,80/80,200,200,180,170,170,160,160,150,130,130,,,,,VACUUM ON
933,WA5870E,1-Sep-21,ISLAND,,866.63,224.13,6349AG-6357AG,STD,7,46,160,80/80,200,200,200,180,180,170,170,150,120,120,,,,,VACUUM ON
934,RA2187E,1-Sep-21,Incon,,52.58,48.54,6492AG,STD,5,80,250,40/40,170,170,170,170,170,170,160,160,160,150,150,,,,
935,OA9199E,1-Sep-21,ASY,,16.86,33.72,6490AG,STD,5,110,400,100/100,170,170,170,170,170,170,160,160,160,150,150,,,,
936,BA14304E,1-Sep-21,PHIL-TOP,,254.4,67.84,6478AG-6483AG,STD,5,20,380,40/40,170,170,170,170,170,170,160,160,160,150,150,,,,
937,GA14271E,1-Sep-21,PHIL-TOP,,255.65,68.17,6484AG-6489AG,STD,3,30,40,40/40,150,150,150,150,150,130,130,,,,,,,,
938,WA2123E,1-Sep-21, KPC,,3146.7,263.69,6507AG-6527AG,STD,7,60,200,60/60,220,220,200,200,200,200,200,200,180,180,,,,,VACUUM ON
939,WA3827E,2-Sep-21,EASTERN,,410.53,126.32,6531AG-6534AG,STD,7,30,180,40/40,210,210,190,190,180,180,180,160,140,140,,,,,VACUUM ON
940,BA6822E,2-Sep-21,Cebu Hi Q,,99.07,100.75,6529AG-6529AG,STD,5,200,380,40/40,170,170,170,170,170,170,160,160,160,150,150,,,,Pelletizer RPM 255
941,BA3018E,2-Sep-21,Evergood,,250.65,80.85,6501AG-6505AG,STD,5,150,300,40/40,170,170,170,170,170,170,160,160,160,150,150,,,,
942,VA4086E,2-Sep-21,Alphatech,,392.9,65.85,6493AG-6500AG,STD,5,100,380,40/40,160,160,160,160,160,160,150,150,150,140,140,,,,VACUUM ON
943,VA4869E,2-Sep-21,Evergood(corr),,162.36,69.58,6541AG-6543AG,STD,5,80,400,40/40,120,140,150,150,150,150,150,150,140,140,140,,,,
944,WA12282E,3-Sep-21,PACKAGE WORLD,,2478.4,66.62,6546AG-6555AG,STD,8,22,150,60/60,150,150,150,150,140,140,140,140,130,130,,,,,
945,WA5870E,3-Sep-21,IN-HOUSE,,496.63,101.01,6536AG-6540AG,STD,8,270,45,80/80,190,190,190,190,180,180,180,170,170,170,160,,,,VACUUM ON
946,GA7505E,3-Sep-21,TRADESPHERE,,22.84,76.13,6557AG,STD,5,200,380,40/40,170,170,170,170,170,170,160,160,160,150,150,,,,
947,WA6168E-I,4-Sep-21,GILVAN,,47.31,94.62,6562AG,STD,7,30,150,80/80,200,200,180,170,170,160,160,150,130,130,,,,,VACUUM ON
948,WA5870E,3-Sep-21,ISLAND,,978.74,277,6563AG-6572AG,STD,7,46,160,80/80,200,200,200,180,180,170,170,150,120,120,,,,,VACUUM ON
949,VA4869E,3-Sep-21,EVERGOOD,,150,64.29,6559AG-6561AG,STD,5,80,400,40/40,120,140,150,150,150,150,150,150,140,140,140,,,,
950,WA5840E,6-Sep-21,TFT,,2267.82,212.73, 6574AG-6596AG ,STD,7,30,150,60/60,170,170,170,170,170,160,160,160,120,120,,,,,VACUUM ON
951,WA5840E,6-Sep-21,TFT,,195,212.73, 6597AG-6598AG ,STD,7,30,150,60/60,170,170,170,170,170,160,160,160,120,120,,,,,VACUUM ON
952,GA4440E,7-Sep-21,Plastimer,,72.9,50.28,6601AG; 6602AG,STD,3,13,40,40/40,180,200,180,180,180,180,180,,,,,,,,
953,GA8074E,7-Sep-21,EASTERN,,150,79.65,6603AG-6605AG,STD,3,8,16,40/40,140,130,130,130,120,120,120,,,,,,,,
954,VA4086E,7-Sep-21,EASTERN,,496.67,70.77,6611AG-6620AG,STD,5,100,380,40/40,160,160,160,160,160,160,150,150,150,140,140,,,,VACUUM ON
955,KA9732E,7-Sep-21,Alphatech,,54.88,65.86,6573AG,STD,5,200,380,40/40,170,170,170,170,170,170,160,160,160,150,150,,,,
956,GA3933E,8-Sep-21,MOLDEX,,2037.04,58.73,6621AG-6660AG,STD,3,18,30,40/40,180,200,180,180,180,180,180,,,,,,,,
957,GA13389E,9-Jul-21,OMNIPACK,,79.54,72.31,6687AG; 6733AG,STD,3,30,40,40/40,150,150,150,150,150,130,130,,,,,,,,
958,RA7347E,8-Sep-21,BENNY,,806,36.64,6670AG-6686AG,STD,5,7.5,220,60/60,180,180,170,170,160,160,160,160,160,160,160,,,,VACUUM ON
959,BA1761E,8-Sep-21,MOLDEX,,371.56,60.58,6662AG-6669AG,STD,5,260,400,60/60,180,180,180,180,180,180,180,180,160,180,180,,,,VACUUM ON
960,WA3827E,8-Sep-21,EASTERN,,499.28,58.74,6606AG-6610AG,STD,5,20,380,40/40,180,180,180,180,180,180,180,180,160,160,140,,,,VACUUM ON
961,YA4584E,9-Sep-21,MGQ,,996.53,96.59,6688AG-6707AG,STD,5,250,230,60/60,160,160,160,160,160,160,160,160,150,150,150,,,,
962,WA6365E,9-Sep-21,PHILPLAST,,354.83,46.38,6729AG-6732AG; 6805AG,STD,5,200,380,60/60,170,170,170,170,170,170,160,160,160,150,150,,,,
963,WA11278E,10-Sep-21,FORTUNE DARUMA,,996.12,47.47,6710AG-6719AG,STD,8,18,120,40/40,160,160,150,150,150,150,150,150,150,150,,,,,
964,IA7720E,10-Sep-21,PSP,,502.58,62.82,6743AG-6763AG,STD,3,40,36,60/60,150,150,150,150,150,130,130,,,,,,,,VACUUM ON
965,GA8074E,10-Sep-21,EASTERN,,356.89,78.44,6734AG-6741AG,STD,3,8,16,40/40,140,130,130,130,120,120,120,,,,,,,,
966,IA9154E,10-Sep-21,UNA,,987.07,51.59,6764AG-6804AG,STD,3,16,36,60/60,150,150,150,150,150,130,130,,,,,,,,
967,WA14297E,15-Sep-21,NMH,,497,126.89,6806AG-6810AG,STD,7,40,150,60/60,210,200,200,180,180,180,180,180,180,180,200,200,,,(52-62 PPG)
968,RA5277E,13-Sep-21,EVEREST,,995.54,80.72,6811AG-6831AG,STD,5,150,380,40/40,160,160,160,160,150,150,150,140,140,130,130,,,,
969,CA1578E,14-Sep-21,JR HOLSTER,,102.37,67.5,6708AG-6709AG,STD,5,250,380,40/40,170,170,170,170,170,170,160,160,160,150,150,,,,
970,BA4701E,14-Sep-21,INCON,,55,30,6721AG,STD,5,150,300,40/40,180,200,180,180,180,180,180,180,180,180,180,,,,
971,WA12282E,13-Sep-21,PACKAGE WORLD,,2566.31,68.59,6832AG-6841AG,STD,8,22,150,60/60,150,150,150,150,140,140,140,140,130,130,,,,,
972,GA4921E,13-Sep-21,Evergood,,260.87,66.61,6722AG-6727AG,STD,3,10,18,40/40,130,130,130,120,120,120,120,,,,,,,,
973,WA13000E,15-Sep-21,PREMIER,,1494,213.43,6870AG-6879AG; 6942AG-6976AG,STD,7,38,160,40/40,200,180,170,170,160,160,150,150,160,170,,,,,
974,YA13953E,15-Sep-21,AG CANPRINT,,253.79,47.88,6842AG-6847AG,STD,3,30,40,40/40,150,150,150,150,150,130,130,,,,,,,,
975,WA3827E,15-Sep-21,RBV,,47.97,62.57,6921AG,STD,3,40,30,40/40,160,180,180,180,180,180,160,,,,,,,,
976,BA7883E,15-Sep-21,EASTERN,,344.42,67.53,6848AG-6854AG,STD,3,7.5,28,60/60,160,180,180,180,180,180,160,,,,,,,,VACUUM ON
977,YA5124E,16-Sep-21,EVERGOOD,,1016.03,72.83,6880AG-6900AG,STD,3,60,50,40/40,175,175,150,150,150,130,130,,,,,,,,
978,WA6168E-I,16-Sep-21,GILVAN,,2007.87,228.6,6901AG-6920AG,STD,7,30,150,80/80,200,200,180,170,170,160,160,150,130,130,,,,,VACUUM ON
979,RA7886E,16-Sep-21,EASTERN,,704.67,95.01,6855AG-6869AG,STD,5,110,400,40/40,170,170,170,170,170,170,160,160,160,150,150,,,,
980,KA14408E,16-Sep-21,PHIL-TOP,,129.03,53.39,6939AG-6941AG,STD,5,20,380,40/40,170,170,170,170,170,170,160,160,160,150,150,,,,
981,SA14369E,16-Sep-21,RBV,,27.75,24.49,6932AG,STD,5,20,380,40/40,170,170,170,170,170,170,160,160,160,150,150,,,,
982,YA5917E,17-Sep-21,EVERGOOD,,368.33,43.16,6947AG-6954AG,STD,3,30,40,40/40,150,150,150,150,150,130,130,,,,,,,,
983,OA2469E,17-Sep-21,H & E,,500,90.1,6922AG-6931AG,STD,5,160,380,40/40,170,170,170,170,170,170,160,160,160,150,150,,,,
984,WA5835E,17-Sep-21,EVERGOOD,,698.69,182.27,6974AG-6980AG,STD,7,40,150,60/60,200,200,180,170,160,140,140,140,120,120,,,,,VACUUM ON
985,BA14306E,17-Sep-21,PHIL-TOP,,127.7,60.33,6933AG-6935AG,STD,5,20,380,40/40,170,170,170,170,170,170,160,160,160,150,150,,,,
986,GA14407E,17-Sep-21,PHIL-TOP,,129.7,74.11,6933AG-6935AG,STD,5,20,380,40/40,170,170,170,170,170,170,160,160,160,150,150,,,,
987,MA5180E,18-Sep-21,EVEREST,,252.37,62.31,6986AG-6995AG,STD,3,30,40,40/40,150,150,150,150,150,130,130,,,,,,,,
988,YA6053E,18-Sep-21,EVEREST,,369.44,42.39,6966AG-6973AG,STD,3,30,40,40/40,150,150,150,150,150,130,130,,,,,,,,
989,WA5870E,18-Sep-21,PRIMEPACK,,2964.78,244.4,7136AG-7165AG,STD,7,46,160,80/80,200,200,200,180,180,170,170,150,120,120,,,,,VACUUM ON
990,WA1400E,18-Sep-21,INCON,,495.03,288.37,6981AG-6985AG,STD,7,25,160,60/60,180,180,170,170,170,150,150,150,120,120,,,,,VACUUM ON
991,VA4869E,16-Sep-21,EVERGOOD,,0.83,1.99,6720AG,STD,6,7,400,-,160,170,160,160,160,160,,,,,,,,,
992,BA9159E,20-Sep-21,Evergood,,984.38,72.12,6996AG-7015AG,STD,3,26,34,40/40,150,150,150,150,150,130,130,,,,,,,,VACUUM ON
993,MA7758E,21-Sep-21,CYBERMANN,,399.2,43.09,7166AG-7181AG,STD,5,90,400,40/40,180,200,150,150,180,180,180,180,180,180,180,,,,
994,IA1770E,21-Sep-21,EVERBRIGHT,,489.55,43.91,7016AG-7035AG,STD,5,270,400,40/40,160,160,160,160,160,160,150,150,150,140,140,,,,
995,BA5516E,21-Sep-21,SMYPC-MPP,,5000,43.74,7036AG-7135AG,STD,3,5.5,15,40,130,130,120,120,120,110,110,,,,,,,,VACUUM ON
996,WA5840E,22-Sep-21,TFT,,2469.92,234.12, 7193AG-7217AG ,STD,7,30,150,60/60,170,170,170,170,170,160,160,160,120,120,,,,,VACUUM ON
997,GA2595E,22-Sep-21,alcos,,98.86,31.55,7218AG-7221AG, STD ,5,200,250,40/40,200,220,220,220,220,220,220,220,220,220,220,,,,VACUUM ON/COIL SCREW
998,BA13023E,22-Sep-21,GENSTAR,,492.65,50.1,7183AG-7192AG,STD,5,20,380,40/40,170,170,170,170,170,170,160,160,160,150,150,,,,
999,RA7487E,22-Sep-21,GENSTAR,,125,66.96,6961AG-6963AG,STD,5,300,380,40/40,170,170,170,170,170,170,160,160,160,150,150,,,,
1000,OA2469E,22-Sep-21,H & E,,502.66,100.53,7323AG-7332AG,STD,5,160,380,40/40,170,170,170,170,170,170,160,160,160,150,150,,,,
1001,YA5917E,22-Sep-21,Evergood(corr),,50,60,6964AG,STD,5,320,400,40/40,180,180,170,160,160,160,160,140,140,140,140,,,,
1002,YA7345E,22-Sep-21,BENNY,,196.14,52.3,7334AG-7337AG,STD,5,120,400,60/60,170,170,170,170,170,170,160,160,160,150,150,,,,VACUUM ON
1003,WA2123E,23-Sep-21, KPC,,5911.77,269.53,7338AG-7377AG,STD,7,60,200,60/60,220,220,200,200,200,200,200,200,180,180,,,,,VACUUM ON
1004,KA4309E,23-Sep-21,MGQ,,448.62,65.17,7399AG-7407AG,STD,5,140,350,60/60,160,160,160,160,150,150,150,140,140,140,140,,,,
1005,BA5516E,24-Sep-21,SMYPC-MPP,,4930,58.26,7222AG-7321AG,STD,5,75,150,40,105,105,100,100,100,100,100,100,100,110,110,,,,
1006,WA13183E,25-Sep-21,STAR PLASTIC,,247.08,156.05,7381AG-7383AG,STD,7,25,160,40/40,180,180,170,170,170,150,150,150,120,120,,,,,
1007,BA14413E,20-Sep-21,V-HOUSE,,127.65,66.03,6958AG-6960AG,STD,3,30,40,40/40,150,150,150,150,150,130,130,,,,,,,,
1008,UA11287E,25-Sep-21,SMYPC-MPP,,982.83,157.25,7384AG-7393AG,STD,7,20,130,40,170,170,160,160,160,160,170,200,200,180,,,,,VACUUM ON
1009,MA7758E,25-Sep-21,CYBERMANN,,25,53.57,7429AG,STD,3,6.6,28,40/40,180,200,180,180,180,180,180,,,,,,,,
1010,MA7758E,26-May-21,CYBERMANN(corr),,398.57,50.88,7430AG-7445AG,STD,3,6.6,28,40/40,180,200,180,180,180,180,180,,,,,,,,
1011,WA13075E,25-Sep-21,IN-HOUSE,,118.14,20.14,7446AG, STD ,1,80,400,60/60,200,220,220,220,220,220,220,220,220,220,,,,,
1012,WA11838E,25-Sep-21,IN-HOUSE,,371.03,85.95,7395AG-7398AG,STD,7,80,400,40/40,200,220,220,220,220,220,220,220,220,220,,,,,Coil Screw/vacuum on
1013,KA9045E,27-Sep-21,EVEREST,,2003.15,81.41,7492AG-7532AG,STD,3,14,26,40/40,170,170,170,170,150,150,150,,,,,,,,VACUUM ON
1014,KA4309E,26-Sep-21,MGQ,,542.87,57.14,7447AG-7457AG,STD,3,15,24,60/60,150,150,150,150,150,130,130,,,,,,,,
1015,WA6947E,27-Sep-21,ATLANTA,,256,341.33,7425AG-7427AG,STD,7,35,185,40/40,220,220,220,200,200,200,200,200,180,180,,,,,VACUUM ON
1016,VA4875E,28-Sep-21,EVEREST,,129.06,48.4,7458AG-7460AG,STD,5,220,400,40/40,170,170,170,170,170,170,160,160,160,150,150,,,,
1017,RA11649E,28-Sep-21,MILLERS,,53.73,25.73,6965AG,STD,5,15,300,60/60,180,200,180,180,180,180,180,180,180,180,180,,,,
1018,YA6053E,28-Sep-21,EVEREST,,1492.7,52.07,7461AG-7491AG,STD,3,30,40,40/40,150,150,150,150,150,130,130,,,,,,,,
1019,WA3827E,29-Sep-21,IN-HOUSE,,38.92,58.38,7554AG,STD,7,30,180,40/40,210,210,190,190,180,180,180,160,140,140,,,,,VACUUM ON
1020,YA5124E,29-Sep-21,EVERGOOD,,753.92,69.08,7537AG-7552AG,STD,5,160,400,40/40,180,180,170,160,160,160,160,140,140,140,140,,,,
1021,OA8984E,29-Sep-21,Evergood,,190.81,57.24,7533AG-7536AG,STD,5,130,380,40/40,170,170,170,170,170,170,160,160,160,150,150,,,,
1022,VA4086E,29-Sep-21,Alphatech,,650,59.91,7408AG-7420AG,STD,5,100,380,40/40,160,160,160,160,160,160,150,150,150,140,140,,,,VACUUM ON
1023,VA4086E,29-Sep-21,Alphatech,,187.35,64.82,7421AG-7424AG,STD,5,100,380,40/40,160,160,160,160,160,160,150,150,150,140,140,,,,VACUUM ON
1024,WA6168E-I,29-Sep-21,GILVAN,,973.57,238.43,7565AG-7574AG,STD,7,30,150,80/80,200,200,180,170,170,160,160,150,130,130,,,,,VACUUM ON
1025,YA7822E,30-Sep-21,EASTERN,,323.45,70.32,7558AG-7564AG,STD,3,22,26,40/40,150,150,150,150,150,130,130,,,,,,,,VACUUM ON
1026,RA12706E,30-Sep-21,PLEXCO,,129.08,50.29,7575AG-7577AG,STD,5,20,380,40/40,170,170,170,170,170,170,160,160,160,150,150,,,,
1027,GA12628E,30-Sep-21,PLEXCO,,129.73,54.43,7578AG-7580AG,STD,3,30,40,40/40,150,150,150,150,150,130,130,,,,,,,,
1028,MA13810E,30-Sep-21,INCON,,25,25,7582AG,STD,3,30,40,40/40,180,200,180,180,180,180,180,,,,,,,,
1029,MA13810E,30-Sep-21,INCON,,34.72,31.74,7583AG-7585AG,STD,3,30,40,40/40,180,200,180,180,180,180,180,,,,,,,,
1030,RA11649E,30-Sep-21,MILLERS,,54.04,49.13,7585AG,STD,5,15,300,60/60,180,200,180,180,180,180,180,180,180,180,180,,,,
1031,GA13527E,1-Oct-21,GREENPACK,,514.4,73.84,7600AG-7610AG,STD,3,30,40,40/40,150,150,150,150,150,130,130,,,,,,,,
1032,BA6822E,1-Oct-21,GREENPACK,,249.41,115.7,7588AG-7593AG,STD,5,200,380,40/40,170,170,170,170,170,170,160,160,160,150,150,,,,Pelletizer RPM 255
1033,GA13925E,1-Oct-21,GREENPACK,,253.6,61.35,7594AG-7599AG,STD,3,30,40,40/40,150,150,150,150,150,130,130,,,,,,,,
1034,RA12300E,2-Oct-21,SMYPC-MPP,,294.36,57.91,7704AG-7709AG,STD,3,30,40,40/40,150,150,150,150,150,130,130,,,,,,,,
1035,BA2091E,2-Oct-21,GREENPACK,,500,95.24,7617AG-7626AG,STD,5,250,400,60/60,170,170,170,170,170,170,160,160,160,150,150,,,,Pelletizer RPM 320
1036,WA6168E-I,2-Oct-21,GILVAN,,5.69,21.34,7616AG,STD,1,80,400,80/80,120,140,150,150,150,150,150,150,140,140,,,,,
1037,WA2123E,4-Oct-21, KPC,,6000,252.81,7637AG-7676AG,STD,7,60,200,60/60,220,220,200,200,200,200,200,200,180,180,,,,,VACUUM ON
1038,WA6947E,4-Oct-21,ATLANTA,,1007.82,251.96,7726AG-7735AG,STD,7,35,185,40/40,220,220,220,200,200,200,200,200,180,180,,,,,VACUUM ON
1039,BA12299E,4-Oct-21,SMYPC-MPP,,797.84,68.88,7710AG-7725AG, STD ,5,20,380,40/40,170,170,170,170,170,170,160,160,160,150,150,,,,
1040,MA13810E,4-Oct-21,INCON(corr),,113.28,44.42,7612AG-7615AG,STD,3,30,40,40/40,180,200,180,180,180,180,180,,,,,,,,
1041,SA11780E,4-Oct-21,SMYPC-MPP,,994,73.09,7684AG-7703AG,STD,3,30,40,40/40,150,150,150,150,150,130,130,,,,,,,,
1042,BA6822E,4-Oct-21,GREENPACK,,0.93,1.19,7813AG,STD,6,7,400,-,170,170,160,160,160,,,,,,,,,,
1043,BA7688E,4-Oct-21,EVEREST,,2009.45,76.45,7744AG-7784AG,STD,5,120,400,40/40,170,170,170,170,170,170,160,160,160,150,150,,,,VACUUM ON
1044,MA4737E,5-Oct-21,GENSTAR,,243.76,24.79,7803AG-7812AG,STD,3,4.3,42,40/40,150,150,150,150,140,140,140,,,,,,,,VACUUM ON
1045,BA12556E,5-Oct-21,PACKAGE WORLD,,4920,66.38,7814AG-7833AG,STD,8,25,140,60/60,150,140,140,140,140,140,140,140,140,150,160,,,,
1046,WA2123E,6-Oct-21, KPC,,911.05,376.99,7677AG-7683AG,STD,7,60,200,60/60,220,220,200,200,200,200,200,200,180,180,,,,,VACUUM ON
1047,BA3925E,6-Oct-21,Evergood,,183.53,79.22,7840AG-7843AG,STD,5,180,410,40/40,180,180,150,150,170,160,160,150,150,140,140,,,,
1048,KA9077E,7-Oct-21,H & E,,54.94,43.95,7847AG,STD,3,30,40,40/40,180,200,180,180,180,180,180,,,,,,,,
1049,VA4086E,6-Oct-21,IN-HOUSE,,1583.74,58.84,7785AG-7802AG; 7851AG-7864AG,STD,5,100,380,40/40,160,160,160,160,160,160,150,150,150,140,140,,,,VACUUM ON
1050,MA13810E,7-Oct-21,INCON,,25,26.76,7849AG,STD,3,30,40,40/40,180,200,180,180,180,180,180,,,,,,,,
1051,MA13810E,7-Oct-21,INCON(corr),,25.46,44.93,7850AG,STD,3,30,40,40/40,180,200,180,180,180,180,180,,,,,,,,
1052,BA5516E,8-Oct-21,SMYPC-MPP,,5012.15,68.79,7875AG-7975AG,STD,5,75,150,40,105,105,100,100,100,100,100,100,100,110,110,,,,
1053,GA2595E,24-May-22,alcos,,96.32,27.52,6791AH-6794AH, STD ,3,8,28,40/40,220,220,200,200,200,200,,,,,,,,,VACUUM ON/COIL SCREW
1054,GA3538E,8-Oct-21,ZELLER,,79.27,37.75,7873AG-7874AG,STD,3,16,30,40/40,180,200,180,180,180,180,180,,,,,,,,
1055,GA4921E,8-Oct-21,Evergood,,247.58,61.9,7835AG-7839AG,STD,3,10,18,40/40,130,130,130,120,120,120,120,,,,,,,,
1056,BA4140E,9-Oct-21,EVERBRIGHT,,1488.14,50.88,7977AG-8036AG,STD,3,30,40,60/60,150,150,150,150,150,130,130,,,,,,,,
1057,BA4140E,9-Oct-21,EVERBRIGHT,,25,55.56,8037AG,STD,3,30,40,60/60,150,150,150,150,150,130,130,,,,,,,,
1058,WA2127E,12-Oct-21,CEBU HI Q,,125.45,91.79,8054AG-8056AG,STD,8,25,280,60/60,170,170,170,170,160,160,160,160,160,150,150,,,,
1059,OA8984E,7-Oct-21,Evergood,,366.01,51.16,7736AG-7743AG,STD,3,8.5,32,40/40,150,150,150,150,150,130,130,,,,,,,,
1060,MA13810E,9-Oct-21,INCON,,29.5,3.93,8060AG,STD,6,15,400,-,180,190,180,180,180,,,,,,,,,,
1061,BA5327E,10-Oct-21,EVEREST,,510.12,64.85,8039AG-8049AG, STD ,3,7.5,45,40/40,150,150,150,150,150,130,130,,,,,,,,
1062,GA3538E,12-Oct-21,ZELLER,,79.16,45.23,8087AG-8088AG,STD,3,16,30,40/40,180,200,180,180,180,180,180,,,,,,,,
1063,BA4701E,12-Oct-21,IN-HOUSE,,205.48,49.32,8050AG-8052AG; 8057AG-8059AG,STD,3,30,40,40/40,180,200,180,180,180,180,180,,,,,,,,
1064,KA9077E,12-Oct-21,H & E(corr),,53.69,46.69,8086AG,STD,5,150,300,40/40,180,200,180,180,180,180,180,180,180,180,180,,,,
1065,GA2595E,24-Oct-22,UCC,,102.54,26.29,3377AI-3380AI, STD ,3,8,28,40/40,220,220,220,220,220,225,,,,,,,,,VACUUM ON/COIL SCREW/PET : 90-100 PPG
1066,GA4254E,13-Oct-21,INCON,,50.54,55.13,8173AG,STD,3,9,25,40/40,180,200,180,180,180,180,180,,,,,,,,VACUUM ON
1067,GA8074E,13-Oct-21,EASTERN,,152.76,70.5,8144AG-8146AG,STD,3,8,16,40/40,140,130,130,130,120,120,120,,,,,,,,
1068,GA13429E,12-Oct-21,CEBU HI Q,,54,52.26,8053AG,STD,3,30,40,40/40,150,150,150,150,150,130,130,,,,,,,,
1069,YA4249E,13-Oct-21,MOLDEX,,2293.34,72.8,8089AG-8135AG,STD,5,220,400,40/40,200,200,180,170,170,170,170,160,160,160,160,,,,
1070,DA9936E,13-Oct-21,TRADESPHERE,,27.8,50.55,8038AG,STD,5,200,380,40/40,170,170,170,170,170,170,160,160,160,150,150,,,,
1071,BA3925E,12-Oct-21,Evergood,,64.74,77.69,7844AG-7845AG,STD,3,30,40,40/40,150,150,150,150,150,130,130,,,,,,,,
1072,KA2871E,15-Oct-21,EVEREST,,1085,94.9,8213AG-8234AG,STD,5,150,350,40/40,160,160,160,160,150,150,150,140,140,140,140,,,,VACUUM ON
1073,KA2871E,15-Oct-21,EVEREST,,157.87,99.71,8235AG-8237AG,STD,5,150,350,40/40,160,160,160,160,150,150,150,140,140,140,140,,,,VACUUM ON
1074,KA13315E,15-Oct-21,PHIL-TOP,,129.65,73.39,8176AG-8178AG,STD,5,20,380,40/40,170,170,170,170,170,170,160,160,160,150,150,,,,
1075,KA14408E,15-Oct-21,PHIL-TOP,,257.56,48.9,8201AG-8206AG,STD,5,150,400,40/40,170,170,170,170,170,170,160,160,160,150,150,,,,
1076,BA14304E,15-Oct-21,PHIL-TOP,,125,64.66,8167AG-8169AG,STD,3,30,40,40/40,150,150,150,150,150,130,130,,,,,,,,
1077,YA14414E,14-Oct-21,BEVPACK,,103.28,56.33,8170AG-8171AG,STD,5,110,390,40/40,180,200,180,180,180,180,180,180,180,180,180,,,,
1078,BA14306E,15-Oct-21,PHIL-TOP,,257.35,63.02,8207AG-8212AG,STD,3,30,40,40/40,150,150,150,150,150,130,130,,,,,,,,
1079,BA3925E,15-Oct-21,Evergood(corr),,67.96,58.25,8165AG-8166AG,STD,3,30,40,40/40,150,150,150,150,150,130,130,,,,,,,,
1080,WA1400E,15-Oct-21,ALLIED,,1014.66,112.32,8161AG-8164AG,STD,8,33,280,60/60,190,190,190,190,180,180,180,170,170,170,160,,,,VACUUM ON
1081,KA9045E,15-Oct-21,EVEREST,,1514.77,93.7,8302AG-8332AG,STD,5,200,380,40/40,170,170,170,170,170,170,160,160,160,150,150, ,,,
1082,GA14252E,18-Oct-21,EVEREST,,126.7,55.09,8184AG-8186AG,STD,3,30,40,40/40,150,150,150,150,150,130,130,,,,,,,,
1083,GA14271E,16-Oct-21,PHIL-TOP,,131.46,41.51,8179AG-8181AG,STD,3,30,40,40/40,150,150,150,150,150,130,130,,,,,,,,
1084,GA14407E,15-Oct-21,PHIL-TOP,,256.15,70.15,8195AG-8200AG,STD,3,30,40,40/40,150,150,150,150,150,130,130,,,,,,,,
1085,BA4038E,15-Oct-21,EVEREST,,98.7,64.37,8182AG-8183AG,STD,3,30,40,40/40,150,150,150,150,150,130,130,,,,,,,,
1086,IA14034E,16-Oct-21,CDC,,100.76,49.15,8191AG; 8192AG,STD,3,30,40,40/40,180,200,180,180,180,180,180,,,,,,,,
1087,VA4086E,13-Oct-21,IN-HOUSE,,943.3,53.7,8062AG-8080AG,STD,3,20,34,40/40,160,160,160,140,140,140,130,,,,,,,,VACUUM ON
1088,VA4086E,14-Oct-21,IN-HOUSE(corr),,246.71,57.15,8081AG-8085AG,STD,3,8.5,28,40/40,160,160,160,140,140,140,130,,,,,,,,VACUUM ON
1089,IA9154E,16-Oct-21,UNA,,247.48,54,8336AG-8345AG,STD,3,16,36,60/60,150,150,150,150,150,130,130,,,,,,,,
1090,MA4737E,17-Oct-21,EVEREST,,996.67,30.31,8238AG-8278AG,STD,5,65,400,40/40,160,160,160,160,160,150,150,150,150,150,150,,,,VACUUM ON
1091,DA5176E,17-Oct-21,EVEREST,,1117.83,88.37,8279AG-8301AG,STD,5,200,380,40/40,170,170,170,170,170,170,160,160,160,150,150,,,,
1092,DA14064E,16-Oct-21,CDC,,104.86,62.92,8333AG-8335AG,STD,5,15,300,40/40,180,200,180,180,180,180,180,180,180,180,180,,,,
1093,OA9199E,19-Oct-21,ASY,,97.67,36.4,8358AG-8359AG,STD,3,8.3,42,100/100,150,150,150,150,150,130,130,,,,,,,,VACUUM ON
1094,GA2595E,10-Feb-23,UCC,,71.65,26.05,7298AI-7300AI, STD ,3,8.3,17,40/40,230,220,220,220,220,220,220,,,,,,,,VACUUM ON/COIL SCREW/PET : 90-100 PPG
1095,IA1770E,16-Oct-21,EVERBRIGHT,,245.5,67.57,8346AG-8355AG,STD,3,15,32,40/40,150,150,150,150,150,130,130,,,,,,,,VACUUM ON
1096,WA3827E,18-Oct-21,MUZON,,304.92,73.77,8357AG,STD,8,20,280,40/40,200,200,200,200,200,200,180,180,180,180,180,,,,
1097,IA1770E,19-Oct-21,EVERBRIGHT,,1771.35,50.54,8423AG-8433AG; 8447AG-8507AG,STD,3,15,32,40/40,150,150,150,150,150,130,130,,,,,,,,VACUUM ON
1098,IA9154E,19-Oct-21,UNA,,771.95,47.95,8377AG-8407AG,STD,3,16,36,60/60,150,150,150,150,150,130,130,,,,,,,,
1099,YA4249E,19-Oct-21,MOLDEX,,16.14,24.21,8364AG,STD,5,220,400,40/40,200,200,180,170,170,170,170,160,160,160,160,,,,
1100,UA8910E,14-Oct-21,STARKSON,,2450.35,76.46,8148AG-8160AG,STD,8,180,25,60/60,170,170,170,170,160,160,160,160,150,150,150,150,,,
1101,BA4038E,20-Oct-21,EVEREST,,200,95.24,8413AG-8416AG,STD,5,200,380,40/40,170,170,170,170,170,170,160,160,160,150,150,,,,
1102,BA4038E,20-Oct-21,EVEREST,,235.81,91.87,8417AG-8421AG,STD,5,200,380,40/40,170,170,170,170,170,170,160,160,160,150,150,,,,
1103,BA4038E,20-Oct-21,EVEREST,,100,86.96,8408AG-8409AG,STD,5,200,380,40/40,170,170,170,170,170,170,160,160,160,150,150,,,,
1104,SA14369E,18-Oct-21,RBV,,178.89,17.54,8360AG-8363AG,STD,3,3.5,28,40/40,150,150,150,150,150,130,130,,,,,,,,
1105,GA14271E,20-Oct-21,PHIL-TOP,,128.73,54.78,8410AG-8412AG,STD,5,20,380,40/40,170,170,170,170,170,170,160,160,160,150,150,,,,
1106,BA7924E,21-Oct-21,AMAZON,,600,67.29,8585AG-8597AG,STD,5,100,400,40/40,180,180,180,180,180,180,180,180,160,160,160,,,,
1107,BA1761E,21-Oct-21,MOLDEX,,179.78,58.31,8443AG-8446AG,STD,5,260,400,60/60,180,180,180,180,180,180,180,180,160,180,180,,,,VACUUM ON
1108,BA13023E,21-Oct-21,GENSTAR,,355,43.92,8434AG-8441AG,STD,5,20,380,40/40,170,170,170,170,170,170,160,160,160,150,150,,,,
1109,BA13023E,21-Oct-21,GENSTAR(corr),,25,33.33,8442AG,STD,5,20,380,40/40,170,170,170,170,170,170,160,160,160,150,150,,,,
1110,WA11838E,21-Oct-21,MCBRIDE,,297.28,62.59,8519AG-8521AG,STD,8,25,280,40/40,120,140,160,160,160,150,150,140,140,130,120,120,,,Coil Screw/vacuum on
1111,WA8512E,21-Oct-21,AMAZON,,5947.17,109.96,8523AG-8582AG,STD,8,22,220,40,160,160,160,160,160,160,160,150,150,150,150,,,,
1112,UA8910E,18-Oct-21,STARKSON,,26.29,39.44,8422AG,STD,8,180,25,60/60,170,170,170,170,160,160,160,160,150,150,150,150,,,
1113,BA3435E,22-Oct-21,ZELLER,,51.5,51.5,8598AG,STD,5,150,300,40/40,180,200,180,180,180,180,180,180,180,180,180,,,,
1114,RA12372E,22-Oct-21,SPI,,502.23,46.36,8508AG-8518AG,STD,3,30,40,60/60,150,150,150,150,150,130,130,,,,,,,,
1115,GA2563E,22-Oct-21,MOLDEX,,372.47,59.6,8673AG-8680AG,STD,5,250,380,60/60,180,180,180,180,180,180,180,180,160,160,160,,,,
1116,RA7310E,22-Oct-21,GILVAN,,55.25,39,8704AG; 8705AG,STD,3,12,6,40/40,160,140,140,160,140,140,140,,,,,,,,
1117,GA14252E,22-Oct-21,EVEREST,,166.36,71.81,8682AG-8685AG,STD,5,20,380,40/40,170,170,170,170,170,170,160,160,160,150,150,,,,
1118,GA8074E,22-Oct-21,EASTERN,,523.5,86.53,8639AG-8649AG,STD,5,160,380,40/40,170,170,170,170,170,170,160,160,160,150,150,,,,
1119,BA2688E,22-Oct-21,GILVAN,,55.9,88.26,8702AG-8703AG,STD,3,8.6,16,40/40,150,150,150,150,150,130,130,,,,,,,,VACUUM ON
1120,YA4249E,23-Oct-21,MOLDEX(corr),,33.09,62.04,8710AG,STD,5,220,400,40/40,200,200,180,170,170,170,170,160,160,160,160,,,,
1121,YA8107E,12-Oct-21,GILVAN,,52.35,58.17,8697AG,STD,5,200,380,40/40,170,170,170,170,170,170,160,160,160,150,150,,,,
1122,OA7922E,23-Oct-21,GILVAN,,53.15,60.17,8696AG,STD,5,200,380,40/40,180,180,180,180,180,180,180,180,160,160,160,,,,
1123,MA11346E,23-Oct-21,GILVAN,,75.66,47.29,8706AG-8708AG,STD,5,200,380,40/40,170,170,170,170,170,170,160,160,160,150,150,,,,
1124,SA14369E,22-Oct-21,RBV(corr),,178.59,48.93,8713AG-8716AG,STD,5,20,380,40/40,170,170,170,170,170,170,160,160,160,150,150,,,,
1125,VA4086E,23-Oct-21,IN-HOUSE,,1183.17,47.77,8719AG-8742AG,STD,3,20,34,40/40,160,160,160,140,140,140,130,,,,,,,,VACUUM ON
1126,VA14336E,23-Oct-21,AG CANPRINT,,117.55,23.91,8698AG-8700AG,STD,3,30,40,40/40,180,200,180,180,180,180,180,,,,,,,,
1127,WA3827E,23-Oct-21,EASTERN,,1030.23,65.69,8650AG-8660AG,STD,8,20,280,40/40,200,200,200,200,200,200,180,180,180,180,180,,,,
1128,RA7886E,22-Oct-21,EASTERN,,495.66,69.98,8686AG-8695AG,STD,3,50,40,40/40,150,150,150,150,150,130,130,,,,,,,,VACUUM ON
1129,YA5124E,23-Oct-21,EVEREST,,878.13,76.14,8743AG-8760AG,STD,5,160,400,40/40,180,180,170,160,160,160,160,140,140,140,140,,,,
1130,BA4038E,26-Oct-21,EVEREST(trial),,24.23,69.23,8661AG,STD,3,30,40,40/40,150,150,150,150,150,130,130,,,,,,,,
1131,WA2123E,25-Oct-21, KPC,,988,107.2,8599AG-8605AG,STD,8,70,400,60/60,180,200,180,180,180,180,180,180,180,180,180,180,180,,
1132,BA4038E,26-Oct-21,Everest(corr),,201.95,73.88,8662AG-8665AG,STD,3,30,40,40/40,150,150,150,150,150,130,130,,,,,,,,
1133,GA14252E,26-Oct-21,Everest(corr),,181.35,64.01,8790AG-8793AG,STD,3,30,40,40/40,150,150,150,150,150,130,130,,,,,,,,
1134,GA14252E,26-Oct-21,EVEREST,,9.6,38.4,8794AG,STD,3,30,40,40/40,150,150,150,150,150,130,130,,,,,,,,
1135,OA5637E,26-Oct-21,NPPET,,56.77,47.31,8796AG-8797AG,STD,3,30,40,40/40,180,200,180,180,180,180,180,,,,,,,,
1136,KA4361E,27-Oct-21,INCON,,55.19,55.19,8872AG-8873AG,STD,3,30,40,40/40,180,200,180,180,180,180,180,,,,,,,,
1137,KA4595E,25-Oct-21,EVERGOOD,,100,83.33,8761AG-8762AG,STD,5,200,380,40/40,170,170,170,170,170,170,160,160,160,150,150,,,,
1138,KA4595E,25-Oct-21,EVERGOOD,,47.66,95.32,8763AG,STD,5,200,380,40/40,170,170,170,170,170,170,160,160,160,150,150,,,,
1139,KA4595E,26-Oct-21,EVEREST,,107.62,80.72,8874AG-8876AG,STD,3,12,28,40/40,130,130,120,120,110,110,110,,,,,,,,VACUUM ON
1140,MA11346E,26-Oct-21,GILVAN(corr),,77.06,51.95,8799AG-8801AG,STD,3,8,34,40/40,120,100,100,100,100,110,130,,,,,,,,
1141,OA11689E,26-Oct-21,EVEREST,,125,50,8666AG-8670AG,STD,3,15,25,40/40,180,200,180,180,180,180,180,,,,,,,,
1142,OA11689E,26-Oct-21,EVEREST,,22.17,40.31,8671AG,STD,3,15,25,40/40,180,200,180,180,180,180,180,,,,,,,,
1143,WA13395E,27-Oct-21,BIG APPLE,,1500,104.53,8764AG-8778AG,STD,8,11-12 (inverter),160-180,60/60,170,170,170,170,160,160,160,150,150,140,140,,,,
1144,VA14336E,27-Oct-21,AG CANPRINT,,8.78,35.12,8795AG,STD,3,30,40,40/40,180,200,180,180,180,180,180,,,,,,,,
1145,OA14302E,27-Oct-21,INCON,,52.15,48,8883AG,STD,3,30,40,40/40,150,150,150,150,150,130,130,,,,,,,,
1146,KA14303E,27-Oct-21,PHIL-TOP,,53.56,53.56,8672AG,STD,3,30,40,40/40,150,150,150,150,150,130,130,,,,,,,,
1147,WA13395E,27-Oct-21,BIG APPLE,,979.33,110.24,8779AG-8788AG,STD,5,20,380,60/60,170,170,170,170,170,170,160,160,160,150,150,,,,
1148,BA4038E,28-Oct-21,EVEREST,,65,60.94,8884AG-8885AG,STD,3,30,40,40/40,150,150,150,150,150,130,130,,,,,,,,
1149,BA14304E,27-Oct-21,PHIL-TOP,,127.28,63.64,8812AG-8814AG,STD,3,30,40,40/40,150,150,150,150,150,130,130,,,,,,,,
1150,GA14271E,28-Oct-21,PHIL-TOP,,128.14,51.26,8880AG-8882AG,STD,3,30,40,40/40,150,150,150,150,150,130,130,,,,,,,,
1151,WA12841E,28-Oct-21,PHIL-TOP,,252.36,92.33,8877AG-8879AG,STD,8,11.9(inverter),280,60/60,170,170,170,170,170,160,160,160,160,150,150,,,,
1152,YA4249E,28-Oct-21,MOLDEX,,2832.31,78.03,8815AG-8871AG,STD,5,220,400,40/40,200,200,180,170,170,170,170,160,160,160,160,,,,
1153,WA13000E,28-Oct-21,PREMIER,,1014.69,108.33,8802AG-8811AG,STD,8,11(inverter),220,40/40,180,180,180,180,170,170,170,160,160,160,160,,,,
1154,BA5516E,28-Oct-21,SMYPC-MPP,,3997.8,97.19,8886AG-8965AG,STD,3,5.5,15,40,130,130,120,120,120,110,110,,,,,,,,VACUUM ON
1155,WA8512E,28-Oct-21,AMAZON,,37.41,72.41,8681AG,STD,8,22,220,40,160,160,160,160,160,160,160,150,150,150,150,,,,
1156,WA2123E,28-Oct-21, KPC,,5012,131.32,8613AG-8638AG,STD,8,70,400,60/60,180,200,180,180,180,180,180,180,180,180,180,180,180,,
1157,OA11689E,29-Oct-21,EVEREST(corr),,148.5,41.44,8987AG-8989AG,STD,5,30,300,40/40,100,170,170,170,170,170,180,180,180,180,180,,,,
1158,RA7886E,30-Oct-21,EASTERN,,394.1,85.99,8999AG-9006AG,STD,5,110,400,40/40,170,170,170,170,170,170,160,160,160,150,150,,,,
1159,KA9045E,30-Oct-21,EVEREST,,1001.83,88.4,8966AG-8986AG,STD,5,200,380,40/40,170,170,170,170,170,170,160,160,160,150,150, ,,,
1160,GA6050E,30-Oct-21,POLYTECHINQUE,,54.21,56.08,8990AG-8991AG,STD,5,150,300,40/40,180,200,180,180,180,180,180,180,180,180,180,,,,
1161,BA2091E,2-Nov-21,GREENPACK,,1240.61,99.51,9008AG-9033AG,STD,5,250,400,60/60,170,170,170,170,170,170,160,160,160,150,150,,,,Pelletizer RPM 320
1162,GA14271E,31-Oct-21,PHIL-TOP(corr),,127.21,58.71,9034AG-9036AG,STD,5,20,380,40/40,170,170,170,170,170,170,160,160,160,150,150,,,,
1163,BA7896E,3-Nov-21,SENTINEL,,178.1,112.48,8993AG-8996AG,STD,5,200,380,40/40,170,170,170,170,170,170,160,160,160,150,150,,,,
1164,BA5516E,2-Nov-21,SMYPC-MPP,,1019.8,44.85,9043AG-9063AG,STD,5,75,150,40,105,105,100,100,100,100,100,100,100,110,110,,,,
1165,WA2123E,2-Nov-21, KPC,,4300,127.28,9064AG-9092AG,STD,8,70,400,60/60,180,200,180,180,180,180,180,180,180,180,180,180,180,,
1166,DA10063E,4-Nov-21,EVERGOOD,,246.21,59.78,9110AG-9114AG,STD,3,30,40,40/40,150,150,150,150,150,130,130,,,,,,,,
1167,YA14414E,3-Nov-21,BEVPACK,,146.62,41.89,9094AG-9096AG,STD,3,30,40,40/40,180,200,180,180,180,180,180,,,,,,,,
1168,VA4086E,4-Nov-21,IN-HOUSE,,493.22,68.5,9116AG-9125AG,STD,5,100,380,40/40,160,160,160,160,160,160,150,150,150,140,140,,,,VACUUM ON
1169,WA2123E,5-Nov-21, KPC,,1559.02,158.54,9097AG-9108AG,STD,8,70,400,60/60,180,200,180,180,180,180,180,180,180,180,180,180,180,,
1170,OA3552E,4-Nov-21,ZELLER,,52.02,48.02,9133AG,STD,3,30,40,40/40,180,200,180,180,180,180,,,,,,,,,
1171,DA9936E,4-Nov-21,TRADESPHERE,,26.69,44.48,9129AG,STD,3,30,40,40/40,150,150,150,150,150,130,130,,,,,,,,
1172,YA4584E,4-Nov-21,ZENAM,,122.86,72.27,9126AG-9128AG,STD,3,26,45,60/60,130,130,130,120,120,110,110,,,,,,,,VACUUM ON
1173,WA3827E,6-Nov-21,EASTERN,,811.78,92.25,9038AG-9042AG; 9134AG-9137AG,STD,7,30,180,40/40,210,210,190,190,180,180,180,160,140,140,,,,,VACUUM ON
1174,BA7896E,6-Nov-21,SENTINEL,,175,75,9138AG-9141AG,STD,5,200,380,40/40,170,170,170,170,170,170,160,160,160,150,150,,,,
1175,MA13810E,5-Nov-21,INCON,,25,75,9143AG,STD,5,15,300,40/40,180,200,180,180,180,180,180,180,180,180,180,,,,
1176,MA13810E,5-Nov-21,INCON(corr),,96.81,52.81,9144AG-9147AG,STD,5,15,300,40/40,180,200,180,180,180,180,180,180,180,180,180,,,,
1177,YA5124E,8-Nov-21,EVERGOOD,,496.28,63.63,9154AG-9163AG,STD,3,60,50,40/40,175,175,150,150,150,130,130,,,,,,,,
1178,GA2595E,8-Nov-21,H&E,,54.51,20.44,9151AG-9153AG, STD ,5,200,250,40/40,200,220,220,220,220,220,220,220,220,220,220,,,,VACUUM ON/COIL SCREW
1179,BA7688E,8-Nov-21,EVEREST,,1999.04,77.62,9164AG-9204AG,STD,5,120,400,40/40,170,170,170,170,170,170,160,160,160,150,150,,,,VACUUM ON
1180,DA10063E,9-Nov-21,EVERGOOD(corr),,262.78,75.8,9241AG-9245AG,STD,3,30,40,40/40,150,150,150,150,150,130,130,,,,,,,,
1181,YA5188E,9-Nov-21,Evergood,,249.88,52.61,9228AG-9232AG,STD,3,8.3,40,40/40,140,130,130,130,130,130,130,,,,,,,,VACUUM ON
1182,YA5917E,8-Nov-21,EVERGOOD,,361.4,51.14,9233AG-9240AG,STD,3,30,40,40/40,150,150,150,150,150,130,130,,,,,,,,
1183,KA3541E,10-Nov-21,ZELLER,,54.54,51.94,9253AG-9254AG,STD,3,30,40,40/40,180,200,180,180,180,180,180,,,,,,,,
1184,OA3552E,10-Nov-21,ZELLER(corr),,68.12,45.41,9246AG-9247AG,STD,3,30,40,40/40,180,200,180,180,180,180,,,,,,,,,
1185,GA13854E,10-Nov-21,RE-IMAGINE,,52.83,45.28,9255AG,STD,5,20,380,40/40,170,170,170,170,170,170,160,160,160,150,150,,,,
1186,BA3435E,10-Nov-21,ZELLER,,51.77,49.3,9248AG,STD,5,150,300,40/40,180,200,180,180,180,180,180,180,180,180,180,,,,
1187,BA3018E,10-Nov-21,Evergood,,153.77,82.38,9249AG-9252AG,STD,5,150,300,40/40,170,170,170,170,170,170,160,160,160,150,150,,,,
1188,RA4665E,10-Nov-21,EVEREST,,740.23,64.37,9205AG-9219AG,STD,3,12,45,40/40,150,150,150,150,150,130,130,,,,,,,,
1189,KA4309E,4-Nov-21,ZENAM,,125,51.72,9130AG-9132AG,STD,5,140,350,60/60,160,160,160,160,150,150,150,140,140,140,140,,,,
1190,YA14414E,6-Nov-21,BEVPACK,, -   , -   ,9142AG,STD,6,8,350,-,180,170,170,160,160,180,180,,,,,,,,no output
1191,YA14414E,6-Nov-21,BEVPACK,,0.17,0.64,9148AG,STD,6,8,350,-,180,170,170,160,160,180,180,,,,,,,,
1192,VA14336E,11-Nov-21,AG CANPRINT,,128.37,49.06,9258AG-9260AG,STD,5,15,300,40/40,180,200,180,180,180,180,180,180,180,180,180,,,,
1193,OA8176E,11-Nov-21,SMYPC-MPP,,54.11,43.29,9262AG,STD,3,8,26,40/40,150,150,150,150,150,130,130,,,,,,,,
1194,OA3552E,12-Nov-21,ZELLER,,55.37,40.03,9263AG; 9264AG,STD,3,30,40,40/40,180,200,180,180,180,180,,,,,,,,,
1195,DA10063E,11-Nov-21,EVERGOOD,,287.17,87.91,9265AG-9270AG,STD,5,200,380,40/40,170,170,170,170,170,160,160,160,160,150,150,,,,
1196,KA5796E,12-Nov-21,INCON,,51.55,34.37,9271AG,STD,5,80,220,40/40,180,200,180,180,180,180,180,180,180,180,180,,,,
1197,GA7505E,11-Nov-21,TRADESPHERE,,55.69,52.21,9272AG-9273AG,STD,3,25,26,60/60,150,150,150,150,150,130,130,,,,,,,,VACUUM ON
1198,MA4737E,12-Nov-21,EVEREST,,48.67,20.86,9275AG-9276AG,STD,3,4.3,42,40/40,150,150,150,150,140,140,140,,,,,,,,VACUUM ON
1199,YA7822E,13-Nov-21,EASTERN,,304.9,62.44,9279AG-9285AG,STD,5,150,400,40/40,170,170,170,170,170,170,160,160,160,150,150,,,,
1200,BA4365E,13-Nov-21,INCON,,49.06,41.46,9286AG,STD,5,150,300,40/40,220,220,220,210,210,200,200,200,200,180,180,,,,
1201,MA4737E,13-Nov-21,EVEREST,,489.02,22.98,9287AG-9306AG,STD,3,4.3,42,40/40,150,150,150,150,140,140,140,,,,,,,,VACUUM ON
1202,TA13713E,13-Nov-21,INCON,,54.6,65.52,9277AG,STD,5,150,300,40/40,220,220,220,210,210,200,200,200,200,180,180,,,,
1203,MA4737E,15-Nov-21,EVEREST(corr),,611.48,26.55,9314AG-9373AG,STD,3,4.3,42,40/40,150,150,150,150,140,140,140,,,,,,,,VACUUM ON
1204,BA7896E,15-Nov-21,SENTINEL,,149.5,66.44,9368AG-9370AG,STD,5,200,380,40/40,170,170,170,170,170,170,160,160,160,150,150,,,,
1205,VA14336E,13-Nov-21,AG CANPRINT,,148.97,59.59,9308AG-9310AG,STD,5,15,300,40/40,180,200,180,180,180,180,180,180,180,180,180,,,,
1206,WA11678E,15-Nov-21,INCON,,98.65,84.56,9312AG; 9313AG,STD,8,35,200,40/40,170,170,170,170,160,160,160,160,150,150,,,,,
1207,DA13643E,15-Nov-21,Anilson Pkg.,,2997.26,115.65,9338AG-9367AG,STD,5,20,380,60/60,170,170,170,170,170,170,160,160,160,150,150,,,,
1208,BA3435E,17-Nov-21,ZELLER (Corr.),,50,45.45,9278AG,STD,3,30,40,40/40,180,200,180,180,180,180,180,,,,,,,,
1209,KA5796E,17-Nov-21,Incon(tmblr/re-ext),,53.95,49.8,9307AG,STD,3,18,40,40/40,180,200,180,180,180,180,180,,,,,,,,
1210,KA5796E,17-Nov-21,Incon(corr),,51.11,46.46,9374AG,STD,3,18,40,40/40,180,200,180,180,180,180,180,,,,,,,,
1211,TA13713E,17-Nov-21,INCON,,54.46,65.35,9377AG,STD,5,150,300,40/40,180,200,180,180,180,180,180,180,180,180,180,,,,
1212,MA13810E,17-Nov-21,INCON(corr),,25.74,40.64,9311AG,STD,3,30,40,40/40,180,200,180,180,180,180,180,,,,,,,,
1213,DA9936E,17-Nov-21,TRADESPHERE,,24.62,29.54,9378AG,STD,5,200,380,40/40,170,170,170,170,170,170,160,160,160,150,150,,,,
1214,WA14068E,15-Nov-21,Zeller,,103.74,95.76,9371AG-9372AG,STD,8,12,200,40/40,200,200,180,180,180,180,180,180,180,190,190,,,,
1215,GA1225E,18-Nov-21,SMYPC-MPP,,6801.23,120.2,9406AG-9542AG,STD,5,180,400,40/40,170,170,170,170,170,170,160,160,160,150,150,,,,
1216,WA1400E,18-Nov-21,INCON,,286.81,286.81,9403AG-9405AG,STD,7,25,160,60/60,180,180,170,170,170,150,150,150,120,120,,,,,VACUUM ON
1217,WA5835E,18-Nov-21,CEBU JUNTRADE,,1024.34,201.51,9386AG-9395AG,STD,7,40,150,60/60,200,200,180,170,160,140,140,140,120,120,,,,,VACUUM ON
1218,YA12705E,17-Nov-21,PLEXCO,,128,71.78,9396AG-9398AG,STD,5,20,380,40/40,170,170,170,170,170,170,160,160,160,150,150,,,,
1219,RA12706E,18-Nov-21,PLEXCO,,255.27,56.52,9380AG-9385AG,STD,3,30,40,40/40,150,150,150,150,150,130,130,,,,,,,,
1220,BA12615E,18-Nov-21,PLEXCO,,127.02,59.54,9399AG-9401AG,STD,3,30,40,40/40,150,150,150,150,150,130,130,,,,,,,,
1221,BA4365E,17-Nov-21,INCON(corr),,53.6,45.94,9402AG,STD,3,30,40,40/40,180,200,180,180,180,180,180,,,,,,,,
1222,BA12556E,19-Nov-21,PACKAGE WORLD,,102.67,51.34,9557AG-9559AG,STD,8,25,140,60/60,150,140,140,140,140,140,140,140,140,150,160,,,,
1223,CA1578E,19-Nov-21,JR HOLSTER,,105.87,57.75,9560AG-9562AG,STD,3,30,40,40/40,150,150,150,150,150,130,130,,,,,,,,
1224,VA4086E,19-Oct-21,IN-HOUSE,,490.95,48.9,9546AG-9555AG,STD,3,20,34,40/40,160,160,160,140,140,140,130,,,,,,,,VACUUM ON
1225,BA15050E,17-Nov-21,PACKAGE WORLD,,23.77,46.01,9375AG,STD,3,30,40,40/40,140,140,140,140,140,130,130,,,,,,,,
1226,WA2123E,20-Nov-21, KPC,,6000,260.87,9568AG-9607AG,STD,7,60,200,60/60,220,220,200,200,200,200,200,200,180,180,,,,,VACUUM ON
1227,WA1400E,20-Nov-21,ALLIED,,493.48,276.72,9563AG-9567AG,STD,7,25,160,60/60,180,180,170,170,170,150,150,150,120,120,,,,,VACUUM ON
1228,DA9936E,19-Nov-21,TRADESPHERE,,51.48,59.4,9556AG,STD,3,30,40,40/40,150,150,150,150,150,130,130,,,,,,,,
1229,KA5796E,19-Nov-21,INCON,,260.05,50.01,9609AG-9613AG,STD,3,18,40,40/40,180,200,180,180,180,180,180,,,,,,,,
1230,GA9725E,22-Nov-21,EASTERN,,226.95,71.67,9614AG-9618AG,STD,5,200,380,40/40,170,170,170,170,170,170,160,160,160,150,150,,,,
1231,GA13527E,22-Nov-21,GREENPACK,,503.2,88.8,9619AG-9629AG,STD,5,20,380,40/40,170,170,170,170,170,170,160,160,160,150,150,,,,
1232,TA13713E,22-Nov-21,INCON,,106.81,50.07,9630AG-9631AG,STD,3,30,40,40/40,180,200,180,180,180,180,180,,,,,,,,
1233,VA4086E,23-Nov-21,EASTERN,,198.69,58.15,9682AG-9685AG,STD,5,100,380,40/40,160,160,160,160,160,160,150,150,150,140,140,,,,VACUUM ON
1234,BA13023E,23-Nov-21,GENSTAR,,253.3,49.5,9672AG-9677AG,STD,5,20,380,40/40,170,170,170,170,170,170,160,160,160,150,150,,,,
1235,GA1225E,23-Nov-21,SMYPC-MPP,,28.86,36.84,9686AG,STD,5,180,400,40/40,170,170,170,170,170,170,160,160,160,150,150,,,,
1236,WA2123E,23-Nov-21, KPC,,5812.86,268.29,9632AG-9671AG,STD,7,60,200,60/60,220,220,200,200,200,200,200,200,180,180,,,,,VACUUM ON
1237,TA13713E,24-Nov-21,INCON,,54.26,52.51,9924AG,STD,3,30,40,40/40,180,200,180,180,180,180,180,,,,,,,,
1238,DA5176E,24-Nov-21,EVEREST,,884.31,86.98,9811AG-9828AG,STD,3,17,12-8.3,40/40,130,115,120,120,115,115,115,,,,,,,,
1239,ZA4789E,24-Nov-21,ISLAND,,102.68,60.76,9925AG-9926AG,STD,5,230,400,60/60,180,180,180,180,170,170,170,160,140,150,150,,,,
1240,RA4665E,10-Nov-21,EVEREST,,210,64.62,9220AG-9223AG,STD,5,250,350,40/40,160,160,160,160,160,160,160,150,150,150,150,,,,
1241,RA4665E,11-Nov-21,EVEREST,,189.22,61.37,9224AG-9227AG,STD,3,12,45,40/40,150,150,150,150,150,130,130,,,,,,,,
1242,RA4665E,24-Nov-21,EVEREST,,253.17,60.76,9795AG-9799AG,STD,5,250,350,40/40,160,160,160,160,160,160,160,150,150,150,150,,,,
1243,KA9045E,25-Nov-21,EVEREST,,2118.11,96.64,9710AG-9752AG,STD,5,200,380,40/40,170,170,170,170,170,170,160,160,160,150,150, ,,,
1244,KA9045E,25-Nov-21,EVEREST,,13.96,49.27,9753AG,STD,5,200,380,40/40,170,170,170,170,170,170,160,160,160,150,150, ,,,
1245,KA2871E,25-Nov-21,EVEREST,,1121,92.14,9687AG-9709AG,STD,5,150,350,40/40,160,160,160,160,150,150,150,140,140,140,140,,,,VACUUM ON
1246,BA12556E,25-Nov-21,PACKAGE WORLD,,505.4,64.52,9927AG-9928AG,STD,8,25,140,60/60,150,140,140,140,140,140,140,140,140,150,160,,,,
1247,YA6053E,25-Nov-21,EVEREST,,2014.82,50.52,9754AG-9794AG,STD,3,30,40,40/40,150,150,150,150,150,130,130,,,,,,,,
1248,YA7418E,24-Nov-21,EVEREST,,99.38,82.82,9921AG-9922AG,STD,3,14,32,40/40,150,150,150,150,150,130,130,,,,,,,,VACUUM ON
1249,CA1578E,26-Nov-21,EVEREST,,505,97.74,9800AG-9810AG,STD,5,250,380,40/40,170,170,170,170,170,170,160,160,160,150,150,,,,
1250,VA4086E,26-Nov-21,IN-HOUSE,,496.26,65.15,0001AH-0010AH,STD,5,100,380,40/40,160,160,160,160,160,160,150,150,150,140,140,,,,VACUUM ON
1251,WA2127E,27-Nov-21,SMYPC-MPP,,101.09,173.3,9997AG,STD,7,40,105,60/60,200,200,180,180,170,170,150,150,120,120,,,,,VACUUM ON
1252,OA11689E,26-Nov-21,EVEREST,,105.7,46.63,9829AG-9831AG,STD,3,15,25,40/40,180,200,180,180,180,180,180,,,,,,,,
1253,MA7758E,26-Nov-21,CYBERMANN,,866,47.28,9929AG-9963AG,STD,5,90,400,40/40,180,200,150,150,180,180,180,180,180,180,180,,,,
1254,YA7418E,26-Nov-21,EVEREST(corr.),,98.58,68.78,9998AG-9999AG,STD,3,14,32,40/40,150,150,150,150,150,130,130,,,,,,,,VACUUM ON
1255,OA9199E,27-Nov-21,ASY,,96.17,35.62,9975AG-9976AG,STD,3,10,25,100/100,150,150,150,150,150,130,130,,,,,,,,VACUUM ON
1256,GA11690E,27-Nov-21,EVEREST,,153.46,49.77,9832AG-9834AG,STD,3,30,40,40/40,180,200,180,180,180,180,180,,,,,,,,
1257,WA12282E,26-Nov-21,PACKAGE WORLD,,105.14,66.4,0044AH,STD,8,22,150,60/60,150,150,150,150,140,140,140,140,130,130,,,,,
1258,DA9936E,27-Nov-21,TRADESPHERE,,79.25,63.4,0064AH-0065AH,STD,3,30,40,40/40,150,150,150,150,150,130,130,,,,,,,,
1259,TA13713E,27-Nov-21,INCON,,72.54,46.8,0011AH-0012AH,STD,3,30,40,40/40,180,200,180,180,180,180,180,,,,,,,,
1260,WA15071E,26-Nov-21,PACKAGE WORLD,,22.48,66.4,9964AG,STD,8,15,170,40/40,120,140,160,160,160,160,160,160,150,150,150,150,,,
1261,MA4737E,29-Nov-21,EVEREST,,2100.2,37.64,9835AG-9920AG; 0013AH,STD,5,65,400,40/40,160,160,160,160,160,150,150,150,150,150,150,,,,VACUUM ON
1262,BA3925E,29-Nov-21,Evergood,,516.16,64.52,0045AH-0055AH,STD,3,30,40,40/40,150,150,150,150,150,130,130,,,,,,,,
1263,BA7924E,27-Nov-21,AMAZON,,605.07,58.74,0021AH-0033AH,STD,3,7.1,35,40/40,150,140,130,130,140,140,140,,,,,,,,
1264,OA7922E,27-Nov-21,AMAZON,,306.67,48.43,0014AH-0019AH,STD,3,30,40,40/40,160,180,180,180,180,180,160,,,,,,,,
1265,WA6168E-I,29-Nov-21,GILVAN,,2000,240.48,9977AG-9996AG,STD,7,30,150,80/80,200,200,180,170,170,160,160,150,130,130,,,,,VACUUM ON
1266,WA12282E,29-Nov-21,PACKAGE WORLD,,103.97,63.01,0085AH,STD,8,22,150,60/60,150,150,150,150,140,140,140,140,130,130,,,,,
1267,BA1761E,2-Dec-21,MOLDEX,,156.64,58.74,0089AH-0092AH,STD,3,9,23,60/60,180,180,180,180,180,180,160,,,,,,,,
1268,GA4921E,30-Nov-21,Evergood,,496.41,74.09,0034AH-0043AH,STD,3,10,18,40/40,130,130,130,120,120,120,120,,,,,,,,
1269,VA4086E,30-Nov-21,EASTERN,,494.96,52.84,0056AH-0063AH; 0066AH-0067AH,STD,3,20,34,40/40,160,160,160,140,140,140,130,,,,,,,,VACUUM ON
1270,WA13000E,1-Dec-21,PREMIER,,998.63,241.6,0069AH-0079AH,STD,7,38,160,40/40,200,180,170,170,160,160,150,150,160,170,,,,,
1271,WA1400E,30-Nov-21,ALLIED,,1015.2,300.06,9965AG-9974AG,STD,7,25,160,60/60,180,180,170,170,170,150,150,150,120,120,,,,,VACUUM ON
1272,WA5850E,1-Dec-21,ZENAM,,97.94,202.63,0118AH,STD,7,30,150,80/80,200,200,200,180,180,170,170,150,120,120,,,,,VACUUM ON
1273,BA15002E,30-Nov-21,MCBRIDE,,57,27.36,0080AH; 0081AH,STD,3,9.5,14,40/40,230,230,220,220,220,230,230,,,,,,,,90-100 ppg
1274,MA7758E,2-Dec-21,CYBERMANN,,857.96,78.59,0134AH-0168AH,STD,5,90,400,40/40,180,200,150,150,180,180,180,180,180,180,180,,,,
1275,BA4701E,2-Dec-21,INCON,,55.68,42.83,0082AH; 0083AH,STD,3,30,40,40/40,180,200,180,180,180,180,180,,,,,,,,
1276,OA11689E,2-Dec-21,EVEREST,,116.71,51.11,0086AH-0088AH,STD,3,15,25,40/40,180,200,180,180,180,180,180,,,,,,,,
1277,BA15050E,2-Dec-21,PACKAGE WORLD,,197.45,46.64,0093AH-0096AH,STD,3,30,40,40/40,130,130,130,130,130,120,120,,,,,,,,temp less 10°
1278,YA7418E,2-Dec-21,EVEREST(corr.),,428.02,81.27,0119AH-0127AH,STD,3,14,32,40/40,150,150,150,150,150,130,130,,,,,,,,VACUUM ON
1279,YA7418E,2-Dec-21,EVEREST(tmblr),,239.01,77.52,0128AH-0130AH,STD,3,14,32,40/40,150,150,150,150,150,130,130,,,,,,,,VACUUM ON
1280,VA4537E,3-Dec-21,ZELLER,,48.44,31.59,0191AH,STD,5,150,300,40/40,180,200,180,180,180,180,180,180,180,180,180,,,,
1281,KA6414E,3-Dec-21,ZELLER,,53.18,39.89,0192AH,STD,5,150,300,40/40,180,200,180,180,180,180,180,180,180,180,180,,,,
1282,KA3144E,3-Dec-21,H & E,,53.51,40.13,0193AH,STD,5,150,300,40/40,180,200,180,180,180,180,180,180,180,180,180,,,,
1283,BA12556E,3-Dec-21,PACKAGE WORLD,,4626.2,67.27,0171AH-0189AH,STD,8,25,140,60/60,150,140,140,140,140,140,140,140,140,150,160,,,,
1284,YA4584E,3-Dec-21,MGQ,,1000.12,74.45,0094AH-0117AH,STD,3,26,45,60/60,130,130,130,120,120,110,110,,,,,,,,VACUUM ON
1285,OA11689E,3-Dec-21,EVEREST(corr),,131.12,49.17,0204AH-0206AH,STD,5,30,300,40/40,180,200,180,180,180,180,180,180,180,180,180,,,,
1286,GA4352E,4-Dec-21,ZELLER,,325,52.85,0194AH-0200AH,STD,3,30,40,40/40,180,200,180,180,180,180,180,,,,,,,,
1287,GA7505E,4-Dec-21,TRADESPHERE,,53.3,44.42,0190AH,STD,3,25,26,60/60,150,150,150,150,150,130,130,,,,,,,,VACUUM ON
1288,GA9725E,4-Dec-21,EASTERN,,101.6,36.07,0132AH; 0133AH,STD,3,30,40,40/40,150,150,150,150,150,130,130,,,,,,,,
1289,MA7758E,4-Dec-21,CYBERMANN,,4.92,3.64,0207AH,STD,6,6,13,-,180,200,180,180,180,180,180,,,,,,,,
1290,WA5860E,6-Dec-21,EVERBRIGHT,,100,200,0412AH,STD,7,35,150,80/80,180,180,170,170,170,160,160,160,120,120,,,,,VACUUM ON
1291,WA5870E,6-Dec-21,IN-HOUSE,,2172.44,264.93,0213AH-0234AH,STD,7,46,160,80/80,200,200,200,180,180,170,170,150,120,120,,,,,VACUUM ON
1292,GA3383E,6-Dec-21,EVEREST,,282.7,68.95,0406AH-0411AH,STD,3,15,15,40/40,120,110,110,110,110,120,120,,,,,,,,VACUUM ON
1293,GA3383E,11-Dec-21,EVEREST,,99.46,59.68,0242AH-0243AH,STD,5,200,380,40/40,170,170,170,170,170,170,160,160,160,150,150,,,,VACUUM ON
1294,GA13429E,6-Dec-21,CEBU HI Q,,50,50,0208AH-0209AH,STD,3,30,40,40/40,150,150,150,150,150,130,130,,,,,,,,
1295,GA2595E,8-Oct-21,UCC,,206.64,25.46,7865AG-7872AG, STD ,3,8,28,40/40,220,220,200,200,200,200,,,,,,,,,VACUUM ON/COIL SCREW
1296,BA7688E,6-Dec-21,EVEREST,,2014.64,75.36,0244AH-0284AH,STD,5,120,400,40/40,170,170,170,170,170,170,160,160,160,150,150,,,,VACUUM ON
1297,BA12013E,6-Dec-21,CEBU HI Q,,125.96,68.71,0210AH-0212AH,STD,5,20,380,40/40,170,170,170,170,170,170,160,160,160,150,150,,,,
1298,BA4140E,7-Dec-21,EVERBRIGHT,,1491.17,34.49,0346AH-0405AH,STD,5,200,210,60/60,170,170,170,170,170,170,160,160,150,150,150,,,,
1299,WA12282E,7-Dec-21,PACKAGE WORLD,,509.51,74.56,0416AH; 0417AH,STD,8,22,150,60/60,150,150,150,150,140,140,140,140,130,130,,,,,
1300,OA4303E,7-Dec-21,ZENAM,,134.76,27.98,0418AH-0420AH,STD,3,6.7,35,100/100,150,150,150,150,150,130,130,,,,,,,,VACUUM ON 
1301,KA4309E,8-Dec-21,ZENAM,,127.7,57.61,0413AH-0415AH,STD,3,15,24,60/60,150,150,150,150,150,130,130,,,,,,,,
1302,WA15071E,4-Dec-21,PACKAGE WORLD,,155.81,28.33,0202AH; 0203AH,STD,1,80,290,40/40,120,140,160,160,160,160,160,150,150,150,150,,,,
1303,WA3827E,7-Dec-21,ULTRAPLAS,,700,83.17,0235AH-0241AH,STD,7,30,180,40/40,210,210,190,190,180,180,180,160,140,140,,,,,VACUUM ON
1304,IA1770E,9-Dec-21,EVERBRIGHT,,1490.3,21.51,0285AH-0345AH,STD,3,15,32,40/40,150,150,150,150,150,130,130,,,,,,,,VACUUM ON
1305,VA4537E,9-Dec-21,ZELLER (Corr.),,46.33,30.89,0433AH,STD,3,30,40,40/40,180,200,180,180,180,180,180,,,,,,,,
1306,VA4537E,9-Dec-21,ZELLER,,7.85,29.44,0434AH,STD,3,30,40,40/40,180,200,180,180,180,180,180,,,,,,,,
1307,WA11838E,9-Dec-21,MCBRIDE,,345.13,69.03,0421AH-0424AH,STD,7,80,400,40/40,200,220,220,220,220,220,220,220,220,220,,,,,Coil Screw/vacuum on
1308,BA12556E,9-Dec-21,PACKAGE WORLD,,483.96,69.14,0480AH-0481AH,STD,8,25,140,60/60,150,140,140,140,140,140,140,140,140,150,160,,,,
1309,BA13023E,10-Dec-21,GENSTAR,,255.59,51.98,0437AH-0442AH,STD,5,20,380,40/40,170,170,170,170,170,170,160,160,160,150,150,,,,
1310,BA4701E,10-Dec-21,INCON,,149.63,51.3,0429AH; 0710AH-0711AH,STD,5,150,300,40/40,180,200,180,180,180,180,180,180,180,180,180,,,,
1311,WA6168E-I,10-Dec-21,GILVAN,,2000,232.11,0482AH-0501AH,STD,7,30,150,80/80,200,200,180,170,170,160,160,150,130,130,,,,,VACUUM ON
1312,IA6314E,11-Dec-21,SMYPC-MPP,,718.6,44.77,0446AH-0460AH,STD,3,6.5,13,40,130,120,100,100,100,100,120,,,,,,,,Pelletizer Speed : 500
1313,IA6314E,11-Dec-21,SMYPC-MPP,,100,43.8,0435AH-0436AH,STD,3,6.5,13,40,130,120,100,100,100,100,120,,,,,,,,Pelletizer Speed : 500
1314,WA5870E,9-Dec-21,INCON,,195.83,180.77,0430AH-0431AH,STD,7,46,160,80/80,200,200,200,180,180,170,170,150,120,120,,,,,VACUUM ON
1315,GA5575E,11-Dec-21,UNITED ASIA,,490.97,38.76,0681AH-0690AH,STD,5,120,380,60/60,170,170,170,170,170,170,160,160,160,150,150,,,,VACUUM ON
1316,GA7505E,11-Dec-21,TRADESPHERE(corr),,52.82,79.23,0663AH,STD,5,200,380,40/40,170,170,170,170,170,170,160,160,160,150,150,,,,
1317,MA13810E,10-Dec-21,INCON(corr),,73.24,48.29,0425AH-0427AH,STD,5,15,300,40/40,180,200,180,180,180,180,180,180,180,180,180,,,,
1318,MA13810E,11-Dec-21,INCON,,10,42.86,0428AH,STD,5,15,300,40/40,180,200,180,180,180,180,180,180,180,180,180,,,,
1319,VA14336E,11-Dec-21,AG CANPRINT,,103.54,50.1,0443AH-0445AH,STD,5,15,300,40/40,180,200,180,180,180,180,180,180,180,180,180,,,,
1320,BA12556E,11-Dec-21,PACKAGE WORLD,,4921.4,67.32,0712AH-0731AH,STD,8,25,140,60/60,150,140,140,140,140,140,140,140,140,150,160,,,,
1321,GA7505E,11-Dec-21,TRADESPHERE,,54.18,60.2,0733AH,STD,5,200,380,40/40,170,170,170,170,170,170,160,160,160,150,150,,,,
1322,IA6500E,13-Dec-21,SMYPC-MPP,,702.48,52.23,0695AH-0709AH,STD,3,30,40,40/40,150,150,150,150,150,130,130,,,,,,,,
1323,IA8813E,13-Dec-21,EVERGOOD,,156.12,69.39,0691AH-0694AH,STD,3,7.5,45,40/40,170,170,170,170,160,160,160,,,,,,,,
1324,WA6168E-I,13-Dec-21,GILVAN,,970.25,208.2,0767AH-0776AH,STD,7,30,150,80/80,200,200,180,170,170,160,160,150,130,130,,,,,VACUUM ON
1325,GA1225E,13-Dec-21,SMYPC-MPP,,7553.51,118.95,0502AG-0654AH,STD,5,180,400,40/40,170,170,170,170,170,170,160,160,160,150,150,,,,
1326,IA9912E,14-Dec-21,Evergood,,254.52,56.56,0664AH-0669AH,STD,3,7.2,20,40/40,150,150,150,150,150,130,130,,,,,,,,
1327,IA14034E,14-Dec-21,CDC,,254.45,49.89,0673AH-0678AH,STD,3,30,40,40/40,180,200,180,180,180,180,180,,,,,,,,
1328,RA13616E,14-Dec-21,STAR PLASTIC,,103,85.83,0679AH-0680AH,STD,3,30,40,40/40,150,150,150,150,150,130,130,,,,,,,,
1329,YA5124E,13-Dec-21,EVERGOOD,,742.85,53.89,0464AH-0478AH,STD,3,60,50,40/40,175,175,150,150,150,130,130,,,,,,,,
1330,WA6947E,15-Dec-21,ATLANTA,,882,255.65,0835AH-0843AH,STD,7,35,185,40/40,220,220,220,200,200,200,200,200,180,180,,,,,VACUUM ON
1331,WA6947E,15-Dec-21,ATLANTA,,96.91,200.5,0844AH-0845AH,STD,7,35,185,40/40,220,220,220,200,200,200,200,200,180,180,,,,,VACUUM ON
1332,WA12841E,15-Dec-21,PHIL-TOP,,258.1,234.64,0804AH-0806AH,STD,7,35,100,60/60,200,200,190,190,180,180,170,170,160,150,130,130,,,VACUUM ON
1333,YA12705E,15-Dec-21,PLEXCO,,128.98,79.78,0792AH-0794AH,STD,3,30,40,40/40,150,150,150,150,150,130,130,,,,,,,,
1334,YA5917E,15-Dec-21,EVERGOOD,,251.75,51.55,0777AH-0782AH,STD,3,30,40,40/40,150,150,150,150,150,130,130,,,,,,,,
1335,DA14064E,15-Dec-21,CDC,,102.97,56.17,0670AH-0672AH,STD,3,30,40,40/40,180,200,180,180,180,180,180,,,,,,,,
1336,BA9159E,15-Dec-21,Evergood,,358.07,72.93,0783AH-0790AH,STD,3,26,34,40/40,150,150,150,150,150,130,130,,,,,,,,VACUUM ON
1337,MA13810E,15-Dec-21,INCON,,38.06,57.09,0816AH,STD,3,30,40,40/40,180,200,180,180,180,180,180,,,,,,,,
1338,GA1225E,15-Dec-21,SMYPC-MPP,,250,125,0655AH-0659AH,STD,5,180,400,40/40,170,170,170,170,170,170,160,160,160,150,150,,,,
1339,GA1225E,15-Dec-21,SMYPC-MPP,,150,128.57,0660AH-0662AH,STD,5,180,400,40/40,170,170,170,170,170,170,160,160,160,150,150,,,,
1340,GA1225E,15-Dec-21,SMYPC-MPP,,50,150,0817AH,STD,5,180,400,40/40,170,170,170,170,170,170,160,160,160,150,150,,,,
1341,VA4086E,16-Dec-21,EASTERN,,720.44,64.04,0749AH-0762AH,STD,5,100,380,40/40,160,160,160,160,160,160,150,150,150,140,140,,,,VACUUM ON
1342,VA4537E,16-Dec-21,ZELLER,,12.5,18.75,0765AH; 0766AH,STD,5,150,300,40/40,180,200,180,180,180,180,180,180,180,180,180,,,,
1343,RA4809E,16-Dec-21,MOLDEX,,728.8,71.69,0734AH-0748AH,STD,5,20,380,60/60,180,180,180,180,180,180,180,180,160,160,140,,,,
1344,GA6050E,16-Dec-21,POLYTECHINQUE,,53.26,47.7,0823AH,STD,3,30,40,40/40,180,200,180,180,180,180,180,,,,,,,,
1345,GA14271E,16-Dec-21,PHIL-TOP,,128,52.97,0810AH-0812AH,STD,3,30,40,40/40,150,150,150,150,150,130,130,,,,,,,,
1346,GA4254E,16-Dec-21,INCON,,103.35,54.88,0798AH-0799AH,STD,3,9,25,40/40,180,200,180,180,180,180,180,,,,,,,,VACUUM ON
1347,BA14304E,16-Dec-21,PHIL-TOP,,130.38,59.26,0813AH-0815AH,STD,3,30,40,40/40,150,150,150,150,150,130,130,,,,,,,,
1348,BA15085E,16-Dec-21,EVEREST,,243.46,54.1,0849AH-0853AH,STD,3,30,40,40/40,150,150,150,150,150,130,130,,,,,,,,
1349,TA11397E,17-Dec-21,EVERGOOD,,161,87.82,0825AH-0828AH,STD,5,200,380,40/40,170,170,170,170,170,170,160,160,160,150,150,,,,
1350,KA14303E,17-Dec-21,PHIL-TOP,,260.44,69.45,0801AH-0803AH; 0807AH-0809AH,STD,5,20,380,40/40,170,170,170,170,170,160,160,160,160,150,150,,,,
1351,KA5796E,17-Dec-21,Incon(corr),,49.45,53.95,0821AH,STD,5,80,220,40/40,180,200,180,180,180,180,180,180,180,180,180,,,,
1352,KA5796E,17-Dec-21,INCON,,25,60,0822AH,STD,5,80,220,40/40,180,200,180,180,180,180,180,180,180,180,180,,,,
1353,RA12706E,17-Dec-21,PLEXCO,,128.84,67.22,0795AH-0797AH,STD,5,20,380,40/40,170,170,170,170,170,170,160,160,160,150,150,,,,
1354,OA2860E,17-Dec-21,UNA,,500.11,38.32,0863AH-0873AH,STD,3,10,40,60/60,150,150,150,150,150,130,130,,,,,,,,
1355,OA8984E,16-Dec-21,Evergood,,255.75,47.95,0829AH-0834AH,STD,3,8.5,32,40/40,150,150,150,150,150,130,130,,,,,,,,
1356,YA3504E,17-Dec-21,ZELLER(corr),,66,52.8,0819AH-0820AH,STD,3,30,40,40/40,180,200,180,180,180,180,180,,,,,,,,
1357,YA3504E,17-Dec-21,ZELLER,,23.15,39.69,0824AH,STD,3,30,40,40/40,180,200,180,180,180,180,180,,,,,,,,
1358,BA15085E,17-Dec-21,EVEREST,,394.05,96.11,0885AH-0892AH,STD,5,20,380,40/40,170,170,170,170,170,170,160,160,160,150,150,,,,
1359,IA9154E,18-Dec-21,UNA,,493.1,44.49,0856AH-0862AH; 0880AH-0883AH,STD,5,200,380,60/60,170,170,170,170,170,170,160,160,160,150,150,,,,
1360,IA2859E,18-Dec-21,UNA,,77.47,48.93,0854AH; 0855AH,STD,5,20,380,60/60,170,170,170,170,170,170,160,160,160,150,150,,,,
1361,IA9790E,18-Dec-21,UNA,,200.78,46.69, 0874AH-0878AH ,STD,5,20,380,60/60,170,170,170,170,170,170,160,160,160,150,150,,,,
1362,BA9159E,17-Dec-21,Evergood,,14.9,59.2,0950AH,STD,5,200,380,40/40,170,170,170,170,170,170,160,160,160,150,150,,,,
1363,WA5870E,18-Dec-21,ISLAND,,2451.87,249.34,0893AH-0917AH,STD,7,46,160,80/80,200,200,200,180,180,170,170,150,120,120,,,,,VACUUM ON
1364,WA6168E-I,18-Dec-21,GILVAN,,75,204.55,0884AH,STD,7,30,150,80/80,200,200,180,170,170,160,160,150,130,130,,,,,VACUUM ON
1365,VA4086E,20-Dec-21,EASTERN,,48.75,51.32,0879AH,STD,3,20,34,40/40,160,160,160,140,140,140,130,,,,,,,,VACUUM ON
1366,GA14271E,21-Dec-21,PHIL-TOP(corr),,127.65,52.1,0962AH-0964AH,STD,5,20,380,40/40,170,170,170,170,170,170,160,160,160,150,150,,,,
1367,WA2123E,20-Dec-21, KPC,,4536.29,265.54,0919AH-0949AH,STD,7,60,200,60/60,220,220,200,200,200,200,200,200,180,180,,,,,VACUUM ON
1368,VA4086E,21-Dec-21,EASTERN,,356.82,48.11,0967AH-0974AH,STD,3,20,34,40/40,160,160,160,140,140,140,130,,,,,,,,VACUUM ON
1369,WA6947E,21-Dec-21,ATLANTA,,197.5,282.14,0976AH-0977AH,STD,7,35,185,40/40,220,220,220,200,200,200,200,200,180,180,,,,,VACUUM ON
1370,BA15050E,21-Dec-21,PACKAGE WORLD,,147.42,41.72,0978AH-0980AH,STD,3,30,40,40/40,130,130,130,130,130,120,120,,,,,,,,temp less 10°
1371,IA2859E,3-Jan-22,UNA,,75,56.25,0987AH-0988AH,STD,3,30,40,60/60,150,150,150,150,150,150,130,130,,,,,,,
1372,BA12556E,27-Dec-22,PACKAGE WORLD,,500,81.08,0982AH-0983AH,STD,5,25,140,60/60,140,150,160,160,160,160,160,160,160,160,150,150,,,
1373,BA2091E,5-Jan-22,CEBU HI Q,,633.43,76.01,0993AH-1005AH,STD,3,20,34,60/60,160,160,140,120,120,125,125,,,,,,,,Pelletizer RPM 1400
1374,BA15002E,4-Jan-22,MCBRIDE,,50.5,24.24,0984AH-0985AH,STD,3,9.5,14,40/40,230,230,220,220,220,230,230,,,,,,,,90-100 ppg
1375,WA3827E,4-Jan-22,MUZON,,418.32,30.83,0989AH-0992AH,STD,3,40,30,40/40,160,180,180,180,180,180,160,,,,,,,,
1376,KA9732E,5-Jan-22,Alphatech,,55.91,51.61,1092AH-1093AH,STD,3,12,30,40/40,150,150,150,150,150,130,130,,,,,,,,
1377,BA2091E,5-Jan-22,UNITECH,,196.05,73.06,1006AH-1009AH,STD,3,20,34,60/60,160,160,140,120,120,125,125,,,,,,,,Pelletizer RPM 1400
1378,RA12739E,4-Jan-22,SMYPC-MPP,,2004.53,105.32,1094AH-1134AH,STD,8,-,-,40/40,170,170,170,170,170,160,160,160,160,160,,,,,adapter:160|diverter:160|d.head:180|w.tank:30|pelletizer:1600
1379,BA5516E,6-Jan-22,SMYPC-MPP,,1953.27,51.21,1010AH-1049AH,STD,3,5.5,15,40,130,130,120,120,120,110,110,,,,,,,,VACUUM ON
1380,VA4875E,6-Jan-22,EVEREST,,136.21,43.01,1142AH-1145AH,STD,3,7.5,13,40/40,130,120,120,110,110,110,120,,,,,,,,VACUUM ON
1381,BA12556E,6-Jan-22,PACKAGE WORLD,,1515.81,65.9,1204AH-1209AH,STD,5,25,140,60/60,120,140,160,160,160,160,160,160,160,170,170,,,,
1382,BA1761E,7-Jan-22,MOLDEX,,278.42,52.2,1197AH-1202AH,STD,3,9,23,60/60,180,180,180,180,180,180,160,,,,,,,,
1383,RA4809E,7-Jan-22,MOLDEX,,2181.46,75.31,1153AH-1196AH; 1263AH-1305AH,STD,8,16,220,60/60,180,180,170,170,170,170,170,170,180,180,,,,,
1384,CA5402E,7-Jan-22,SMYPC-MPP,,997.5,25.91,1210AH-1219AH,STD,3,2.5,10,40/40,120,110,110,110,110,110,100,,,,,,,,
1385,GA8613E,8-Jan-22,Zeller,,41.58,59.4,0986AH,STD,3,30,40,40/40,180,200,180,180,180,180,180,,,,,,,,
1386,GA13854E,8-Jan-22,REIMAGINE,,105.35,33.98,1150AH-1152AH,STD,3,8.3,45,40/40,150,150,150,150,150,130,130,,,,,,,,
1387,BA2091E,11-Jan-22,GREENPACK,,1248.2,71.8,1332AH-1357AH,STD,3,20,34,60/60,160,160,140,120,120,125,125,,,,,,,,Pelletizer RPM 1400
1388,BA2091E,12-Jan-22,UNITECH,,48.98,65.31,1376AH,STD,3,20,34,60/60,160,160,140,120,120,125,125,,,,,,,,Pelletizer RPM 1400
1389,KA9045E,9-Jan-22,EVEREST,,1508.88,95.7,1232AH-1262AH,STD,8,17,240,40/40,170,170,170,170,160,160,160,160,160,160,150,150,,,
1390,WA5835E,10-Jan-22,HERITAGE,,99.19,26.69,1146AH-1147AH,STD,1,80,400,60/60,120,140,150,150,150,150,150,150,140,140,,,,,
1391,WA6195E,10-Jan-22,HERITAGE,,54.6,27.3,1148AH,STD,1,80,400,60/60,120,140,150,150,150,150,150,150,140,140,,,,,
1392,GA13527E,11-Jan-22,GREENPACK,,1254.94,80.1,1306AG-1331AH,STD,8,16,200,40/40,170,170,170,170,170,170,160,160,160,150,150,,,,
1393,KA9732E,11-Jan-22,Alphatech,,56.11,51.79,1220AH-1221AH,STD,8,11,200,40/40,170,170,170,170,170,170,170,170,170,170,160,160,,,
1394,GA1225E,12-Jan-22,SMYPC-MPP,,1875,117.8,1051AH-1088AH,STD,8,12,220,40/40,170,170,170,170,170,160,160,160,160,160,150,150,,,
1395,GA1225E,12-Jan-22,SMYPC-MPP,,138.13,120.11,1089AH-1091AH,STD,8,12,220,40/40,170,170,170,170,170,160,160,160,160,160,150,150,,,
1396,GA4178E,12-Jan-22,PSP,,104.78,71.44,1398AH-1401AH,STD,8,14,220,60/60,170,170,170,170,160,160,160,160,160,160,160,150,150,,
1397,GA4352E,11-Jan-22,ZELLER,,312.13,81.43,1377AH-1383AH,STD,8,12,200,40/40,180,200,180,180,180,180,180,180,180,180,180,180,,,
1398,BA13023E,12-Jan-22,GENSTAR,,254.75,37.46,1222AH-1227AH,STD,3,8.3,32,40/40,150,150,150,150,150,130,130,,,,,,,,
1399,BA9094E,12-Jan-22,ZELLER,,103.24,65.2,1228AH; 1229AH,STD,3,30,40,40/40,180,200,180,180,180,180,180,,,,,,,,
1400,BA4521E,12-Jan-22,ZELLER,,58.62,46.9,1384AH; 1385AH,STD,3,30,40,40/40,180,200,180,180,180,180,180,,,,,,,,
1401,BA12556E,13-Jan-22,PACKAGE WORLD,,1516.82,60.67,1426AH-1431AH,STD,5,25,140,60/60,140,150,160,160,160,160,160,160,160,160,150,150,,,
1402,BA7883E,13-Jan-22,EASTERN,,104.15,62.49,1402AH-1403AH,STD,3,7.5,28,60/60,160,180,180,180,180,180,160,,,,,,,,VACUUM ON
1403,BA9159E,13-Jan-22,EVEREST,,872.14,63.41,1358AH-1375AH,STD,3,24,6.5,40/40,150,150,130,130,120,140,140,,,,,,,,VACUUM ON
1404,RA7310E,13-Jan-22,GILVAN,,53.33,53.33,1433AH-1434AH,STD,8,10,165,40/40,140,140,140,130,130,130,130,130,130,130,130,,,,
1405,OA7922E,13-Jan-22,GILVAN,,54.65,93.69,1390AH-1391AH,STD,8,10,250,40/40,170,170,170,170,160,160,160,160,160,180,180,,,,
1406,MA11346E,13-Jan-22,GILVAN,,101.88,53.15,1392AH-1395AH,STD,8,10,200,40/40,170,170,170,170,160,160,160,160,160,150,150,,,,
1407,KA9732E,13-Jan-22,Alphatech(corr),,56.7,53.16,1451AH; 1452AH,STD,8,12,220,40/40,170,170,170,170,160,160,160,160,160,160,150,150,,,
1408,GA4352E,13-Jan-22,ZELLER,,98.44,62.17,1422AH-1423AH,STD,8,11,220,40/40,180,200,180,180,180,180,180,180,180,180,180,180,,,
1409,VA4086E,14-Jan-22,ALPHATECH,,1579.03,51.69,1405AH-1420AH; 1435AH-1450AH,STD,3,20,34,40/40,160,160,160,140,140,140,130,,,,,,,,VACUUM ON
1410,WA11678E,14-Jan-22,INCON,,193.74,31.85,1424AH-1425AH,STD,1,80,200,40/40,140,140,150,150,150,150,150,150,140,140,,,,,
1411,GA13527E,14-Jan-22,CEBU HI Q,,123.42,49.37,1453AH-1454AH,STD,8,16,200,40/40,170,170,170,170,170,170,160,160,160,150,150,,,,
1412,RA9068E,14-Jan-22,ZELLER,,51.73,50.88,1421AH,STD,8,8,200,40/40,200,200,180,180,180,180,180,180,180,200,200,,,,
1413,BA7688E,18-Jan-22,EVEREST,,1987,45.94,1491AH-1531AH,STD,3,7.5,43,40/40,150,150,150,150,140,140,130,,,,,,,,VACUUM ON
1414,WA12282E,18-Jan-22,PACKAGE WORLD,,107.09,55.85,1490AH,STD,5,9,260,60/60,140,160,160,160,160,150,150,150,140,140,,,,,
1415,GA4352E,14-Jan-22,ZELLER,,406.23,55.78,1460AH-1468AH,STD,8,12,220,40/40,180,200,180,180,180,180,180,180,180,180,180,180,,,
1416,BA9094E,15-Jan-22,ZELLER,,103.89,45.5,1469AH-1470AH,STD,3,30,40,40/40,180,200,180,180,180,180,180,,,,,,,,
1417,GA9050E,14-Jan-22,Polytechnique,,34.08,55.22,1149AH,STD,8,12,220,40/40,180,180,180,180,180,180,180,180,180,180,180,,,,
1418,GA4178E,20-Jan-22,PSP,,102.69,55.73,1532AH-1535AH,STD,3,15,22,60/60,150,150,150,150,150,130,130,,,,,,,,
1419,VA4086E,20-Jan-22,EASTERN,,75.21,31.12,1480AH-1481AH,STD,3,20,34,40/40,160,160,160,140,140,140,130,,,,,,,,VACUUM ON
1420,BA9910E,20-Jan-22,Everest,,298.84,87.47,1539AH-1544AH,STD,3,30,40,40/40,150,150,150,150,150,130,130,,,,,,,,
1421,WA15122E,20-Jan-22,KPC,,4938.72,242.69,1564AH-1614AH,STD,7,60,220,60/60,200,200,200,180,180,180,180,180,200,200,,,,,
1422,WA7997E,15-Jan-22,NICE,,1599,60.72,1456AH-1459AH,STD,5,6,250,60/60,160,160,160,160,150,150,150,150,150,140,140,,,,
1423,GA13527E,15-Jan-22,CEBU HI Q,,124.23,55.21,1477AH-1479AH,STD,3,30,40,40/40,150,150,150,150,150,130,130,,,,,,,,
1424,BA9094E,21-Jan-22,ZELLER,,152.32,49.14,1536AH-1538AH,STD,3,30,40,40/40,180,200,180,180,180,180,180,,,,,,,,
1425,BA3431E,21-Jan-22,ZELLER,,43,47.6,1545AH,STD,3,4,15,40/40,180,200,180,180,180,180,180,,,,,,,,
1426,RA11649E,21-Jan-22,MILLERS,,49.94,22.87,1615AH,STD,3,30,40,60/60,180,200,180,180,180,180,180,,,,,,,,
1427,BA15159E,21-Jan-22,MAXEY,,9.47,37.88,1546AH,STD,3,30,40,40/40,150,150,150,150,150,130,130,,,,,,,,
1428,RA12739E,22-Jan-22,SMYPC-MPP,,100,48,1616AH-1617AH,STD,8,18,300,40/40,170,170,170,170,170,160,160,160,160,160,,,,,adapter:160|diverter:160|d.head:180|w.tank:30|pelletizer:1600
1429,RA12739E,22-Jan-22,SMYPC-MPP,,4384.24,102.6,1618AH-1706AH,STD,8,18,300,40/40,170,170,170,170,170,160,160,160,160,160,,,,,adapter:160|diverter:160|d.head:180|w.tank:30|pelletizer:1600
1430,BA9910E,22-Jan-22,Everest,,311.3,79.48,1724AH-1730AH,STD,3,30,40,40/40,150,150,150,150,150,130,130,,,,,,,,
1431,BA9910E,22-Jan-22,Everest(corr),,168.65,74.96,1731AH-1733AH,STD,3,30,40,40/40,150,150,150,150,150,130,130,,,,,,,,
1432,YA5124E,22-Jan-22,EVERGOOD,,613.68,39.17,1707AH-1719AH,STD,3,60,50,40/40,175,175,150,150,150,130,130,,,,,,,,
1433,YA5124E,22-Jan-22,EVERGOOD(corr),,133,73.89,1720AH-1722AH,STD,3,60,50,40/40,175,175,150,150,150,130,130,,,,,,,,
1434,OA14302E,24-Jan-22,INCON,,98.48,80.94,1734AH-1735AH,STD,3,30,40,40/40,150,150,150,150,150,130,130,,,,,,,,
1435,GA4921E,24-Jan-22,Evergood,,372.36,74.47,1736AH-1742AH,STD,3,10,18,40/40,130,130,130,120,120,120,120,,,,,,,,
1436,OA2469E,24-Jan-22,H & E,,252.47,42.08,1745AH-1750AH,STD,3,25,40,40/40,150,150,150,150,150,130,130,,,,,,,,
1437,BA3431E,25-Jan-22,ZELLER,,51.11,40.89,1806AH,STD,3,4,15,40/40,180,200,180,180,180,180,180,,,,,,,,
1438,KA9732E,25-Jan-22,Alphatech,,55.2,47.3,1805AH,STD,3,12,30,40/40,150,150,150,150,150,130,130,,,,,,,,
1439,MA4088E,25-Jan-22,STARKSON,,273,59.56,1751AH-1761AH,STD,3,7,18,40/40,130,120,110,110,110,110,120,,,,,,,,VACUUM ON
1440,MA4088E,25-Jan-22,STARKSON(corr),,98.09,73.57,1762AH-1766AH,STD,3,7,18,40/40,130,120,110,110,110,110,120,,,,,,,,VACUUM ON
1441,WA1400E,25-Jan-22,ALLIED,,299.78,195.51,1799AH-1801AH,STD,7,25,160,60/60,180,180,170,170,170,150,150,150,120,120,,,,,VACUUM ON
1442,WA13000E,25-Jan-22,PREMIER,,550,235.71,1767AH-1772AH,STD,7,38,160,40/40,200,180,170,170,160,160,150,150,160,170,,,,,
1443,WA13000E,25-Jan-22,PREMIER(corr),,444.1,240.05,1773AH-1777AH,STD,7,38,160,40/40,200,180,170,170,160,160,150,150,160,170,,,,,
1444,RA15101E,25-Jan-22,21st Century,,982.09,117.85,1778AH-1798AH,STD,8,18,300,40/40,170,170,170,170,160,160,160,160,160,160,,,,,
1445,KA5796E,25-Jan-22,INCON,,11.7,5.05,1809AH,STD,6,15,93,-,180,200,180,180,180,,,,,,,,,,
1446,VA4086E,26-Jan-22,ALPHATECH,,838.43,55.59,1547AH-1549AH; 1550AH-1563AH,STD,3,20,34,40/40,160,160,160,140,140,140,130,,,,,,,,VACUUM ON
1447,VA4086E,26-Jan-22,EASTERN(corr),,202,44.89,1820AH-1823AH,STD,3,20,34,40/40,160,160,160,140,140,140,130,,,,,,,,VACUUM ON
1448,BA4701E,26-Jan-22,INCON,,104.4,48.18,1802AH-1804AH,STD,3,30,40,40/40,180,200,180,180,180,180,180,,,,,,,,
1449,TA13713E,26-Jan-22,INCON,,27.65,5.18,1819AG,STD,6,16,393,-,180,190,180,180,180,180,,,,,,,,,
1450,VA4086E,26-Jan-22,EASTERN,,99.53,59.72,1884AH-1885AH,STD,3,20,34,40/40,160,160,160,140,140,140,130,,,,,,,,VACUUM ON
1451,BA15050E,27-Jan-22,PACKAGE WORLD,,97.16,27.89,1869AH-1870AH,STD,3,6,26,40/40,130,130,130,130,130,120,120,,,,,,,,temp less 10°
1452,RA12372E,27-Jan-22,SPI,,503.86,47.09,1858AH-1866AH,STD,3,30,40,60/60,150,150,150,150,150,130,130,,,,,,,,
1453,GA5520E,27-Jan-22,H & E,,231.53,33.94,1901AH-1905AH,STD,3,10,45,40/40,140,140,140,140,140,120,120,,,,,,,,VACUUM ON
1454,BA12556E,28-Jan-22,PACKAGE WORLD,,1000,67.42,1811AH-1814AH,STD,8,25,140,60/60,150,140,140,140,140,140,140,140,140,150,160,,,,
1455,BA12556E,28-Jan-22,PACKAGE WORLD,,466.38,66.63,1815AH-1816AH,STD,1,85,280,60/60,120,140,160,160,160,160,160,160,160,160,,,,,
1456,RA12739E,28-Jan-22,SMYPC-MPP,,29.37,88.11,1871AH,STD,3,20.8,50,40/40,150,150,150,150,150,130,130,,,,,,,,
1457,RA4809E,28-Jan-22,MOLDEX,,579.43,43.03,1872AH-1883AH,STD,3,30,40,60/60,160,180,180,180,180,180,160,,,,,,,,
1458,RA15101E,29-Jan-22,21st Century,,27.95,72.91,1896AH,STD,8,18,300,40/40,170,170,170,170,160,160,160,160,160,160,,,,,
1459,WA12282E,31-Jan-22,PACKAGE WORLD,,508.22,62.23,1919AH-1920AH,STD,5,9,260,60/60,140,160,160,160,160,150,150,150,140,140,,,,,
1460,OA8176E,29-Jan-22,SMYPC-MPP,,53.37,49.26,1906AH; 1907AH,STD,3,8,26,40/40,150,150,150,150,150,130,130,,,,,,,,
1461,OA8984E,29-Jan-22,Evergood,,379.24,60.68,1886AH-1893AH,STD,3,8.5,32,40/40,150,150,150,150,150,130,130,,,,,,,,
1462,OA8984E,29-Jan-22,Evergood(tmblr),,17.5,23.33,1900AH,STD,3,8.5,32,40/40,150,150,150,150,150,130,130,,,,,,,,
1463,OA14302E,29-Jan-22,INCON,,97.73,106.61,1898AH; 1899AH,STD,3,30,40,40/40,150,150,150,150,150,130,130,,,,,,,,
1464,KA9732E,29-Jan-22,Alphatech,,61.17,48.29,1913AH-1914AH,STD,3,12,30,40/40,150,150,150,150,150,130,130,,,,,,,,
1465,KA5796E,29-Jan-22,INCON,,49.22,46.88,1895AH,STD,3,18,40,40/40,180,200,180,180,180,180,180,,,,,,,,
1466,WA15122E,29-Jan-22,KPC,,6052.87,256.3,1949AH-2010AH,STD,7,60,220,60/60,200,200,200,180,180,180,180,180,200,200,,,,,
1467,WA5870E,3-Feb-22,INCON,,46.23,132.09,2011AH,STD,7,46,160,80/80,200,200,200,180,180,170,170,150,120,120,,,,,VACUUM ON
1468,SA14369E,29-Jan-22,RBV,,179.6,26.09,1909AH-1912AH,STD,3,3.5,28,40/40,150,150,150,150,150,130,130,,,,,,,,
1469,GA4254E,29-Jan-22,INCON,,102.47,55.89,1916AH-1918AH,STD,3,9,25,40/40,180,200,180,180,180,180,180,,,,,,,,VACUUM ON
1470,BA5327E,31-Jan-22,EVEREST,,374.33,64.73,1926AH-1933AH, STD ,3,7.5,45,40/40,150,150,150,150,150,130,130,,,,,,,,
1471,IA8813E,31-Jan-22,EVERGOOD,,251.45,75.81,1921AH-1925AH,STD,3,7.5,45,40/40,170,170,170,170,160,160,160,,,,,,,,
1472,KA9045E,2-Feb-22,EVEREST,,1506.21,66.06,1824AH-1854AH,STD,3,14,26,40/40,170,170,170,170,150,150,150,,,,,,,,VACUUM ON
1473,KA5796E,31-Jan-22,INCON,,48.48,39.85,2019AH,STD,3,18,40,40/40,180,200,180,180,180,180,180,,,,,,,,
1474,VA4086E,3-Feb-22,IN-HOUSE,,487.85,53.51,1934AH-1943AH,STD,3,20,34,40/40,160,160,160,140,140,140,130,,,,,,,,VACUUM ON
1475,KA9732E,2-Feb-22,Alphatech(corr),,60.92,66.46,2020AH; 2021AH,STD,3,12,30,40/40,150,150,150,150,150,130,130,,,,,,,,
1476,GA5520E,3-Feb-22,H & E,,234.8,44.72,2023AH-2027AH,STD,3,10,45,40/40,140,140,140,140,140,120,120,,,,,,,,VACUUM ON
1477,GA5520E,3-Feb-22,H & E(corr),,170,92.73,2028AH-2031AH,STD,3,10,45,40/40,140,140,140,140,140,120,120,,,,,,,,VACUUM ON
1478,WA1815E,3-Feb-22,NPPET GLOBAL,,50,200,2057AH,STD,7,35,150,60/60,180,200,180,180,170,170,160,160,150,130,130,,,,
1479,VA4086E,3-Feb-22,EASTERN(corr),,261.57,59.22,1944AH-1948AH,STD,3,20,34,40/40,160,160,160,140,140,140,130,,,,,,,,VACUUM ON
1480,WA2123E,4-Feb-22, KPC,,3140,291.19,2101AH-2122AH,STD,7,60,200,60/60,220,220,200,200,200,200,200,200,180,180,,,,,VACUUM ON
1481,OA7922E,3-Feb-22,AMAZON,,302.98,47.22,2012AH-2018AH,STD,3,30,40,40/40,160,180,180,180,180,180,160,,,,,,,,
1482,BA12615E,5-Feb-22,PLEXCO,,257.13,54.13,2131AH-2136AH,STD,3,30,40,40/40,150,150,150,150,150,130,130,,,,,,,,
1483,BA9159E,5-Feb-22,Evergood,,245.06,66.83,2123AH-2127AH,STD,3,24,6.5,40/40,150,150,130,130,120,140,140,,,,,,,,VACUUM ON
1484,VA4869E,5-Feb-22,EVERGOOD,,155.83,77.57,2128AH-2130AH,STD,3,22,36,40/40,150,150,150,150,150,130,130,,,,,,,,
1485,WA3827E,5-Feb-22,ALPHATECH,,313.2,79.97,2137AH-2139AH,STD,7,30,180,40/40,210,210,190,190,180,180,180,160,140,140,,,,,VACUUM ON
1486,IA1770E,5-Feb-22,EVERBRIGHT,,1009.26,63.41,2059AH-2099AH,STD,8,18.5,400,40/40,200,200,180,180,180,180,170,170,170,160,160,,,,"adapter: 160, diverter: 160, d.head: 180, w. tank: 30 (E-Con)"
1487,BA7924E,5-Feb-22,AMAZON,,600.46,40.71,2044AH-2056AH,STD,3,7.1,35,40/40,150,140,130,130,140,140,140,,,,,,,,
1488,SA11780E,6-Feb-22,SMYPC-MPP,,1009.84,70.87,2325AH-2345AH,STD,3,30,40,40/40,150,150,150,150,150,130,130,,,,,,,,
1489,YA14414E,7-Feb-22,BEVPACK,,650,51.18,2141AH-2144AH; 2370AH-2378AH,STD,3,30,40,40/40,180,200,180,180,180,180,180,,,,,,,,
1490,IA2859E,7-Feb-22,UNA,,398.48,63.76,2408AH-2423AH,STD,8,18.9,380,60/60,200,200,180,180,180,180,170,170,170,160,160,,,,
1491,IA9154E,7-Feb-22,UNA,,509.8,61.49,2349AH-2369AH,STD,8,18.5,380,60/60,200,200,180,180,180,180,170,170,170,160,160,,,,"adapter: 160, diverter: 160, d.head: 180, w. tank: 130 (E-Con)"
1492,WA2127E,7-Feb-22,SMYPC-MPP,,106.6,58.15,2247AH,STD,7,40,105,60/60,200,200,180,180,170,170,150,150,120,120,,,,,VACUUM ON
1493,BA15118E,7-Feb-22,EVEREST,,100.96,44.87,2346AH-2348AH,STD,3,30,40,40/40,150,150,150,150,150,130,130,,,,,,,,
1494,BA7688E,8-Feb-22,EVEREST,,2005.44,91.85,2248AH-2288AH,STD,8,14.7,450,40/40,210,210,200,200,180,180,180,180,180,180,180,,,,"adapter: 160, diverter: 160, d.head: 180, w. tank: 30 (E-Con)"
1495,BA3018E,8-Feb-22,Evergood,,237.2,101.66,2038AH-2043AH,STD,8,30,240,40/40,170,170,170,170,170,170,160,160,160,150,150,,,,"adapter: 160, diverter: 160, d.head: 180, w. tank: 30 (E-Con)"
1496,GA9725E,8-Feb-22,ALPHATECH,,254.87,55.61,2032AH-2037AH,STD,3,30,40,40/40,150,150,150,150,150,130,130,,,,,,,,
1497,BA5516E,9-Feb-22,SMYPC-MPP,,2000,47.94,2165AH-2204AH,STD,3,5,13,40,130,130,120,120,120,110,110,,,,,,,,VACUUM ON
1498,YA4249E,11-Feb-22,MOLDEX,,2243.43,77.81,2425AH-2447AH,STD,5,220,400,40/40,200,200,180,170,170,170,170,160,160,160,160,,,,
1499,OA14302E,10-Feb-22,INCON,,103.64,54.07,2402AH-2403AH,STD,5,20,380,40/40,170,170,170,170,170,160,160,160,160,150,150,,,,
1500,KA9045E,9-Feb-22,EVEREST,,736,61.5,2289AH-2303AH,STD,5,200,380,40/40,170,170,170,170,170,170,160,160,160,150,150, ,,,
1501,KA9045E,9-Feb-22,EVEREST,,293.69,54.72,2304AH-2309AH,STD,5,300,380,40/40,170,170,170,170,170,170,160,160,160,150,150, ,,,
1502,KA2871E,9-Feb-22,EVEREST,,297.5,66.03,2146AH-2151AH,STD,5,150,350,40/40,160,160,160,160,150,150,150,140,140,140,140,,,,VACUUM ON
1503,KA5796E,9-Feb-22,INCON,,59.3,4.41,2400AH-2401AH,STD,6,15,93,-,180,200,180,180,180,,,,,,,,,,
1504,WA15122E,10-Feb-22,KPC,,6026.15,225.7,2625AH-2645AH,STD,7,60,220,60/60,200,200,200,180,180,180,180,180,200,200,,,,,
1505,YA14414E,7-Feb-22,BEVPACK,,600.68,48.34,2379AH-2391AH,STD,3,7.5,35,40/40,180,200,180,180,180,180,180,,,,,,,,
1506,YA14414E,10-Feb-22,BEVPACK,,1269.64,80.61,2612AH-2624AH,STD,5,110,390,40/40,180,200,180,180,180,180,180,180,180,180,180,,,,
1507,GA6607E,10-Feb-22,Zeller,,50,54.55,2058AH,STD,5,150,280,40/40,180,200,180,180,180,180,180,180,180,180,180,,,,
1508,BA15118E,11-Feb-22,EVEREST,,377.23,45.27,2392AH-2399AH,STD,3,30,40,40/40,150,150,150,150,150,130,130,,,,,,,,
1509,BA7883E,11-Feb-22,EASTERN,,102.27,58.44,2404AH-2406AH,STD,3,7.5,28,60/60,160,180,180,180,180,180,160,,,,,,,,VACUUM ON
1510,BA5327E,11-Feb-22,EVEREST,,0.8,1.55,2100AH, STD ,6,9,393,-,160,170,160,160,160,,,,,,,,,,
1511,BA3018E,12-Feb-22,Evergood,,111.73,76.18,2667AH; 2668AH,STD,3,30,40,40/40,150,150,150,150,150,130,130,,,,,,,,
1512,VA4086E,12-Feb-22,Alphatech(corr),,148.95,63.84,2153AH-2155AH,STD,3,20,34,40/40,160,160,160,140,140,140,130,,,,,,,,VACUUM ON
1513,VA4086E,12-Feb-22,EASTERN(corr),,435.57,49.03,2156AH-2164AH,STD,3,20,34,40/40,160,160,160,140,140,140,130,,,,,,,,VACUUM ON
1514,VA4086E,12-Feb-22,ALPHATECH,,800,52.92,2498AH-2513AH,STD,3,20,34,40/40,160,160,160,140,140,140,130,,,,,,,,VACUUM ON
1515,YA7822E,12-Feb-22,EASTERN,,514.47,78.75,2734AH-24744AH,STD,5,150,400,40/40,170,170,170,170,170,170,160,160,160,150,150,,,,
1516,DA13643E,15-Feb-22,Anilson Pkg.,,221.05,117.37,2496AH; 2497AH,STD,5,20,380,60/60,170,170,170,170,170,170,160,160,160,150,150,,,,
1517,DA13643E,14-Feb-22,Anilson Pkg.,,4756.62,109.06,2448AH-2495AH,STD,5,20,380,60/60,170,170,170,170,170,170,160,160,160,150,150,,,,
1518,BA5516E,13-Feb-22,SMYPC-MPP,,2000,45.45,2205AH-2246AH,STD,3,5.5,15,40,130,130,120,120,120,110,110,,,,,,,,VACUUM ON
1519,WA3827E,13-Feb-22,EASTERN,,317.53,204.86,2731AH-2733AH,STD,7,30,180,40/40,210,210,190,190,180,180,180,160,140,140,,,,,VACUUM ON
1520,VA4086E,12-Feb-22,EASTERN(trial),,98.27,58.96,2530AH-2531AH,STD,3,20,34,40/40,160,160,160,140,140,140,130,,,,,,,,VACUUM ON
1521,WA12282E,17-Feb-22,PACKAGE WORLD,,1000,25.64,2685AH-2688AH,STD,1,22,150,60/60,150,150,150,150,140,140,140,140,130,130,,,,,
1522,BA9159E,17-Feb-22,Evergood,,1014.81,72.31,2646AH-2665AH; 2745AH,STD,3,24,6.5,40/40,150,150,130,130,120,140,140,,,,,,,,VACUUM ON
1523,KA2871E,17-Feb-22,EVEREST,,966.12,88.5,2689AH-2708AH,STD,5,150,350,40/40,160,160,160,160,150,150,150,140,140,140,140,,,,VACUUM ON
1524,KA3144E,15-Feb-22,H & E,,54.39,56.27,2669AH,STD,5,150,300,40/40,180,200,180,180,180,180,180,180,180,180,180,,,,
1525,MA4088E,17-Feb-22,METRO CONT.,,357.03,85.43,2670AH-2683AH,STD,5,20,380,40/40,170,170,170,170,170,170,160,160,160,150,150,,,,
1526,WA7997E,17-Feb-22,NICE,,29.78,24.15,2836AH,STD,1,70-95,290,60/60,120,140,160,160,160,160,160,160,150,150,,,,,
1527,WA11295E,18-Feb-22,BEVPACK,,2000,131.87,2853AH-2872AH,STD,7,14-Dec,140,40/40,180,180,180,180,180,180,180,180,160,160,,,,,VACUUM ON
1528,RA15101E,18-Feb-22,21st Century,,2000,64.69,2760AH-2800AH,STD,5,20,380,40/40,170,170,170,170,170,170,160,160,160,150,150,,,,
1529,RA7886E,18-Feb-22,EASTERN,,311.78,151.4,2802AH-2808AH,STD,5,110,400,40/40,170,170,170,170,170,170,160,160,160,150,150,,,,
1530,KA4309E,18-Feb-22,LBCE,,129,61.03,2821AH-2823AH,STD,5,140,350,60/60,160,160,160,160,150,150,150,140,140,140,140,,,,
1531,KA9045E,18-Feb-22,EVEREST,,705.37,93.02,2310AH-2324AH,STD,5,200,380,40/40,170,170,170,170,170,170,160,160,160,150,150, ,,,
1532,BA14304E,18-Feb-22,PHIL-TOP,,252.14,68.77,2824AH-2829AH,STD,3,30,40,40/40,150,150,150,150,150,130,130,,,,,,,,
1533,BA13023E,18-Feb-22,GENSTAR,,255.86,41.49,2810AH-2815AH,STD,3,30,40,40/40,150,150,150,150,150,130,130,,,,,,,,
1534,BA3018E,18-Feb-22,Evergood,,137.79,78.74,2845AH-2847AH,STD,3,30,40,40/40,150,150,150,150,150,130,130,,,,,,,,
1535,GA9725E,18-Feb-22,ALPHATECH,,151.63,66.9,3135AH-3136AH; 3225AH,STD,3,30,40,40/40,150,150,150,150,150,130,130,,,,,,,,
1536,RA12706E,19-Feb-22,PLEXCO,,245.8,60.2,2848AH-2852AH,STD,5,20,380,40/40,170,170,170,170,170,170,160,160,160,150,150,,,,
1537,BA5516E,19-Feb-22,SMYPC-MPP,,2000,45.4,2532AH-2571AH,STD,3,5.5,15,40,130,130,120,120,120,110,110,,,,,,,,VACUUM ON
1538,BA12556E,19-Feb-22,PACKAGE WORLD,,1982,29.3,3065AH-3072AH,STD,1,85,280,60/60,120,140,160,160,160,160,160,160,160,160,,,,,
1539,WA15192E,19-Feb-22,KPC,,3040.4,230.92,3073AH-3103AH,STD,7,60,220,60/60,210,210,190,190,190,180,180,180,200,200,,,,,VACUUM ON
1540,BA5327E,19-Feb-22,EVEREST,,0.87,1.68,2747AH, STD ,6,9,393,-,160,170,160,160,160,,,,,,,,,,
1541,GA8074E,21-Feb-22,EASTERN,,474.42,70.81,3143AH-3152AH,STD,5,160,380,40/40,170,170,170,170,170,170,160,160,160,150,150,,,,
1542,GA14271E,21-Feb-22,PHIL-TOP,,251.7,60.17,2830AH-2835AH,STD,5,20,380,40/40,170,170,170,170,170,170,160,160,160,150,150,,,,
1543,KA4361E,21-Feb-22,INCON,,53.59,44.66,2843AH,STD,5,15,300,40/40,180,200,180,180,180,180,180,180,180,180,180,,,,
1544,VA4086E,21-Feb-22,ALPHATECH,,786.06,51.6,2514AH-2529AH,STD,3,20,34,40/40,160,160,160,140,140,140,130,,,,,,,,VACUUM ON
1545,WA3827E,22-Feb-22,EASTERN,,198.3,108.16,3141AH-3142AH,STD,7,30,180,40/40,210,210,190,190,180,180,180,160,140,140,,,,,VACUUM ON
1546,YA7822E,22-Feb-22,EASTERN,,194.59,66.72,3241AH-3244AH,STD,5,150,400,40/40,170,170,170,170,170,170,160,160,160,150,150,,,,
1547,DA13643E,22-Feb-22,Anilson Pkg.,,258.26,99.97,3259AH-3264AH,STD,5,20,380,60/60,170,170,170,170,170,170,160,160,160,150,150,,,,
1548,DA13643E,22-Feb-22,Anilson Pkg.,,49.2,84.34,3258AH,STD,5,20,380,60/60,170,170,170,170,170,170,160,160,160,150,150,,,,
1549,GA4921E,22-Feb-22,Evergood,,382,77.17,3249AH-3256AH,STD,5,340,380,40/40,170,170,170,170,170,160,160,160,160,150,150,,,,
1550,CA5402E,22-Feb-22,SMYPC-MPP,,4961.13,25.01,2904AH-3003AH,STD,3,2.5,10,40/40,120,110,110,110,110,110,100,,,,,,,,
1551,WA8512E,23-Feb-22,AMAZON,,6030.48,227.57,3004AH-3064AH,STD,7,22,200,40,170,160,160,150,150,140,140,140,130,130,,,,,VACUUM ON
1552,BA5516E,23-Feb-22,SMYPC-MPP,,2030.93,50.27,2572AH-2611AH,STD,5,200,300,40,105,105,100,100,100,100,100,100,100,110,110,,,,
1553,BA7883E,23-Feb-22,ALPHATECH,,173.87,69.09,2817AH-2820AH,STD,5,200,380,60/60,180,180,180,180,180,180,180,160,160,140,140,,,,
1554,BA3018E,23-Feb-22,Evergood,,246.89,84.17,2837AH-2841AH,STD,5,150,300,40/40,170,170,170,170,170,170,160,160,160,150,150,,,,
1555,BA3018E,23-Feb-22,Evergood,,50,66.67,3257AH,STD,5,150,300,40/40,170,170,170,170,170,170,160,160,160,150,150,,,,
1556,OA14302E,22-Feb-22,INCON,,101.43,60.86,3265AH-3267AH,STD,5,20,380,40/40,170,170,170,170,170,160,160,160,160,150,150,,,,
1557,GA9725E,18-Feb-22,Alphatech(corr),,175,76.09,3137AH-3140AH,STD,3,30,40,40/40,150,150,150,150,150,130,130,,,,,,,,
1558,WA15190E,15-Feb-22,NMH,,2012.21,236.73,2709AH-2729AH,STD,7,40,150,60/60,180,200,200,180,180,180,180,180,180,190,190,,,,VACUUM ON (52-62 PPG)
1559,BA7688E,24-Feb-22,EVEREST,,2012.05,78.65,3153AH-3193AH,STD,5,120,400,40/40,170,170,170,170,170,170,160,160,160,150,150,,,,VACUUM ON
1560,WA15190E,24-Feb-22,NMH,,6033.43,249.28,3282AH-3342AH,STD,7,40,150,60/60,180,200,200,180,180,180,180,180,180,190,190,,,,VACUUM ON (52-62 PPG)
1561,GA14271E,24-Feb-22,PHIL-TOP(corr),,252.47,77.68,3343AH-3347AH,STD,5,20,380,40/40,170,170,170,170,170,170,160,160,160,150,150,,,,
1562,BA15197E,21-Feb-22,MEXEY,,11.75,1.57,3245AH,STD,6,9,393,-,160,170,160,160,160,,,,,,,,,,
1563,WA15192E,27-Feb-22,KPC,,4069.08,223.99,3353AH-3394AH,STD,7,60,220,60/60,210,210,190,190,190,180,180,180,200,200,,,,,VACUUM ON
1564,BA9159E,28-Feb-22,EVEREST,,1490.65,92.02,3194AH-3224AH,STD,5,200,380,40/40,170,170,170,170,170,170,160,160,160,150,150,,,,
1565,WA11295E,28-Feb-22,BEVPACK,,2976.64,140.16,2873AH-2903AH,STD,7,130,120,40/40,180,180,180,180,180,180,180,180,160,160,,,,,VACUUM ON
1566,WA1400E,2-Mar-22,INCON,,209.01,313.52,3270AH-3271AH,STD,7,25,160,60/60,180,180,170,170,170,150,150,150,120,120,,,,,VACUUM ON
1567,KA9732E,1-Mar-22,Alphatech,,52.34,71.37,3269AH,STD,5,200,380,40/40,170,170,170,170,170,170,160,160,160,150,150,,,,
1568,WA15193E,21-Feb-22,KPC,,2917.5,149.62,3104AH-3134AH,STD,7,60-42,220,60/60,210,210,190,190,190,180,180,180,200,200,,,,,VACUUM ON
1569,BA15002E,23-Feb-22,MCBRIDE,,148.96,42.56,3276AH-3281AH,STD,5,110,200,40/40,220,220,220,220,220,220,220,220,220,220,230,230,,,90-100 ppg
1570,YA5124E,2-Mar-22,EVERGOOD,,510.27,76.54,3441AH-3451AH,STD,5,160,400,40/40,180,180,170,160,160,160,160,140,140,140,140,,,,
1571,WA1404E,2-Mar-22,CNJ,,24.52,105.09,3399AH,STD,7,15,300,40/40,170,170,160,150,150,140,140,140,120,120,,,,,VACUUM ON
1572,WA13183E,2-Mar-22,STAR PLASTIC,,250.88,167.25,3273AH-3275AH,STD,7,25,160,40/40,180,180,170,170,170,150,150,150,120,120,,,,,VACUUM ON
1573,RA7310E,2-Mar-22,GILVAN,,54.56,16.9,3403AH-3404AH,STD,5,150,220-250,40/40,170,170,170,170,170,170,160,160,160,150,150,,,,
1574,OA7922E,2-Mar-22,GILVAN,,54.56,43.65,3405AH-3406AH,STD,5,200,380,40/40,180,180,180,180,180,180,180,180,160,160,160,,,,
1575,MA11346E,2-Mar-22,GILVAN,,80.5,32.2,3400AH-3402AH,STD,5,10,420,40/40,170,170,170,170,170,170,160,160,160,150,150,,,,
1576,KA2871E,1-Mar-22,EVEREST,,749.52,86.14,3226AH-3240AH,STD,5,150,350,40/40,160,160,160,160,150,150,150,140,140,140,140,,,,VACUUM ON
1577,BA2091E,3-Mar-22,GREENPACK,,1260.4,96.09,3409AH-3434AH,STD,5,250,400,60/60,170,170,170,170,170,170,160,160,160,150,150,,,,Pelletizer RPM 320
1578,BA6822E,3-Mar-22,GREENPACK,,50,78.95,3435AH,STD,5,200,380,40/40,170,170,170,170,170,170,160,160,160,150,150,,,,Pelletizer RPM 255
1579,BA6822E,3-Mar-22,GREENPACK,,204.48,98.94,3436AH-3440AH,STD,5,200,400,40/40,170,170,170,170,170,170,160,160,160,150,150,,,,Pelletizer RPM 255
1580,WA15193E,3-Mar-22,KPC,,2256.35,255.44,3452AH-3474AH,STD,7,60-42,220,60/60,210,210,190,190,190,180,180,180,200,200,,,,,VACUUM ON
1581,TA11781E,4-Mar-22,SMYPC-MPP,,505.24,86.61,3475AH-3485AH,STD,5,15,250,40/40,170,170,170,170,170,170,160,160,160,150,150,,,,
1582,KA4309E,3-Mar-22,ZENAM,,131.6,96.96,3539AH-3541AH,STD,5,140,350,60/60,160,160,160,160,150,150,150,140,140,140,140,,,,
1583,GA4254E,4-Mar-22,INCON,,104.43,50.53,3537AH-3538AH,STD,5,150,300,40/40,180,200,180,180,180,180,180,180,180,180,180,,,,VACUUM ON
1584,WA1400E,4-Mar-22,ALLIED,,1020.16,260.47,3542AH-3551AH,STD,7,25,160,60/60,180,180,170,170,170,150,150,150,120,120,,,,,VACUUM ON
1585,BA15197E,4-Mar-22,MAXEY,,200,80,3526AH-3529AH,STD,5,20,380,60/60,170,170,170,170,170,170,160,160,160,150,150,,,,
1586,BA15197E,4-Mar-22,MAXEY,,117.55,100.76,3530AH-3532AH,STD,5,20,380,60/60,170,170,170,170,170,170,160,160,160,150,150,,,,
1587,WA15192E,5-Mar-22,KPC,,2935.25,153.54,3627AH-3657AH,STD,7,60,220,60/60,210,210,190,190,190,180,180,180,200,200,,,,,VACUUM ON
1588,WA2677E,5-Mar-22,ALLIED,,75,90,3533AH,STD,7,18.5,160,60/60,230,230,220,220,220,220,220,220,230,230,,,,,VACUUM ON
1589,WA2677E,5-Mar-22,ALLIED,,28,42,3534AH,STD,7,18.5,160,60/60,230,230,220,220,220,220,220,220,230,230,,,,,VACUUM ON
1590,BA5516E,5-Mar-22,SMYPC-MPP,,1000,63.49,3486AH-3505AH,STD,5,75,150,40,105,105,100,100,100,100,100,100,100,110,110,,,,
1591,BA5516E,4-Mar-22,SMYPC-MPP,,1027.38,57.88,3658AH-3678AH,STD,5,75,150,40,105,105,100,100,100,100,100,100,100,110,110,,,,
1592,BA5516E,6-Mar-22,SMYPC-MPP,,2637.72,60.92,3692AH-3744AH,STD,5,75,150,40,105,105,100,100,100,100,100,100,100,110,110,,,,
1593,BA12855E,7-Mar-22,CEBU HI Q,,121.64,25.52,3523AH-3525AH,STD,5,15,300,40/40,180,200,180,180,180,180,180,180,180,180,180,,,,
1594,BA14304E,7-Mar-22,PHIL-TOP,,256.45,66.32,3685AH-3690AH,STD,5,20,380,40/40,170,170,170,170,170,170,160,160,160,150,150,,,,
1595,WA11295E,8-Mar-22,BEVPACK,,26.04,24.04,3506AH,STD,1,80,400,40/40,120,140,150,150,150,150,150,150,140,140,,,,,
1596,WA15193E,8-Mar-22,KPC,,2967.9,194.62,3596AH-3626AH,STD,7,60-42,220,60/60,210,210,190,190,190,180,180,180,200,200,,,,,VACUUM ON
1597,KA14303E,8-Mar-22,PHIL-TOP,,246.05,82.02,3513AH-3517AH,STD,5,20,380,40/40,170,170,170,170,170,160,160,160,160,150,150,,,,
1598,GA14271E,8-Mar-22,PHIL-TOP,,252.03,54.39,3508AH-3512AH,STD,5,20,380,40/40,170,170,170,170,170,170,160,160,160,150,150,,,,
1599,YA12128E,8-Mar-22,21st Century,,254.47,38.53,3679AH-3684AH,STD,5,5.5,180,40,110,100,95,95,95,95,95,95,95,110,110,,,,
1600,YA15176E,8-Mar-22,MCBRIDE,,78.03,63.27,3779AH-3780AH,STD,5,20,380,40/40,170,170,170,170,170,170,160,160,160,150,150,,,,
1601,BA15197E,9-Mar-22,MAXEY,,187.7,54.94,3821AH-3824AH,STD,5,20,380,60/60,170,170,170,170,170,170,160,160,160,150,150,,,,
1602,BA6822E,9-Mar-22,GREENPACK(corr),,55.21,110.42,3753AH-3754AH,STD,5,200,380,40/40,170,170,170,170,170,170,160,160,160,150,150,,,,Pelletizer RPM 255
1603,BA6822E,9-Mar-22,GREENPACK,,8.96,53.76,3755AH,STD,5,200,380,40/40,170,170,170,170,170,170,160,160,160,150,150,,,,Pelletizer RPM 255
1604,OA2469E,9-Mar-22,H & E,,507.03,100.4,3825AH-3835AH,STD,5,160,380,40/40,170,170,170,170,170,170,160,160,160,150,150,,,,
1605,GA15181E,9-Mar-22,MCBRIDE,,77.01,46.21,3777AH; 3778AH,STD,5,20,380,40/40,170,170,170,170,170,170,160,160,160,150,150,,,,
1606,CA8905E,9-Mar-22,SMYPC-MPP,,2200,38.44,3552AH-3595AH,STD,3,5.3,115,40,115,100,90,90,90,110,110,,,,,,,,
1607,CA8905E,9-Mar-22,SMYPC-MPP,,1000,37.88,3757AH-3776AH,STD,3,5.3,115,40,115,100,90,90,90,110,110,,,,,,,,
1608,CA8905E,9-Mar-22,SMYPC-MPP,,1944.97,27.2,3781AH-3820AH,STD,3,5.3,115,40,115,100,90,90,90,110,110,,,,,,,,
1609,GA9725E,4-Mar-22,ALPHATECH,,25.25,6.29,3395AH-3396AH,STD,6,18,393,-,150,150,150,150,150,130,130,,,,,,,,
1610,GA9725E,9-Mar-22,ALPHATECH,,25,5.24,3845AH-3846AH,STD,6,18,393,-,170,170,160,160,160,,,,,,,,,,
1611,KA9732E,4-Mar-22,Alphatech(corr),,51.76,81.73,3535AH,STD,5,200,380,40/40,170,170,170,170,170,170,160,160,160,150,150,,,,
1612,KA9732E,4-Mar-22,Alphatech,,25,62.5,3536AH,STD,5,200,380,40/40,170,170,170,170,170,170,160,160,160,150,150,,,,
1613,WA15218E,5-Mar-22,NICE,,1281.07,29.97,3518AH-3522AH,STD,1,90,280,60/60,120,140,150,150,150,150,150,150,150,150,,,,,
1614,BA5516E,11-Mar-22,SMYPC-MPP(corr),,387.16,63.3,3745AH-3752AH,STD,5,75,150,40,105,105,100,100,100,100,100,100,100,110,110,,,,
1615,WA5870E,11-Mar-22,INCON,,142.96,214.44,3847AH,STD,7,46,160,80/80,200,200,200,180,180,170,170,150,120,120,,,,,VACUUM ON
1616,WA15193E,11-Mar-22,KPC(os/re-ext),,61.41,92.12,4006AH,STD,7,60-42,220,60/60,210,210,190,190,190,180,180,180,200,200,,,,,VACUUM ON
1617,WA15190E,11-Mar-22,NMH,,5963.76,230.11,3890AH-3950AH,STD,7,40,150,60/60,180,200,200,180,180,180,180,180,180,190,190,,,,VACUUM ON (52-62 PPG)
1618,YA6053E,12-Mar-22,EVEREST,,1752.38,77.37,3848AH-3883AH,STD,5,30,40,40/40,170,170,170,170,170,170,160,160,160,150,150,,,,VACUUM ON
1619,YA13953E,12-Mar-22,AG CANPRINT,,257.72,52.42,3884AH-3889AH,STD,5,20,380,40/40,170,170,170,170,170,170,160,160,160,150,150,,,,
1620,YA5188E,12-Mar-22,EVEREST,,381.9,72.74,3837AH-3844AH,STD,5,180,400,40/40,170,170,170,160,160,160,160,160,140,140,140,,,,
1621,BA15085E,12-Mar-22,EVEREST,,271.3,61.89,3955AH-3960AH,STD,3,30,40,40/40,150,150,150,150,150,130,130,,,,,,,,
1622,BA4701E,12-Mar-22,INCON,,100,50,3978AH-3979AH,STD,3,30,40,40/40,180,200,180,180,180,180,180,,,,,,,,
1623,KA12864E,14-Mar-22,SUMMIT,,98.63,27.65,3951AH-3952AH,STD,3,30,40,60/60,180,200,180,180,180,180,,,,,,,,,79-105 PPG
1624,IA12399E,14-Mar-22,SUMMIT,,96.12,48.06,3953AH-3954AH,STD,3,30,40,60/60,180,200,180,180,180,180,,,,,,,,,79-105 PPG
1625,WA1815E,14-Mar-22,NPPET GLOBAL,,95.18,190.36,3980AH,STD,7,35,150,60/60,180,200,180,180,170,170,160,160,150,130,130,,,,
1626,WA15229E,16-Mar-22,NICE,,200.48,26.5,4048AH,STD,1,75,250,40/40,120,140,175,175,175,175,175,175,150,150,,,,,
1627,WA15229E,14-Mar-22,NICE,,385.14,25.82,4061AH-4062AH,STD,1,75,250,40/40,120,140,175,175,175,175,175,175,150,150,,,,,
1628,WA12282E,14-Mar-22,PACKAGE WORLD,,2845.38,27.91,3994AH-4005AH,STD,1,22,150,60/60,150,150,150,150,140,140,140,140,130,130,,,,,
1629,BA15050E,14-Mar-22,PACKAGE WORLD,,45.78,45.78,1817AH,STD,3,6,26,40/40,130,130,130,130,130,120,120,,,,,,,,temp less 10°
1630,KA7129E,15-Mar-22,H&E,,51.63,61.96,4049AH,STD ,3,30,40,40/40,180,200,180,180,180,180,180,,,,,,,,
1631,MA4737E,15-Mar-22,EVEREST,,978.97,25.68,4008AH-4047AH,STD,5,65,400,40/40,160,160,160,160,160,150,150,150,150,150,150,,,,VACUUM ON
1632,GA8074E,16-Mar-22,IN-HOUSE,,772.76,79.53,4050AH-4060AH; 4082AH-4087AH,STD,3,8,16,40/40,140,130,130,130,120,120,120,,,,,,,,
1633,KA5796E,16-Mar-22,In-house(tmblr/rextrude),,256.63,57.03,4065AH-4066AH,STD,3,18,40,40/40,180,200,180,180,180,180,180,,,,,,,,
1634,KA5796E,16-Mar-22,Incon(corr),,23.47,46.94,4064AH,STD,3,18,40,40/40,180,200,180,180,180,180,180,,,,,,,,
1635,WA1400E,16-Mar-22,INCON,,198.63,297.95,4067AH-4068AH,STD,7,25,160,60/60,180,180,170,170,170,150,150,150,120,120,,,,,VACUUM ON
1636,WA5835E,16-Mar-22,CEBU JUNTRADE,,1226.7,219.72,3981AH-3993AH,STD,7,40,150,60/60,200,200,180,170,160,140,140,140,120,120,,,,,VACUUM ON
1637,WA15229E,17-Mar-22,NICE,,1074.9,28.6,4079AH-4081AH,STD,1,75,250,40/40,120,140,175,175,175,175,175,175,150,150,,,,,
1638,BA3925E,17-Mar-22,Evergood,,497.62,70.25,4134AH-4143AH,STD,3,30,40,40/40,150,150,150,150,150,130,130,,,,,,,,
1639,BA3925E,17-Mar-22,Evergood(tmblr/re-ext),,120.2,68.69,4144AH,STD,3,30,40,40/40,150,150,150,150,150,130,130,,,,,,,,
1640,BA9159E,17-Mar-22,Evergood,,272.69,74.37,4129AH-4160AH,STD,3,26,34,40/40,150,150,150,150,150,130,130,,,,,,,,VACUUM ON
1641,BA13023E,17-Mar-22,GENSTAR,,100,50,4071AH-4072AH,STD,3,30,40,40/40,150,150,150,150,150,130,130,,,,,,,,
1642,BA13023E,17-Mar-22,GENSTAR,,279.02,43.83,4073AH-4078AH,STD,3,30,40,40/40,150,150,150,150,150,130,130,,,,,,,,
1643,DA14064E,17-Mar-22,CDC,,258.06,58.43,4145AH-4150AH,STD,3,30,40,40/40,180,200,180,180,180,180,180,,,,,,,,
1644,IA1770E,17-Mar-22,EVERBRIGHT,,508.5,61.64,4088AH-4107AH,STD,5,270,400,40/40,160,160,160,160,160,160,150,150,150,140,140,,,,
1645,IA14034E,17-Mar-22,CDC,,123,55.07,4151AH-4153AH,STD,5,15,300,40/40,180,200,180,180,180,180,180,180,180,180,180,,,,
1646,GA9725E,17-Mar-22,EASTERN,,49.57,54.08,4154AH,STD,5,200,380,40/40,170,170,170,170,170,170,160,160,160,150,150,,,,
1647,IA12399E,17-Mar-22,SUMMIT,,91.31,24.9,4164AH; 4165AH,STD,5,15,300,60/60,180,200,180,180,180,180,180,180,180,180,180,,,,79-105 PPG
1648,YA6053E,18-Mar-22,EVEREST,,100,60,4162AH-4163AH,STD,3,30,40,40/40,150,150,150,150,150,130,130,,,,,,,,
1649,YA5188E,18-Mar-22,EVEREST,,48.68,53.11,4161AH,STD,3,8.3,40,40/40,140,130,130,130,130,130,130,,,,,,,,VACUUM ON
1650,WA3827E,18-Mar-22,MUZON,,356.22,49.48,4155AH-4158AH,STD,3,40,30,40/40,160,180,180,180,180,180,160,,,,,,,,
1651,IA1770E,19-Mar-22,EVERBRIGHT,,504.92,53.15,4108AH-4128AH,STD,3,15,32,40/40,150,150,150,150,150,130,130,,,,,,,,VACUUM ON
1652,WA15193E,19-Mar-22,KPC,,6045.82,230.17,4210AH-4271AH,STD,7,60-42,220,60/60,210,210,190,190,190,180,180,180,200,200,,,,,VACUUM ON
1653,GA9725E,19-Mar-22,EASTERN,,23.35,56.04,4208AH,STD,3,30,40,40/40,150,150,150,150,150,130,130,,,,,,,,
1654,GA9725E,19-Mar-22,EASTERN(tmblr/re-ext),,60.7,48.56,4209AH,STD,3,30,40,40/40,150,150,150,150,150,130,130,,,,,,,,
1655,GA7505E,19-Mar-22,TRADESPHERE,,99.81,47.91,4206AH-4207AH,STD,3,25,26,40/40,150,150,150,150,150,130,130,,,,,,,,VACUUM ON
1656,WA15229E,19-Mar-22,NICE,,2631,53.51,4198AH-4204AH,STD,5,50,200,40/40,200,200,200,180,180,180,180,180,180,200,,,,,
1657,SA14369E,21-Mar-22,RBV,,100.35,19.11,4335AH-4337AH,STD,3,3.5,28,40/40,150,150,150,150,150,130,130,,,,,,,,
1658,DA14064E,21-Mar-22,CDC(corr),,258,70.36,4276AH-4281AH,STD,3,30,40,40/40,180,200,180,180,180,180,180,,,,,,,,
1659,VA12751E,22-Mar-22,SUMMIT,,200.45,19.72,4338AH-4342AH,STD,3,30,40,60/60,180,200,180,180,180,180,180,,,,,,,,75-105 PPG / PP
1660,WA15229E,22-Mar-22,NICE(trial),,397.15,56.74,4282AH,STD,5,50,200,40/40,200,200,200,180,180,180,180,180,180,200,,,,,
1661,WA15229E,22-Mar-22,NICE,,2350,57.55,4329AH-4334AH,STD,5,50,200,40/40,200,200,200,180,180,180,180,180,180,200,,,,,
1662,RA4809E,23-Mar-22,MOLDEX,,1068.81,43.48,4343AH-4385AH,STD,3,30,40,60/60,160,180,180,180,180,180,160,,,,,,,,
1663,GA9050E,23-Mar-22,PCPC,,27.79,55.58,4306AH,STD,3,30,40,40/40,150,150,150,150,150,130,130,,,,,,,,
1664,WA11838E,23-Mar-22,NPPET GLOBAL,,218.83,175.06,4274AH-4275AH,STD,7,80,400,40/40,200,220,220,220,220,220,220,220,220,220,,,,,Coil Screw/vacuum on (90-100 PPG)
1665,WA15229E,24-Mar-22,NICE,,1776,56.32,4492AH-4493AH; 4495AH-4496AH,STD,5,50,200,40/40,200,200,200,180,180,180,180,180,180,200,,,,,
1666,WA15192E,25-Mar-22,KPC,,188.34,125.56,4318AH-4319AH,STD,7,60,220,60/60,210,210,190,190,190,180,180,180,200,200,,,,,VACUUM ON
1667,YA4249E,24-Mar-22,MOLDEX,,2258.4,64.53,4497AH-4542AH,STD,3,26,32,40/40,160,180,180,180,180,180,160,,,,,,,,
1668,GA7505E,24-Mar-22,TRADESPHERE(corr),,97.79,55.88,4316AH-4317AH,STD,3,25,26,40/40,150,150,150,150,150,130,130,,,,,,,,VACUUM ON
1669,WA15229E,25-Mar-22,NICE,,164,23.43,4494AH,STD,1,75,250,40/40,120,140,175,175,175,175,175,175,150,150,,,,,
1670,BA9094E,25-Mar-22,ZELLER,,179.12,53.74,4308AH-4311AH,STD,3,30,40,40/40,180,200,180,180,180,180,180,,,,,,,,
1671,WA15193E,25-Mar-22,KPC,,2063.51,226.34,4386AH-4406AH,STD,7,60-42,220,60/60,210,210,190,190,190,180,180,180,200,200,,,,,VACUUM ON
1672,YA7822E,25-Mar-22,EASTERN,,197.66,69.76,4312AH-4315AH,STD,3,22,26,40/40,150,150,150,150,150,130,130,,,,,,,,VACUUM ON
1673,WA15229E,25-Mar-22,NICE,,995.76,57.45,4544AH-4546AH,STD,5,50,200,40/40,200,200,200,180,180,180,180,180,180,200,,,,,
1674,GA12628E,26-Mar-22,PLEXCO,,131.63,57.23,4300AH-4302AH,STD,3,30,40,40/40,150,150,150,150,150,130,130,,,,,,,,
1675,BA12615E,26-Mar-22,PLEXCO,,128.19,54.94,4292AH-4294AH,STD,3,30,40,40/40,150,150,150,150,150,130,130,,,,,,,,
1676,BA7861E,26-Mar-22,SMYPC-MPP,,1011.86,75.42,4417AH-4436AH,STD,3,6.5,40,40/40,150,150,150,150,150,130,130,,,,,,,,
1677,GA9725E,25-Mar-22,ALPHATECH,,222.37,70.97,4295AH-4299AH,STD,3,30,40,40/40,150,150,150,150,150,130,130,,,,,,,,
1678,WA15229E,25-Mar-22,NICE(corr),,974.7,54.4,4547AH-4549AH,STD,5,50,200,40/40,200,200,200,180,180,180,180,180,180,200,,,,,
1679,SA14369E,28-Mar-22,RBV,,32.82,56.26,4543AH,STD,3,3.5,28,40/40,150,150,150,150,150,130,130,,,,,,,,
1680,VA4086E,28-Mar-22,ALPHATECH,,785.11,46.13,4476AH-4491AH,STD,3,20,34,40/40,160,160,160,140,140,140,130,,,,,,,,VACUUM ON
1681,RA12706E,28-Mar-22,PLEXCO,,130.52,55.94,4289AH-4291AH,STD,3,30,40,40/40,150,150,150,150,150,130,130,,,,,,,,
1682,DA9936E,28-Mar-22,TRADESPHERE,,31,25.83,4283AH,STD,1,80,400,40/40,120,140,150,150,150,150,150,150,140,140,,,,,
1683,WA15123E,28-Mar-22,GILVAN,,510.78,227.01,4284AH-4288AH,STD,7,50,220,60/60,200,200,200,180,180,180,180,180,180,200,200,,,,VACUUM ON
1684,WA13000E,28-Mar-22,PREMIER,,1459.88,246.74,4579AH-4593AH,STD,7,38,160,40/40,200,180,170,170,160,160,150,150,160,170,,,,,VACUUM ON
1685,WA15193E,28-Mar-22,KPC,,491.08,294.05,4639AH-4643AH,STD,7,60-42,220,60/60,210,210,190,190,190,180,180,180,200,200,,,,,VACUUM ON
1686,BA7861E,29-Mar-22,SMYPC-MPP,,1813.33,68.3,4437AH-4474AH,STD,3,6.5,40,40/40,150,150,150,150,150,130,130,,,,,,,,
1687,WA15193E,28-Mar-22,KPC,,99.3,198.6,4649AH,STD,7,60-42,220,60/60,210,210,190,190,190,180,180,180,200,200,,,,,VACUUM ON
1688,WA15193E,29-Mar-22,KPC,,825,233.49,4651AH-4659AH,STD,7,60-42,220,60/60,210,210,190,190,190,180,180,180,200,200,,,,,VACUUM ON
1689,WA15193E,29-Mar-22,KPC(corr),,114.76,208.65,4690AH,STD,7,60-42,220,60/60,210,210,190,190,190,180,180,180,200,200,,,,,VACUUM ON
1690,WA15193E,29-Mar-22,KPC,,455.79,35.52,4644AH-4648AH,STD,5,30,40,60/60,210,210,190,190,190,180,180,180,200,200,,,,,VACUUM ON
1691,DA5173E,30-Mar-22,EVEREST,,505.48,68.93,4628AH-4638AH,STD,3,10,20,40/40,130,130,130,130,130,120,120,,,,,,,,VACUUM ON
1692,DA5176E,30-Mar-22,EVEREST,,866.1,82.22,4610AH-4627AH,STD,3,17,12-8.3,40/40,130,115,120,120,115,115,115,,,,,,,,
1693,YA4249E,31-Mar-22,MOLDEX(tmblr),,63.75,57.95,4596AH-4597AH,STD,3,26,32,40/40,160,180,180,180,180,180,160,,,,,,,,
1694,WA15193E,31-Mar-22,KPC,,2356.57,65.76,4709AH-4728AH,STD,5,30,40,60/60,210,210,190,190,190,180,180,180,200,200,,,,,VACUUM ON
1695,WA15193E,31-Mar-22,KPC,,99.86,85.59,4749AH,STD,5,30,40,60/60,180,200,180,180,180,180,180,180,180,180,,,,,
1696,YA5124E,31-Mar-22,EVERGOOD,,501.68,63.77,4598AH-4608AH,STD,3,60,50,40/40,175,175,150,150,150,130,130,,,,,,,,
1697,GA14433E,31-Mar-22,TERUMO,,15.54,12.11,4691AH-4693AH,STD,1,55,250,40/40,180,200,180,180,180,180,180,180,180,180,,,,,3mmx3mm Pellet size
1698,TA14363E,31-Mar-22,TERUMO,,15.8,8.1,4697AH-4699AH,STD,1,55,250,40/40,180,200,180,180,180,180,180,180,180,180,,,,,3mmx3mm Pellet size
1699,YA14431E,31-Mar-22,TERUMO,,15.05,7.53,4694AH-4696AH,STD,1,55,250,40/40,180,200,180,180,180,180,180,180,180,180,,,,,3mmx3mm Pellet size
1700,WA14429E,31-Mar-22,TERUMO,,15.69,8.56,4700AH-4702AH,STD,1,80,250,40/40,180,200,180,180,180,180,180,180,180,180,180,,,,3mmx3mm Pellet size
1701,BA14432E,1-Apr-22,TERUMO,,15.37,54.25,4576AH-4578AH,STD,1,80,250,40/40,180,200,180,180,180,180,180,180,180,180,180,,,,3mmx3mm Pellet size
1702,OA14430E,1-Apr-22,TERUMO,,15.3,11.77,4573AH-4575AH,STD,1,80,250,40/40,180,200,180,180,180,180,180,180,180,180,180,,,,3mmx3mm Pellet size
1703,YA12705E,1-Apr-22,AG CANPRINT,,126.27,40.39,4703AH-4705AH,STD,3,19.5,40,40/40,150,150,150,150,150,130,130,,,,,,,,
1704,GA14252E,1-Apr-22,EVEREST,,113,55.57,4320AH-4322AH,STD,3,30,40,40/40,150,150,150,150,150,130,130,,,,,,,,
1705,GA14252E,1-Apr-22,Everest(corr),,10.24,47.29,4323AH,STD,3,30,40,40/40,150,150,150,150,150,130,130,,,,,,,,
1706,GA12628E,1-Apr-22,PLEXCO(corr),,129.6,70.05,4751AH-4753AH,STD,3,30,40,40/40,150,150,150,150,150,130,130,,,,,,,,
1707,RA12706E,1-Apr-22,PLEXCO,,126.03,59.08,4555AH-4557AH,STD,3,30,40,40/40,150,150,150,150,150,130,130,,,,,,,,
1708,BA12861E,1-Apr-22,AG CANPRINT,,112.59,32.5,4706AH-4708AH,STD,3,30,40,40/40,180,200,180,180,180,180,180,,,,,,,,
1709,BA12615E,1-Apr-22,PLEXCO,,127.37,50.95,4558AH-4560AH,STD,3,30,40,40/40,150,150,150,150,150,130,130,,,,,,,,
1710,WA15193E,1-Apr-22,KPC,,98,78.4,4572AH,STD,5,30,40,60/60,180,200,180,180,180,180,180,180,180,180,,,,,
1711,WA5870E,1-Apr-22,INCON,,144.69,82.68,4324AH-4325AH,STD,5,20,380,80/80,170,170,170,170,170,170,160,160,160,150,150,,,,
1712,WA13000E,1-Apr-22,PREMIER,,34.19,51.19,4750AH,STD,5,20,380,40/40,170,170,170,170,170,170,160,160,160,150,150,,,,
1713,WA11838E,1-Apr-22,MCBRIDE,,315.06,52.51,4326AH-4328AH, STD ,5,180,380,40/40,200,220,220,220,220,220,220,220,220,220,220,,,,
1714,YA5124E,1-Apr-22,EVERGOOD,,32.89,51.93,4609AH,STD,3,60,50,40/40,175,175,150,150,150,130,130,,,,,,,,
1715,WA15193E,2-Apr-22,KPC,,2353,66.91,4754AH-4773AH,STD,5,30,40,60/60,180,200,180,180,180,180,180,180,180,180,,,,,
1716,VA4086E,2-Apr-22,ALPHATECH,,1481.57,51.53,4660AH-4689AH,STD,3,20,34,40/40,160,160,160,140,140,140,130,,,,,,,,VACUUM ON
1717,GA13854E,2-Apr-22,RE-IMAGINE,,55.64,37.09,4553AH-4554AH,STD,1,80,400,40/40,120,140,150,150,150,150,150,150,140,140,,,,,
1718,BA7861E,2-Apr-22,SMYPC-MPP,,9.9,6.53,4777AH,STD,1,80,400,40/40,120,140,150,150,150,150,150,150,140,140,,,,,
1719,KA3541E,2-Apr-22,ZELLER,,54.77,25.47,4551AH,STD,1,80,400,40/40,180,200,180,180,180,180,180,180,180,180,,,,,
1720,BA3435E,2-Apr-22,ZELLER,,54.19,27.1,4552AH,STD,1,80,400,40/40,180,200,180,180,180,180,180,180,180,180,,,,,
1721,GA3538E,2-Apr-22,ZELLER,,51.06,23.03,3398AH,STD,1,80,400,40/40,180,200,180,180,180,180,180,180,180,180,,,,,
1722,RA5277E,4-Apr-22,EVERGOOD,,513.55,78.01,4561AH-4571AH,STD,3,36,40,40/40,150,150,150,150,150,130,130,130,,,,,,,VACUUM ON
1723,DA5176E,4-Apr-22,EVEREST(corr),,867.45,49.81,4889AH-4906AH,STD,1,80,400,40/40,120,140,150,150,150,150,150,150,140,140,,,,,
1724,WA15193E,4-Apr-22,KPC,,712,70.15,4831AH-4836AH,STD,5,30,40,60/60,180,200,180,180,180,180,180,180,180,180,,,,,
1725,WA15193E,4-Apr-22,KPC,,1587.78,72.39,4839AH-4854AH,STD,5,30,40,60/60,180,200,180,180,180,180,180,180,180,180,,,,,
1726,WA15193E,4-Apr-22,KPC,,98.01,73.51,4855AH,STD,5,30,40,60/60,180,200,180,180,180,180,180,180,180,180,,,,,
1727,WA15193E,4-Apr-22,KPC,,300,72.29,4856AH-4858AH,STD,5,30,40,60/60,180,200,180,180,180,180,180,180,180,180,,,,,
1728,MA4088E,8-Apr-22,STARKSON,,50,33.33,4778AH-4779AH,STD,1,80,400,40/40,120,140,150,150,150,150,150,150,140,140,,,,,
1729,MA4088E,5-Apr-22,STARKSON,,842.61,59.69,4780AH-4813AH,STD,3,7,18,40/40,130,120,110,110,110,110,120,,,,,,,,VACUUM ON
1730,DA5173E,5-Apr-22,Everest(corr),,532.97,40.48,4907AH-4916AH,STD,1,80,400,40/40,120,140,150,150,150,150,150,150,140,140,,,,,
1731,MA7758E,5-Apr-22,CYBERMANN,,277.85,49.03,4867AH-4877AH,STD,3,6,20,40/40,150,150,180,200,200,200,210,,,,,,,,
1732,GA4254E,5-Apr-22,INCON,,105.5,30.14,4917AH-4919AH,STD,1,80,400,40/40,180,200,180,180,180,180,180,180,180,180,,,,,Coil Screw
1733,GA3538E,6-Apr-22,ZELLER(corr),,49.25,26.86,5033AH,STD,1,80,400,40/40,180,200,180,180,180,180,180,180,180,180,,,,,
1734,GA14252E,6-Apr-22,Everest(corr),,125,38.46,4924AH-4926AH,STD,1,80,400,40/40,120,140,150,150,150,150,150,150,140,140,,,,,
1735,GA14252E,6-Apr-22,EVEREST,,10,24,4927AH,STD,1,80,400,40/40,120,140,150,150,150,150,150,150,140,140,,,,,
1736,OA5352E,6-Apr-22,EVEREST,,254.38,52.45,4999AH-5004AH,STD,3,30,40,40/40,150,150,150,150,150,130,130,,,,,,,,
1737,OA14302E,6-Apr-22,INCON,,103.49,53.99,4920AH-4922AH,STD,3,30,40,40/40,150,150,150,150,150,130,130,,,,,,,,
1738,YA5124E,6-Apr-22,EVERGOOD,,495.34,59.44,4989AH-4998AH,STD,3,60,50,40/40,175,175,150,150,150,130,130,,,,,,,,
1739,YA5917E,6-Apr-22,EVERGOOD,,376.85,48.11,4859AH-4866AH,STD,3,8.3,26,40/40,150,150,150,150,150,130,130,,,,,,,,
1740,WA15190E,6-Apr-22,NMH,,6015.53,74.39,4928AH-4988AH,STD,5,15,300,60/60,180,200,180,180,180,180,180,180,180,180,180,,,,(52-62 PPG)
1741,YA14431E,6-Apr-22,TERUMO,,12.6,6.3,5154AH-5156AH,STD,1,55,250,40/40,180,200,180,180,180,180,180,180,180,180,,,,,3mmx3mm Pellet size
1742,GA8074E,7-Apr-22,Polytechnique,,500.37,30.79,5023AH-5032AH,STD,1,80,400,40/40,120,140,150,150,150,150,150,150,140,140,,,,,
1743,BA13023E,7-Apr-22,GENSTAR,,206.51,45.89,5005AH-5009AH,STD,3,30,40,40/40,150,150,150,150,150,130,130,,,,,,,,
1744,OA14430E,6-Apr-22,TERUMO,,7.5,15,5165AH,STD,1,80,250,40/40,180,200,180,180,180,180,180,180,180,180,180,,,,3mmx3mm Pellet size
1745,BA4140E,7-Apr-22,EVERBRIGHT,,612.98,56.85,5037AH-5061AH,STD,3,30,40,60/60,150,150,150,150,150,130,130,,,,,,,,
1746,MA7758E,7-Apr-22,CYBERMANN,,102.03,53.7,5115AH-5118AH,STD,3,6.6,28,40/40,180,200,180,180,180,180,180,,,,,,,,
1747,GA9725E,7-Apr-22,ALPHATECH,,49.07,5.17,5189AH,STD,6,18,393,-,170,170,160,160,160,-,160,,,,,,,,
1748,BA7924E,8-Apr-22,AMAZON,,596.89,37.8,5131AH-5142AH; 5195AH,STD,3,7.1,35,40/40,150,140,130,130,140,140,140,,,,,,,,
1749,BA15197E,8-Apr-22,MAXEY,,502,58.83,5143AH-5153AH,STD,3,30,40,60/60,150,150,150,150,150,130,130,,,,,,,,
1750,OA14430E,8-Apr-22,TERUMO,,8.75,10.5,5209AH-5210AH,STD,1,80,250,40/40,180,200,180,180,180,180,180,180,180,180,180,,,,3mmx3mm Pellet size
1751,YA14431E,8-Apr-22,TERUMO(re-ext),,11.56,3.65,5211AH-5213AH,STD,1,55,250,40/40,180,200,180,180,180,180,180,180,180,180,,,,,3mmx3mm Pellet size
1752,WA3827E,8-Apr-22,ULTRAPLAS,,268.55,29.57,5128AH-5130AH,STD,1,80,400,40/40,160,180,180,180,180,180,180,180,160,160,,,,,
1753,MA4088E,8-Apr-22,STARKSON(corr),,120.35,29.47,5180AH-5184AH,STD,1,80,400,40/40,120,140,150,150,150,150,150,150,140,140,,,,,COIL SCREW
1754,BA14304E,8-Apr-22,PHIL-TOP,,302.23,26.55,5017AH-5022AH,STD,1,80,400,40/40,120,140,150,150,150,150,150,150,140,140,,,,,
1755,RA12372E,11-Apr-22,SPI,,515.12,60.25,4878AH-4888AH,STD,3,30,40,60/60,150,150,150,150,150,130,130,,,,,,,,
1756,VA4086E,11-Apr-22,ALPHATECH,,836.4,55.45,5098AH-5114AH,STD,3,20,34,40/40,160,160,160,140,140,140,130,,,,,,,,VACUUM ON
1757,VA4086E,11-Apr-22,Alphatech(corr),,197.2,71.71,5185AH-5188AH,STD,3,20,34,40/40,160,160,160,140,140,140,130,,,,,,,,VACUUM ON
1758,GA5575E,9-Apr-22,UNITED ASIA,,380.8,45.7,5119AH-5127AH,STD,3,25,26,60/60,150,150,150,150,150,130,130,,,,,,,,VACUUM ON
1759,BA9159E,9-Apr-22,EVEREST,,245.61,47.23,5190AH-5194AH,STD,3,26,34,40/40,150,150,150,150,150,130,130,,,,,,,,VACUUM ON
1760,WA15151E,9-Apr-22,PACKAGE WORLD,,3118.48,57.4,5167AH-5179AH,STD,5,9,260,40/40,140,160,160,160,160,150,150,150,140,140,,,,,
1761,WA8217E,9-Apr-22,TRADESPHERE,,50,42.86,5196AH,STD,5,20,380,40/40,170,170,170,170,170,160,160,160,160,150,150,,,,
1762,GA2595E,11-Apr-22,ALLIED,,195.61,21.07,5157AH-5164AH,STD,1,85,400,40/40,200,220,220,220,220,220,220,220,220,220,,,,,VACUUM ON/COIL SCREW
1763,BA12861E,11-Apr-22,AG CANPRINT,,46,11.04,5036AH,STD,1,80,400,40/40,180,200,180,180,180,180,180,180,180,180,,,,,
1764,CA8905E,12-Apr-22,SMYPC-MPP,,2000,43.24,5283AH-5322AH,STD,8,5,150,40,130,130,120,120,120,110,110,110,100,100,120,120,,,
1765,YA7418E,12-Apr-22,EVEREST,,246.32,86.43,5198AH-5202AH,STD,8,15,320,40/40,170,170,170,170,160,160,160,160,160,160,150,150,,,
1766,YA5124E,12-Apr-22,EVERGOOD(corr),,47.9,63.87,5220AH,STD,8,10,250,40/40,170,170,170,170,160,160,160,160,160,160,150,150,,,
1767,ZA4789E,12-Apr-22,ISLAND,,100.87,25.43,5218AH-5219AH,STD,1,80,400,60/60,180,180,180,180,170,170,170,160,140,150,150,,,,
1768,BA12556E,12-Apr-22,PACKAGE WORLD,,3125,58.69,5323AH-5335AH,STD,5,25,140,60/60,140,150,160,160,160,160,160,160,160,160,150,150,,,
1769,BA5516E,12-Apr-22,SMYPC-MPP,,1001.9,44.2,5336AH-5355AH,STD,3,5.5,15,40,130,130,120,120,120,110,110,,,,,,,,VACUUM ON
1770,GA9725E,12-Apr-22,ALPHATECH,,4.58,4.43,5377AH,STD,6,18,393,-,170,170,160,160,160,,,,,,,,,,
1771,BA13023E,7-Apr-22,GENSTAR,,49,51.58,5010AH,STD,3,30,40,40/40,150,150,150,150,150,130,130,,,,,,,,
1772,BA5516E,13-Apr-22,SMYPC-MPP,,185,28.46,5367AH-5370AH,STD,3,5.5,15,40,130,130,120,120,120,110,110,,,,,,,,VACUUM ON
1773,BA9159E,13-Apr-22,EVEREST,,1252.9,67.72,5450AH-5474AH,STD,3,26,34,40/40,150,150,150,150,150,130,130,,,,,,,,VACUUM ON
1774,BA5516E,13-Apr-22,SMYPC-MPP,,96.3,42.8,5372AH-5373AH,STD,3,5.5,15,40,130,130,120,120,120,110,110,,,,,,,,VACUUM ON
1775,BA5516E,13-Apr-22,SMYPC-MPP,,98.05,51.16,5374AH-5375AH,STD,3,5.5,15,40,130,130,120,120,120,110,110,,,,,,,,VACUUM ON
1776,BA5516E,13-Apr-22,SMYPC-MPP,,48.07,52.44,5376AH,STD,3,5.5,15,40,130,130,120,120,120,110,110,,,,,,,,VACUUM ON
1777,KA11750E,14-Apr-22,Alphatech,,52.16,49.68,5205AH,STD,3,30,40,40/40,180,200,180,180,180,180,180,,,,,,,,
1778,OA11759E,14-Apr-22,Alphatech,,49.55,47.95,5206AH,STD,3,30,40,40/40,180,200,180,180,180,180,180,,,,,,,,
1779,GA5520E,14-Apr-22,H & E,,79.52,44.18,5203AH-5204AH,STD,3,10,45,40/40,140,140,140,140,140,120,120,,,,,,,,VACUUM ON
1780,MA4088E,15-Apr-22,STARKSON(corr),,1141.37,58.83,5475AH-5520AH,STD,3,7,18,40/40,130,120,110,110,110,110,120,,,,,,,,VACUUM ON
1781,VA4086E,15-Apr-22,ALPHATECH,,788,51.56,5613AH-5628AH,STD,3,20,34,40/40,160,160,160,140,140,140,130,,,,,,,,VACUUM ON
1782,VA4086E,15-Apr-22,ALPHATECH,,46.7,50.95,5630AH,STD,3,20,34,40/40,160,160,160,140,140,140,130,,,,,,,,VACUUM ON
1783,VA4086E,18-Apr-22,EASTERN(corr),,420.45,51.8,5378AH-5386AH,STD,3,20,34,40/40,160,160,160,140,140,140,130,,,,,,,,VACUUM ON
1784,WA15193E,15-Apr-22,KPC,,1149.8,75.4,5207AH; 5221AH-5231AH,STD,5,30,40,60/60,180,200,180,180,180,180,180,180,180,180,,,,,
1785,WA15192E,18-Apr-22,KPC,,4461.9,95.1,5232AH-5276AH,STD,5,30,40,60/60,180,200,180,180,180,180,180,180,180,180,,,,,
1786,BA5516E,15-Apr-22,SMYPC-MPP,,2987.7,56.84,5521AH-5580AH,STD,8,7,160,40,105,105,100,100,100,100,100,100,100,110,110,,,,
1787,CA8905E,15-Apr-22,SMYPC-MPP,,972.4,44.95,5581AH-5600AH,STD,8,5,150,40,130,130,120,120,120,110,110,110,100,100,120,120,,,
1788,WA15193E,18-Apr-22,KPC,,561,85.65,5419AH-5424AH,STD,5,30,40,60/60,180,200,180,180,180,180,180,180,180,180,,,,,
1789,WA5870E,19-Apr-22,INCON,,47.37,56.84,5418AH,STD,3,30,40,80/80,150,150,150,150,150,130,130,,,,,,,,
1790,BA5516E,18-Apr-22,SMYPC-MPP,,589.37,54.83,5601AH-5612AH,STD,8,7,160,40,105,105,100,100,100,100,100,100,100,110,110,,,,
1791,RA7886E,19-Apr-22,EASTERN,,203.21,73.89,5387AH-5391AH,STD,3,50,40,40/40,120,140,150,150,150,150,150,150,140,140,,,,,
1792,GA14271E,6-Apr-22,PHIL-TOP,,253.8,41.16,5011AH-5016AH,STD,1,80,400,40/40,120,140,150,150,150,150,150,150,140,140,,,,,
1793,YA14431E,7-Apr-22,TERUMO(re-ext),,2.5,7.5,5217AH,STD,1,55,250,40/40,180,200,180,180,180,180,180,180,180,180,,,,,3mmx3mm Pellet size
1794,WA15151E,20-Apr-22,PACKAGE WORLD,,3059.54,58.09,5631AH-5642AH,STD,5,9,260,40/40,140,160,160,160,160,150,150,150,140,140,,,,,
1795,WA15193E,20-Apr-22,KPC,,2457.65,70.22,5425AH-5449AH,STD,3,30,40,60/60,180,200,180,180,180,180,180,,,,,,,,
1796,OA8984E,20-Apr-22,EVEREST,,555.04,51.71,5738AH-5749AH,STD,8,10,250,40/40,170,170,170,170,160,160,160,160,160,160,150,150,,,
1797,RA4809E,21-Apr-22,MOLDEX,,1286.13,75.29,5392AH-5417AH,STD,8,16,220,60/60,180,180,170,170,170,170,170,170,180,180,,,,,
1798,WA6947E,21-Apr-22,ATLANTA,,431.28,53.91,5750AH-5754AH,STD,3,8.3,20,40/40,180,200,180,180,180,180,180,,,,,,,,
1799,WA6947E,21-Apr-22,ATLANTA(tmblr),,317,61.35,5755AH,STD,3,8.3,20,40/40,180,200,180,160,150,150,180,,,,,,,,
1800,GA8074E,22-Apr-22,EASTERN,,198,76.65,5657AH-5660AH,STD,3,8,16,40/40,140,130,130,130,120,120,120,,,,,,,,
1801,GA9050E,22-Apr-22,ERTESS,,171.2,51.36,5734AH-5737AH,STD,3,30,40,40/40,150,150,150,150,150,130,130,,,,,,,,
1802,GA5520E,22-Apr-22,H & E,,80.5,44.72,5873AH-5874AH,STD,3,10,45,40/40,140,140,140,140,140,120,120,,,,,,,,VACUUM ON
1803,OA11689E,22-Apr-22,EVEREST,,224.85,48.53,5702AH-5706AH,STD,3,15,25,40/40,180,200,180,180,180,180,180,,,,,,,,
1804,YA12128E,22-Apr-22,21st Century,,506.68,42.94,5646AH-5656AH,STD,3,30,40,40,150,150,150,150,150,130,130,,,,,,,,
1805,KA2871E,22-Apr-22,EVEREST,,1234.54,80.25,5709AH-5733AH,STD,8,15,350,40/40,170,170,170,170,160,160,160,160,160,160,150,150,,,
1806,RA15101E,22-Apr-22,21st Century,,2001.59,111.2,5661AH-5701AH,STD,8,18,300,40/40,170,170,170,170,160,160,160,160,160,160,,,,,
1807,GA9725E,23-Apr-22,ALPHATECH,,49.51,33.01,5883AH-5884AH,STD,1,200,380,40/40,170,170,170,170,170,170,160,160,160,150,150,,,,
1808,BA12556E,23-Apr-22,PACKAGE WORLD,,3006.44,58.47,5814AH-5825AH,STD,5,25,140,60/60,140,150,160,160,160,160,160,160,160,160,150,150,,,
1809,GA6246E,23-Apr-22,PLASTIMER,,74.12,55.59,5707AH-5708AH,STD,3,22,36,40/40,180,200,180,180,180,180,180,,,,,,,,
1810,IA1770E,24-Apr-22,EVERBRIGHT,,996.7,65.14,5756AH-5795AH,STD,3,15,32,40/40,150,150,150,150,150,130,130,,,,,,,,VACUUM ON
1811,BA2091E,23-Apr-22,CEBU HI Q,,739.08,78.63,5799AH-5813AH,STD,8,11,260,60/60,170,170,170,170,160,160,160,160,160,160,150,150,,,
1812,BA6822E,23-Apr-22,Cebu Hi Q,,121.65,51.4,5796AH-5798AH,STD,8,15-16,350,40/40,170,170,170,170,170,160,160,160,160,160,160,160,,,
1813,BA9159E,25-Apr-22,EVEREST,,755.07,84.21,5833AH-5848AH,STD,8,15,300,40/40,170,170,170,170,170,170,170,170,170,170,160,160,,,
1814,BA7883E,25-Apr-22,ALPHATECH,,306.96,71.94,5826AH-5832AH,STD,8,11,300,60/60,180,170,170,170,170,170,170,170,170,170,160,160,,,
1815,BA15085E,25-Apr-22,EVEREST,,167.58,49.53,5885AH-5888AH,STD,8,15-16,350,40/40,170,170,170,170,170,160,160,160,160,160,160,160,,,
1816,GA9050E,24-Apr-22,ERTESS(corr),,169.43,53.5,5928AH-5931AH,STD,3,30,40,40/40,150,150,150,150,150,130,130,,,,,,,,
1817,OA8984E,25-Apr-22,EVEREST,,381.16,63.18,5849AH-5856AH,STD,3,8.5,32,40/40,150,150,150,150,150,130,130,,,,,,,,
1818,KA5796E,25-Apr-22,H & E,,51.28,20.79,5643AH,STD,1,80,400,40/40,180,200,180,180,180,180,180,180,180,180,,,,,
1819,OA8984E,25-Apr-22,EVEREST(corr),,557.86,75.22,5911AH-5921AH,STD,3,8.5,32,40/40,150,150,150,150,150,130,130,,,,,,,,
1820,CA1578E,26-Apr-22,JR HOLSTER,,104.36,83.49,5925AH-5927AH,STD,8,15,300,40/40,170,170,170,170,170,170,160,160,160,160,160,160,,,
1821,BA5516E,26-Apr-22,SMYPC-MPP,,244.79,59.46,5875AH-5879AH,STD,8,7,160,40,105,105,100,100,100,100,100,100,100,110,110,,,,
1822,KA4309E,26-Apr-22,ZENAM,,120.02,45.01,5922AH-5924AH,STD,3,8.5,20,60/60,150,150,150,150,150,130,130,,,,,,,,
1823,KA9732E,26-Apr-22,Alphatech,,28.41,85.23,5908AH,STD,3,12,30,40/40,150,150,150,150,150,130,130,,,,,,,,
1824,KA9732E,26-Apr-22,Alphatech(corr),,25,50,5909AH,STD,3,12,30,40/40,150,150,150,150,150,130,130,,,,,,,,
1825,WA15229E,26-Apr-22,NICE,,1225,57.65,5905AH-5907AH,STD,5,50,200,40/40,200,200,200,180,180,180,180,180,180,200,,,,,
1826,WA5835E,27-Apr-22,CEBU JUNTRADE,,475,259.09,5857AH-5861AH,STD,7,40,150,60/60,200,200,180,170,160,140,140,140,120,120,,,,,VACUUM ON
1827,WA13183E,26-Apr-22,STAR PLASTIC,,249.48,189.48,5880AH-5882AH,STD,7,25,160,40/40,180,180,170,170,170,150,150,150,120,120,,,,,VACUUM ON
1828,VA4086E,26-Apr-22,ALPHATECH,,797.5,79.64,5889AH-5904AH,STD,8,9,300,40/40,170,170,170,170,170,160,160,160,160,160,160,160,,,
1829,VA4086E,26-Apr-22,EASTERN,,482.58,50.27,5943AH-5952AH,STD,8,9,300,40/40,170,170,170,170,170,160,160,160,160,160,160,160,,,
1830,OA11689E,27-Apr-22,EVEREST(corr),,296.4,60.28,5961AH-5966AH,STD,3,15,25,40/40,180,200,180,180,180,180,180,,,,,,,,
1831,WA3827E,27-Apr-22,EASTERN,,486.32,52.96,5936AH-5940AH,STD,3,40,30,40/40,160,180,180,180,180,180,160,,,,,,,,
1832,WA1400E,28-Apr-22,INCON,,298.01,74.5,5932AH-5934AH,STD,5,25,160,60/60,170,170,170,170,170,170,160,160,160,150,150,,,,
1833,WA6947E,28-Apr-22,ATLANTA,,48.2,57.84,5953AH,STD,5,15,300,40/40,180,200,180,180,180,180,180,180,180,180,180,,,,
1834,BA2091E,28-Apr-22,CEBU HI Q(corr),,749.83,79.64,5968AH-5982AH,STD,8,11,260,60/60,170,170,170,170,160,160,160,160,160,160,150,150,,,
1835,RA4809E,28-Apr-22,MOLDEX(corr),,89.64,52.73,5941AH-5942AH,STD,3,30,40,60/60,160,180,180,180,180,180,160,,,,,,,,
1836,GA9050E,28-Apr-22,ALPHATECH,,252.25,57.33,5956AH-5960AH,STD,3,30,40,40/40,150,150,150,150,150,130,130,,,,,,,,
1837,GA9050E,22-Apr-22,ERTESS(corr),,166.79,61.02,5984AH-5987AH,STD,3,30,40,40/40,150,150,150,150,150,130,130,,,,,,,,
1838,WA6947E,28-Apr-22,ATLANTA,,179.94,63.51,6007AH-6010AH,STD,5,15,300,40/40,180,200,180,180,180,180,180,180,180,180,180,,,,
1839,BA15085E,29-Apr-22,EVEREST,,150.64,79.99,5997AH-5999AH,STD,8,15-16,350,40/40,170,170,170,170,170,160,160,160,160,160,160,160,,,
1840,RA11649E,29-Apr-22,MILLERS,,54.72,30.97,6042AH,STD,3,26,6.5,60/60,180,200,180,180,180,180,180,,,,,,,,
1841,BA7883E,28-Apr-22,Alphatech(corr),,302.95,68.95,6000AH-6006AH,STD,3,7.3,35,60/60,160,180,180,180,180,180,160,,,,,,,,VACUUM ON
1842,VA4086E,29-Apr-22,ALPHATECH,,787.61,55.73,6044AH-6059AH,STD,3,20,34,40/40,160,160,160,140,140,140,130,,,,,,,,VACUUM ON
1843,RA7310E,29-Apr-22,Phil-top,,128.21,40.07,6060AH-6062AH,STD,3,12,6,40/40,160,140,140,160,140,140,140,,,,,,,,
1844,BA15197E,30-Apr-22,MAXEY,,500,82.19,6069AH-6078AH,STD,8,15,350,60/60,170,170,170,170,170,170,160,160,160,150,150,,,,
1845,BA12618E,30-Apr-22,PHIL-TOP,,129.54,55.92,6063AH-6065AH,STD,8,7.2,300,40/40,170,170,170,170,170,170,160,160,160,150,150,,,,
1846,WA15123E,30-Apr-22,GILVAN,,2600,236.36,6015AH-6041AH,STD,7,50,220,60/60,200,200,200,180,180,180,180,180,180,200,200,,,,VACUUM ON
1847,WA15123E,29-Apr-22,GILVAN,,381.14,127.05,6011AH-6014AH,STD,5,20,380,60/60,170,170,170,170,170,170,160,160,160,150,150,,,,
1848,WA3827E,2-May-22,ULTRAPLAS,,58.05,40.98,6087AH-6088AH,STD,5,20,380,40/40,180,180,180,180,180,180,180,180,160,160,140,,,,VACUUM ON
1849,BA4140E,2-May-22,EVERBRIGHT,,989.45,58.78,6090AH-6129AH,STD,8,14.5,300,60/60,170,170,170,170,160,160,160,160,160,160,150,150,,,
1850,BA15197E,2-May-22,MAXEY,,755.83,81.27,6130AH-6145AH,STD,8,15,350,60/60,170,170,170,170,170,170,160,160,160,150,150,,,,
1851,GA15221E,2-May-22,PHIL-TOP,,137.2,52.77,6066AH-6068AH,STD,3,30,40,40/40,150,150,150,150,150,130,130,,,,,,,,
1852,YA4249E,2-May-22,MOLDEX,,248.35,63.14,6081AH-6085AH,STD,3,26,32,40/40,160,180,180,180,180,180,160,,,,,,,,
1853,BA9159E,4-May-22,EVEREST,,1486.46,85.76,6233AH-6263AH,STD,8,15,300,40/40,170,170,170,170,170,170,170,170,170,170,160,160,,,
1854,BA2091E,3-May-22,CEBU HI Q,,492.95,70.42,6202AH-6211AH,STD,8,11,260,60/60,170,170,170,170,160,160,160,160,160,160,150,150,,,
1855,KA9045E,4-May-22,EVEREST,,1245.15,72.18,6264AH-6289AH,STD,3,14,26,40/40,170,170,170,170,150,150,150,,,,,,,,VACUUM ON
1856,IA1770E,3-May-22,EVERBRIGHT,,996.91,52.93,6146AH-6185AH,STD,3,15,32,40/40,150,150,150,150,150,130,130,,,,,,,,VACUUM ON
1857,GA13527E,5-May-22,GREENPACK,,750.39,80.4,6186AH-6201AH,STD,8,16,200,40/40,170,170,170,170,170,170,160,160,160,150,150,,,,
1858,YA13953E,5-May-22,AG CANPRINT,,247.16,54.92,6313AH-6317AH,STD,3,30,40,40/40,150,150,150,150,150,130,130,,,,,,,,
1859,YA6053E,5-May-22,EVEREST,,936.65,57.23,6213AH-6232AH,STD,3,30,40,40/40,150,150,150,150,150,130,130,,,,,,,,
1860,YA4249E,6-May-22,MOLDEX,,2184.27,62.14,6323AH-6366AH,STD,3,26,32,40/40,160,180,180,180,180,180,160,,,,,,,,
1861,BA13023E,6-May-22,GENSTAR,,374.77,47.84,6301AH-6308AH,STD,8,7.8,250,40/40,170,170,170,170,170,160,160,160,160,160,150,,,,
1862,BA12618E,6-May-22,PHIL-TOP(corr),,144.82,57.93,6320AH-6322AH,STD,8,7.2,300,40/40,170,170,170,170,170,170,160,160,160,150,150,,,,
1863,BA7883E,6-May-22,ALPHATECH,,16.76,40.22,6293AH,STD,8,7.3,35,60/60,180,170,170,170,170,170,170,170,170,170,160,160,,,
1864,RA7487E,6-May-22,GENSTAR,,126.1,79.64,6298AH-6300AH,STD,8,7.3,35,60/60,180,170,170,170,170,170,170,170,170,170,160,160,,,
1865,QA0851E,6-May-22,COFTA,,105.91,49.65,6290AH-6292AH,STD,8,10,220,40/40,170,170,170,170,160,160,160,160,160,150,150,150,,,
1866,GA15221E,5-May-22,PHIL-TOP,,29.5,49.17,6297AH,STD,8,7.2,200,40/40,170,170,170,170,160,160,160,160,160,160,150,150,,,
1867,GA9725E,6-May-22,ALPHATECH,,121.7,25.71,6400AH-6402AH,STD,1,200,380,40/40,170,170,170,170,170,170,160,160,160,150,150,,,,
1868,IA0760E,6-May-22,PLACEL,,51.64,24.4,6405AH,STD,1,80,400,40/40,120,140,150,150,150,150,150,150,140,140,,,,,
1869,VA4086E,7-May-22,EASTERN,,496.98,44.05,6388AH-6398AH,STD,8,9,300,40/40,170,170,170,170,170,160,160,160,160,160,160,160,,,
1870,BA2091E,7-May-22,GREENPACK,,749.95,62.76,6367AH-6382AH,STD,8,11,260,60/60,170,170,170,170,160,160,160,160,160,160,150,150,,,
1871,WA3827E,7-May-22,IN-HOUSE,,510.26,125.45,6383AH-6387AH; 6399AH,STD,7,30,180,40/40,210,210,190,190,180,180,180,160,140,140,,,,,VACUUM ON
1872,WA12841E,7-May-22,PHIL-TOP,,248.68,229.55,6294AH-6296AH,STD,7,35,100,60/60,200,200,190,190,180,180,170,170,160,150,130,130,,,VACUUM ON
1873,BA15085E,7-May-22,EVEREST,,173.4,85.28,6309AH-6312AH,STD,8,15-16,350,40/40,170,170,170,170,170,160,160,160,160,160,160,160,,,
1874,GA14271E,9-May-22,PHIL-TOP,,507.77,57.16,6420AH-6430AH,STD,3,30,40,40/40,150,150,150,150,150,130,130,,,,,,,,
1875,KA14303E,9-May-22,PHIL-TOP,,251.16,54.21,6415AH-6419AH,STD,3,30,40,40/40,150,150,150,150,150,130,130,,,,,,,,
1876,YA6053E,9-May-22,EVEREST(corr),,49,62.55,6413AH,STD,3,30,40,40/40,150,150,150,150,150,130,130,,,,,,,,
1877,BA1761E,9-May-22,MOLDEX,,329.25,62.71,6406AH-6412AH,STD,8,13,250,60/60,180,180,170,170,170,170,160,160,160,160,160,160,,,
1878,BA12618E,9-May-22,PHIL-TOP,,125,71.43,6437AH-6439AH,STD,8,7.2,300,40/40,170,170,170,170,170,170,160,160,160,150,150,,,,
1879,GA9725E,7-May-22,Alphatech(corr),,70.68,51.72,6452AH-6453AH,STD,3,30,40,40/40,150,150,150,150,150,130,130,,,,,,,,
1880,TA13713E,7-May-22,INCON,,24.43,41.88,6440AH,STD,3,30,40,40/40,180,200,180,180,180,180,180,,,,,,,,
1881,WA3827E,11-May-22,MUZON,,515.4,57.69,6432AH-6436AH,STD,5,20,380,40/40,180,180,180,180,180,180,180,180,160,160,140,,,,VACUUM ON
1882,YA5124E,11-May-22,EVERGOOD,,511.69,52.12,6465AH-6475AH,STD,3,60,50,40/40,175,175,150,150,150,130,130,,,,,,,,
1883,BA14304E,11-May-22,PHIL-TOP,,499.64,77.87,6441AH-6451AH,STD,8,13,250,40/40,170,170,170,170,170,170,170,160,160,160,160,160,,,
1884,RA5277E,12-May-22,EVERGOOD,,488.85,75.21,6454AH-6464AH,STD,8,13,250,40/40,170,170,170,170,160,160,160,160,150,150,150,,,,
1885,BA15050E,12-May-22,PACKAGE WORLD,,195.32,37.2,6495AH-6498AH,STD,8,6,200,40/40,170,170,170,170,170,160,160,160,160,150,150,,,,
1886,KA4361E,12-May-22,INCON,,54.17,46.43,6501AH,STD,3,30,40,40/40,180,200,180,180,180,180,180,,,,,,,,
1887,BA12068E,13-May-22,EVEREST,,247.16,53.15,6519AH-6523AH,STD,8,10,300,40/40,170,170,170,170,160,160,160,160,160,160,150,150,,,
1888,GA9725E,12-May-22,ALPHATECH,,23.8,47.6,6524AH,STD,3,30,40,40/40,150,150,150,150,150,130,130,,,,,,,,
1889,RA2508E,13-May-22,Evergood,,506.66,77.55,6508AH-6518AH,STD,8,13,300,60/60,170,170,170,170,160,160,160,150,150,140,140,,,,
1890,GA5575E,13-May-22,UNITED ASIA,,514.46,46.07,6484AH-6494AH,STD,3,25,26,60/60,150,150,150,150,150,130,130,,,,,,,,VACUUM ON
1891,WA15151E,13-May-22,PACKAGE WORLD,,3000,60.1,6658AH-6669AH,STD,5,9,260,40/40,140,160,160,160,160,150,150,150,140,140,,,,,
1892,WA15151E,16-May-22,PACKAGE WORLD,,2998,60.06,6670AH-6681AH,STD,5,9,260,40/40,140,160,160,160,160,150,150,150,140,140,,,,,
1893,BA7883E,13-May-22,ALPHATECH,,26.85,38.46,6525AH; 6526AH,STD,8,7.3,35,60/60,180,170,170,170,170,170,170,170,170,170,160,160,,,
1894,SA14369E,14-May-22,RBV,,145.24,21.52,6529AH-6531AH,STD,3,3.5,28,40/40,150,150,150,150,150,130,130,,,,,,,,
1895,YA7418E,14-May-22,EVEREST,,247.29,69.66,6502AH-6506AH,STD,3,14,32,40/40,150,150,150,150,150,130,130,,,,,,,,VACUUM ON
1896,BA5516E,14-May-22,SMYPC-MPP,,4000,62.91,6532AH-6611AH,STD,8,7,160,40,105,105,100,100,100,100,100,100,100,110,110,,,,
1897,BA5516E,14-May-22,SMYPC-MPP,,600,46.04,6612AH-6623AH,STD,3,5.5,15,40,130,130,120,120,120,110,110,,,,,,,,VACUUM ON
1898,GA9725E,14-May-22,Alphatech(corr),,21.99,41.23,6703AH,STD,3,30,40,40/40,150,150,150,150,150,130,130,,,,,,,,
1899,OA8984E,12-May-22,Evergood,,320.32,70.66,5849AH-5856AH,STD,3,8.5,32,40/40,150,150,150,150,150,130,130,,,,,,,,
1900,BA4365E,12-May-22,INCON,,54.34,45.92,6499AH-6500AH,STD,3,30,40,40/40,180,200,180,180,180,180,180,,,,,,,,
1901,GA9725E,14-May-22,Alphatech(corr),,21.38,64.14,6705AH,STD,3,30,40,40/40,150,150,150,150,150,130,130,,,,,,,,
1902,GA9725E,16-May-22,Alphatech(tmblr/re-ext),,45.28,14,6706AH,STD,1,200,380,40/40,170,170,170,170,170,170,160,160,160,150,150,,,,
1903,YA7418E,17-May-22,EVEREST,,245.6,81.87,6707AH-6711AH,STD,3,14,32,40/40,150,150,150,150,150,130,130,,,,,,,,VACUUM ON
1904,WA1400E,17-May-22,INCON,,292.69,250.88,6712AH-6714AH,STD,7,25,160,60/60,180,180,170,170,170,150,150,150,120,120,,,,,VACUUM ON
1905,WA11678E,18-May-22,INCON,,158.29,38.3,6716AH-6717AH,STD,1,80,200,40/40,140,140,150,150,150,150,150,150,140,140,,,,,
1906,BA5327E,18-May-22,EVEREST,,251.72,74.77,6718AH-6723AH,STD,8,10,400,40/40,180,180,180,170,170,170,160,160,160,160,170,170,,,
1907,BA12068E,18-May-22,EVEREST,,262.65,66.78,6750AH-6754AH,STD,8,8,320,40/40,170,170,170,170,160,160,160,160,160,160,150,150,,,
1908,WA5870E,12-May-22,INCON,,147.95,81.44,6527AH-6528AH,STD,5,20,380,80/80,170,170,170,170,170,170,160,160,160,150,150,,,,
1909,BA12556E,19-May-22,PACKAGE WORLD,,4982,60.39,6682AH-6701AH,STD,5,25,140,60/60,140,150,160,160,160,160,160,160,160,160,150,150,,,
1910,KA9045E,19-May-22,EVEREST,,1244.43,71.79,6724AH-6749AH,STD,3,14,26,40/40,170,170,170,170,150,150,150,,,,,,,,VACUUM ON
1911,CA8905E,20-May-22,SMYPC-MPP,,295,49.17,6779AH-6784AH,STD,8,5,150,40,130,130,120,120,120,110,110,110,100,100,120,120,,,
1912,CA8905E,20-May-22,SMYPC-MPP,,175,45.65,6785AH-6788AH,STD,8,5,150,40,130,130,120,120,120,110,110,110,100,100,120,120,,,
1913,KA2871E,20-May-22,EVEREST,,996.62,74.28,6755AH-6775AH,STD,3,8.4,35,40/40,150,150,150,150,150,130,130,,,,,,,,VACUUM ON
1914,CA8905E,21-May-22,SMYPC-MPP,,4587.93,49.8,6845AH-6936AH,STD,8,5,150,40,130,130,120,120,120,110,110,110,100,100,120,120,,,
1915,GA13854E,21-May-22,REIMAGINE,,103.26,41.3,6777AH-6778AH,STD,3,8.3,45,40/40,150,150,150,150,150,130,130,,,,,,,,
1916,MA13810E,21-May-22,INCON,,20,28.57,6790AH,STD,3,30,40,40/40,180,200,180,180,180,180,180,,,,,,,,
1917,WA1815E,24-May-22,NPPET GLOBAL,,53.51,168.98,6829AH,STD,7,35,150,60/60,180,200,180,180,170,170,160,160,150,130,130,,,,VACUUM ON
1918,WA14429E,21-May-22,TERUMO,,21.51,33.09,6805AH-6807AH,STD,1,80,250,40/40,180,200,180,180,180,180,180,180,180,180,180,,,,3mmx3mm Pellet size w/ attachments
1919,YA14431E,23-May-22,TERUMO,,43.21,18.52,6796AH-6801AH,STD,1,55,250,40/40,180,200,180,180,180,180,180,180,180,180,,,,,3mmx3mm Pellet size
1920,GA14433E,23-May-22,TERUMO,,22.31,12.11,6802AH-6804AH,STD,1,55,250,40/40,180,200,180,180,180,180,180,180,180,180,,,,,3mmx3mm Pellet size
1921,OA14430E,23-May-22,TERUMO,,22.14,17.71,6808AH-6810AH,STD,1,80,250,40/40,180,200,180,180,180,180,180,180,180,180,180,,,,3mmx3mm Pellet size
1922,TA14363E,23-May-22,TERUMO,,42.43,19.14,6811AH-6816AH,STD,1,55,250,40/40,180,200,180,180,180,180,180,180,180,180,,,,,3mmx3mm Pellet size
1923,BA14432E,23-May-22,TERUMO,,22.39,20.05,6937AH-6939AH,STD,1,80,250,40/40,180,200,180,180,180,180,180,180,180,180,180,,,,3mmx3mm Pellet size
1924,GA4352E,23-May-22,ZELLER,,492.85,55.58,6832AH-6841AH,STD,3,30,40,40/40,180,200,180,180,180,180,180,,,,,,,,
1925,GA3538E,23-May-22,ZELLER,,51.73,40.84,6844AH,STD,3,16,30,40/40,180,200,180,180,180,180,180,,,,,,,,
1926,WA5860E,24-May-22,EVERBRIGHT,,416.16,240.09,6944AH-6947AH,STD,7,35,150,80/80,180,180,170,170,170,160,160,160,120,120,,,,,VACUUM ON
1927,WA11678E,24-May-22,INCON,,144.71,217.07,6830AH-6831AH,STD,7,35,150,40/40,200,200,190,190,170,170,160,160,170,170,,,,,VACUUM ON
1928,GA2595E,17-Oct-21,alcos,,97.08,25.11,8187AG-8190AG, STD ,3,8,28,40/40,220,220,200,200,200,200,,,,,,,,,VACUUM ON/COIL SCREW
1929,KA3144E,24-May-22,H & E,,54.45,43.56,6942AH-6943AH,STD,3,40,30,40/40,180,200,180,180,180,180,180,,,,,,,,
1930,BA3431E,24-May-22,ZELLER,,52.84,47.32,6842AH; 6843AH,STD,3,4,15,40/40,180,200,180,180,180,180,180,,,,,,,,
1931,GA6050E,24-May-22,H & E,,53.28,51.56,6941AH,STD,3,30,40,40/40,180,200,180,180,180,180,180,,,,,,,,
1932,WA15190E,24-May-22,NMH,,5959.46,234.78,6948AH-7008AH,STD,7,40,150,60/60,180,200,200,180,180,180,180,180,180,190,190,,,,VACUUM ON (52-62 PPG)
1933,KA9045E,25-May-22,EVEREST(corr),,50,85.71,7009AH,STD,3,14,26,40/40,170,170,170,170,150,150,150,,,,,,,,VACUUM ON
1934,VA4086E,25-May-22,EASTERN,,503.4,45.97,6817AH-6827AH,STD,3,20,34,40/40,160,160,160,140,140,140,130,,,,,,,,VACUUM ON
1935,BA4365E,20-May-22,INCON,,53.6,45.94,6795AH,STD,8,15,350,40/40,190,190,190,180,180,180,170,170,170,180,180,,,,
1936,WA15135E,16-May-22,BELLEPLAS,,2479.88,232.49,6633AH-6657AH,STD,7,50,180,60/60,170,160,160,160,160,160,150,150,150,150,140,,,,VACUUM ON
1937,WA15151E,26-May-22,PACKAGE WORLD,,3007.8,60.16,7010AH-7021AH,STD,5,9,260,40/40,140,160,160,160,160,150,150,150,140,140,,,,,
1938,RA4809E,26-May-22,MOLDEX,,200,45.28,7022AH-7025AH,STD,3,30,40,60/60,160,180,180,180,180,180,160,,,,,,,,
1939,RA4809E,26-May-22,MOLDEX,,482.41,20.27,7026AH-7035AH,STD,3,30,40,60/60,160,180,180,180,180,180,160,,,,,,,,
1940,WA14429E,26-May-22,TERUMO,,20,15,7127AH-7129AH,STD,1,80,250,40/40,180,200,180,180,180,180,180,180,180,180,180,,,,3mmx3mm Pellet size w/ attachments
1941,BA7861E,26-May-22,SMYPC-MPP,,300,95.74,7036AH-7041AH,STD,8,15,350,40/40,180,180,180,180,170,170,170,170,160,160,160,160,,,
1942,BA7861E,26-May-22,SMYPC-MPP,,300,87.8,7042AH-7047AH,STD,8,15,350,40/40,180,180,180,180,170,170,170,170,160,160,160,160,,,
1943,BA7861E,26-May-22,SMYPC-MPP,,1569.2,85.75,7048AH-7079AH,STD,8,15,350,40/40,180,180,180,180,170,170,170,170,160,160,160,160,,,
1944,GA4352E,27-May-22,ZELLER,,295.4,60.08,7082AH-7087AH,STD,8,11,220,40/40,180,200,180,180,180,180,180,180,180,180,180,180,,,
1945,GA3538E,27-May-22,ZELLER(corr),,50.36,64.21,7120AH,STD,8,11,220,40/40,180,200,180,180,180,180,180,180,180,180,,,,,
1946,WA15123E,27-May-22,GILVAN,,3043.01,238.05,7088AH-7118AH,STD,7,50,220,60/60,200,180,180,180,170,170,170,170,180,180,,,,,VACUUM ON
1947,BA9159E,28-May-22,EVEREST,,196.58,73.72,7133AH-7136AH,STD,3,26,34,40/40,150,150,150,150,150,130,130,,,,,,,,VACUUM ON
1948,BA9159E,28-May-22,EVEREST,,2047.5,68.55,7137AH-7178AH,STD,3,8.3,36,40/40,150,150,150,150,150,130,130,,,,,,,,VACUUM ON
1949,IA8813E,28-May-22,EVERGOOD,,146.4,39.75,7179AH-7181AH,STD,3,7.5,45,40/40,170,170,170,170,160,160,160,,,,,,,,
1950,MA4737E,28-May-22,EVEREST,,128.9,38.29,7249AH-7253AH,STD,8,5.8,380,40/40,180,180,180,180,170,170,170,170,160,160,160,160,,,
1951,MA13810E,28-May-22,INCON,,24.73,42.86,7122AH,STD,8,6,350,40/40,200,200,180,180,180,180,180,180,180,180,180,180,,,
1952,OA3552E,28-May-22,ZELLER,,50,47.6,7080AH,STD,8,10,320,40/40,200,200,180,180,180,180,180,180,180,180,180,180,,,
1953,WA3827E,28-May-22,IN-HOUSE,,384.83,131.94,7123AH-7126AH,STD,7,30,180,40/40,210,210,190,190,180,180,180,160,140,140,,,,,VACUUM ON
1954,WA2127E,30-May-22,CEBU HI Q,,134.06,114.91,7132AH,STD,5,20,380,60/60,170,170,170,170,170,170,160,160,160,150,150,,,,
1955,MA4088E,28-May-22,STARKSON,,1621.14,71.94,7182AH-7246AH,STD,8,9,280,40/40,170,170,170,160,160,160,150,150,150,150,150,150,,,
1956,MA4088E,30-May-22,STARKSON(corr),,38.93,64.88,7247AH,STD,8,9,280,40/40,170,170,170,160,160,160,150,150,150,150,150,150,,,
1957,WA11278E,30-May-22,FORTUNE DARUMA,,268.55,23.02,7254AH-7256AH,STD,5,20,280,40/40,140,160,150,150,150,150,150,150,150,140,140,,,,
1958,WA15071E,28-May-22,PACKAGE WORLD,,248.48,62.12,7130AH-7131AH,STD,5,15,260,40/40,140,160,150,150,150,150,150,150,150,140,140,,,,
1959,WA15135E,30-May-22,BELLEPLAS,,62,53.14,7248AH,STD,5,20,380,60/60,170,170,170,170,170,170,160,160,160,150,150,,,,
1960,YA12128E,31-May-22,21st Century,,1531.37,47.85,7318AH-7348AH,STD,8,4.1,140,40,130,130,130,130,120,120,120,120,120,120,125,130,,,
1961,YA13837E,31-May-22,GENSTAR,,98.5,84.43,7257AH-7258AH,STD,8,20,350,40/40,170,170,170,170,170,170,160,160,160,150,150,,,,
1962,YA13837E,31-May-22,GENSTAR,,407.2,48.09,7259AH-7267AH,STD,8,20,350,40/40,180,180,180,170,170,170,170,160,160,160,150,150,,,
1963,BA15197E,1-Jun-22,MAXEY,,1244.02,59.71,7268AH-7293AH,STD,3,30,40,60/60,150,150,150,150,150,130,130,,,,,,,,
1964,KA4309E,31-May-22,ZENAM,,54.82,52.21,7294AH-7295AH,STD,3,15,24,60/60,150,150,150,150,150,130,130,,,,,,,,
1965,RA4809E,30-May-22,MOLDEX,,97.5,50.43,7365AH-7366AH,STD,3,30,40,60/60,160,180,180,180,180,180,160,,,,,,,,
1966,WA11838E,31-May-22,MCBRIDE,,295.61,88.68,7296AH-7298AH,STD,7,80,400,40/40,200,220,220,220,220,220,220,220,220,220,,,,,Coil Screw/vacuum on (90-100 PPG)
1967,WA13000E,31-May-22,PREMIER,,1508.46,141.42,7302AH-7317AH,STD,7,38,160,40/40,200,180,170,170,160,160,150,150,160,170,,,,,VACUUM ON
1968,GA3538E,31-May-22,ZELLER(corr),,50,44.78,7387AH,STD,3,16,30,40/40,180,200,180,180,180,180,180,,,,,,,,
1969,GA3538E,31-May-22,ZELLER,,50.93,44.94,7388AH,STD,3,16,30,40/40,180,200,180,180,180,180,180,,,,,,,,
1970,MA13810E,31-May-22,INCON(corr),,19,49.57,7390AH,STD,3,30,40,40/40,180,200,180,180,180,180,180,,,,,,,,
1971,MA7758E,31-May-22,CYBERMANN,,400.68,55.01,7349AH-7364AH,STD,3,6.6,28,40/40,180,200,180,180,180,180,180,,,,,,,,
1972,WA12282E,1-Jun-22,PACKAGE WORLD,,4990.04,59.86,7367AH-7386AH,STD,5,9,260,60/60,140,160,160,160,160,150,150,150,140,140,,,,,
1973,MA4737E,1-Jun-22,EVEREST,,50,42.86,7404AH,STD,3,4.3,42,40/40,150,150,150,150,140,140,140,,,,,,,,VACUUM ON
1974,MA4737E,1-Jun-22,EVEREST,,27.87,53.94,7405AH,STD,3,4.3,42,40/40,150,150,150,150,140,140,140,,,,,,,,VACUUM ON
1975,WA3827E,3-Jun-22,EASTERN,,487.4,46.05,7424AH-7428AH,STD,3,6.5,25,40/40,160,180,180,180,180,180,160,,,,,,,,
1976,GA8074E,2-Jun-22,Polytechnique,,297.65,85.04,7397AH-7402AH,STD,8,300,15,40/40,170,170,170,170,170,170,160,160,160,150,150,,,,
1977,GA3538E,2-Jun-22,ZELLER(tmblr),,68.95,59.1,7416AH,STD,8,11,220,40/40,180,200,180,180,180,180,180,180,180,180,,,,,
1978,BA9159E,3-Jun-22,Evergood,,272,70.96,7391AH-7396AH,STD,3,6.3,40,40/40,150,150,150,150,150,130,130,,,,,,,,VACUUM ON
1979,BA9159E,3-Jun-22,EVEREST(tmblr),,141.24,62.77,7419AH-7420AH,STD,3,26,34,40/40,150,150,150,150,150,130,130,,,,,,,,VACUUM ON
1980,BA13023E,3-Jun-22,GENSTAR,,250,44.25,7429AH-7433AH,STD,3,6.8,28,40/40,150,140,140,140,140,130,130,,,,,,,,
1981,RA5277E,3-Jun-22,EVERGOOD,,296.78,72.39,7406AH-7411AH,STD,8,13,250,40/40,170,170,170,170,160,160,160,160,150,150,150,,,,
1982,VA3291E,3-Jun-22,Evergood,,156.15,85.17,7412AH-7415AH,STD,8,200,380,40/40,170,170,170,170,170,170,160,160,160,150,150,,,,
1983,OA3552E,2-Jun-22,ZELLER(corr),,47.51,51.83,7417AH,STD,8,8.5,180,40/40,180,200,180,180,180,180,180,180,180,180,180,180,,,
1984,MA4088E,3-Jun-22,STARKSON(corr),,123.84,67.55,7421AH-7423AH,STD,8,9,280,40/40,170,170,170,160,160,160,150,150,150,150,150,150,,,
1985,MA13810E,2-Jun-22,INCON,,19,22.8,7418AH,STD,8,9,180,40/40,180,200,180,180,180,180,180,180,180,180,190,190,,,
1986,RA13616E,3-Jun-22,STAR PLASTIC,,127.46,72.83,7484AH-7486AH,STD,8,10,350,40/40,200,200,180,180,180,170,170,170,160,160,160,160,,,
1987,YA7822E,4-Jun-22,EASTERN,,249.87,61.19,7454AH-7458AH,STD,3,22,26,40/40,150,150,150,150,150,130,130,,,,,,,,VACUUM ON
1988,BA7924E,3-Jun-22,AMAZON,,604.24,86.73,7551AH-7563AH,STD,8,12,350,40/40,180,180,180,170,170,170,160,160,160,160,160,160,,,
1989,BA15002E,4-Jun-22,MCBRIDE,,94.22,22.8,7549AH-7550AH,STD,8,7,250,40/40,220,220,220,220,220,220,220,220,220,220,230,230,,,90-100 ppg
1990,WA8512E,5-Jun-22,AMAZON,,5868.5,172.35,7487AH-7547AH,STD,7,18,180,40,170,160,160,150,150,140,140,140,130,130,,,,,VACUUM ON
1991,GA14271E,6-Jun-22,PHIL-TOP,,247.38,52.08,7574AH-7578AH,STD,3,30,40,40/40,150,150,150,150,150,130,130,,,,,,,,
1992,GA13854E,6-Jun-22,REIMAGINE,,98.02,47.43,7482AH-7483AH,STD,3,8.3,45,40/40,150,150,150,150,150,130,130,,,,,,,,
1993,GA3538E,6-Jun-22,ZELLER,,50,44.78,7387AH,STD,3,16,30,40/40,180,200,180,180,180,180,180,,,,,,,,
1994,MA13810E,6-Jun-22,INCON,,24,30.64,7658AH,STD,3,6,36,40/40,180,200,180,180,180,180,180,,,,,,,,
1995,YA13837E,4-Jun-22,GENSTAR,,47.65,38.12,7566AH,STD,3,30,40,40/40,150,150,150,150,150,130,130,,,,,,,,
1996,CA8905E,6-Jun-22,SMYPC-MPP,,1971,33.14,7434AH-7453AH; 7459AH-7479AH,STD,8,4.5,135,40,130,130,120,120,120,110,110,110,100,100,120,120,,,
1997,WA2127E,7-Jun-22,SMYPC-MPP,,49.7,54.22,7565AH,STD,5,20,380,60/60,170,170,170,170,170,170,160,160,160,150,150,,,,
1998,GA4254E,7-Jun-22,INCON,,102.26,55.78,7605AH-7606AH,STD,3,9,25,40/40,180,200,180,180,180,180,180,,,,,,,,VACUUM ON
1999,GA6607E,7-Jun-22,Zeller,,46.77,43.17,7694AH,STD,3,15,25,40/40,180,200,180,180,180,180,180,,,,,,,,
2000,MA13810E,7-Jun-22,INCON,,27.12,50.85,7708AH,STD,3,30,40,40/40,180,200,180,180,180,180,180,,,,,,,,
2001,MA4088E,7-Jun-22,STARKSON,,142.12,64.6,7659AH-7661AH,STD,3,7,18,40/40,130,120,110,110,110,110,120,,,,,,,,VACUUM ON
2002,OA3552E,7-Jun-22,ZELLER,,49.45,40.64,7604AH,STD,3,30,40,40/40,180,200,180,180,180,180,,,,,,,,,
2003,BA9094E,7-Jun-22,ZELLER,,51.2,45.85,7695AH,STD,3,30,40,40/40,180,200,180,180,180,180,180,,,,,,,,
2004,GA3538E,6-Jun-22,ZELLER,,95.63,50.33,7568AH-7569AH,STD,3,16,30,40/40,180,200,180,180,180,180,180,,,,,,,,
2005,GA3538E,7-Jun-22,ZELLER,,52.74,46.54,7692AH,STD,3,16,30,40/40,180,200,180,180,180,180,180,,,,,,,,
2006,WA12841E,7-Jun-22,PHIL-TOP,,257,55.07,7571AH-7573AH,STD,5,20,380,60/60,170,170,170,170,170,170,160,160,160,150,150,,,,
2007,RA5277E,9-Jun-22,EVERGOOD,,205.74,74.36,7687AH-7691AH,STD,8,13,250,40/40,170,170,170,170,160,160,160,160,150,150,150,,,,
2008,RA4665E,9-Jun-22,EVEREST,,198.33,67.23,7683AH-7386AH,STD,8,10.1,300,40/40,160,160,160,160,160,160,160,150,150,150,150,,,,
2009,RA4665E,9-Jun-22,EVEREST,,67.49,47.09,7393AH,STD,8,7,120,40/40,160,160,160,160,160,160,160,150,150,150,150,,,,
2010,BA9159E,8-Jun-22,EVEREST(corr),,49,68.37,7570AH,STD,3,26,34,40/40,150,150,150,150,150,130,130,,,,,,,,VACUUM ON
2011,BA9159E,8-Jun-22,EVEREST,,2493.22,65.04,7607AH-7657AH,STD,3,26,34,40/40,150,150,150,150,150,130,130,,,,,,,,VACUUM ON
2012,BA9910E,8-Jun-22,Everest,,100.69,71.08,7700AH; 7701AH,STD,3,30,40,40/40,150,150,150,150,150,130,130,,,,,,,,
2013,BA14304E,7-Jun-22,PHIL-TOP,,252.92,65.98,7599AH-7603AH,STD,3,30,40,40/40,150,150,150,150,150,130,130,,,,,,,,
2014,WA11278E,7-Jun-22,FORTUNE DARUMA,,732.72,39.97,7579AH-7586AH,STD,5,20,280,40/40,140,160,150,150,150,150,150,150,150,140,140,,,,
2015,WA1400E,8-Jun-22,ALLIED,,978.6,73.4,7589AH-7598AH,STD,5,25,160,60/60,170,170,170,170,170,170,160,160,160,150,150,,,,
2016,MA13810E,8-Jun-22,INCON,,82.23,6.92,7737AH-7739AH; 7740AH,STD,6,30,400,40/40,180,200,180,180,180,180,180,,,,,,,,
2017,WA3827E,4-Jun-22,EASTERN,,50,52.96,7387AH,STD,3,40,30,40/40,160,180,180,180,180,180,160,,,,,,,,
2018,GA15088E,28-May-22,MCBRIDE,,52,52,7121AH,STD,8,10,220,40/40,150,150,150,140,140,140,140,130,130,150,150,,,,
2019,KA2871E,8-Jun-22,EVEREST,,4.98,14.23,7709AH,STD,1,80,400,-,120,140,150,150,150,150,150,150,140,140,,,,,
2020,WA12282E,9-Jun-22,PACKAGE WORLD,,3000,61.54,7725AH-7736AH,STD,5,9,260,60/60,140,160,160,160,160,150,150,150,140,140,,,,,
2021,WA15071E,9-Jun-22,PACKAGE WORLD,,590.45,54.5,7719AH-7724AH,STD,5,15,260,40/40,140,160,150,150,150,150,150,150,150,140,140,,,,
2022,WA3827E,10-Jun-22,EASTERN,,537.4,102.36,7747AH-7757AH,STD,7,30,180,40/40,210,210,190,190,180,180,180,160,140,140,,,,,VACUUM ON
2023,BA9159E,8-Jun-22,EVEREST,,73.83,49.22,7706AH-7707AH,STD,3,26,34,40/40,150,150,150,150,150,130,130,,,,,,,,VACUUM ON
2024,RA7886E,9-Jun-22,EASTERN,,405,71.47,7710AH-7718AH,STD,8,15,300,40/40,150,150,140,140,140,140,130,130,130,130,150,150,,,
2025,RA4809E,9-Jun-22,MOLDEX,,99.3,62.72,7702AH-7703AH,STD,8,16,220,60/60,180,180,170,170,170,170,170,170,180,180,,,,,
2026,RA4809E,9-Jun-22,MOLDEX(corr),,27,64.8,7704AH,STD,8,16,220,60/60,180,180,170,170,170,170,170,170,180,180,,,,,
2027,VA4086E,10-Jun-22,ALPHATECH,,1185.16,61.04,7791AH-7814AH,STD,8,8.2,350,40/40,170,170,170,170,170,160,160,160,160,160,160,160,,,
2028,VA4875E,10-Jun-22,EVEREST,,118.03,66.81,7696AH-7698AH,STD,8,12,300,40/40,170,170,170,170,170,170,160,160,160,150,150,,,,
2029,VA4875E,10-Jun-22,EVEREST,,107.04,71.36,7699AH,STD,8,7,300,40/40,170,170,170,170,170,170,160,160,160,150,150,,,,
2030,YA6053E,10-Jun-22,EVEREST,,984.55,47.72,7662AH-7682AH,STD,3,30,40,40/40,150,150,150,150,150,130,130,,,,,,,,
2031,YA8107E,10-Jun-22,GILVAN,,54.32,51.73,7741AH,STD,3,30,40,40/40,150,150,150,150,150,130,130,,,,,,,,
2032,MA11346E,10-Jun-22,GILVAN,,75.76,30.3,7742AH-7744AH,STD,3,4.5,45,40/40,120,100,100,100,100,110,130,,,,,,,,
2033,CA13043E,10-Jun-22,FORTUNE,,64.37,18.13,7587AH-7588AH,STD,3,6,9,40/40,170,130,130,140,140,160,160,,,,,,,,
2034,BA6367E,10-Jun-22,SUAREZ,,28.98,86.94,7746AH,STD,3,30,40,40/40,150,150,150,150,150,130,130,,,,,,,,
2035,GA3933E,11-Jun-22,MOLDEX,,1485.21,54.17,7758AH-7788AH,STD,3,18,30,40/40,180,200,180,180,180,180,180,,,,,,,,
2036,GA6607E,11-Jun-22,ZELLER(corr),,49.6,54.11,7815AH,STD,3,15,25,40/40,180,200,180,180,180,180,180,,,,,,,,
2037,OA14302E,11-Jun-22,INCON,,100.62,44.72,7827AH-7828AH,STD,8,7,300,40/40,160,160,160,160,150,150,150,150,150,150,140,140,,,
2038,KA13864E,11-Jun-22,PHIL-TOP,,122.81,57.57,7833AH-7835AH,STD,8,10.7,300,40/40,170,170,170,170,160,160,160,160,160,160,150,150,,,
2039,RA4665E,11-Jun-22,EVEREST,,305.27,68.34,7839AH-7845AH,STD,8,13,250,40/40,160,160,160,160,160,160,160,150,150,150,150,,,,
2040,RA4809E,13-Jun-22,MOLDEX,,296.6,60.33,7915AH-7920AH,STD,8,16,220,60/60,180,180,170,170,170,170,170,170,180,180,,,,,
2041,RA4809E,13-Jun-22,MOLDEX,,209.6,81.14,7921AH-7925AH,STD,8,16,220,60/60,180,180,170,170,170,170,170,170,180,180,,,,,
2042,RA4809E,13-Jun-22,MOLDEX(corr),,100,70.59,7926AH-7927AH,STD,8,16,220,60/60,180,180,170,170,170,170,170,170,180,180,,,,,
2043,BA13871E,11-Jun-22,PHIL-TOP,,121.92,75.41,7830AH-7832AH,STD,8,15,300,40/40,150,150,140,140,140,140,130,130,130,130,150,150,,,
2044,BA4701E,11-Jun-22,INCON,,50.86,46.95,7829AH,STD,8,12,280,40/40,180,200,180,180,180,180,180,180,180,180,180,180,,,
2045,WA12282E,11-Jun-22,PACKAGE WORLD,,2042.8,62.22,7819AH-7826AH,STD,5,9,260,60/60,140,160,160,160,160,150,150,150,140,140,,,,,
2046,RA4809E,13-Jun-22,MOLDEX(corr),,26.85,80.55,7997AH,STD,8,16,220,60/60,180,180,170,170,170,170,170,170,180,180,,,,,
2047,DA5176E,13-Jun-22,EVEREST,,1253.05,97.77,7899AH-7911AH,STD,8,16,320,40/40,180,180,170,170,170,160,160,160,160,160,180,180,,,
2048,DA5176E,13-Jun-22,EVEREST(tmblr/ext),,67,85.53,7912AH,STD,8,16,320,40/40,180,180,170,170,170,160,160,160,160,160,180,180,,,
2049,WA15151E,14-Jun-22,PACKAGE WORLD,,1482,59.68,7977AH-7982AH,STD,5,9,260,40/40,140,160,160,160,160,150,150,150,140,140,,,,,
2050,VA4875E,14-Jun-22,EVEREST(corr),,127.95,69.79,8022AH-8024AH,STD,3,7.5,13,40/40,130,120,120,110,110,110,120,,,,,,,,VACUUM ON
2051,GA2595E,8-Mar-23,Suarez,,64.4,24.93,8213AI-8215AI, STD ,3,8.3,17,40/40,230,220,220,220,220,230,230,,,,,,,,VACUUM ON/COIL SCREW/PET : 90-100 PPG
2052,GA15088E,14-Jun-22,MCBRIDE,,46.65,32.93,7928AH,STD,3,30,40,40/40,150,150,150,150,150,130,130,,,,,,,,
2053,GA13867E,14-Jun-22,PHIL-TOP,,123.23,49.29,7836AH-7838AH,STD,3,30,40,40/40,150,150,150,150,150,130,130,,,,,,,,
2054,MA4737E,14-Jun-22,EVEREST,,1259.76,36.69,7846AH-7896AH,STD,8,5.8,380,40/40,180,180,180,180,170,170,170,170,160,160,160,160,,,
2055,CA13043E,10-Jun-22,FORTUNE,,12.92,12.92,7817AH,STD,3,7.5,10,40/40,150,150,150,150,150,140,140,,,,,,,,
2056,RA5277E,15-Jun-22,EVERGOOD,,174,69.6,7998AH-8001AH,STD,3,36,40,40/40,150,150,150,150,150,130,130,130,,,,,,,VACUUM ON
2057,RA7886E,15-Jun-22,EASTERN(corr),,443.63,101.59,8013AH-8021AH,STD,3,50,40,40/40,150,150,150,150,150,130,130,,,,,,,,VACUUM ON
2058,WA3827E,15-Jun-22,ULTRAPLAS,,72.85,43.71,7929AH-7930AH,STD,3,40,30,40/40,160,180,180,180,180,180,160,,,,,,,,
2059,BA6367E,15-Jun-22,SUAREZ(corr),,31.97,38.36,8012AH,STD,3,30,40,40/40,150,150,150,150,150,130,130,,,,,,,,
2060,BA6822E,15-Jun-22,Cebu Hi Q,,128.42,61.64,8009AH-8011AH,STD,3,12.5,35,40/40,150,150,150,150,150,130,130,,,,,,,,
2061,WA12282E,16-Jun-22,PACKAGE WORLD,,5031.13,61.73,8112AH-8131AH,STD,5,9,260,60/60,140,160,160,160,160,150,150,150,140,140,,,,,
2062,WA15193E,16-Jun-22,KPC,,3036.89,71.75,8025AH-8044AH; 8046AH-8056AH,STD,5,30,40,60/60,180,200,180,180,180,180,180,180,180,180,,,,,
2063,WA8512E,16-Jun-22,AMAZON,,121.48,72.89,8045AH,STD,5,22,200,40,170,160,160,150,150,140,140,140,130,130,,,,,VACUUM ON
2064,YA4249E,16-Jun-22,MOLDEX,,2248.43,68.55,7931AH-7976AH,STD,8,220,400,40/40,200,200,180,170,170,170,170,160,160,160,160,,,,
2065,SA14369E,16-Jun-22,RBV,,151.96,20.72,8002AH-8004AH,STD,3,2.7,20,40/40,150,150,150,150,150,130,130,,,,,,,,
2066,RA15370E,16-Jun-22,L. CAÑADA,,52.3,62.76,8005AH,STD,3,30,40,40/40,150,150,150,150,150,130,130,,,,,,,,
2067,KA9045E,17-Jun-22,EVEREST,,2493.46,83.25,8182AH-8232AH,STD,8,17,240,40/40,170,170,170,170,160,160,160,160,160,160,150,150,,,
2068,KA9077E,17-Jun-22,ZELLER,,49.04,47.46,8234AH,STD,8,10,260,40/40,200,200,180,180,180,180,180,180,180,180,190,,,,
2069,BA5327E,17-Jun-22,EVEREST,,100,85.71,8240AH-8241AH, STD ,3,7.5,45,40/40,150,150,150,150,150,130,130,,,,,,,,
2070,BA5327E,17-Jun-22,EVEREST,,227,46.17,8242AH-8246AH, STD ,3,5.5,45,40/40,150,150,150,150,150,130,130,,,,,,,,
2071,BA9910E,17-Jun-22,Everest,,127.12,84.75,8137AH-8139AH,STD,3,30,40,40/40,150,150,150,150,150,130,130,,,,,,,,
2072,BA4549E,17-Jun-22,ZELLER,,53.5,24.69,8236AH,STD,3,30,40,40/40,180,200,180,180,180,180,180,,,,,,,,
2073,BA4520E,17-Jun-22,ZELLER,,48.6,41.66,8235AH,STD,3,30,40,60/60,180,200,180,180,180,180,180,,,,,,,,
2074,VA4875E,17-Jun-22,EVEREST,,100,50,8134AH-8135AH,STD,3,7.5,13,40/40,130,120,120,110,110,110,120,,,,,,,,VACUUM ON
2075,VA4875E,6-Jan-22,EVEREST,,24.7,37.05,8136AH,STD,3,7.5,13,40/40,130,120,120,110,110,110,120,,,,,,,,VACUUM ON
2076,OA14302E,17-Jun-22,INCON(corr),,99.08,56.62,8132AH-8133AH,STD,3,30,40,40/40,150,150,150,150,150,130,130,,,,,,,,
2077,IA9912E,17-Jun-22,Evergood,,252.1,86.43,8104AH-8108AH,STD,3,7.2,20,40/40,150,150,150,150,150,130,130,,,,,,,,
2078,WA3827E,18-Jun-22,ULTRAPLAS,,72.67,51.91,8238AH-8239AH,STD,5,6.5,25,40/40,180,180,180,180,180,180,180,180,160,160,140,,,,VACUUM ON
2079,WA13183E,18-Jun-22,STAR PLASTIC,,255.15,62.74,8109AH-8110AH,STD,5,20,380,40/40,170,170,170,170,170,170,160,160,160,150,150,,,,
2080,GA8074E,18-Jun-22,ALPHATECH,,97.91,73.43,8006AH-8007AH,STD,8,300,15,40/40,170,170,170,170,170,170,160,160,160,150,150,,,,
2081,GA3693E,18-Jun-22,ZELLER,,54.45,46.67,8164AH-8165AH,STD,8,13,250,40/40,200,200,180,180,180,180,170,170,180,180,180,180,,,
2082,IA5758E,18-Jun-22,EVEREST,,1006.8,72.78,8143AH-8163AH,STD,3,9.5,45,60/60,140,130,130,130,130,130,120,,,,,,,,VACUUM ON
2083,DA13055E,18-Jun-22,PLEXCO,,169.48,79.77,8288AH-8291AH,STD,3,30,40,40/40,150,150,150,150,150,130,130,,,,,,,,
2084,WA15123E,18-Jun-22,GILVAN,,2072.81,81.34,8057AH-8077AH,STD,5,20,380,60/60,170,170,170,170,170,170,160,160,160,150,150,,,,
2085,MA7758E,20-Jun-22,CYBERMANN,,1005.73,51.4,8247AH-8287AH,STD,3,6.6,28,40/40,180,200,180,180,180,180,180,,,,,,,,
2086,YA6053E,20-Jun-22,EVEREST,,1259.12,80.2,8078AH-8103AH,STD,8,20,380,40/40,180,180,180,170,170,170,170,160,160,160,160,160,,,
2087,YA6053E,20-Jun-22,EVEREST(corr),,150,81.82,8140AH-8142AH,STD,8,10,300,40/40,180,180,180,170,170,170,170,160,160,160,160,160,,,
2088,GA4921E,18-Jun-22,Everest,,755.15,76.15,8166AH-8181AH,STD,8,13,320,40/40,200,200,180,180,170,170,170,160,160,160,180,180,,,
2089,GA3933E,20-Jun-22,MOLDEX,,5.91,17.73,8237AH,STD,8,6,250,40/40,200,200,180,180,180,170,170,170,180,180,200,200,,,
2090,GA7505E,20-Jun-22,TRADESPHERE,,80.16,57.26,8315AH-8316AH,STD,8,7,300,40/40,170,170,170,170,160,160,160,160,160,160,150,150,,,
2091,GA15088E,20-Jun-22,MCBRIDE,,46.88,63.38,8297AH,STD,8,10,220,40/40,150,150,150,140,140,140,140,130,130,150,150,,,,
2092,RA4809E,21-Jun-22,MOLDEX,,50.44,75.6,8008AH,STD,8,16,220,60/60,180,180,170,170,170,170,170,170,180,180,,,,,
2093,GA2595E,11-Aug-21,alcos,,94.7,23.68,5853AG-5856AG, STD ,3,8,28,40/40,220,220,200,200,200,200,,,,,,,,,
2094,MA4737E,20-Jun-22,EVEREST,,148.58,49.53,8292AH,STD,3,4.3,42,40/40,150,150,150,150,140,140,140,,,,,,,,VACUUM ON
2095,MA4737E,21-Jun-22,EVEREST,,49.4,22.8,8293AH-8294AH,STD,3,4.3,42,40/40,150,150,150,150,140,140,140,,,,,,,,VACUUM ON
2096,VA4875E,21-Jun-22,EVEREST,,184.3,57,8298AH-8301AH,STD,3,7.5,13,40/40,130,120,120,110,110,110,120,,,,,,,,VACUUM ON
2097,BA4549E,22-Jun-22,ZELLER,,53.03,48.21,8470AH,STD,8,7.9,300,40/40,180,200,180,180,180,180,180,180,180,180,180,180,,,
2098,BA3435E,22-Jun-22,ZELLER,,50,45.45,7985AH,STD,8,7.5,290,40/40,180,200,180,180,180,180,180,180,180,180,,,,,
2099,KA3541E,22-Jun-22,ZELLER,,50.88,47.7,7984AH,STD,8,7.9,300,40/40,180,200,180,180,180,180,180,180,180,180,180,180,,,
2100,RA12372E,21-Jun-22,SPI,,501.55,91.75,8319AH-8328AH,STD,8,15,350,60/60,170,170,170,170,170,170,160,160,160,150,150,,,,
2101,VA4086E,22-Jun-22,IN-HOUSE,,24.07,48.14,8486AH,STD,3,20,34,40/40,160,160,160,140,140,140,130,,,,,,,,VACUUM ON
2102,WA15193E,22-Jun-22,KPC,,50,150,8352AH,STD,7,60-42,220,60/60,210,210,190,190,190,180,180,180,200,200,,,,,VACUUM ON
2103,OA8984E,23-Jun-22,EVEREST,,246.05,69.31,7986AH-7990AH,STD,8,10,250,40/40,170,170,170,170,160,160,160,160,160,160,150,150,,,
2104,GA11532E,23-Jun-22,AWIN IND'L,,54.39,54.39,8303AH,STD,8,7,30,40/40,170,170,170,170,170,170,160,160,160,160,150,,,,
2105,GA3693E,23-Jun-22,ZELLER,,52.81,57.61,8491AH,STD,8,13,250,40/40,200,200,180,180,180,180,170,170,180,180,180,180,,,
2106,GA7505E,23-Jun-22,TRADESPHERE(corr),,79.48,59.61,8492AH-8493AH,STD,8,7,300,40/40,170,170,170,170,160,160,160,160,160,160,150,150,,,
2107,GA4921E,23-Jun-22,EVEREST(corr),,744.26,73.93,8471AH-8485AH,STD,8,10,300,40/40,200,200,180,180,170,170,170,160,160,160,180,180,,,
2108,KA9045E,23-Jun-22,EVEREST,,5,15.79,8302AH,STD,3,14,26,40/40,170,170,170,170,150,150,150,,,,,,,,VACUUM ON
2109,KA9045E,23-Jun-22,EVEREST,,244.05,56.32,8494AH-8498AH,STD,3,14,26,40/40,170,170,170,170,150,150,150,,,,,,,,VACUUM ON
2110,KA9045E,23-Jun-22,EVEREST,,199.41,47.86,8525AH-8528AH,STD,3,9.6,30,40/40,170,170,170,170,150,150,150,,,,,,,,VACUUM ON
2111,MA4737E,24-Jun-22,EVEREST,,1000,39.66,8405AH-8445AH,STD,8,5.8,380,40/40,180,180,180,180,170,170,170,170,160,160,160,160,,,
2112,MA4737E,24-Jun-22,EVEREST(corr),,148,59.2,8488AH-8490AH,STD,8,5.8,380,40/40,180,180,180,180,170,170,170,170,160,160,160,160,,,
2113,DA5176E,24-Jun-22,EVEREST,,1003.7,89.89,8384AH-8404AH,STD,8,16,320,40/40,180,180,170,170,170,160,160,160,160,160,180,180,,,
2114,RA7886E,24-Jun-22,EASTERN,,250,48.7,8532AH-8536AH,STD,3,50,40,40/40,150,150,150,150,150,130,130,,,,,,,,VACUUM ON
2115,RA7886E,24-Jun-22,EASTERN,,213.58,49.29,8537AH-8541AH,STD,3,50,40,40/40,150,150,150,150,150,130,130,,,,,,,,VACUUM ON
2116,WA15193E,23-Jun-22,KPC,,2932.51,79.26,8352AH-8382AH,STD,5,30,40,60/60,180,200,180,180,180,180,180,180,180,180,,,,,
2117,WA11838E,25-Jun-22,MCBRIDE,,292.72,54.89,8329AH-8331AH, STD ,5,180,380,40/40,200,220,220,220,220,220,220,220,220,220,220,,,,90-100 ppg
2118,VA4875E,25-Jun-22,EVEREST(corr),,210,70,8572AH-8575AH,STD,3,7.5,13,40/40,130,120,120,110,110,110,120,,,,,,,,VACUUM ON
2119,WA5835E,29-Apr-22,CEBU JUNTRADE,,1019.93,99.51,5862AH-5871AH,STD,5,30,40,60/60,170,170,170,170,170,160,160,160,150,150,,,,,
2120,GA13527E,25-Jun-22,GREENPACK,,200,75.95,8552AH-8555AH,STD,3,30,40,40/40,150,150,150,150,150,130,130,,,,,,,,
2121,GA13527E,25-Jun-22,GREENPACK,,189.59,74.84,8556AH-8559AH,STD,3,30,40,40/40,150,150,150,150,150,130,130,,,,,,,,
2122,KA4595E,26-Jun-22,EVERGOOD,,101.8,76.35,7992AH; 7993AH,STD,8,17,240,40/40,170,170,170,170,170,170,160,160,160,150,150,,,,
2123,KA9045E,26-Jun-22,EVEREST,,490.5,56.16,8588AH-8597AH,STD,8,15,400,40/40,170,170,170,170,160,160,160,160,160,160,150,150,,,
2124,KA9045E,27-Jun-22,EVEREST,,296.78,75.77,8598AH-8603AH,STD,8,15,400,40/40,170,170,170,170,160,160,160,160,160,160,150,150,,,
2125,GA15088E,25-Jun-22,MCBRIDE,,4.55,39,8613AH,STD,8,10,220,40/40,150,150,150,140,140,140,140,130,130,150,150,,,,
2126,GA15088E,26-Jun-22,MCBRIDE(corr),,48.33,64.44,8611AH,STD,8,10,220,40/40,150,150,150,140,140,140,140,130,130,150,150,,,,
2127,WA3827E,26-Jun-22,ULTRAPLAS,,150,46.15,8446AH-8448AH,STD,3,5.2,16,40/40,160,180,180,180,180,180,160,,,,,,,,
2128,WA3827E,26-Jun-22,EASTERN,,434.44,43.81,8529AH-8531AH; 8577AH-8578AH,STD,3,6,16,40/40,160,180,180,180,180,180,160,,,,,,,,
2129,BA2091E,26-Jun-22,GREENPACK,,250,35.71,8560AH-8564AH,STD,3,20,34,60/60,160,160,140,120,120,125,125,,,,,,,,Pelletizer RPM 1400
2130,BA2091E,27-Jun-22,GREENPACK,,237.99,39.67,8565AH-8569AH,STD,3,20,34,60/60,160,160,140,120,120,125,125,,,,,,,,Pelletizer RPM 1400
2131,RA5277E,25-Jun-22,EVERGOOD,,322,65.49,8604AH-8610AH,STD,3,36,40,40/40,150,150,150,150,150,130,130,130,,,,,,,VACUUM ON
2132,WA15135E,25-Jun-22,BELLEPLAS,,2503.83,59.73,8499AH-8524AH,STD,5,20,380,60/60,170,170,170,170,170,170,160,160,160,150,150,,,,
2133,WA1815E,25-Jun-22,NPPET GLOBAL,,46.97,56.36,7983AH,STD,5,20,380,60/60,170,170,170,170,170,170,160,160,160,150,150,,,,
2134,VA4086E,21-Jun-22,EASTERN,,493.46,52.29,8304AH-8314AH,STD,3,20,34,40/40,160,160,160,140,140,140,130,,,,,,,,VACUUM ON
2135,VA4086E,27-Jun-22,IN-HOUSE,,10,52.29,8579AH,STD,1,80,400,40/40,120,140,150,150,150,150,150,150,140,140,,,,,
2136,GA12984E,28-Jun-22,PLEXCO,,174.6,80.58,8618AH-8621AH,STD,8,20,380,40/40,170,170,170,170,170,170,160,160,160,150,150,,,,
2137,OA8984E,28-Jun-22,EVEREST,,369,71.42,8580AH-8587AH,STD,8,8,250,40/40,170,170,170,170,160,160,160,160,160,160,150,150,,,
2138,YA6053E,27-Jun-22,EVEREST(corr),,67.98,116.54,8570AH-8571AH,STD,8,20,380,40/40,180,180,180,170,170,170,170,160,160,160,160,160,,,
2139,WA15123E,28-Jun-22,GILVAN,,2025,68.26,8449AH-8469AH,STD,3,30,40,60/60,150,150,150,150,150,130,130,,,,,,,,
2140,GA13527E,28-Jun-22,GREENPACK,,371.35,89.12,8640AH-6847AH,STD,8,16,200,40/40,170,170,170,170,170,170,160,160,160,150,150,,,,
2141,BA12615E,29-Jun-22,PLEXCO,,175.5,61.94,8614AH-8617AH,STD,8,15,400,40/40,180,180,170,170,170,160,160,160,150,150,150,150,,,
2142,GA15088E,29-Jun-22,MCBRIDE,,28,60,8659AH,STD,8,10,220,40/40,150,150,150,140,140,140,140,130,130,150,150,,,,
2143,GA15088E,29-Jun-22,MCBRIDE,,27,43.78,8660AH,STD,8,10,220,40/40,150,150,150,140,140,140,140,130,130,150,150,,,,
2144,BA12556E,29-Jun-22,PACKAGE WORLD,,4981.4,62.14,8332AH-8351AH,STD,5,25,140,60/60,140,150,160,160,160,160,160,160,160,160,150,150,,,
2145,WA5870E,29-Jun-22,INCON,,147.86,98.57,8549AH-8550AH,STD,5,20,380,80/80,170,170,170,170,170,170,160,160,160,150,150,,,,
2146,KA9045E,29-Jun-22,EVEREST,,396.5,45.75,8632AH-8639AH,STD,3,14,26,40/40,170,170,170,170,150,150,150,,,,,,,,VACUUM ON
2147,BA2091E,29-Jun-22,GREENPACK,,100,21.43,8744AH-8745AH,STD,8,3,180,60/60,170,170,170,170,160,160,160,160,160,160,150,150,,,
2148,BA2091E,29-Jun-22,GREENPACK,,96.16,28.85,8746AH-8747AH,STD,8,3,180,60/60,170,170,170,170,160,160,160,160,160,160,150,150,,,
2149,DA13055E,24-Jun-22,PLEXCO(corr),,192.69,100.53,8543AH-8546AH,STD,8,16,320,40/40,180,180,170,170,170,160,160,160,160,180,180,,,,
2150,VA4875E,25-Jun-22,EVEREST,,23.79,64.88,8572AH-8575AH,STD,3,7.5,13,40/40,130,120,120,110,110,110,120,,,,,,,,VACUUM ON
2151,IA1770E,30-Jun-22,EVERBRIGHT,,1015.83,66.25,8691AH-8731AH,STD,8,19,380,40/40,200,200,180,180,180,180,170,170,170,160,160,,,,
2152,OA2469E,29-Jun-22,H & E,,246.61,30.2,8686AH-8690AH,STD,8,3.5,200,40/40,170,170,170,170,170,170,160,160,160,160,160,,,,
2153,MA4737E,29-Jun-22,GENSTAR,,272.07,25.21,8648AH-8658AH,STD,3,4.3,42,40/40,150,150,150,150,140,140,140,,,,,,,,VACUUM ON
2154,MA4737E,30-Jun-22,EVEREST,,150,23.68,8626AH-8631AH,STD,3,4.3,42,40/40,150,150,150,150,140,140,140,,,,,,,,VACUUM ON
2155,KA9045E,7-Jul-22,EVEREST(corr),,200,58.82,8740AH-8743AH,STD,3,17,7,40/40,170,170,170,170,150,150,150,,,,,,,,VACUUM ON
2156,KA9045E,30-Jun-22,EVEREST,,294.39,39.08,8754AH-8759AH,STD,3,6,40,40/40,170,170,170,170,150,150,150,,,,,,,,VACUUM ON
2157,BA5327E,2-Jul-22,EVEREST,,368.02,57.35,8770AH-8777AH,STD,8,10,400,40/40,180,180,180,170,170,170,160,160,160,160,170,170,,,
2158,VA14336E,2-Jul-22,AG CANPRINT,,100,20,7994AH-7995AH,STD,3,38,400,40/40,180,200,180,180,180,180,180,,,,,,,,
2159,GA12411E,1-Jul-22,GENSTAR,,194.47,26.82,8672AH-8675AH,STD,3,8.5,35,40/40,180,200,180,180,180,180,180,,,,,,,,
2160,YA13953E,1-Jul-22,AG CANPRINT,,248.74,29.26,8748AH-8753AH,STD,3,6.5,30,40/40,150,150,150,150,150,130,130,,,,,,,,
2161,BA13023E,1-Jul-22,GENSTAR,,248,48.79,8732AH-8736AH,STD,8,7.8,250,40/40,170,170,170,170,170,160,160,160,160,160,150,,,,
2162,BA13023E,1-Jul-22,GENSTAR,,143.85,52.31,8737AH-8739AH,STD,8,7.8,250,40/40,170,170,170,170,170,160,160,160,160,160,150,,,,
2163,BA12861E,1-Jul-22,AG CANPRINT,,202,63.79,8661AH-8665AH,STD,8,13,380,40/40,200,200,190,190,180,180,180,180,180,180,180,180,,,
2164,RA7487E,1-Jul-22,GENSTAR,,263.95,73.66,8666AH-8671AH,STD,8,7.3,35,60/60,180,170,170,170,170,170,170,170,170,170,160,160,,,
2165,WA14429E,2-Jul-22,TERUMO,,77.35,22.86,8849AH-8851AH,STD,1,80,250,40/40,180,200,180,180,180,180,180,180,180,180,180,,,,3mmx3mm Pellet size w/ attachments
2166,WA15190E,2-Jul-22,NMH,,5991.2,70.46,8788AH-8848AH,STD,5,15,300,60/60,180,200,180,180,180,180,180,180,180,180,180,,,,(52-62 PPG)
2167,VA4086E,2-Jul-22,IN-HOUSE,,10,40,8765AH,STD,3,20,34,40/40,160,160,160,140,140,140,130,,,,,,,,VACUUM ON
2168,VA4086E,4-Jul-22,EASTERN,,100,33.71,8768AH-8769AH,STD,3,20,34,40/40,160,160,160,140,140,140,130,,,,,,,,VACUUM ON
2169,VA4086E,4-Jul-22,EASTERN,,484.04,40.79,8778AH-8787AH,STD,3,8.5,28,40/40,160,160,160,140,140,140,130,,,,,,,,VACUUM ON
2170,VA4086E,4-Jul-22,ALPHATECH,,200,48.98,8761AH-8764AH,STD,3,20,34,40/40,160,160,160,140,140,140,130,,,,,,,,VACUUM ON
2171,TA14363E,4-Jul-22,TERUMO,,78.5,24.92,8852AH-8854AH,STD,1,55,250,40/40,180,200,180,180,180,180,180,180,180,180,,,,,3mmx3mm Pellet size
2172,GA14433E,4-Jul-22,TERUMO,,78.76,25.41,8855AH-8857AH,STD,1,55,250,40/40,180,200,180,180,180,180,180,180,180,180,,,,,3mmx3mm Pellet size
2173,OA14430E,5-Jul-22,TERUMO,,78.65,24.58,8858AH-8860AH,STD,1,80,250,40/40,180,200,180,180,180,180,180,180,180,180,180,,,,3mmx3mm Pellet size
2174,YA14431E,4-Jul-22,TERUMO,,79.03,23.95,8861AH-8863AH,STD,1,55,250,40/40,180,200,180,180,180,180,180,180,180,180,,,,,3mmx3mm Pellet size
2175,BA14432E,5-Jul-22,TERUMO,,78.25,24.2,8864AH-8866AH,STD,1,80,250,40/40,180,200,180,180,180,180,180,180,180,180,180,,,,3mmx3mm Pellet size
2176,YA5993E,4-Jul-22,EVERGOOD,,300,54.22,8893AH-8898AH,STD,8,10,400,40/40,200,200,180,180,170,170,170,160,160,160,180,181,,,
2177,YA5993E,4-Jul-22,EVERGOOD,,190.61,49.72,8899AH-8901AH; 8902AH,STD,8,12,350,40/40,160,160,160,160,150,150,150,150,150,150,140,140,,,
2178,YA5124E,4-Jul-22,EVERGOOD,,250,57.69,8903AH-8907AH,STD,8,10,250,40/40,170,170,170,170,160,160,160,160,160,160,150,150,,,
2179,WA3827E,4-Jul-22,EASTERN,,602.27,73.45,8867AH-8872AH; 9017AH,STD,8,20,280,40/40,200,200,200,200,200,200,180,180,180,180,180,,,,
2180,GA12411E,5-Jul-22,GENSTAR(corr),,195,79.59,9025AH-9028AH,STD,8,10,350,40/40,180,180,180,180,180,180,180,180,180,180,180,,,,
2181,GA12411E,5-Jul-22,GENSTAR,,340.78,68.16,9029AH-9034AH; 9035AH,STD,8,15,380,40/40,180,180,180,180,180,180,180,180,180,180,180,,,,
2182,GA12984E,5-Jul-22,PLEXCO,,174.65,80.61,8980AH-8983AH,STD,8,20,380,40/40,170,170,170,170,170,170,160,160,160,150,150,,,,
2183,KA9045E,5-Jul-22,EVEREST,,3233,53.47,8914AH-8979AH,STD,3,12,35,40/40,170,170,170,170,150,150,150,,,,,,,,VACUUM ON
2184,MA12627E,6-Jul-22,PLEXCO,,72.9,30.17,9011AH-9013AH,STD,8,180,380,40/40,170,170,170,170,160,160,160,150,150,150,150,150,,,
2185,VA14336E,6-Jul-22,AG CANPRINT,,98.9,62.46,9023AH-9024AH,STD,8,13,280,40/40,190,190,180,180,170,170,170,180,180,180,180,180,,,
2186,GA12628E,5-Jul-22,PLEXCO,,128.31,66.94,9014AH-9016AH,STD,8,180,380,40/40,170,170,170,170,170,170,160,160,160,150,150,,,,
2187,OA7922E,7-Jul-22,AMAZON,,599.91,73.46,9036AH-9048AH,STD,8,10,250,40/40,170,170,170,170,160,160,160,160,160,180,180,,,,
2188,YA13953E,7-Jul-22,GENSTAR,,101.4,52.9,9018AH-9019AH,STD,8,28,400,40/40,170,170,160,160,150,150,150,140,140,140,150,150,,,
2189,KA9732E,7-Jul-22,Alphatech,,48.42,46.11,9104AH,STD,3,12,30,40/40,150,150,150,150,150,130,130,,,,,,,,
2190,KA9045E,7-Jul-22,EVEREST(corr),,303.98,64.45,9002AH-9007AH,STD,3,14,26,40/40,170,170,170,170,150,150,150,,,,,,,,VACUUM ON
2191,WA13000E,7-Jul-22,PREMIER,,496.99,50.54,8984AH-8988AH,STD,5,200,425,40/40,170,170,170,170,170,170,160,160,160,150,150,,,,
2192,WA13000E,7-Jul-22,PREMIER,,1030.55,55.71,8989AH-8999AH,STD,5,20,380,40/40,170,170,170,170,170,170,160,160,160,150,150,,,,
2193,WA14429E,7-Jul-22,TERUMO(corr),,75.76,24.57,9053AH-9055AH,STD,1,80,250,40/40,180,200,180,180,180,180,180,180,180,180,180,,,,3mmx3mm Pellet size w/ attachments
2194,YA5124E,4-Jul-22,EVERGOOD(corr),,237,83.65,8908AH-8912AH,STD,8,10,250,40/40,170,170,170,170,160,160,160,160,160,160,150,150,,,
2195,WA12282E,8-Jul-22,PACKAGE WORLD,,4936,61.7,8873AH-8892AH,STD,5,9,260,60/60,140,160,160,160,160,150,150,150,140,140,,,,,
2196,VA4086E,8-Jul-22,ALPHATECH,,636.97,52,9066AH-9078AH,STD,3,20,34,40/40,160,160,160,140,140,140,130,,,,,,,,VACUUM ON
2197,VA4086E,8-Jul-22,ALPHATECH,,9.5,25.91,9079AH,STD,3,20,34,40/40,160,160,160,140,140,140,130,,,,,,,,VACUUM ON
2198,VA4869E,8-Jul-22,EVEREST(corr),,158.23,59.34,9061AH-9065AH,STD,3,22,36,40/40,150,150,150,150,150,130,130,,,,,,,,
2199,VA4869E,8-Jul-22,EVEREST,,217.53,59.33,9056AH-9060AH,STD,3,20,6.7,40/40,150,150,150,150,150,130,130,,,,,,,,
2200,RA12706E,7-Jul-22,PLEXCO,,102.13,64.5,9008AH-9010AH,STD,3,30,40,40/40,150,150,150,150,150,130,130,,,,,,,,
2201,GA14433E,8-Jul-22,TERUMO(corr),,78.05,23.07,9084AH-9086AH,STD,1,55,250,40/40,180,200,180,180,180,180,180,180,180,180,,,,,3mmx3mm Pellet size
2202,WA3827E,8-Jul-22,ALPHATECH,,563.61,75.99,9088AH-9093AH,STD,8,20,280,40/40,200,200,200,200,200,200,180,180,180,180,180,,,,
2203,BA7896E,8-Jul-22,SENTINEL,,153.75,69.36,9049AH-9052AH,STD,8,15,350,40/40,170,170,170,170,160,160,160,150,150,150,150,150,,,
2204,BA13023E,8-Jul-22,GENSTAR,,108.13,43.25,9020AH-9022AH,STD,8,7.8,250,40/40,170,170,170,170,170,160,160,160,160,160,150,,,,
2205,GA12411E,8-Jul-22,GENSTAR,,220,41.25,9105AH-9109AH,STD,8,16,400,40/40,190,190,190,180,180,180,180,180,180,180,180,180,,,
2206,RA15402E,8-Jul-22,JR HOLSTER,,53.33,42.66,7996AH,STD,3,30,40,40/40,150,150,150,150,150,130,130,,,,,,,,
2207,IA15368E,30-Jun-22,CDC,,202.3,69.36,8676AH-8680AH,STD,8,20,350,40/40,180,180,170,170,160,160,160,150,150,150,150,150,,,
2208,DA15377E,1-Jul-22,CDC,,196.15,73.56,8681AH-8685AH,STD,3,30,40,40/40,150,150,150,150,150,130,130,,,,,,,,
2209,GA12984E,6-Jul-22,PLEXCO,,174.25,59.74,9080AH-9083AH,STD,8,20,380,40/40,170,170,170,170,170,170,160,160,160,150,150,,,,
2210,BA5327E,8-Jul-22,EVEREST,,5.17,20.68,9161AH,STD,1,80,400,40/40,120,140,150,150,150,150,150,150,150,140,140,,,,
2211,GA12984E,11-Jul-22,PLEXCO,,273,63,9162AH-9163AH,STD,8,20,380,40/40,170,170,170,170,170,170,160,160,160,150,150,,,,
2212,CA5402E,9-Jul-22,SMYPC-MPP,,70,10.63,9110AH-9111AH,STD,3,3,130,40,120,110,110,110,110,110,100,,,,,,,,
2213,VA14336E,9-Jul-22,AG CANPRINT(corr),,140,37.33,9157AH-9159AH,STD,3,38,400,40/40,180,200,180,180,180,180,180,,,,,,,,
2214,YA5993E,8-Jul-22,Evergood(tmblr/ext),,389.68,66.8,9152AH-9156AH,STD,8,12,350,40/40,200,200,180,180,170,170,170,160,160,160,180,180,,,
2215,VA14336E,11-Jul-22,AG CANPRINT,,25,33.33,9160AH,STD,3,38,400,40/40,180,200,180,180,180,180,180,,,,,,,,
2216,BA15050E,11-Jul-22,PACKAGE WORLD,,197.88,56.54,9213AH-9216AH,STD,3,6,26,40/40,130,130,130,130,130,120,120,,,,,,,,temp less 10°
2217,BA4140E,12-Jul-22,EVERBRIGHT,,122.77,58,9164AH-9167AH,STD,3,30,40,60/60,150,150,150,150,150,130,130,,,,,,,,
2218,VA4086E,12-Jul-22,IN-HOUSE,,10,52.29,9291AH,STD,1,80,400,40/40,120,140,150,150,150,150,150,150,140,140,,,,,
2219,BA9080E,13-Jul-22,PLASTIMER,,29.37,22.03,9294AH,STD,1,80,400,40/40,180,200,180,180,180,180,180,180,180,180,,,,,
2220,KA9732E,13-Jul-22,Alphatech(corr),,47.18,28.31,9293AH,STD,1,200,380,40/40,170,170,170,170,170,170,160,160,160,150,150,,,,
2221,KA9732E,13-Jul-22,Alphatech,,25,25,9292AH,STD,1,200,380,40/40,170,170,170,170,170,170,160,160,160,150,150,,,,
2222,BA12556E,13-Jul-22,PACKAGE WORLD,,1425,50.29,9366AH-9371AH,STD,5,25,140,60/60,140,150,160,160,160,160,160,160,160,160,150,150,,,
2223,BA12556E,13-Jul-22,PACKAGE WORLD,,241.48,62.99,9386AH,STD,5,25,140,60/60,140,150,160,160,160,160,160,160,160,160,150,150,,,
2224,YA5124E,7-Jul-22,EVERGOOD(corr),,490,77.37,9094AH-9103AH,STD,8,10,250,40/40,170,170,170,170,160,160,160,160,160,160,150,150,,,
2225,YA5124E,13-Jul-22,EVERGOOD,,196.58,74.18,9284AH-9287AH,STD,3,60,50,40/40,175,175,150,150,150,130,130,,,,,,,,
2226,YA5124E,13-Jul-22,EVERGOOD(corr),,420.61,77.18,9250AH-9256AH; 9288AH-9289AH,STD,3,60,50,40/40,175,175,150,150,150,130,130,,,,,,,,
2227,TA11397E,13-Jul-22,EVERGOOD,,139,69.5,9257AH-9259AH,STD,3,30,40,40/40,150,150,150,150,150,130,130,,,,,,,,
2228,BA2091E,13-Jul-22,GREENPACK(corr),,411.32,47.83,9260AH-9268AH,STD,3,7.5,22,60/60,160,160,140,120,120,125,125,,,,,,,,Pelletizer RPM 1400
2229,BA2091E,13-Jul-22,GREENPACK,,419.73,52.91,9269AH-9277AH,STD,3,9,22,60/60,160,160,140,120,120,125,125,,,,,,,,Pelletizer RPM 1400
2230,BA2091E,13-Jul-22,GREENPACK,,47.66,53.95,9295AH-9296AH,STD,3,20,34,60/60,160,160,140,120,120,125,125,,,,,,,,Pelletizer RPM 1400
2231,CA1578E,13-Jul-22,JR HOLSTER,,103.77,77.83,9206AH-9207AH,STD,8,15,300,40/40,170,170,170,170,170,170,160,160,160,160,160,160,,,
2232,BA5516E,17-May-22,SMYPC-MPP,,349.85,61.74,6624AH-6632AH,STD,8,7,160,40,105,105,100,100,100,100,100,100,100,110,110,,,,
2233,RA12372E,14-Jul-22,SPI,,698.12,59.58,9339AH-9353AH,STD,8,15,350,60/60,170,170,170,170,170,170,160,160,160,150,150,,,,
2234,RA15101E,14-Jul-22,21st Century,,200,101.69,9298AH-9301AH,STD,8,18,375,40/40,170,170,170,170,160,160,160,160,160,160,,,,,
2235,RA15101E,14-Jul-22,21st Century,,177.55,95.95,9302AH-9305AH,STD,8,18,300,40/40,170,170,170,170,160,160,160,160,160,160,,,,,
2236,RA15101E,14-Jul-22,21st Century,,1635,97.03,9306AH-9338AH,STD,8,15,330,40/40,170,170,170,170,160,160,160,160,160,160,,,,,
2237,GA4921E,14-Jul-22,Evergood,,253.36,69.1,9278AH-9282AH,STD,3,10,18,40/40,130,130,130,120,120,120,120,,,,,,,,
2238,GA12628E,14-Aug-22,PLEXCO,,126.46,75.88,9209AH-9211AH,STD,3,30,40,40/40,150,150,150,150,150,130,130,,,,,,,,
2239,YA5993E,14-Jul-22,EVERGOOD(corr),,39.6,59.4,9365AH,STD,3,30,45,40/40,150,150,150,150,150,130,130,,,,,,,,
2240,BA7896E,14-Jul-22,SENTINEL,,53.72,38.37,9387AH,STD,1,80,400,40/40,140,140,150,150,150,150,150,150,140,140,,,,,
2241,BA12556E,14-Jul-22,PACKAGE WORLD,,3751,62.17,9390AH-9404AH,STD,5,25,140,60/60,140,150,160,160,160,160,160,160,160,160,150,150,,,
2242,KA9045E,15-Jul-22,EVEREST,,1500,53.41,9217AH-9246AH,STD,3,12,35,40/40,170,170,170,170,150,150,150,,,,,,,,VACUUM ON
2243,BA4140E,12-Jul-22,EVERBRIGHT,,888.24,67.61,9168AH-9203AH,STD,3,30,40,60/60,150,150,150,150,150,130,130,,,,,,,,
2244,BA4140E,15-Jul-22,EVERBRIGHT(corr),,99.08,71.62,9355AH-9356AH,STD,8,14.5,300,60/60,170,170,170,170,160,160,160,160,160,160,150,150,,,
2245,GA2595E,16-Jul-22,alcos global,,100.97,30.29,9372AH-9375AH, STD ,8,10,300,40/40,230,230,230,230,230,230,230,230,230,230,230,230,,,90-100 ppg
2246,DA9936E,16-Jul-22,TRADESPHERE,,24.41,48.82,9427AH,STD,8,9,250,40/40,170,170,160,160,150,150,150,150,150,150,150,150,,,
2247,YA5124E,16-Jul-22,EVERGOOD(tmblr),,148.57,81.04,9428AH,STD,8,10,250,40/40,170,170,170,170,160,160,160,160,160,160,150,150,,,
2248,VA4869E,16-Jul-22,EVERGOOD,,160.1,64.29,9376AH-9379AH,STD,8,13,270,40/40,180,180,180,170,170,170,170,160,160,160,180,180,,,
2249,VA4869E,16-Jul-22,EVERGOOD,,379.61,75.92,9429AH-9437AH,STD,8,10,280,40/40,170,170,170,170,160,160,160,160,160,160,180,180,,,
2250,GA4921E,16-Jul-22,Evergood,,252.15,60.04,9380AH-9385AH,STD,3,10,18,40/40,130,130,130,120,120,120,120,,,,,,,,
2251,GA12984E,15-Jul-22,PLEXCO(corr),,126.5,61.71,9438AH-9440AH,STD,8,20,380,40/40,170,170,170,170,170,170,160,160,160,150,150,,,,
2252,KA9045E,16-Jul-22,EVEREST,,1044.47,47.12,9405AH-9426AH,STD,3,12,35,40/40,170,170,170,170,150,150,150,,,,,,,,VACUUM ON
2253,CA5402E,9-Jul-22,SMYPC-MPP,,1971.63,31.38,9111AH; 9112AH-9149AH,STD,8,3,130,40,130,120,120,110,110,110,110,110,110,110,130,130,,,
2254,CA5402E,16-Jul-22,SMYPC-MPP,,1000,31.12,9487AH-9506AH,STD,8,3.2,130,40,130,120,120,120,110,100,100,110,110,110,130,130,,,
2255,CA5402E,18-Jul-22,SMYPC-MPP,,700,29.43,9517AH-9530AH,STD,8,2.2,115,40,130,120,120,120,110,100,100,110,110,110,130,130,,,
2256,CA5402E,18-Jul-22,SMYPC-MPP,,1000,32.35,9531AH-9550AH,STD,8,3.2,130,40,130,120,120,120,110,100,100,110,110,110,130,130,,,
2257,GA4921E,18-Jul-22,EVERGOOD(corr),,252.33,75.7,9584AH-9588AH,STD,3,10,18,40/40,130,130,130,120,120,120,120,,,,,,,,
2258,BA4701E,18-Jul-22,INCON,,48.25,49.91,9358AH,STD,3,30,40,40/40,180,200,180,180,180,180,180,,,,,,,,
2259,GA8074E,18-Jul-22,Polytechnique,,294.89,60.8,9448AH-9453AH,STD,3,8,16,40/40,140,130,130,130,120,120,120,,,,,,,,
2260,WA12282E,18-Jul-22,PACKAGE WORLD,,239.75,58.71,9354AH,STD,5,9,260,60/60,140,160,160,160,160,150,150,150,140,140,,,,,
2261,WA5870E,18-Jul-22,INCON,,49.69,42.59,9357AH,STD,5,20,380,80/80,170,170,170,170,170,170,160,160,160,150,150,,,,
2262,GA12984E,18-Jul-22,PLEXCO(corr),,125,75,9580AH-9582AH,STD,3,30,40,40/40,150,150,150,150,150,130,130,,,,,,,,
2263,GA12984E,18-Jul-22,PLEXCO,,44.97,64.24,9583AH,STD,3,30,40,40/40,150,150,150,150,150,130,130,,,,,,,,
2264,WA15229E,18-Jul-22,NICE,,2542.56,60.9,9441AH-9447AH,STD,5,50,200,40/40,200,200,200,180,180,180,180,180,180,200,,,,,
2265,GA2595E,19-Jul-22,Suarez,,73.53,19.18,9553AH-9555AH,STD,1,85,400,40/40,200,220,220,220,220,220,220,220,220,220,,,,,VACUUM ON/COIL SCREW/NO AGITATOR
2266,WA3827E,19-Jul-22,EASTERN,,187.6,34.63,9455AH-9458AH,STD,3,5.2,20,40/40,160,180,180,180,180,180,160,,,,,,,,
2267,VA4086E,19-Jul-22,IN-HOUSE,,1380,49.29,9459AH-9486AH,STD,3,20,34,40/40,160,160,160,140,140,140,130,,,,,,,,VACUUM ON
2268,VA4086E,19-Jul-22,IN-HOUSE,,10,52,9388AH,STD,3,20,34,40/40,160,160,160,140,140,140,130,,,,,,,,VACUUM ON
2269,YA6053E,19-Jul-22,EVEREST,,978.78,15.93,9360AH-9363AH; 9564AH-9579AH,STD,1,80,400,40/40,120,140,150,150,150,150,150,150,140,140,,,,,
2270,WA1815E,20-Jul-22,NPPET GLOBAL,,49.5,37.13,9595AH,STD,5,20,380,60/60,170,170,170,170,170,170,160,160,160,150,150,,,,
2271,RA7310E,20-Jul-22,Phil-top,,250.29,39.25,9617AH-9621AH,STD,3,12,6,40/40,160,140,140,160,140,140,140,,,,,,,,
2272,WA12282E,20-Jul-22,PACKAGE WORLD,,5000,60.12,9694AH-9713AH,STD,5,9,260,60/60,140,160,160,160,160,150,150,150,140,140,,,,,
2273,VA4086E,20-Jul-22,EASTERN,,23.9,40.97,9808AH,STD,3,20,34,40/40,160,160,160,140,140,140,130,,,,,,,,VACUUM ON
2274,CA11698E,21-Jul-22,SMYPC,,2000,29.71,9714AH-9790AH,STD,8,9.4,135,40/40,180,180,180,170,170,170,170,160,160,160,180,180,,,
2275,KA9045E,22-Jul-22,EVEREST(corr),,149.44,38.98,9613AH-9615AH,STD,1,80,400,40/40,120,140,150,150,150,150,150,150,140,140,, ,,,
2276,BA7924E,21-Jul-22,AMAZON,,196.18,42.8,9607AH-9610AH,STD,3,7.1,35,40/40,150,140,130,130,140,140,140,,,,,,,,
2277,BA12618E,21-Jul-22,PHIL-TOP,,253,72.98,9596AH-9601AH,STD,3,6.5,40,40/40,150,150,150,150,150,130,130,,,,,,,,
2278,BA9910E,21-Jul-22,Everest,,50,66.67,9557AH-9563AH,STD,3,10.3,40,40/40,150,150,150,150,150,130,130,,,,,,,,
2279,BA9910E,21-Jul-22,Everest,,320.9,44.78,9557AH-9563AH,STD,3,10.3,40,40/40,150,150,150,150,150,130,130,,,,,,,,
2280,CA5402E,21-Jul-22,SMYPC-MPP,,248,27.56,9624AH-9628AH,STD,8,3.2,130,40,130,120,120,120,110,100,100,110,110,110,130,130,,,
2281,CA5402E,22-Jul-22,SMYPC-MPP,,3154,28.79,9629AH-9680AH; 9551AH-9552AH; 9507AH-9516AH,STD,8,3.2,130,40,130,120,120,120,110,100,100,110,110,110,130,130,,,
2282,BA2091E,21-Jul-22,GREENPACK,,194,58.2,9603AH-9606AH,STD,3,20,34,60/60,160,160,140,120,120,125,125,,,,,,,,Pelletizer RPM 1400
2283,VA4086E,28-Jul-22,IN-HOUSE,,782.5,72.57,9792AH-9807AH,STD,1,80,400,40/40,120,140,150,150,150,150,150,150,140,140,,,,,
2284,BA4701E,21-Jul-22,ZELLER,,51.8,56.51,9791AH,STD,3,30,40,40/40,180,200,180,180,180,180,180,,,,,,,,
2285,BA4701E,21-May-22,ZELLER(corr),,51.63,44.25,9816AH,STD,3,30,40,40/40,180,200,180,180,180,180,180,,,,,,,,
2286,WA3827E,22-Jul-22,EASTERN,,481.4,56.41,9681AH-9685AH; 9809AH-9813AH,STD,3,40,30,40/40,160,180,180,180,180,180,160,,,,,,,,
2287,GA15221E,22-Jul-22,PHIL-TOP,,257.02,22.55,9589AH-9594AH,STD,1,80,400,40/40,120,140,150,150,150,150,150,150,140,140,,,,,
2288,VA4869E,28-Jan-23,EVERGOOD,,253.53,43.46,6839AI-6844AI,STD,8,10,280,40/40,170,170,170,170,160,160,160,160,160,160,180,180,,,LDPE(HMI)
2289,ZA4789E,22-Jul-22,ISLAND,,101.33,21.95,9814AH-9815AH,STD,1,80,400,60/60,180,180,180,180,170,170,170,160,140,150,150,,,,
2290,GA14271E,23-Jul-22,PHIL-TOP,,128,24.94,9906AH-9908AH,STD,1,80,400,40/40,120,140,150,150,150,150,150,150,140,140,,,,,
2291,GA7505E,23-Jul-22,TRADESPHERE,,29.55,27.28,9622AH,STD,1,80,400,40/40,120,140,150,150,150,150,150,150,140,140,,,,,
2292,GA4254E,26-Jul-22,INCON,,107.3,23.84,9903AH-9905AH,STD,1,80,400,40/40,180,200,180,180,180,180,180,180,180,180,,,,,
2293,GA4440E,23-Jul-22,Plastimer,,150,25.35,9898AH-9901AH,STD,1,80,400,40/40,180,200,180,180,180,180,180,180,180,180,,,,,
2294,GA4440E,23-Jul-22,Plastimer,,15.38,36.91,9902AH,STD,1,80,400,40/40,180,200,180,180,180,180,180,180,180,180,,,,,
2295,KA14303E,23-Jul-22,PHIL-TOP,,252.84,48.94,9928AH-9933AH,STD,3,30,40,40/40,150,150,150,150,150,130,130,,,,,,,,
2296,KA4361E,23-Jul-22,INCON,,49.41,49.41,9623AH,STD,3,30,40,40/40,180,200,180,180,180,180,180,,,,,,,,
2297,SA14369E,23-Jul-22,RBV,,301.57,15.33,9891AH-9897AH,STD,3,3.2,25,40/40,150,150,150,150,150,130,130,,,,,,,,
2298,GA13867E,25-Jul-22,PHIL-TOP,,251.36,26.23,9931AH-9938AH,STD,1,80,400,40/40,120,140,150,150,150,150,150,150,140,140,,,,,
2299,BA13871E,25-Jul-22,PHIL-TOP,,248.88,60.7,9939AH-9943AH,STD,3,30,40,40/40,150,150,150,150,150,130,130,,,,,,,,
2300,BA14304E,25-Jul-22,PHIL-TOP,,255.65,66.69,9909AH-9914AH,STD,3,30,40,40/40,150,150,150,150,150,130,130,,,,,,,,
2301,KA13864E,25-Jul-22,PHIL-TOP,,249,58.59,9923AH-9927AH,STD,3,40,30,40/40,150,150,150,150,150,130,130,,,,,,,,
2302,WA12282E,25-Jul-22,PACKAGE WORLD,,1897.4,59.76,9915AH-9922AH,STD,5,9,260,60/60,140,160,160,160,160,150,150,150,140,140,,,,,
2303,GA7505E,26-Jul-22,TRADESPHERE(corr),,29.55,35.9,0133AI,STD,1,80,400,40/40,120,140,150,150,150,150,150,150,140,140,,,,,
2304,WA15071E,26-Jul-22,PACKAGE WORLD,,339.75,50.96,9944AH-9947AH,STD,5,20,260,40/40,140,160,150,150,150,150,150,150,150,140,140,,,,
2305,BA9159E,25-Jul-22,EVEREST,,2447.97,65.75,0001AI-0050AI,STD,3,7.2,25,40/40,150,130,130,130,130,130,150,,,,,,,,VACUUM ON
2306,CA11698E,26-Jul-22,SMYPC,,1787.85,30.83,9817AH-9890AH,STD,8,9.4,135,40/40,180,180,180,170,170,170,170,160,160,160,180,180,,,
2307,WA3827E,27-Jul-22,ULTRAPLAS,,143.76,49.29,0191AI-0193AI,STD,5,18,400,40/40,180,180,180,180,180,180,180,180,160,160,140,,,,VACUUM ON
2308,WA11295E,27-Jul-22,BEVPACK,,3300,63.36,9948AH-9981AH,STD,5,20,380,40/40,170,170,170,170,170,160,160,160,160,150,150,,,,
2309,BA9159E,26-Jul-22,EVEREST(corr),,50,75,0051AI,STD,3,7.2,25,40/40,150,130,130,130,30,130,150,,,,,,,,VACUUM ON
2310,BA9159E,27-Jul-22,Evergood,,247.58,69.09,0088AI-0092AI,STD,3,26,34,40/40,150,130,130,130,30,130,150,,,,,,,,VACUUM ON
2311,GA4440E,27-Jul-22,Plastimer(corr),,159.75,25.22,0202AI-0204AI,STD,1,80,400,40/40,180,200,180,180,180,180,180,180,180,180,,,,,
2312,GA2595E,27-Jul-22,ALLIED,,103.64,21.15,0052AI-0055AI,STD,1,85,400,40/40,200,220,220,220,220,220,220,220,220,220,,,,,VACUUM ON/COIL SCREW/NO AGITATOR
2313,YA7418E,28-Jul-22,EVEREST,,994.91,72.71,0170AI-0190AI,STD,3,9.6,25,40/40,150,140,110,110,110,110,140,,,,,,,,VACUUM ON
2314,YA6053E,29-Jul-22,EVEREST,,193.87,70.5,0093AI-0096AI,STD,3,30,40,40/40,150,150,150,150,150,130,130,,,,,,,,
2315,GA4178E,27-Jul-22,PSP,,240.97,39.83,0134AI-0143AI,STD,3,6,22,60/60,150,150,150,150,150,130,130,,,,,,,,
2316,BA3925E,27-Jul-22,Evergood,,122.35,57.35,0195AI-0197AI,STD,3,30,40,40/40,150,150,150,150,150,130,130,,,,,,,,
2317,RA11649E,29-Jul-22,MILLERS,,52.44,8.28,0288AI,STD,1,45,300,60/60,180,200,180,180,180,180,180,180,180,180,,,,,
2318,KA2871E,29-Jul-22,EVEREST,,1256.02,72.46,0144AI-0169AI,STD,3,8.4,35,40/40,150,150,150,150,150,130,130,,,,,,,,VACUUM ON
2319,GA9050E,29-Jul-22,ERTESS,,196.01,47.44,0261AI-0264AI,STD,3,30,40,40/40,150,150,150,150,150,130,130,,,,,,,,
2320,WA1400E,29-Jul-22,ALLIED,,513.9,92.59,0271AI-0275AI,STD,5,25,160,60/60,170,170,170,170,170,170,160,160,160,150,150,,,,
2321,WA5870E,29-Jul-22,INCON,,395.08,84.66,0198AI-0201AI,STD,5,20,380,80/80,170,170,170,170,170,170,160,160,160,150,150,,,,
2322,GA6050E,30-Jul-22,POLYTECHINQUE,,54.22,25.02,0377AI,STD,1,80,400,40/40,180,200,180,180,180,180,180,,,,,,,,
2323,GA4254E,30-Jul-22,INCON(corr),,111.6,27.33,0290AI-0292AI,STD,1,80,400,40/40,180,200,180,180,180,180,180,180,180,180,,,,,
2324,RA5277E,29-Jul-22,EVERGOOD,,255.96,23.63,0276AI-0281AI,STD,1,80,400,40/40,120,140,150,150,150,150,150,150,140,140,,,,,
2325,WA15192E,30-Jul-22,KPC,,2997.81,85.17,0057AI-0087AI,STD,5,22,140,60/60,180,200,180,180,180,180,180,180,180,180,,,,,
2326,BA5516E,30-Jul-22,SMYPC-MPP,,2800,48.28,0205AI-0260AI,STD,3,5.3,15,40,120,120,95,95,95,110,110,,,,,,,,VACUUM ON
2327,WA15123E,1-Aug-22,GILVAN,,2970.42,76.66,0389AI-0418AI,STD,5,28,400,60/60,110,110,110,110,170,170,160,160,160,150,150,,,,
2328,BA5516E,1-Aug-22,SMYPC-MPP,,255.44,46.44,0265AI-0270AI,STD,3,5.5,15,40,120,120,95,95,95,110,110,,,,,,,,VACUUM ON
2329,GA9050E,2-Aug-22,ERTESS(corr),,195,69.64,0422AI-0425AI,STD,3,30,40,40/40,150,150,150,150,150,130,130,,,,,,,,
2330,YA7418E,3-Aug-22,EVEREST,,993.81,82.47,0438AI-0457AI,STD,3,8.3,18,40/40,150,100,100,130,130,150,150,,,,,,,,VACUUM ON
2331,YA5917E,30-Jul-22,EVERGOOD,,146,12.79,0282AH-0284AH,STD,1,45,400,40/40,120,140,150,150,150,150,150,150,140,140,,,,,
2332,YA5917E,4-Aug-22,EVERGOOD,,97.72,39.09,0284AH-0287AH,STD,3,6.2,22,40/40,140,120,90,90,90,120,140,,,,,,,,
2333,WA15190E,3-Aug-22,NMH,,3000,71.29,0293AI-0322AI,STD,5,15,300,60/60,180,200,180,180,180,180,180,180,180,180,180,,,,(52-62 PPG)
2334,RA7886E,3-Aug-22,EASTERN,,180.43,25.47,0462AI-0465AI,STD,1,15,300,40/40,150,150,140,140,140,140,130,130,130,130,,,,,
2335,YA6053E,3-Aug-22,EVEREST(corr),,192.59,82.54,0458AI-0461AI,STD,3,30,40,40/40,150,150,150,150,150,130,130,,,,,,,,
2336,IA1770E,3-Aug-22,EVERBRIGHT,,985.38,48.78,0491AI-0530AI,STD,8,10,400,60/60,170,170,170,170,160,160,160,160,150,150,160,160,,,VACUUM ON
2337,GA4254E,4-Aug-22,INCON(corr),,121.8,48.72,0486AI-0488AI,STD,3,9,25,40/40,180,200,180,180,180,180,180,,,,,,,,VACUUM ON
2338,GA6050E,4-Aug-22,POLYTECHINQUE(corr),,52.7,48.65,0490AI,STD,3,30,40,40/40,180,200,180,180,180,180,180,,,,,,,,VACUUM ON
2339,MA7758E,4-Aug-22,CYBERMANN,,308.8,40.72,0426AI-0437AI,STD,3,6.6,28,40/40,180,200,180,180,180,180,180,,,,,,,,
2340,OA2469E,4-Aug-22,H & E,,505.32,77.15,0378AI-0388AI,STD,8,12,400,40/40,170,170,170,170,170,170,160,160,160,160,160,,,,
2341,YA4249E,5-Aug-22,MOLDEX,,2230.95,63.44,0532AH-0576AH,STD,8,220,400,40/40,200,200,180,170,170,170,170,160,160,160,160,,,,HDPE(HMI)
2342,WA12282E,6-Aug-22,PACKAGE WORLD,,4900.07,58.14,0466AI-0485AI,STD,5,9,260,60/60,140,160,160,160,160,150,150,140,140,150,150,150,,,
2343,RA13616E,6-Aug-22,STAR PLASTIC,,126.32,75.79,0585AI-0587AI,STD,8,10,350,40/40,200,200,180,180,180,170,170,170,160,160,160,160,,,
2344,KA5796E,6-Aug-22,INCON,,48.65,47.08,0580AI; 0581AI,STD,8,10.8,280,40/40,180,200,180,180,180,180,180,180,180,200,200,,,,
2345,BA9094E,6-Aug-22,ZELLER,,48.09,43.07,0489AI,STD,8,9.5,280,40/40,180,200,180,180,180,180,180,180,180,180,200,200,,,
2346,YA7418E,6-Aug-22,EVEREST,,9.9,18,0598AI,STD,1,80,400,40/40,120,140,150,150,150,150,150,150,140,140,,,,,
2347,YA5917E,6-Aug-22,EVERGOOD,,9.8,14.7,0604AI,STD,1,45,400,40/40,120,140,150,150,150,150,150,150,140,140,,,,,LDPE(HMI)
2348,WA15466E,10-Aug-22,PRIMEPACK,,249.36,49.87,0582AI-0584AI,STD,5,30,40,60/60,170,170,170,170,170,160,160,160,160,160,150,150,,,
2349,YA6053E,6-Aug-22,EVEREST(corr),,233.87,32.41,0599AI-0603AI,STD,1,80,400,40/40,160,150,150,150,150,150,150,150,140,140,,,,,
2350,BA7924E,6-Aug-22,AMAZON,,404.73,53.37,0589AI-0597AI,STD,8,12,350,40/40,180,180,180,170,170,170,160,160,160,160,160,160,,,
2351,VA4086E,8-Aug-22,IN-HOUSE,,24.5,58.8,0606AI,STD,8,9,300,40/40,160,160,160,160,160,160,150,150,150,150,150,150,,,
2352,VA4086E,8-Aug-22,EASTERN,,338.2,50.73,0607AI-0613AI,STD,8,9,300,40/40,170,170,170,170,160,160,160,160,160,160,160,160,,,
2353,VA4086E,8-Aug-22,ALPHATECH,,804.75,57.14,0614AI-0629AI,STD,8,7.8,370,40/40,170,170,170,170,170,160,160,160,160,160,170,170,,,
2354,WA11678E,10-Aug-22,INCON,,153.02,51.01,0578AI; 0579AI,STD,5,20,380,40/40,170,170,170,170,160,160,160,160,160,160,150,150,,,
2355,GA1225E,9-Aug-22,SMYPC-MPP,,5000,95.21,0631AI-0731AI,STD,8,7.5,400,40/40,180,180,180,180,170,170,170,170,160,160,170,170,,,
2356,CA8383E,9-Aug-22,GLOBAL COMPAK,,26.39,45.24,0588AI,STD,8,10,280,40/40,170,170,170,170,160,160,160,160,150,150,160,160,,,
2357,WA15190E,10-Aug-22,NMH,,5109.15,74.28,0323AI-0374AI,STD,5,15,300,60/60,180,200,180,180,180,180,180,180,180,200,200,,,,(52-62 PPG)
2358,RA11649E,2-Aug-22,MILLERS(re-ext),,51.81,27.03,0420AI,STD,1,80,400,60/60,175,195,175,175,175,175,175,175,175,175,,,,,VACUUM ON
2359,WA15229E,11-Aug-22,NICE,,3535.65,26.43,0840AI-0848AI,STD,1,75,250,40/40,120,140,175,175,175,175,175,175,150,150,,,,,
2360,BA13023E,11-Aug-22,GENSTAR,,249.38,52.69,0833AI-0837AI,STD,8,11,400,40/40,200,200,180,180,170,170,170,170,160,160,150,150,,,
2361,BA9159E,12-Aug-22,EVEREST,,1748.9,67.27,0097AI-0132AI,STD,8,5.6,250,40/40,180,180,170,170,170,170,160,160,160,160,170,170,,,
2362,WA1400E,13-Aug-22,INCON,,712.77,68.76,0906AI-0912AI,STD,5,25,160,60/60,180,180,170,170,170,160,160,160,160,150,150,150,,,
2363,WA15123E,15-Aug-22,GILVAN,,3020,80.53,0939AI-0969AI,STD,5,20,380,60/60,170,170,170,170,170,170,160,160,160,150,150,,,,
2364,YA4249E,16-Aug-22,MOLDEX,,296.79,62.48,0917AI-0919AI; 1048AI-1050AI,STD,3,26,32,40/40,160,180,180,180,180,180,160,,,,,,,,HDPE(HMI)
2365,YA5868E,13-Aug-22,ARC,,2446.27,77.02,0850AI-0899AI,STD,8,15,300,40/40,180,180,170,170,160,160,160,150,150,150,160,160,,,
2366,OA14302E,15-Aug-22,INCON,,103.34,59.56,0901AI-0902AI,STD,8,7,300,40/40,160,160,160,160,150,150,150,150,150,150,140,140,,,
2367,MA7758E,15-Aug-22,CYBERMANN(corr),,127.4,49.32,0913AI-0915AI,STD,8,11.9,250,40/40,180,200,180,180,180,180,180,180,180,180,190,190,,,
2368,WA11295E,15-Aug-22,BEVPACK,,369.63,38.57,9982AH-9984AH,STD,3,30,40,40/40,150,150,150,150,150,130,130,,,,,,,,
2369,MA13810E,15-Aug-22,INCON,,48.7,50.38,0924AI-0925AI,STD,8,9,180,40/40,180,200,180,180,180,180,180,180,180,180,190,190,,,
2370,MA13810E,15-Aug-22,INCON(corr),,27.47,45.78,0927AI,STD,8,9,180,40/40,180,200,180,180,180,180,180,180,180,180,190,190,,,
2371,GA1225E,16-Aug-22,SMYPC-MPP,,4932.17,97.38,0731AI-0831AI,STD,8,12,220,40/40,180,180,170,170,160,160,160,160,160,160,150,150,,,
2372,IA6500E,16-Aug-22,SMYPC,,488.77,61.48,0970AI-0979AI,STD,8,10.7,350,40/40,150,150,150,150,140,140,140,140,140,140,150,150,,,
2373,GA4254E,15-Aug-22,INCON,,82.45,44.97,0922AI-0923AI,STD,8,12.4,300,40/40,180,200,180,180,180,180,180,180,180,180,190,190,,,VACUUM ON
2374,OA7922E,17-Aug-22,AMAZON,,53.14,35.43,1052AI,STD,3,6,42,40/40,170,180,170,170,160,150,150,,,,,,,,
2375,WA3827E,17-Aug-22,IN-HOUSE,,700,52.17,0932AI-0938AI,STD,5,18,400,40/40,180,180,180,180,180,180,180,180,160,160,140,,,,VACUUM ON
2376,WA11295E,17-Aug-22,BEVPACK,,1440.39,54.04,9985AH-9998AH,STD,5,20,380,40/40,140,160,160,150,150,150,150,150,140,140,140,,,,
2377,YA7418E,17-Aug-22,EVEREST,,1014.82,81.19,1007AI-1027AI,STD,3,8.3,42,40/40,150,140,130,130,130,130,150,,,,,,,,VACUUM ON/LDPE(HMI)
2378,RA4665E,18-Aug-22,EVEREST,,618.3,65.08,1035AI-1047AI,STD,3,12,45,40/40,170,160,150,150,150,150,150,,,,,,,,
2379,RA7886E,18-Aug-22,EASTERN,,298.9,42.5,1001AI-1006AI,STD,3,50,40,40/40,150,150,140,130,130,130,130,,,,,,,,
2380,GA4254E,18-Aug-22,INCON(corr),,91.8,54,1100AI-1101AI,STD,8,12.4,300,40/40,180,200,180,180,180,180,180,180,180,180,190,190,,,VACUUM ON
2381,WA12282E,1-Aug-22,PACKAGE WORLD,,4987.4,27.84,0981AI-1000AI,STD,1,22,150,60/60,150,170,170,170,160,160,150,150,150,150,,,,,
2382,VA12837E,17-Aug-22,GILVAN,,53.63,49.5,0980AI,STD,3,30,40,40/40,150,150,140,140,140,140,140,,,,,,,,
2383,OA14302E,17-Aug-22,INCON(corr),,99.69,56.97,1083AI-1084AI,STD,3,30,40,40/40,150,150,150,150,150,140,140,,,,,,,,
2384,KA5796E,19-Aug-22,INCON,,74.59,47.11,1109AI-1110AI,STD,8,10.8,280,40/40,180,200,180,180,180,180,180,180,180,180,190,190,,,
2385,KA3144E,19-Aug-22,H & E,,52,46.57,1111AI,STD,8,7.5,250,40/40,180,200,180,180,180,180,180,180,180,180,190,190,,,
2386,MA13810E,19-Aug-22,INCON(corr),,132.73,53.09,1151AI; 1154AI-1155AI,STD,8,9,180,40/40,180,200,180,180,180,180,180,180,180,180,190,190,,,
2387,GA13527E,19-Aug-22,CEBU HI Q,,124.34,74.6,1106AI-1108AI,STD,8,16,200,40/40,170,170,170,170,160,160,160,160,160,160,150,150,,,
2388,GA13429E,18-Aug-22,CEBU HI Q,,78.47,52.31,1113AI-1114AI,STD,8,10,380,40/40,170,170,170,170,170,170,160,160,160,160,150,150,,,
2389,GA13925E,19-Aug-22,CEBU HI Q,,49.88,54.41,1112AI,STD,8,10,380,40/40,170,170,170,170,160,160,160,160,160,160,150,150,,,
2390,BA12855E,19-Aug-22,CEBU HI Q,,127.75,47.91,1117AI-1119AI,STD,3,40,30,40/40,180,200,180,180,180,180,180,,,,,,,,
2391,BA12013E,19-Aug-22,CEBU HI Q,,126.9,70.5,1103AI-1105AI,STD,3,30,40,40/40,180,160,150,150,150,150,150,,,,,,,,
2392,BA2091E,19-Aug-22,CEBU HI Q,,378.32,71.38,1143AI-1150AI,STD,3,20,34,60/60,160,160,140,120,120,125,125,,,,,,,,Pelletizer RPM 1400
2393,BA12615E,18-Aug-22,PLEXCO,,177.72,52.02,1028AI-1031AI,STD,3,30,40,40/40,170,160,150,150,150,150,150,,,,,,,,
2394,WA1400E,19-Aug-22,ALLIED,,989.7,92.35,1090AI-1099AI,STD,5,25,160,60/60,169,179,167,153,169,169,159,159,159,181,181,,,,
2395,WA15135E,19-Aug-22,HERITAGE,,44.2,58.93,1116AI,STD,5,20,380,60/60,170,170,170,170,170,170,160,160,160,150,150,,,,
2396,WA2127E,19-Aug-22,CEBU HI Q,,73,63.48,1115AI,STD,5,20,380,60/60,170,170,170,170,170,170,160,160,160,150,150,,,,
2397,WA3827E,19-Aug-22,IN-HOUSE,,480.65,49.29,1141AI-1142AI; 1152AI-1153AI,STD,5,18,400,40/40,180,180,180,180,180,180,180,180,160,160,140,,,,VACUUM ON
2398,YA5993E,19-Aug-22,EVERGOOD(trial),,46.25,69.38,1120AI,STD,8,12,350,40/40,160,160,160,160,150,150,150,150,150,150,140,140,,,
2399,YA5993E,19-Aug-22,EVERGOOD,,941.49,53.8,1121AI-1139AI,STD,8,12,350,40/40,170,170,170,170,160,160,160,160,160,160,150,150,,,
2400,YA5993E,20-Aug-22,EVERGOOD(error),,148.37,59.35,1199AI-1201AI,STD,8,12,350,40/40,170,170,170,170,160,160,160,160,160,160,150,150,,,
2401,GA1225E,20-Aug-22,SMYPC-MPP,,57.35,68.82,1212AI-1213AI,STD,8,12,220,40/40,170,170,170,170,160,160,160,160,160,160,150,150,,,
2402,RA7886E,20-Aug-22,EASTERN,,202.3,67.43,1086AI-1089AI,STD,8,7.5,380,40/40,170,170,160,160,160,160,150,150,150,150,160,160,,,
2403,BA15085E,20-Aug-22,EVEREST,,26.8,53.6,1140AI,STD,3,30,40,40/40,150,150,150,150,150,130,130,,,,,,,,LDPE(HMI)
2404,BA15050E,19-Aug-22,PACKAGE WORLD,,19.92,39.84,0928AI,STD,3,6,26,40/40,130,130,130,130,130,120,120,,,,,,,,temp less 10°
2405,BA9910E,19-Aug-22,Everest,,759.13,64.79,1156AI-1171AI,STD,3,10.3,40,40/40,150,150,150,150,150,140,140,,,,,,,,
2406,VA4086E,20-Aug-22,EASTERN,,547.25,51.14,1172AI-1182AI,STD,3,20,34,40/40,160,150,150,140,140,150,150,,,,,,,,VACUUM ON/LDPE(HMI)
2407,GA14252E,18-Aug-22,EVEREST,,114.46,50.87,1032AI-1034AI,STD,8,12,350,40/40,170,170,170,170,160,160,160,160,160,160,150,150,,,LDPE(HMI)
2408,VA4086E,20-Aug-22,EASTERN,,684.88,48.34,1183AI-1196AI,STD,3,20,34,40/40,160,150,150,140,140,150,150,,,,,,,,VACUUM ON/LDPE(HMI)
2409,WA15466E,20-Aug-22,PRIMEPACK,,1002.19,48.11,1202AI-1211AI,STD,5,30,40,60/60,170,170,170,170,170,160,160,160,160,180,180,150,,,LDPE(HMI)
2410,RA5277E,23-Aug-22,EVERGOOD,,514.77,74.42,1225AI-1235AI,STD,8,13,250,40/40,170,170,170,170,160,160,160,160,150,150,150,150,,,LDPE(HMI)
2411,BA5516E,22-Aug-22,SMYPC-MPP,,2965.68,46.22,1236AI-1295AI,STD,3,5.5,15,40,120,110,95,95,95,110,110,,,,,,,,VACUUM ON/LDPE(HMI)
2412,WA5870E,22-Aug-22,INCON,,200.81,72.15,1223AI-1224AI,STD,5,20,380,80/80,170,170,170,170,170,170,160,160,160,180,180,150,,,LDPE(HMI)
2413,WA15192E,23-Aug-22,KPC,,2958.47,94.02,1053AI-1082AI,STD,5,22,140,60/60,200,200,200,180,180,180,180,180,190,190,,,,,PP
2414,RA15503E,23-Aug-22,PLEXCO,,54.2,59.13,1330AI,STD,8,14,260,40/40,170,170,160,160,150,150,150,150,150,150,150,150,,,LDPE(HMI)
2415,DA5176E,23-Aug-22,EVERGOOD(corr),,69.87,52.4,1220AI; 1221AI,STD,8,16,320,40/40,180,180,170,170,170,160,160,160,160,160,180,180,,,LDPE(HMI)
2416,DA5176E,23-Aug-22,EVERGOOD,,45.3,56.83,1222AI,STD,8,16,320,40/40,180,180,170,170,170,160,160,160,160,160,180,180,,,LDPE(HMI)
2417,KA9767E,23-Aug-22,TRADESPHERE,,31.59,32.68,1296AI,STD,8,10.1,280,40/40,150,170,170,160,160,160,150,150,150,150,150,,,,LDPE(HMI)
2418,YA5124E,24-Aug-22,EVERGOOD,,100,66.67,1218AI; 1219AI,STD,8,10,250,40/40,170,170,170,170,170,160,160,160,160,160,150,150,,,LDPE(HMI)
2419,YA5124E,24-Aug-22,EVERGOOD,,99,74.25,1300AI-1301AI,STD,8,10,250,40/40,170,170,170,170,160,160,160,160,160,160,150,150,,,LDPE(HMI)
2420,YA5124E,24-Aug-22,EVERGOOD,,280,64.62,1302AI-1307AI,STD,8,10,250,40/40,170,170,170,170,160,160,160,160,160,160,150,150,,,LDPE(HMI)
2421,YA12705E,24-Aug-22,PLEXCO,,175,61.76,1323AI-1326AI,STD,8,8,300,40/40,170,170,160,160,160,150,150,150,150,150,150,,,,LDPE(HMI)
2422,YA7418E,24-Aug-22,EVEREST(corr),,19.3,46.32,1331AI,STD,8,15,320,40/40,170,170,170,170,160,160,160,160,150,150,150,150,,,LDPE(HMI)
2423,YA5993E,25-Aug-22,EVERGOOD(corr),,50.78,76.17,1332AI,STD,8,12,350,40/40,170,170,170,170,160,160,160,160,160,160,150,150,,,LDPE(HMI)
2424,GA9050E,26-Aug-22,ERTESS,,199.84,39.57,1333AI-1336AI,STD,3,30,40,40/40,150,130,130,140,140,150,150,,,,,,,,LDPE(HMI)
2425,WA15071E,25-Aug-22,PACKAGE WORLD,,397.4,39.74,1319AI-1322AI,STD,5,130,280,40/40,140,160,150,150,150,150,150,150,150,150,150,,,,LL38
2426,WA11295E,25-Aug-22,BEVPACK,,95.25,38.1,1341AI,STD,5,20,380,40/40,170,170,170,170,170,160,160,160,160,150,150,,,,LDPE(HMI)
2427,WA11295E,25-Aug-22,BEVPACK(re-ext),,566.79,46.59,1343AI-1347AI,STD,5,10,250,40/40,160,160,160,160,160,150,150,150,150,160,160,,,,less 5°C / LDPE(HMI)
2428,BA12855E,25-Aug-22,CEBU HI Q,,129.02,59.55,1338AI-1340AI,STD,8,300,12,40/40,180,200,200,200,180,180,180,180,180,180,180,180,,,PP
2429,BA15085E,25-Aug-22,EVEREST,,26.2,52.4,1308AI,STD,8,15-16,350,40/40,170,170,170,170,170,160,160,160,160,160,160,160,,,LDPE(HMI)
2430,BA15050E,25-Aug-22,PACKAGE WORLD,,19,38,1342AI,STD,8,6,200,40/40,170,170,170,170,160,160,160,160,160,160,150,150,,,LL38
2431,OA15542E,25-Aug-22,PLEXCO,,51.9,50,1329AI,STD,8,10,250,40/40,170,170,170,160,160,150,150,150,150,150,150,150,,,LDPE(HMI)
2432,GA15545E,25-Aug-22,PLEXCO,,54,54,1328AI,STD,8,10,280,40/40,170,170,160,160,160,150,150,150,150,150,150,150,,,LDPE(HMI)
2433,VA15501E,25-Aug-22,PLEXCO,,54.1,81.15,1327AI,STD,8,280,8,40/40,170,170,170,160,160,160,160,150,150,150,150,150,,,LDPE(HMI)
2434,BA14168E,25-Aug-22,GENSTAR(tmblr),,129.09,64.55,1350AI,STD,8,300,7,40/40,170,170,160,160,160,160,160,150,150,150,150,150,,,LDPE(HMI)
2435,CA2912E,26-Aug-22,ELLESTREQUE,,49.8,37.3,1349AI,STD,8,4.8,230,60/60,170,170,170,170,160,160,160,160,160,160,150,150,,,LDPE(HMI)
2436,WA3827E,26-Aug-22,IN-HOUSE,,490.91,61.36,1314AI-1318AI,STD,5,18,400,40/40,180,200,180,180,180,180,180,180,180,180,160,160,,,VACUUM ON
2437,DA5176E,26-Aug-22,EVERGOOD(corr),,79.95,87.22,1351AI-1352AI,STD,3,17,12-8.3,40/40,130,120,120,120,120,130,130,,,,,,,,LDPE(HMI)
2438,VA4537E,26-Aug-22,ZELLER,,40.31,60.47,1369AI,STD,3,30,40,40/40,180,200,180,180,180,180,180,,,,,,,,PP
2439,KA9767E,27-Aug-22,TRADESPHERE,,30.85,61.7,1370AI,STD,3,30,40,40/40,150,150,150,150,150,130,130,,,,,,,,LDPE(HMI)
2440,VA4086E,26-Aug-22,IN-HOUSE,,49.5,78.16,1353AI,STD,8,9,300,40/40,165,165,165,165,155,155,155,155,155,155,155,155,,,LDPE(HMI)
2441,VA4086E,26-Aug-22,ALPHATECH,,708.12,58.36,1354AI-1368AI,STD,8,9,300,40/40,180,180,170,170,160,160,160,160,160,160,170,170,,,LDPE(HMI)
2442,WA15466E,27-Aug-22,PRIMEPACK,,1008.07,44.25,1383AI-1392AI,STD,5,100,420,60/60,200,180,170,170,160,160,160,160,160,160,180,180,,,LDPE(HMI)
2443,VA4086E,27-Aug-22,IN-HOUSE,,49.5,59.4,1393AI,STD,8,9,300,40/40,175,175,165,165,155,155,155,155,155,155,155,180,,,LDPE(HMI)
2444,WA11295E,30-Aug-22,BEVPACK,,45.75,14.45,1403AI,STD,1,100,280,40/40,120,140,150,150,150,150,150,150,140,140,,,,,LDPE(HMI)
2445,DA5176E,31-Aug-22,EVERGOOD(corr),,86.51,94.37,1401AI-1402AI,STD,8,16,320,40/40,170,170,170,170,160,160,160,160,160,160,150,150,,,LDPE(HMI)
2446,VA4537E,31-Aug-22,ZELLER (corr.),,44.41,47.58,1423AI,STD,8,9,250,40/40,180,200,180,180,180,180,180,180,180,180,180,,,,PP
2447,VA4537E,31-Aug-22,ZELLER,,5,33.33,1424AI,STD,8,10,250,40/40,180,200,180,180,180,180,180,180,180,190,190,,,,PP
2448,WA15466E,30-Aug-22,PRIMEPACK,,1010.39,47.55,1413AI-1422AI,STD,5,430,13,60/60,200,180,180,170,160,160,160,160,160,160,180,180,,,LDPE(HMI)
2449,WA12282E,31-Aug-22,PACKAGE WORLD,,3000,27.86,1371AI-1382AI,STD,1,22,150,60/60,150,170,170,170,160,160,150,150,150,150,,,,,
2450,KA9767E,31-Aug-22,TRADESPHERE(corr),,50.32,53.91,1440AI,STD,8,10.1,280,40/40,150,170,170,160,160,160,150,150,150,150,150,,,,LDPE(HMI)
2451,BA15085E,31-Aug-22,EVEREST,,26.08,18.41,1441AI,STD,8,15-16,350,40/40,180,180,170,170,160,160,160,160,160,160,150,150,,,LDPE(HMI)
2452,GA9050E,1-Sep-22,ERTESS(corr),,199.53,75.77,1442AI-1445AI,STD,8,12,220,40/40,170,170,170,170,180,160,160,160,160,150,150,,,,LDPE(HMI)
2453,WA1815E,31-Aug-22,NPPET GLOBAL,,50.24,43.06,0930AI,STD,5,20,380,60/60,170,170,170,170,170,170,160,160,160,160,150,,,,LDPE(HMI)
2454,WA15229E,1-Sep-22,DYNAMICCAPS,,3802.04,59.33,1404AI-1412AI; 1439AI,STD,5,50,200,40/40,200,200,200,180,180,180,180,180,180,200,200,,,,
2455,BA11939E,1-Sep-22,H&E,,16.95,50.85,0931AI,STD,8,8,280,40/40,200,200,180,180,180,180,180,180,180,180,200,200,,,PP
2456,BA11959E,1-Sep-22,H&E,,27.57,48.65,1450AI,STD,8,8,280,40/40,200,200,180,180,180,180,180,180,180,180,190,190,,,PP
2457,OA8984E,1-Sep-22,Evergood,,49.09,68.5,0929AI,STD,8,8,250,40/40,170,170,170,170,160,160,160,160,160,160,150,150,,,LDPE(HMI)
2458,BA2091E,2-Sep-22,GREENPACK,,910.2,70.11,1482AI-1500AI,STD,8,8,280,60/60,180,180,170,170,170,170,170,160,160,160,180,180,,,LDPE(HMI)
2459,BA2091E,2-Sep-22,GREENPACK,,344.33,93.91,1501AI-1507AI,STD,8,3,180,60/60,200,200,200,200,180,180,180,170,170,170,190,190,,,LDPE(HMI)
2460,SA11780E,2-Sep-22,SMYPC,,245.5,73.65,1611AI-1615AI,STD,3,30,40,40/40,150,150,150,150,150,140,140,,,,,,,,LDPE(HMI)
2461,SA11780E,2-Sep-22,SMYPC,,54.47,29.71,1616AI-1617AI,STD,3,30,40,40/40,150,150,150,150,150,130,130,,,,,,,,LDPE(HMI)
2462,GA13527E,22-May-23,CEBU HIQ,,100,74.07,0744AJ-0745AJ,STD,3,8.3,28,40/40,150,170,160,150,140,140,150,,,,,,,,LDPE(HMI)
2463,SA11780E,3-Sep-22,SMYPC,,46.02,57.53,1618AI,STD,3,30,40,40/40,150,150,150,150,150,130,130,,,,,,,,LDPE(HMI)
2464,BA5516E,3-Sep-22,SMYPC-MPP,,3955.45,56.64,1531AI-1610AI,STD,8,6.5,160,40,130,130,130,120,120,120,110,110,100,100,125,125,,,LDPE(HMI)
2465,WA15466E,3-Sep-22,IN-HOUSE,,1000,47.47,1472AI-1481AI,STD,5,13,430,60/60,170,170,110,110,170,160,160,160,160,150,150,,,,LDPE(HMI)
2466,BA12068E,5-Sep-22,EVEREST,,113.86,52.55,1630AI-1632AI,STD,3,8.5,35,40/40,150,150,140,140,140,150,150,,,,,,,,LDPE(HMI)
2467,BA11939E,15-Sep-22,H&E(corr),,17,40.8,1637AI,STD,3,30,40,40/40,180,200,180,180,180,180,180,,,,,,,,PP
2468,WA12282E,3-Sep-22,PACKAGE WORLD,,1912.07,26.45,1452AI-1459AI,STD,1,22,150,60/60,140,170,170,170,160,160,150,150,150,150,,,,,
2469,OA2860E,5-Sep-22,UNA,,152.85,52.41,1640AI-1643AI,STD,3,10,40,60/60,150,150,140,140,140,150,150,,,,,,,,LDPE(HMI)
2470,IA9154E,6-Sep-22,UNA,,1014.49,51.8,1645AI-1685AI,STD,3,16,36,60/60,150,150,140,140,140,150,150,,,,,,,,LDPE(HMI)
2471,IA9790E,6-Sep-22,UNA,,103.25,49.56, 1686AI-1689AI ,STD,3,30,40,60/60,150,150,140,140,140,150,150,,,,,,,,LDPE(HMI)
2472,IA1696E,6-Sep-22,PLACEL,,55.18,50.94,1635AI-1636AI,STD,3,30,40,40/40,150,150,140,140,140,150,150,,,,,,,,LDPE(HMI)
2473,WA13000E,6-Sep-22,PREMIER,,504.02,48,1521AI-1525AI,STD,5,20,380,40/40,200,200,110,100,170,170,160,160,160,150,150,,,,LDPE(HMI)
2474,WA13000E,6-Sep-22,PREMIER,,444.1,20.34,1526AI-1530AI,STD,1,20,380,40/40,200,200,160,150,150,150,150,150,140,140,,,,,LDPE(HMI)
2475,WA13183E,6-Sep-22,STAR PLASTIC,,240.6,43.19,1633AI-1634AI,STD,1,80,40,40/40,160,160,160,160,150,150,150,140,140,140,150,150,,,LDPE(HMI)
2476,GA4921E,7-Sep-22,EVEREST,,764.91,71.15,1690AI-1705AI,STD,3,10,18,40/40,150,150,140,140,140,150,150,,,,,,,,LDPE(HMI)
2477,BA4701E,7-Sep-22,INCON,,98.38,51.33,1709AI-1710AI,STD,8,12,280,40/40,180,200,180,180,180,180,180,180,180,180,180,180,,,PP
2478,BA15085E,7-Sep-22,EVEREST,,54.4,59.35,1706AI,STD,8,15-16,350,40/40,170,170,170,170,170,160,160,160,160,160,160,160,,,LDPE(HMI)
2479,IA9912E,7-Sep-22,Evergood,,150.27,64.4,1731AI-1733AI,STD,3,7.2,20,40/40,150,150,140,140,140,150,150,,,,,,,,LDPE(HMI)
2480,WA3827E,7-Sep-22,EASTERN,,243.67,76.95,1721AI-1722AI,STD,8,20,280,40/40,200,200,200,200,200,180,180,180,180,180,180,,,,HDPE(HMI)
2481,WA3827E,7-Sep-22,EASTERN,,96.49,52.63,1725AI,STD,8,20,280,40/40,200,200,200,200,200,200,180,180,180,180,180,,,,HDPE(HMI)
2482,VA4086E,3-Sep-22,ALPHATECH,,691.23,52.83,1425AI-1438AI,STD,3,20,34,40/40,150,140,140,140,140,140,150,,,,,,,,VACUUM ON/LDPE(HMI)
2483,VA4086E,8-Sep-22,EASTERN(tmblr/re-ext),,343.32,58.03,1708AI,STD,3,20,34,40/40,160,150,150,140,140,150,150,,,,,,,,VACUUM ON/LDPE(HMI)
2484,VA4086E,8-Sep-22,EASTERN,,197.52,62.37,1727AI-1730AI,STD,3,20,34,40/40,150,150,140,140,140,160,160,,,,,,,,VACUUM ON/LDPE(HMI)
2485,SA11780E,8-Sep-22,SMYPC(corr),,270.04,73.65,1711AI-1716AI,STD,3,30,40,40/40,150,140,140,140,140,150,150,,,,,,,,LDPE(HMI)
2486,BA12556E,8-Sep-22,PACKAGE WORLD,,1000,25,1394AI-1397AI,STD,1,85,280,60/60,120,140,160,160,160,160,160,160,160,160,,,,,
2487,IA1770E,8-Sep-22,EVERBRIGHT,,1018.3,65.7,1800AI-1840AI,STD,8,110,390,60/60,170,170,170,170,160,160,160,160,150,150,150,150,,,VACUUM ON
2488,BA4140E,9-Sep-22,EVERBRIGHT,,316,68.7,1734AI-1746AI,STD,3,30,40,60/60,150,150,150,150,150,130,130,,,,,,,,VACUUM ON/LDPE(HMI)
2489,BA4140E,9-Sep-22,EVERBRIGHT,,93.05,62.03,1747AI-1750AI,STD,3,30,40,60/60,150,150,150,150,150,130,130,,,,,,,,VACUUM ON/LDPE(HMI)
2490,BA4140E,9-Sep-22,EVERBRIGHT,,604.73,60.57,1761AI-1785AI,STD,3,30,40,60/60,150,150,140,140,140,150,150,,,,,,,,VACUUM ON/LDPE(HMI)
2491,BA12556E,9-Sep-22,PACKAGE WORLD,,700,60.39,1398AI-1400AI,STD,5,25,140,60/60,140,150,160,160,160,160,160,160,160,160,150,150,,,
2492,BA12068E,9-Sep-22,EVEREST,,112.23,64.13,1846AI-1848AI,STD,3,6,43,40/40,150,150,150,140,140,140,140,,,,,,,,LDPE(HMI)
2493,BA12556E,10-Sep-22,PACKAGE WORLD,,950,60.32,1757AI-1760AI,STD,5,25,140,60/60,140,150,160,160,160,160,160,160,160,150,150,,,,
2494,RA2508E,10-Sep-22,Evergood,,503.8,65.71,1786AI-1796AI,STD,8,13,300,60/60,170,170,170,170,160,160,160,150,150,140,140,,,,LDPE(HMI)
2495,IA15368E,10-Sep-22,CDC,,199,68.23,1751AI-1755AI,STD,8,20,350,40/40,180,180,180,180,170,170,170,160,160,150,150,150,,,LDPE(HMI)
2496,DA15377E,10-Sep-22,CDC,,105,70,1797AI-1799AI,STD,8,20,350,40/40,180,180,170,170,160,160,160,150,150,150,150,150,,,LDPE(HMI)
2497,WA13183E,12-Sep-22,STAR PLASTIC,,6.59,26.36,1856AI,STD,1,80,40,40/40,120,140,150,150,150,150,150,150,150,150,,,,,LDPE(HMI)
2498,WA11678E,12-Sep-22,INCON,,246.18,36.93,1850AI-1852AI,STD,1,80,200,40/40,140,140,150,150,150,150,150,150,140,140,,,,,LDPE(HMI)
2499,WA12282E,10-Sep-22,PACKAGE WORLD,,2997.3,59.85,1460AI-1471AI,STD,5,9,260,60/60,170,170,170,170,170,160,160,160,160,150,150,,,,
2500,VA4086E,12-Sep-22,IN-HOUSE,,688.05,57.98,1857AI-1870AI,STD,8,9,300,40/40,200,180,180,170,170,170,160,160,160,160,170,170,,,LDPE(HMI)
2501,CA1578E,13-Sep-22,EVEREST,,258.5,73.86,1906AI-1911AI,STD,8,15,300,40/40,170,170,170,170,170,170,160,160,160,160,160,160,,,LDPE(HMI)
2502,BA7924E,12-Sep-22,AMAZON,,324.21,86.84,1930AI-1936AI,STD,3,7.1,35,40/40,150,140,130,130,140,140,140,,,,,,,,HDPE(HMI)
2503,BA7924E,12-Sep-22,AMAZON,,293.86,82.78,1937AI-1942AI,STD,3,7.1,35,40/40,150,140,130,130,140,140,140,,,,,,,,HDPE(HMI)
2504,BA3925E,13-Sep-22,Evergood,,100,64.52,1841AI-1842AI,STD,3,30,40,40/40,150,140,140,140,150,150,150,,,,,,,,LDPE(HMI)
2505,BA3925E,13-Sep-22,Evergood,,151.06,63.38,1843AI-1845AI,STD,3,30,40,40/40,150,140,140,140,150,150,150,,,,,,,,LDPE(HMI)
2506,BA3925E,16-Sep-22,Evergood(corr),,9.38,31.27,1944AI,STD,8,10,380,40/40,170,170,170,170,160,160,160,160,160,160,150,150,,,LDPE(HMI)
2507,OA8984E,1-Sep-22,Evergood,,202.57,64.65,1446AI-1449AI,STD,8,8,250,40/40,170,170,170,170,160,160,160,160,160,160,150,150,,,LDPE(HMI)
2508,IA6500E,3-Sep-22,SMYPC-MPP,,60,60,1619AI-1620AI,STD,3,30,40,40/40,150,150,140,130,130,150,150,,,,,,,,LDPE(HMI)
2509,IA6500E,3-Sep-22,SMYPC-MPP,,441,60.97,1621AI-1629AI,STD,3,30,40,40/40,150,150,140,130,130,150,150,,,,,,,,LDPE(HMI)
2510,WA12841E,8-Sep-22,PHIL-TOP,,244.87,28.53,1723AI-1724AI,STD,1,80,400,60/60,120,140,150,150,150,150,150,150,140,140,,,,,LDPE(HMI)
2511,WA12282E,13-Sep-22,PACKAGE WORLD,,4917,59.96,1871AI-1890AI,STD,5,9,260,60/60,170,170,170,170,170,160,160,160,160,150,150,,,,NO BLENDER (ext #5 only)
2512,VA4086E,14-Sep-22,ALPHATECH,,739,62.89,1891AI-1905AI,STD,8,9,300,40/40,180,180,170,170,170,160,160,160,160,160,180,180,,,LDPE(HMI)
2513,TA15569E,14-Sep-22,PHIL-TOP,,254.8,51.82,1919AI-1924AI,STD,8,8.7,260,40/40,170,170,170,160,160,150,150,150,150,150,150,150,,,LDPE(HMI)
2514,DA15568E,14-Sep-22,PHIL-TOP,,256.5,56.58,1913AI-1918AI,STD,8,10,300,40/40,180,180,170,170,170,160,160,160,150,150,170,170,,,LDPE(HMI)
2515,ZA4789E,15-Sep-22,ISLAND,,103.6,62.16,1963AI-1964AI,STD,8,10,300,60/60,170,170,160,160,150,150,150,140,140,140,150,150,,,LDPE(HMI)
2516,WA12841E,15-Sep-22,PHIL-TOP,,247.94,29.11,1928AI-1929AI,STD,1,80,400,60/60,140,160,160,160,160,160,160,160,150,150,,,,,LDPE(HMI)
2517,VA4086E,15-Sep-22,EASTERN,,147.15,60.89,1955AI-1957AI,STD,8,9,300,40/40,180,180,170,170,170,160,160,160,160,160,180,180,,,LDPE(HMI)
2518,VA4086E,15-Sep-22,EASTERN,,50,60,1958AI,STD,8,9,300,40/40,180,180,170,170,160,160,160,160,160,160,170,170,,,LDPE(HMI)
2519,WA15466E,15-Sep-22,IN-HOUSE,,991,37.16,1945AI-1954AI,STD,1,80,400,60/60,120,140,150,150,150,150,150,150,150,140,140,,,,LDPE(HMI)
2520,GA12628E,16-Sep-22,PLEXCO,,125.48,67.22,1966AI-1968AI,STD,8,180,380,40/40,180,170,170,170,170,160,160,160,160,160,180,180,,,LDPE(HMI)
2521,GA6050E,16-Sep-22,POLYTECHINQUE(tmblr),,53.85,40.9,1962AI,STD,8,10,250,40/40,180,200,180,180,180,180,180,180,180,180,180,180,,,PP
2522,OA14302E,15-Sep-22,INCON,,102.85,60.5,1960AI-1961AI,STD,8,7,300,40/40,160,160,160,160,150,150,150,150,150,150,140,140,,,LDPE(HMI)
2523,WA3827E,16-Sep-22,EASTERN,,50,33.33,1925AI,STD,1,80,400,40/40,160,180,180,180,180,180,180,180,160,160,,,,,HDPE(HMI)
2524,WA3827E,16-Sep-22,EASTERN,,100,34.09,1926AI,STD,1,80,400,40/40,160,180,180,180,180,180,180,180,160,160,,,,,HDPE(HMI)
2525,WA3827E,16-Sep-22,EASTERN(re-ext),,45.85,36.2,1959AI,STD,1,80,400,40/40,160,180,180,180,180,180,180,180,160,160,,,,,HDPE(HMI)
2526,YA7822E,17-Sep-22,EASTERN,,225.77,64.51,1969AI-1973AI,STD,8,10,350,40/40,170,170,160,160,150,150,150,140,140,140,150,150,,,LDPE(HMI)
2527,BA15573E,17-Sep-22,PLASCOM,,306.4,68.09,1974AI-1980AI,STD,8,280,9,40/40,180,200,180,180,180,180,180,180,180,180,180,180,,,PP
2528,GA12628E,19-Sep-22,PLEXCO(corr),,125,83.33,1983AI-1985AI,STD,8,180,380,40/40,150,160,160,150,150,150,150,140,140,140,150,150,,,LDPE(HMI)
2529,WA12282E,20-Sep-22,PACKAGE WORLD,,245.64,58.95,1982AI,STD,5,9,260,60/60,170,170,170,170,160,160,160,150,150,150,,,,,NO BLENDER (ext #5 only)
2530,YA5124E,20-Sep-22,EVERGOOD,,100,75,2014AI-2014AI,STD,8,10,250,40/40,170,170,170,170,160,160,160,160,160,160,150,150,,,LDPE(HMI)
2531,YA5124E,20-Sep-22,EVERGOOD,,397.28,67.72,2016AI-2023AI,STD,8,10,250,40/40,170,170,170,170,160,160,160,160,160,160,150,150,,,LDPE(HMI)
2532,GA14271E,19-Sep-22,PHIL-TOP,,249.5,65.09,1996AI-2000AI,STD,8,10,250,40/40,150,170,160,160,150,150,150,140,140,140,150,150,,,LDPE(HMI)
2533,WA3827E,21-Sep-22,EASTERN,,98,58.8,2001AI,STD,5,18,400,40/40,180,200,200,200,180,180,180,180,180,180,,,,,VACUUM ON/HDPE(HMI)
2534,WA3827E,20-Sep-22,EASTERN,,96.36,72.27,2003AI,STD,5,18,400,40/40,180,200,200,200,180,180,180,180,180,180,,,,,VACUUM ON/HDPE(HMI)
2535,WA3827E,20-Sep-22,EASTERN,,292.02,54.75,2029AI-2031AI,STD,5,18,400,40/40,200,200,200,200,200,180,180,180,180,180,180,,,,VACUUM ON/HDPE(HMI)
2536,WA15466E,21-Sep-22,ISLAND,,1175,48.45,2045AI-2056AI,STD,5,13,430,60/60,170,170,110,110,170,160,160,160,160,150,150,,,,LDPE(HMI)
2537,BA6822E,21-Sep-22,Cebu Hi Q,,153.57,67.26,2024AI-2026AI,STD,8,15-16,350,40/40,170,170,170,170,160,160,160,160,160,160,150,150,,,LDPE(HMI)
2538,BA6822E,21-Sep-22,Cebu Hi Q,,100,58.25,2027AI-2028AI,STD,8,15-16,350,40/40,170,170,170,170,170,160,160,160,160,160,160,160,,,LDPE(HMI)
2539,BA14304E,21-Sep-22,PHIL-TOP,,251.9,59.5,1986AI-1990AI,STD,8,13,250,40/40,170,170,170,170,170,170,170,160,160,160,150,150,,,LDPE(HMI)
2540,RA5277E,21-Sep-22,EVERGOOD,,494.8,73.3,2004AI-2013AI,STD,8,13,250,40/40,170,170,170,170,160,160,160,160,160,160,150,150,,,LDPE(HMI)
2541,KA14303E,21-Sep-22,PHIL-TOP,,250.31,61.05,1991AI-1995AI,STD,8,10,280,40/40,170,170,170,170,170,160,160,160,160,150,150,,,,LDPE(HMI)
2542,YA5124E,22-Sep-22,EVERGOOD(corr),,109.05,69.61,2084AI-2085AI,STD,8,10,250,40/40,170,170,170,170,160,160,160,160,160,160,150,150,,,LDPE(HMI)
2543,KA4361E,22-Sep-22,INCON,,50.97,48.54,2086AI,STD,8,8,300,40/40,180,200,180,180,180,180,180,180,180,180,190,190,,,PP
2544,RA15449E,22-Sep-22,GILVAN,,54.06,69.01,2044AI,STD,8,10,300,40/40,170,170,170,170,160,160,160,160,160,160,150,150,,,LDPE(HMI)
2545,VA4086E,22-Sep-22,EASTERN,,246,61.5,2032AI-2036AI,STD,8,9,300,40/40,180,180,170,170,160,160,160,160,160,160,180,180,,,LDPE(HMI)
2546,BA15573E,22-Sep-22,PLASCOM(corr),,48.64,69.49,2043AI,STD,8,280,9,40/40,200,200,180,180,180,180,180,180,180,180,190,190,,,PP
2547,BA12861E,22-Sep-22,AG CANPRINT,,251,56.4,2037AI-2042AI,STD,8,8.5,320,40/40,200,200,190,190,180,180,180,180,180,180,200,200,,,PP
2548,WA15466E,22-Sep-22,ISLAND(corr),,96.21,52.48,2063AI,STD,5,13,430,60/60,180,180,180,180,170,160,160,160,160,150,150,,,,LDPE(HMI)
2549,BA15573E,23-Sep-22,PLASCOM(corr),,48.19,61.52,2082AI,STD,8,280,9,40/40,180,200,180,180,180,180,180,180,180,180,190,190,,,PP
2550,BA15494E,24-Sep-22,PHIL-TOP,,256.12,62.72,2135AI-2140AI,STD,3,30,40,40/40,160,150,140,140,140,150,150,,,,,,,,LDPE(HMI)
2551,GA15496E,24-Sep-22,PHIL-TOP,,254.28,59.83,2141AI-2146AI,STD,3,30,40,40/40,150,150,150,150,150,130,130,,,,,,,,LDPE(HMI)
2552,KA15486E,24-Sep-22,PHIL-TOP,,258.14,59.57,2129AI-2134AI,STD,3,30,40,40/40,160,160,150,150,150,150,150,,,,,,,,LDPE(HMI)
2553,GA14271E,23-Sep-22,PHIL-TOP,,248.2,72.64,2124AI-2128AI,STD,8,10,250,40/40,150,170,160,160,150,150,150,140,140,140,150,150,,,LDPE(HMI)
2554,BA4701E,23-Sep-22,INCON,,108.94,51.88,2087AI-2089AI,STD,8,12,280,40/40,180,200,180,180,180,180,180,180,180,180,190,190,,,PP
2555,BA9159E,23-Sep-22,EVEREST,,196.25,84.11,2090AI-2091AI,STD,8,15,300,40/40,180,180,170,170,170,170,160,160,160,160,150,150,,,LDPE(HMI)
2556,BA9159E,23-Sep-22,EVEREST,,198.75,90.34,2092AI-2093AI,STD,8,15,300,40/40,180,180,170,170,170,170,160,160,160,160,150,150,,,LDPE(HMI)
2557,YA12128E,24-Sep-22,SMYPC,,980,44.61,2105AI-2114AI,STD,8,4.1,140,40,130,125,130,130,130,120,120,120,120,120,120,120,,,LDPE(HMI)
2558,GA14271E,26-Sep-22,PHIL-TOP(corr),,253.66,69.5,2181AI-2185AI,STD,3,30,40,40/40,150,150,150,150,150,150,150,,,,,,,,LDPE(HMI)
2559,BA12861E,26-Sep-22,AG CANPRINT,,249,55.75,2147AI-2151AI,STD,3,30,40,40/40,180,200,180,180,180,190,190,,,,,,,,PP
2560,MA5180E,23-Sep-22,EVEREST,,49,58.8,2064AI-2065AI,STD,8,12,350,40/40,170,170,170,160,160,160,150,150,150,150,150,150,,,LDPE(HMI)
2561,MA5180E,24-Sep-22,EVEREST,,197.86,46.01,2152AI-2159AI,STD,3,30,40,40/40,150,140,140,140,140,140,140,,,,,,,,LDPE(HMI)
2562,WA15071E,26-Sep-22,PACKAGE WORLD,,494,58.12,2172AI-2176AI,STD,5,130,280,40/40,140,160,160,160,150,150,150,140,140,150,150,,,,LL38
2563,YA12128E,26-Sep-22,21st Century,,518.9,53.68,2160AI-2164AI,STD,8,4.1,140,40,140,140,130,130,120,120,120,120,120,120,130,130,,,LDPE(HMI)
2564,RA15449E,27-Sep-22,GILVAN(corr),,52.52,60.6,2180AI,STD,8,8.5,280,40/40,160,160,150,150,150,150,150,160,160,160,170,170,,,LDPE(HMI)
2565,KA4361E,27-Sep-22,INCON,,54.5,51.9,2334AI,STD,8,8,280,40/40,200,200,180,180,180,180,180,180,180,180,200,200,,,PP
2566,YA5124E,27-Sep-22,EVERGOOD(corr),,112.98,61.63,2177AI-2179AI,STD,8,10,250,40/40,170,170,170,170,160,160,160,160,160,160,150,150,,,LDPE(HMI)
2567,GA1225E,27-Sep-22,SMYPC(trial),,298.97,94.41,2203AI; 2204AI; 2205AI,STD,3,12,30,40/40,160,150,140,140,140,150,150,,,,,,,,LDPE(HMI)
2568,GA1225E,26-Sep-22,SMYPC,,3000,91.65,2206AI-2235AI,STD,3,12,30,40/40,160,150,140,140,140,150,150,,,,,,,,LDPE(HMI)
2569,BA5516E,27-Sep-22,SMYPC(trial),,395.26,55.54,2236AI-2243AI,STD,8,7,135,40,140,140,140,130,130,130,130,130,120,120,130,130,,,LDPE(HMI)
2570,BA5516E,27-Sep-22,SMYPC,,2664.18,52,2244AI-2297AI,STD,8,6,130,40,140,140,140,140,140,140,130,130,130,130,130,130,,,LDPE(HMI)
2571,DA5173E,22-Sep-22,EVEREST,,472.7,86.47,2066AI-2075AI,STD,8,10,320,40/40,180,180,170,170,170,160,160,160,150,150,160,160,,,VACUUM ON
2572,WA15466E,22-Sep-22,ISLAND,,891.97,50.87,2115AI-2123AI,STD,5,30,40,60/60,180,180,180,180,160,160,160,150,150,150,150,,,,LDPE(HMI)
2573,BA9159E,24-Sep-22,EVEREST,,1124.12,81.56,2094AI-2104AI,STD,8,15,300,40/40,180,180,170,170,160,170,160,160,160,160,150,150,,,LDPE(HMI)
2574,RA9068E,28-Sep-22,ZELLER,,53.79,48.17,2345AH,STD,3,30,40,40/40,180,200,180,180,180,190,190,,,,,,,,PP
2575,GA4178E,28-Sep-22,PSP,,305.33,56.02,2322AI-2333AI,STD,3,6,22,60/60,160,150,140,140,140,140,140,,,,,,,,LDPE(HMI)
2576,WA12282E,28-Sep-22,PACKAGE WORLD,,1408.87,57.12,2166AI-2171AI,STD,5,9,260,60/60,140,160,160,160,160,150,150,150,160,160,,,,,NO BLENDER (ext #5 only)
2577,BA13023E,29-Sep-22,GENSTAR,,501.43,53.34,2366AI-2376AI,STD,3,30,40,40/40,150,150,140,130,140,140,140,,,,,,,,LDPE(HMI)
2578,BA15494E,29-Sep-22,PHIL-TOP(corr),,256.2,68.32,2383AI-2387AI,STD,3,30,40,40/40,150,140,140,140,140,150,150,,,,,,,,LDPE(HMI)
2579,GA14271E,29-Sep-22,PHIL-TOP(corr),,147.72,69.78,2388AI-2392AI,STD,3,30,40,40/40,150,150,140,140,150,150,150,,,,,,,,LDPE(HMI)
2580,GA13854E,29-Sep-22,REIMAGINE,,79.43,50.17,2349AI; 2350AI,STD,3,8.3,45,40/40,160,150,150,140,140,150,150,,,,,,,,LDPE(HMI)
2581,IA7720E,28-Sep-22,PSP,,250,62.5,2335AI-2344AI,STD,3,40,36,60/60,160,150,150,140,140,150,150,,,,,,,,VACUUM ON/LDPE(HMI)
2582,WA12282E,29-Sep-22,PACKAGE WORLD,,1500,60,2351AI-2356AI,STD,5,9,260,60/60,140,160,160,160,160,150,150,150,140,140,,,,,NO BLENDER (ext #5 only)
2583,BA8674E,26-Sep-22,IN-HOUSE,,1056.4,59.8,2059AI-2062AI,STD,5,11,300,60/60,170,170,170,170,160,160,160,160,160,150,150,,,,
2584,VA4086E,30-Sep-22,IN-HOUSE,,193.45,49.6,2186AI-2189AI,STD,8,9,300,40/40,180,180,170,170,160,160,160,160,160,160,180,180,,,LDPE(HMI)
2585,VA4086E,30-Sep-22,EASTERN,,617,58.76,2190AI-2202AI,STD,8,9,280,40/40,200,200,180,180,160,160,150,150,170,170,180,180,,,LDPE(HMI)
2586,GA1225E,1-Oct-22,SMYPC,,2000,81.63,2298AI-2317AI,STD,3,9.3,42,40/40,160,150,150,150,150,160,160,,,,,,,,LDPE(HMI)
2587,GA14271E,30-Sep-22,PHIL-TOP,,251.2,61.02,2419AI-2423AI,STD,3,30,40,40/40,150,150,140,140,140,150,150,,,,,,,,LDPE(HMI)
2588,BA12615E,30-Sep-22,PLEXCO,,180.12,63.57,2410AI-2413AI,STD,3,30,40,40/40,160,150,150,150,150,150,150,,,,,,,,
2589,OA5866E,30-Sep-22,SMYPC,,306.44,50.37,2441AI-2447AI,STD,3,80,400,40/40,150,150,140,140,140,150,150,,,,,,,,LDPE(HMI)
2590,VA4086E,30-Sep-22,EASTERN,,196.87,48.61,2318AI-2321AI,STD,8,9,300,40/40,170,170,170,170,170,160,160,160,160,160,180,180,,,LDPE(HMI)
2591,OA5866E,3-Oct-22,SMYPC(corr),,306.02,60.6,2571AI-2577AI,STD,3,80,400,40/40,150,150,140,140,140,150,150,,,,,,,,LDPE(HMI)
2592,YA5993E,3-Oct-22,EVERGOOD,,595.89,56.48,2430AI-2435AI; 2563AI-2568AI,STD,3,30,45,40/40,150,150,150,140,140,140,140,,,,,,,,LDPE(HMI)
2593,YA5993E,4-Oct-22,EVERGOOD(corr),,95.44,76.35,2569AI-2570AI,STD,3,30,45,40/40,160,150,150,150,150,160,160,,,,,,,,LDPE(HMI)
2594,GA7119E,4-Oct-22,METRO CONT.,,50,46.15,2409AI,STD,3,40,40,40/40,150,150,150,150,150,160,160,,,,,,,, LDPE(HMI) 
2595,BA9159E,4-Oct-22,EVEREST,,1491.15,88.15,2533AI-2562AI,STD,8,15,300,40/40,180,180,170,170,160,160,160,160,160,160,150,150,,,LDPE(HMI)
2596,BA15494E,4-Oct-22,PHIL-TOP(corr),,260,69.33,2578AI-2582AI,STD,8,8,250,40/40,160,160,160,150,150,150,150,140,140,140,150,150,,,LDPE(HMI)
2597,WA13000E,30-Sep-22,PREMIER,,1473.87,51.56,2393AI-2407AI,STD,5,40,390,40/40,200,200,160,160,160,160,160,160,160,140,140,,,,LDPE(HMI)
2598,WA13000E,4-Oct-22,PREMIER,,64.04,42.69,2437AI,STD,5,20,380,40/40,200,200,110,100,170,170,160,160,160,150,150,,,,LDPE(HMI)
2599,WA12282E,4-Oct-22,PACKAGE WORLD,,2241.54,61.98,2357AI-2365AI,STD,5,9,260,60/60,160,160,150,150,150,150,150,140,140,140,150,,,,NO BLENDER (ext #5 only)
2600,BA15050E,5-Oct-22,PACKAGE WORLD,,347.53,45.13,2722AI-2728AI,STD,8,6,200,40/40,170,170,170,170,160,160,160,160,160,160,150,150,,,LL38
2601,BA15002E,5-Oct-22,MCBRIDE,,53.18,33.59,2408AI,STD,8,7,250,40/40,220,220,220,220,220,220,220,220,220,220,230,230,,,90-100 ppg (PET)
2602,WA14068E,5-Oct-22,Zeller,,100,18.75,2436AI,STD,1,30,400,40/40,140,140,150,150,150,150,150,150,150,140,140,,,,HDPE(HMI)
2603,GA1225E,5-Oct-22,SMYPC,,2679.27,76.73,2448AI-2475AI,STD,3,6.3,40,40/40,180,180,160,150,150,160,160,,,,,,,,LDPE(HMI)
2604,TA14363E,6-Oct-22,TERUMO,,53.38,21.35,2438AI-2439AI,STD,1,55,250,40/40,180,200,180,180,180,180,180,180,180,180,,,,,3mmx3mm Pellet size
2605,BA14432E,8-Oct-22,TERUMO,,1003.99,24.89,2729AI-2769AI,STD,1,80,250,40/40,180,180,180,180,180,180,180,180,180,180,180,,,,3mmx3mm Pellet size
2606,YA14431E,6-Oct-22,TERUMO,,1003.62,24.67,2770AI-2810AI,STD,1,55,250,40/40,180,200,180,180,180,180,180,180,180,180,,,,,3mmx3mm Pellet size
2607,YA5124E,5-Oct-22,EVEREST,,879.6,57.37,2683AI-2700AI,STD,3,60,50,40/40,160,150,150,150,140,140,140,,,,,,,,LDPE(HMI)
2608,CA5402E,5-Oct-22,SMYPC(trial),,205.85,27.76,2583AI-2584AI; 2585AI-2586AI; 2587AI-2588AI,STD,8,3.4,130,40,130,130,120,120,115,115,115,115,115,115,120,120,,,LDPE(HMI)
2609,CA5402E,6-Oct-22,SMYPC,,4824.2,32.47,2589AI-2682AI,STD,8,3.2,130,40,130,130,120,120,115,115,115,115,110,110,132,130,,,LDPE(HMI)
2610,YA6053E,6-Oct-22,EVEREST,,497,69.67,2815AI-2824AI,STD,3,30,40,40/40,150,150,150,140,140,150,150,,,,,,,,LDPE(HMI)
2611,KA2871E,7-Oct-22,EVEREST,,1001.85,71.31,2701AI-2721AI,STD,3,8.4,35,40/40,150,150,140,140,140,140,140,,,,,,,,VACUUM ON
2612,BA12556E,7-Oct-22,PACKAGE WORLD,,6852.4,63.79,2842AI-2869AI,STD,5,25,140,60/60,140,150,160,160,160,160,160,160,160,150,150,,,,RUBBER
2613,WA11838E,1-Oct-22,NPPET GLOBAL,,203.33,22.02,2414AI-2418AI, STD ,1,60,400,40/40,220,220,220,220,220,220,220,220,220,225,,,,,90-100 ppg (PET) / No agitator
2614,WA1815E,1-Oct-22,NPPET GLOBAL,,54,17.51,2347AI,STD,1,80,400,60/60,120,140,150,150,150,150,150,150,140,140,,,,,LDPE(HMI)
2615,WA15123E,1-Oct-22,GILVAN,,2967.43,102.62,2476AI-2505AI,STD,5,20,380,60/60,200,200,170,170,170,170,160,160,160,150,150,,,,LDPE(HMI)
2616,WA15123E,4-Oct-22,GILVAN(corr),,98,106.91,2506AI,STD,5,20,380,60/60,170,170,170,170,170,170,170,160,160,150,150,,,,LDPE(HMI)
2617,GA7119E,4-Oct-22,METRO CONT.,,47.6,47.6,2429AI,STD,3,40,40,40/40,150,150,150,150,150,160,160,,,,,,,, LDPE(HMI) 
2618,BA2091E,3-Oct-22,GREENPACK,,1238.3,69.1,2507AI-2532AI,STD,8,3,180,60/60,200,200,200,200,180,180,180,170,170,170,190,190,,,LDPE(HMI)
2619,YA5124E,3-Oct-22,EVEREST,,243.9,58.54,2424AI-2428AI,STD,3,60,50,40/40,160,150,150,150,150,160,160,,,,,,,,LDPE(HMI)
2620,VA4086E,8-Oct-22,ALPHATECH,,811.81,53.23,2870AI-2886AI,STD,3,20,34,40/40,150,150,140,140,140,150,150,,,,,,,,VACUUM ON/LDPE(HMI)
2621,YA5993E,8-Oct-22,EVERGOOD(tmblr/xtrd),,109.77,65.86,2888AI,STD,3,30,45,40/40,150,150,140,140,140,140,140,,,,,,,,LDPE(HMI)
2622,GA1225E,8-Oct-22,SMYPC,,28.8,69.12,2887AI,STD,3,12,30,40/40,160,160,150,150,150,140,140,,,,,,,,LDPE(HMI)
2623,GA7119E,8-Oct-22,METRO CONT.(corr),,96.08,39.02,2840AI-2841AI,STD,3,40,40,40/40,160,150,150,140,140,150,150,,,,,,,, LDPE(HMI) 
2624,BA12068E,8-Oct-22,EVEREST,,126.7,53.19,2836AI-2838AI,STD,3,6,43,40/40,150,150,150,140,140,140,140,,,,,,,,LDPE(HMI)
2625,RA9068E,8-Oct-22,ZELLER(re-ext),,27.87,41.81,2909AI,STD,8,8,200,40/40,200,200,180,180,180,180,180,180,180,200,200,,,,PP
2626,BA15002E,8-Oct-22,MCBRIDE(corr),,49.11,31.02,2908AI,STD,8,7,250,40/40,220,220,220,220,220,220,220,220,220,220,230,230,,,90-100 ppg (PET)
2627,YA6053E,6-Oct-22,EVEREST(corr),,513.72,76.28,2826AI-2835AI,STD,3,10.5,28,40/40,150,150,140,140,140,140,140,,,,,,,,LDPE(HMI)
2628,WA11678E,1-Oct-22,INCON(corr),,208,29.02,2377AI-2381AI,STD,1,80,200,40/40,140,140,150,150,150,150,150,150,140,140,,,,,LDPE(HMI)
2629,YA12128E,11-Oct-22,SMYPC,,1400,51.38,2893AI-2906AI,STD,8,4.1,140,40,130,130,120,120,115,115,115,110,110,110,120,120,,,LDPE(HMI)
2630,GA6050E,11-Oct-22,H&E,,53.72,20.88,2911AI-2912AI,STD,1,80,400,40/40,180,200,180,180,180,180,180,180,180,180,,,,,PP
2631,BA15002E,11-Oct-22,MCBRIDE,,53.28,22.83,2913AI-2914AI,STD,1,80,400,40/40,200,220,220,220,220,220,220,220,220,220,,,,,90-100 ppg (PET) / No agitator
2632,OA14302E,12-Oct-22,INCON,,100.91,32.73,2915AI-2916AI,STD,1,80,400,40/40,120,140,150,150,150,150,150,150,140,140,,,,,LDPE(HMI)
2633,GA7119E,11-Oct-22,METRO CONT.(corr),,109.63,27.41,2950AI-2951AI,STD,1,80,400,40/40,120,140,150,150,150,150,150,150,140,140,,,,, LDPE(HMI) 
2634,YA12128E,12-Oct-22,SMYPC,,2575.15,51.25,2924AI-2949AI,STD,8,4.1,140,40,130,130,115,115,115,110,110,110,100,100,120,120,,,LDPE(HMI)
2635,WA11678E,13-Oct-22,INCON,,307.7,27.97,2917AI-2923AI,STD,1,80,200,40/40,140,150,150,150,150,150,150,150,140,140,,,,,LDPE(HMI)
2636,WA12282E,14-Oct-22,PACKAGE WORLD,,5387.4,64.79,2953AI-2974AI,STD,5,9,260,60/60,140,160,160,160,160,150,150,150,150,150,150,,,,NO BLENDER (ext #5 only)
2637,BA12068E,15-Oct-22,EVEREST(corr),,126.5,63.25,2978AI-2980AI,STD,8,8,320,40/40,170,170,170,170,160,160,160,160,160,160,150,150,,,LDPE(HMI)
2638,GA15653E,17-Oct-22,L. CAÑADA,,53.17,70.89,3187AI,STD,3,30,40,40/40,150,150,150,150,150,130,130,,,,,,,,LDPE(HMI)
2639,KA2871E,18-Oct-22,EVEREST(trial),,98.2,65.47,3188AI-3189AI,STD,3,8.4,35,40/40,150,150,140,140,140,140,140,,,,,,,,VACUUM ON/LDPE(HMI)
2640,KA2871E,18-Oct-22,EVEREST,,1162.66,73.82,3190AI-3213AI,STD,3,8.4,35,40/40,150,150,140,140,140,150,150,,,,,,,,VACUUM ON/LDPE(HMI)
2641,TA15557E,18-Oct-22,I-TUNG,,30,60,3220AI,STD,3,30,40,40/40,150,150,150,140,140,150,150,,,,,,,,LDPE(HMI)
2642,YA12128E,18-Oct-22,SMYPC(re-ext),,60.17,42.94,3237AI,STD,3,30,40,40,150,150,150,150,150,130,130,,,,,,,,LDPE(HMI)
2643,YA15448E,17-Oct-22,CEBU JUNTRADE,,126.85,46.13,3217AI-3219AI,STD,3,30,40,60/60,140,140,140,140,140,150,150,,,,,,,,LDPE(HMI)
2644,CA11698E,18-Oct-22,SMYPC,,5088.3,25,2981AI-3186AI,STD,8,9.4,135,40/40,180,180,180,170,170,170,170,160,160,160,180,180,,,RUBBER
2645,WA6051E,19-Oct-22,CEBU JUNTRADE,,250,24.79,3238AI-3239AI,STD,1,80,400,60/60,120,140,150,150,150,150,150,150,150,140,140,,,,LDPE(HMI)
2646,GA6050E,19-Oct-22,GLOBAL KONTEINER,,52.77,42.22,3214AI,STD,3,30,40,40/40,180,200,180,180,180,180,180,,,,,,,,VACUUM ON / PP
2647,WA15466E,20-Oct-22,PRIMEPACK,,999.17,17.92,3227AI-3236AI,STD,1,80,400,60/60,150,170,170,170,160,160,160,160,160,150,150,,,,LDPE(HMI)
2648,KA3541E,20-Oct-22,ZELLER,,55.09,53.31,3270AI-3271AI,STD,3,30,40,40/40,180,200,180,180,180,180,150,,,,,,,,PP
2649,YA5917E,20-Oct-22,EVERGOOD,,254.77,56.62,3221AI-3226AI,STD,3,6.2,22,40/40,140,120,100,100,100,140,140,,,,,,,,LDPE(HMI)
2650,YA12128E,20-Oct-22,SMYPC,,58.5,50.14,3240AI-3241AI,STD,3,30,40,40,130,120,115,115,115,120,130,,,,,,,,LDPE(HMI)
2651,YA12128E,20-Oct-22,21st Century,,1015.95,48.96,3242AI-3262AI,STD,3,5.2,10,40,130,120,115,115,115,110,120,,,,,,,,LDPE(HMI)
2652,WA5870E,21-Oct-22,INCON,,654.6,30.38,3263AI-3269AI,STD,1,80,400,80/80,120,140,150,150,150,150,150,150,150,140,140,,,,LDPE(HMI)
2653,YA5993E,22-Oct-22,EVERGOOD,,758.24,57.88,3274AI-3289AI,STD,3,30,45,40/40,160,150,150,140,140,150,150,,,,,,,,LDPE(HMI)
2654,IA1770E,24-Oct-22,EVERBRIGHT,,986.05,50.52,3310AI-3349AI,STD,3,15,32,60/60,160,150,150,150,150,150,150,,,,,,,,VACUUM ON/LDPE(HMI)
2655,GA2595E,21-Jun-22,ALPHATECH,,44.83,21.52,8317AH-8318AH, STD ,3,8,28,40/40,220,220,200,200,200,200,,,,,,,,,VACUUM ON/COIL SCREW
2656,RA15549E,22-Oct-22,CDC,,205.32,63.5,3352AI-3356AI,STD,3,30,40,,150,150,140,140,140,150,150,,,,,,,,LDPE(HMI)
2657,BA15696E,24-Oct-22,CDC,,102,70.34,3350AI-3351AI,STD,3,30,40,,150,150,150,150,140,140,140,,,,,,,,LDPE(HMI)
2658,KA3144E,22-Oct-22,H & E,,55.04,45.87,3366AI-3367AI,STD,3,40,30,40/40,180,200,180,180,180,180,180,,,,,,,,PP
2659,VA4086E,25-Oct-22,ALPHATECH,,388.9,48.82,3358AI-3365AI,STD,3,13,22,40/40,175,165,155,145,145,155,155,,,,,,,,VACUUM ON/LDPE(HMI)
2660,WA12282E,25-Oct-22,PACKAGEWORLD,,2500,63.94,3290AI-3299AI,STD,5,9,260,60/60,140,160,160,160,150,150,150,150,150,160,160,,,,Rubber / NO BLENDER (ext #5 only)
2661,VA4086E,26-Oct-22,ALPHATECH,,390.6,49.44,3430AI-3437AI,STD,3,20,34,40/40,175,165,155,145,145,150,160,,,,,,,,VACUUM ON/LDPE(HMI)
2662,RA2508E,27-Oct-22,Evergood,,501.27,77.12,3411AI-3420AI,STD,3,8.9,25,60/60,160,150,140,140,140,140,150,,,,,,,,LDPE(HMI)
2663,RA15503E,27-Oct-22,PLEXCO,,178.08,63.6,3368AI-3371AI,STD,3,30,40,40/40,150,150,150,140,140,140,150,,,,,,,,LDPE(HMI)
2664,WA15123E,27-Oct-22,GILVAN,,2972.54,96.93,3381AI-3410AI,STD,5,20,380,60/60,160,170,170,170,170,170,160,160,160,170,170,,,,LDPE(HMI)
2665,IA6314E,28-Oct-22,SMYPC(trial),,98,61.89,3441AI-3442AI,STD,5,20,380,40,120,120,110,110,110,110,110,110,110,110,120,120,,,LDPE(HMI)
2666,IA6314E,28-Oct-22,SMYPC,,586.9,53.76,3443AI-3442AI,STD,5,20,380,40,120,120,115,115,115,115,115,115,115,115,120,120,,,LDPE(HMI)
2667,WA14068E,28-Oct-22,Zeller,,297.56,59.31,3427AI-3429AI,STD,3,30,40,40/40,180,180,180,180,180,180,170,,,,,,,,HDPE(HMI)
2668,BA9159E,28-Oct-22,Evergood,,247.18,68.03,3372AI-3376AI,STD,3,26,34,40/40,160,150,150,140,140,140,150,,,,,,,,VACUUM ON/LDPE(HMI)
2669,RA15449E,27-Oct-22,GILVAN,,55.73,53.93,3423AI-3424AI,STD,3,30,40,40/40,150,150,140,140,140,140,150,,,,,,,,LDPE(HMI)
2670,OA7922E,28-Oct-22,GILVAN,,54.1,59.02,3422AI,STD,8,10,250,40/40,170,170,170,170,160,160,160,160,160,160,180,180,,,HDPE(HMI)
2671,WA12282E,29-Oct-22,PACKAGEWORLD,,2457.4,48.18,3300AI-3309AI,STD,5,9,260,60/60,140,160,160,160,160,150,150,150,140,140,140,,,,Rubber / NO BLENDER (ext #5 only)
2672,WA8512E,28-Oct-22,EVERGOOD,,96.36,48.18,3421AI,STD,5,50,350,40,140,160,160,160,160,150,150,150,140,140,,,,,VACUUM ON / LDPE(HMI)
2673,WA1815E,28-Oct-22,NPPET GLOBAL,,56.93,54.14,3505AI-3506AI,STD,5,20,380,60/60,170,170,170,170,170,170,160,160,160,160,150,,,,LDPE(HMI)
2674,RA4665E,29-Oct-22,EVEREST,,100,65.22,3483AI-3484AI,STD,3,12,45,40/40,160,150,150,150,140,140,150,,,,,,,,LDPE(HMI)
2675,RA4665E,29-Oct-22,EVEREST,,914.63,69.03,3485AI-3503AI,STD,3,12,45,40/40,160,150,150,140,140,150,150,,,,,,,,LDPE(HMI)
2676,RA4665E,29-Oct-22,EVEREST,,70.8,60.69,3504AI,STD,3,12,45,40/40,160,150,150,150,150,150,150,,,,,,,,LDPE(HMI)
2677,MA11346E,29-Oct-22,GILVAN,,50,31.58,3425AI-3426AI,STD,3,4.5,45,40/40,120,100,100,100,100,110,130,,,,,,,,LDPE(HMI)
2678,GA4921E,29-Oct-22,Everest,,100,80,3464AI-3465AI,STD,8,13,320,40/40,170,170,170,170,170,160,160,160,160,160,160,160,,,LDPE(HMI)
2679,GA4921E,29-Oct-22,Everest,,100,75,3466AI-3467AI,STD,8,13,320,40/40,170,170,170,170,170,160,160,160,160,160,160,160,,,LDPE(HMI)
2680,GA4921E,29-Oct-22,Everest,,663.2,70.68,3468AI-3481AI,STD,8,13,320,40/40,200,200,180,180,170,170,170,160,160,160,180,180,,,LDPE(HMI)
2681,GA4921E,29-Oct-22,EVEREST(corr),,25,68.18,3482AI,STD,8,13,320,40/40,170,170,170,170,170,170,170,160,160,160,160,160,,,LDPE(HMI)
2682,GA11532E,28-Oct-22,AWIN IND'L,,49.36,59.23,3438AI,STD,8,7,30,40/40,170,170,170,170,160,160,160,160,160,160,150,150,,,LDPE(HMI)
2683,TA15557E,29-Oct-22,I-TUNG,,102.74,66.28,3439AI-3440AI,STD,8,20,380,40/40,170,170,170,170,170,170,160,160,160,150,150,150,,,LDPE(HMI)
2684,GA4921E,29-Oct-22,Everest,,100,70.59,3513AI-3514AI,STD,8,13,320,40/40,170,170,170,170,170,170,170,160,160,160,160,160,,,LDPE(HMI)
2685,WA15135E,2-Nov-22,HERITAGE,,102.08,22.68,3511AI-3512AI,STD,1,70,280,60/60,120,140,150,150,150,150,150,150,140,140,,,,,LDPE(HMI)
2686,GA15181E,29-Oct-22,MCBRIDE,,53.85,53.85,3510AI,STD,8,20,380,40/40,170,170,170,170,170,170,160,160,160,160,150,150,,,LDPE(HMI)
2687,BA5327E,2-Nov-22,EVEREST,,100,57.14,3456AI-3457AI,STD,8,6.8,240,40/40,170,170,170,170,160,160,160,160,160,160,150,150,,,LDPE(HMI)
2688,BA5327E,2-Nov-22,EVEREST,,288,61.73,3458AI-3463AI,STD,8,10,380,40/40,170,170,170,170,160,160,160,160,160,160,150,150,,,LDPE(HMI)
2689,BA5516E,2-Nov-22,SMYPC,,3963.5,53.38,3577AI-3657AI,STD,8,6,130,40,140,140,130,130,130,120,120,120,120,120,120,130,130,,LDPE(HMI)
2690,RA13616E,30-Oct-22,STAR PLASTIC,,122.61,70.06,3507AI-3509AI,STD,3,30,40,40/40,160,150,150,140,140,150,150,,,,,,,,LDPE(HMI)
2691,RA15449E,2-Nov-22,GILVAN(corr),,54.14,46.41,3515AI-3516AI,STD,3,30,40,40/40,150,140,140,140,140,150,150,,,,,,,,LDPE(HMI)
2692,VA4086E,2-Nov-22,ALPHATECH,,855.28,17.37,3517AI-3534AI,STD,3,20,34,40/40,175,165,155,155,145,150,170,,,,,,,,VACUUM ON/LDPE(HMI)
2693,BA12556E,3-Nov-22,PACKAGE WORLD,,2000,62.34,3557AI-3564AI,STD,5,25,140,60/60,140,160,160,160,160,150,150,150,150,160,160,,,,RUBBER
2694,CA8905E,3-Nov-22,SMYPC,,165,24.15,3537AI-3540AI,STD,3,3.8,12,40,140,130,120,120,115,115,120,,,,,,,,LDPE(HMI)
2695,CA8905E,3-Nov-22,SMYPC,,2000,28.92,3658AI-3697AI,STD,3,4.6,10,40,140,130,120,120,115,115,120,,,,,,,,LDPE(HMI)
2696,WA12841E,4-Nov-22,PHIL-TOP,,245.58,28.89,3543AI-3544AI,STD,1,80,400,60/60,140,160,160,160,160,160,160,160,150,150,,,,,LDPE(HMI)
2697,WA6195E,3-Nov-22,HERITAGE,,51.68,22.15,3542AI,STD,1,80,400,60/60,120,140,150,150,150,150,150,150,140,140,,,,,LDPE(HMI)
2698,WA5835E,5-Nov-22,CEBU JUNTRADE,,991.85,26.5,3761AI-3770AI,STD,1,80,400,60/60,120,140,150,150,150,150,95,95,140,140,,,,,LDPE(HMI)
2699,WA8512E,4-Nov-22,EVERGOOD,,32.5,6.2,3753AI,STD,1,90,400,40,90,90,100,130,130,130,130,130,120,120,,,,,VACUUM ON / LDPE(HMI)
2700,WA8512E,4-Nov-22,EVERGOOD,,57.3,19.1,3755AI,STD,1,90,400,40,20,20,60,100,120,120,120,120,120,120,,,,,VACUUM ON / LDPE(HMI)
2701,TA15569E,5-Nov-22,PHIL-TOP,,127.5,51,3548AI-3550AI,STD,8,8.7,260,40/40,170,170,170,160,160,160,160,150,150,150,174,173,,,LDPE(HMI)
2702,BA14304E,5-Nov-22,PHIL-TOP,,246.22,64.23,3708AI-3712AI,STD,8,13,250,40/40,170,170,170,170,160,160,150,150,150,150,160,160,,,LDPE(HMI)
2703,BA12556E,5-Nov-22,PACKAGE WORLD,,1940,61.59,3565AI-3572AI,STD,5,25,140,60/60,140,150,160,160,160,160,160,160,160,150,150,,,,RUBBER
2704,GA15711E,7-Nov-22,ADVANCE MOULDINGS,,29.17,50.01,3888AI,STD,8,20,380,40/40,170,170,170,170,170,170,160,160,160,150,150,150,,,LDPE(HMI) / 56-66 PPG
2705,DA15568E,7-Nov-22,PHIL-TOP,,130.1,57.82,3545AI-3547AI,STD,8,10,300,40/40,180,180,170,170,170,160,160,160,150,150,170,170,,,LDPE(HMI)
2706,YA5124E,7-Nov-22,EVERGOOD,,298,84.34,3698AI-3703AI,STD,8,10,250,40/40,190,190,170,170,170,160,160,160,160,160,160,160,,,LDPE(HMI)
2707,YA5124E,7-Nov-22,EVERGOOD,,193.91,76.04,3704AI-3707AI,STD,8,10,250,40/40,190,190,170,170,170,160,160,160,160,160,160,160,,,LDPE(HMI)
2708,WA15466E,7-Nov-22,ISLAND MULTI,,2025,59.41,3919AI-3938AI,STD,5,13,430,60/60,177,181,173,173,170,170,160,162,160,180,180,,,,LDPE(HMI)
2709,CA8905E,7-Nov-22,SMYPC,,200,30.77,3771AI-3775AI,STD,3,5.3,115,40,150,150,150,130,130,120,130,,,,,,,,LDPE(HMI)
2710,CA8905E,7-Nov-22,SMYPC,,2000,37.89,3776AI-3815AI,STD,3,5.3,115,40,150,150,150,120,120,115,130,,,,,,,,LDPE(HMI)
2711,WA15466E,8-Nov-22,PRIMEPACK,,969.37,65.72,3940AI-3949AI,STD,5,13,430,60/60,180,180,180,180,170,160,160,160,160,160,160,,,,LDPE(HMI)
2712,RA15101E,8-Nov-22,21st Century,,100,97.03,3713AI-3714AI,STD,8,15,330,40/40,170,170,170,170,160,160,160,160,160,160,,,,,LDPE(HMI)
2713,RA15101E,8-Nov-22,21st Century,,940,98.09,3715AI-3733AI,STD,8,15,330,40/40,190,190,180,180,170,170,170,160,160,150,150,150,,,LDPE(HMI)
2714,RA15101E,8-Nov-22,21st Century,,965.43,78.81,3734AI-3737AI; 3898AI-3913AI; 4036AI-4049AI,STD,8,15,330,40/40,190,190,180,180,170,170,170,160,160,150,150,150,,,LDPE(HMI)
2715,GA14271E,8-Nov-22,PHIL-TOP,,35.59,53.39,3554AI,STD,8,10,250,40/40,180,180,170,170,170,160,160,160,150,150,140,140,,,LDPE(HMI)
2716,GA14271E,8-Nov-22,PHIL-TOP,,100,50,3555AI-3556AI,STD,8,10,250,40/40,180,180,170,170,170,160,160,160,150,150,140,140,,,LDPE(HMI)
2717,GA4254E,8-Nov-22,INCON,,151,38.39,3895AI-3897AI,STD,8,12.4,300,40/40,180,200,180,180,180,180,180,180,180,180,200,200,,,VACUUM ON / PP
2718,GA2595E,8-Nov-22,alcos global,,93,24.26,3757AI-3760AI, STD ,8,10,300,40/40,230,230,230,230,230,230,230,230,230,230,250,250,,,90-100 ppg / PET
2719,WA8512E,8-Nov-22,EVERGOOD,,97.64,21.7,3914AI-3915AI,STD,1,90,400,40,20,20,50,130,130,130,130,130,150,150,,,,,VACUUM ON / LDPE(HMI)
2720,WA13000E,10-Nov-22,PREMIER,,95.28,51.97,3738AI,STD,5,20,380,40/40,200,200,110,100,170,170,160,160,160,150,150,,,,LDPE(HMI)
2721,WA13000E,8-Nov-22,PREMIER,,894.09,60.62,3739AI-3747AI,STD,5,20,380,40/40,140,140,140,100,100,170,170,170,170,160,160,,,,LDPE(HMI)
2722,WA8512E,8-Nov-22,AMAZON,,2045.34,71.35,3963AI-3983AI,STD,5,50,350,40,140,160,160,160,160,150,150,150,140,140,,,,,VACUUM ON / LDPE(HMI)
2723,WA8512E,15-Nov-22,AMAZON,,391.59,75.79,3959AI-3962AI,STD,5,50,350,40,140,160,160,160,160,150,150,150,140,140,,,,,VACUUM ON / LDPE(HMI)
2724,WA8512E,9-Nov-22,AMAZON,,3102.54,70.06,3984AI-4014AI,STD,5,50,350,40,120,140,130,130,150,150,160,160,160,160,,,,,VACUUM ON / LDPE(HMI)
2725,WA8512E,15-Nov-22,AMAZON,,98,73.5,4015AI,STD,5,50,350,40,140,160,160,160,160,150,150,150,140,140,,,,,VACUUM ON / LDPE(HMI)
2726,WA8512E,15-Nov-22,AMAZON,,375.5,76.37,4016AI-4019AI,STD,5,50,350,40,140,160,160,160,160,150,150,150,140,140,,,,,VACUUM ON / LDPE(HMI)
2727,RA2508E,9-Nov-22,Evergood,,752.27,70.53,4056AI-4086AI,STD,8,16,180,60/60,190,190,180,180,170,170,170,160,160,150,150,150,,,LDPE(HMI)
2728,CA8905E,10-Nov-22,SMYPC,,3619,37.68,3816AI-3887AI; 3916AI,STD,3,5.3,115,40,150,150,150,120,115,115,130,,,,,,,,LDPE(HMI)
2729,BA15002E,10-Nov-22,MCBRIDE,,53.5,32.1,3751AI,STD,8,7,250,40/40,220,220,220,220,220,220,220,220,220,220,230,230,,,90-100 ppg (PET)
2730,GA4254E,10-Nov-22,INCON(corr),,154,56,4022AI-4024AI,STD,8,12.4,300,40/40,200,200,200,200,180,180,180,180,180,180,200,200,,,VACUUM ON / PP
2731,GA15181E,10-Nov-22,MCBRIDE,,55.01,91.08,3752AI,STD,8,20,380,40/40,170,170,170,170,170,170,160,160,160,150,150,150,,,LDPE(HMI)
2732,YA5124E,10-Nov-22,EVERGOOD,,250,84.75,4050AI-4054AI,STD,8,10,250,40/40,170,170,170,170,170,160,160,160,150,150,150,150,,,LDPE(HMI)
2733,YA5124E,10-Nov-22,EVERGOOD,,43.9,79.82,4055AI,STD,8,10,250,40/40,170,170,170,170,170,160,160,160,150,150,150,150,,,LDPE(HMI)
2734,KA14303E,10-Nov-22,PHIL-TOP,,128.71,39.6,3551AI-3553AI,STD,8,10,280,40/40,170,170,170,170,170,160,160,160,160,150,150,,,,LDPE(HMI)
2735,VA4086E,11-Nov-22,ALPHATECH,,788.7,57.71,4087AI-4102AI,STD,8,9,280,40/40,200,200,180,180,170,170,170,160,160,160,180,180,,,LDPE(HMI)
2736,BA4140E,11-Nov-22,EVERBRIGHT,,1001.2,66.01,4113AI-4153AI,STD,8,14.5,300,60/60,180,180,180,170,170,160,160,160,160,160,180,180,,,VACUUM ON/LDPE(HMI)
2737,WA6947E,11-Nov-22,ATLANTA,,99,118.8,3748AI,STD,5,15,300,40/40,180,200,180,180,180,180,180,180,180,180,180,,,,PP
2738,WA6947E,11-Nov-22,ATLANTA,,893.29,65.76,3950AI-3958AI,STD,5,15,300,40/40,180,200,200,200,180,180,180,180,180,180,180,,,,PP
2739,GA4921E,12-Nov-22,Everest,,757.26,65.19,4154AI-4169AI,STD,8,13,320,40/40,180,180,180,170,170,170,160,160,160,160,180,180,,,LDPE(HMI)
2740,DA15377E,12-Nov-22,CDC,,201.9,69.22,4025AI-4028AI,STD,8,20,350,40/40,180,180,180,170,170,170,160,160,160,160,180,180,,,LDPE(HMI)
2741,IA15368E,12-Nov-22,CDC,,101.92,67.95,4029AI-4030AI,STD,8,20,350,40/40,180,180,180,170,170,170,160,160,160,160,180,180,,,LDPE(HMI)
2742,WA15193E,12-Nov-22,KPC,,450,65.85,3889AI-3893AI,STD,5,30,40,60/60,180,200,180,180,180,180,180,180,200,200,,,,,PP
2743,WA15193E,11-Nov-22,KPC,,35,70,3894AI,STD,5,30,40,60/60,180,200,180,180,180,180,180,180,200,200,,,,,PP
2744,CA8905E,14-Nov-22,SMYPC(corr),,209.77,27.07,4031AI-4034AI,STD,3,3.9,9.5,40,150,150,150,130,120,115,130,,,,,,,,LDPE(HMI)
2745,TA15557E,14-Nov-22,I-TUNG,,252.75,59.7,4193AI-4197AI,STD,8,20,380,40/40,170,170,170,170,160,160,160,160,160,150,150,150,,,LDPE(HMI)
2746,YA5124E,14-Nov-22,EVERGOOD(corr),,250,64.94,4198AI-4202AI,STD,8,10,250,40/40,170,170,170,170,170,160,160,160,150,150,150,150,,,LDPE(HMI)
2747,BA7861E,16-Nov-22,SMYPC(trial),,198.24,69.97,4206AI-4209AI,STD,3,6.5,40,40/40,150,150,140,140,140,150,150,,,,,,,,LDPE(HMI)
2748,BA7861E,16-Nov-22,SMYPC(trial),,191.67,70.55,4210AI-4213AI,STD,3,6.5,40,40/40,150,150,140,140,140,150,150,,,,,,,,LDPE(HMI)
2749,GA1956E,15-Nov-22,AMAZON(trial),,600,94.74,4221AI-4232AI,STD,8,20,380,40/40,170,170,170,170,170,170,160,160,160,150,150,150,,,LDPE(HMI)
2750,CA3181E,15-Nov-22,TECHNO-TRADE(re-ext),,533.96,46.03,4345AI,STD,3,30,40,40/40,150,150,140,140,140,140,140,,,,,,,,LDPE(HMI)
2751,GA15181E,14-Nov-22,MCBRIDE(corr),,58.69,58.69,4233AI-4234AI,STD,8,15,300,40/40,180,200,180,180,180,180,180,180,180,180,180,180,,,PP
2752,GA1956E,15-Nov-22,AMAZON,,4418.65,92.02,4235AI-4274AI; 4294AI-4343AI,STD,8,20,380,40/40,170,170,170,170,170,170,160,160,160,150,150,150,,,LDPE(HMI)
2753,GA1956E,16-Nov-22,AMAZON,,950,95.8,4275AI-4293AI,STD,8,20,380,40/40,170,170,170,170,170,170,160,160,160,150,150,150,,,LDPE(HMI)
2754,WA8512E,15-Nov-22,EVERGOOD,,150,75,4214AI-4215AI,STD,5,50,350,40,140,160,160,160,160,150,150,150,140,140,,,,,VACUUM ON / LDPE(HMI)
2755,WA12282E,16-Nov-22,PACKAGEWORLD,,88.86,62.72,4020AI-4021AI,STD,5,9,260,60/60,140,160,160,160,160,150,150,150,140,140,140,,,,Rubber / NO BLENDER (ext #5 only)
2756,WA12282E,16-Nov-22,PACKAGEWORLD(re-ext),,768,65.83,3535AI,STD,5,9,260,60/60,140,160,160,160,150,150,150,150,140,140,140,,,,Rubber / NO BLENDER (ext #5 only)
2757,VA4086E,16-Nov-22,ALPHATECH(trial),,48.66,58.39,4172AI,STD,3,20,34,40/40,150,150,140,140,140,150,150,,,,,,,,VACUUM ON/LDPE(HMI)
2758,BA4701E,16-Nov-22,INCON,,95.63,48.63,3749AI-3750AI,STD,3,30,40,40/40,180,200,180,180,180,180,180,,,,,,,,PP
2759,BA12556E,16-Nov-22,PACKAGE WORLD,,5000,64.72,4173AI-4192AI,STD,5,25,140,60/60,140,160,160,160,160,160,160,160,150,150,150,,,,RUBBER
2760,DA10063E,17-Nov-22,EVERGOOD,,125,75,4365AI-4367AI,STD,3,30,40,40/40,150,150,140,140,140,150,150,,,,,,,,LDPE(HMI)
2761,DA10063E,17-Nov-22,EVERGOOD,,125.01,88.24,4368AI-4370AI,STD,3,30,40,40/40,150,150,140,140,140,150,150,,,,,,,,LDPE(HMI)
2762,OA8984E,17-Nov-22,Evergood,,251.88,68.69,4359AI-4364AI,STD,3,40,11,40/40,160,150,140,140,140,150,150,,,,,,,,LDPE(HMI)
2763,YA5124E,14-Nov-22,EVERGOOD,,246.2,73.86,4216AI-4220AI,STD,8,10,250,40/40,170,170,170,170,170,160,160,160,150,150,150,150,,,LDPE(HMI)
2764,BA7861E,18-Nov-22,SMYPC,,1282.06,70.3,4447AI-4472AI,STD,3,10.3,40,40/40,150,150,150,150,150,150,150,,,,,,,,LDPE(HMI)
2765,BA15573E,18-Nov-22,PLASCOM,,306.7,92.01,4371AI-4377AI,STD,3,30,40,40/40,180,200,180,180,180,180,180,,,,,,,,PP
2766,RA2508E,18-Nov-22,EVERGOOD(trial),,195.33,68.24,4378AI-4381AI,STD,3,8.9,25,60/60,160,150,140,140,140,140,150,,,,,,,,LDPE(HMI)
2767,RA2508E,18-Nov-22,Evergood,,49.05,73.58,4382AI,STD,3,8.9,25,60/60,160,150,140,140,140,140,150,,,,,,,,LDPE(HMI)
2768,RA2508E,17-Nov-22,Evergood,,762.8,63.13,4383AI-4398AI,STD,3,8.9,25,60/60,160,140,150,150,150,160,,,,,,,,,LDPE(HMI)
2769,GA12411E,19-Nov-22,GENSTAR,,517.05,58.1,4348AI-4358AI,STD,8,15,380,40/40,200,200,200,180,180,180,180,180,180,180,200,200,,,PP
2770,YA5124E,18-Nov-22,EVERGOOD(tmblr/xtrd),,492.14,72.91,4431AI-4432AI,STD,8,10,250,40/40,170,170,170,170,160,160,160,160,150,150,150,150,,,LDPE(HMI)
2771,GA4921E,18-Nov-22,EVEREST(corr),,314.12,63.89,4405AI-4410AI,STD,8,13,320,40/40,170,170,170,170,160,160,160,160,150,150,150,150,,,LDPE(HMI)
2772,VA4086E,18-Nov-22,ALPHATECH,,8.38,20.11,4484AI,STD,8,9,280,40/40,200,200,180,180,170,170,170,160,160,160,180,180,,,LDPE(HMI)
2773,VA4086E,18-Nov-22,ALPHATECH,,9.04,21.7,4485AI,STD,8,9,280,40/40,200,200,180,180,170,170,170,160,160,160,180,180,,,LDPE(HMI)
2774,BA15050E,19-Nov-22,PACKAGE WORLD,,271.2,48.57,4425AI-4430AI,STD,8,12,220,40/40,170,170,170,170,160,160,160,160,160,160,150,150,,,LL38
2775,WA3827E,18-Nov-22,IN-HOUSE,,338.02,63.38,4170AI-4171AI; 4203AI-4204AI,STD,3,5.2,20,40/40,160,180,180,180,180,180,160,,,,,,,,HDPE(HMI)
2776,GA15641E,18-Nov-22,PLASCOM,,308.1,62.88,4434AI-4440AI,STD,8,30,40,40/40,200,200,200,180,180,180,180,180,180,180,200,200,,,PP
2777,VA4086E,19-Nov-22,ALPHATECH,,48.36,48.36,4534AI-4535AI,STD,8,9,280,40/40,160,160,160,160,160,160,160,160,160,160,160,160,,,LDPE(HMI)
2778,VA4086E,19-Nov-22,ALPHATECH,,49.08,45.3,4536AI-4537AI,STD,8,9,280,40/40,200,200,180,180,170,170,170,160,160,160,180,180,,,LDPE(HMI)
2779,VA4086E,19-Nov-22,ALPHATECH,,48.5,44.77,4541AI-4542AI,STD,8,9,280,40/40,200,200,180,180,170,170,170,160,160,160,180,180,,,LDPE(HMI)
2780,BA5516E,21-Nov-22,SMYPC(error),,587.65,48.3,5356AH-5364AH; 5371AH,STD,8,6,130,40,130,130,130,130,120,120,120,120,120,110,110,130,130,,LDPE(HMI)
2781,IA12399E,21-Nov-22,SUMMIT,,100,59.68,4524AI-4525AI,STD,8,15,300,60/60,180,200,180,180,180,180,180,180,180,180,180,180,,,79-105 PPG
2782,IA12399E,21-Nov-22,SUMMIT,,100.94,48.45,4526AI-4528AI,STD,8,15,300,60/60,180,200,180,180,180,180,180,180,180,180,180,180,,,79-105 PPG
2783,BA12556E,21-Nov-22,PACKAGE WORLD,,1878.2,63.63,4412AI-4419AI,STD,5,25,140,60/60,140,160,160,160,160,160,160,160,150,150,150,,,,RUBBER
2784,WA15071E,21-Nov-22,PACKAGEWORLD,,479,25.89,4420AI-4424AI,STD,1,80,290,40/40,120,140,160,160,160,160,160,160,150,150,,,,,LL38
2785,VA4086E,21-Nov-22,ALPHATECH,,107.1,42.84,4559AI-4560AI; 4564AI-4565AI,STD,8,9,280,40/40,170,160,160,160,160,160,160,160,160,160,160,160,,,LDPE(HMI)
2786,DA10063E,22-Nov-22,EVERGOOD(corr),,255.8,109.63,4529AI-4533AI,STD,3,30,40,40/40,150,150,140,140,140,150,150,,,,,,,,LDPE(HMI)
2787,WA3827E,22-Nov-22,IN-HOUSE,,189.37,40.87,4546AI-4547AI,STD,3,5.2,20,40/40,160,180,180,180,160,155,150,,,,,,,,HDPE(HMI)
2788,OA2860E,23-Nov-22,UNA,,154.2,54.14,4514AI-4517AI,STD,8,20,380,60/60,170,170,170,170,170,160,160,160,150,150,160,160,,,LDPE(HMI) /VACUUM ON
2789,IA9790E,23-Nov-22,UNA,,78.36,47.02, 4518AI-4520AI ,STD,8,20,380,60/60,170,170,170,170,170,160,160,160,160,150,150,150,,,LDPE(HMI) /VACUUM ON
2790,IA9154E,22-Nov-22,UNA,,687.3,55.88,4486AI-4513AI,STD,8,200,380,60/60,170,170,170,170,170,170,160,160,160,160,150,150,,,LDPE(HMI) /VACUUM ON
2791,WA1400E,22-Nov-22,INCON,,293.77,26.91,4444AI-4446AI,STD,1,80,400,60/60,140,150,160,160,160,160,160,160,150,150,,,,,LDPE(HMI)
2792,WA11678E,22-Nov-22,INCON,,144.9,27.17,4442AI-4443AI,STD,1,80,200,40/40,140,150,150,150,150,150,150,150,140,140,,,,,LDPE(HMI)
2793,WA12282E,22-Nov-22,PACKAGEWORLD,,2243.92,65.04,4473AI-4481AI,STD,5,9,260,60/60,140,160,160,160,160,160,160,160,150,150,150,,,,Rubber / NO BLENDER (ext #5 only)
2794,VA4086E,22-Nov-22,ALPHATECH,,391.86,51.11,4594AI-4609AI,STD,8,9,280,40/40,170,160,160,160,160,160,160,160,160,160,160,160,,,LDPE(HMI)
2795,GA4921E,23-Nov-22,EVEREST(corr),,396.97,70.05,4610AI-4617AI,STD,3,10,18,40/40,150,150,140,140,140,150,150,,,,,,,,LDPE(HMI)
2796,GA12411E,23-Nov-22,GENSTAR(corr),,511.73,66.31,4548AI-4558AI,STD,3,8.5,35,40/40,180,180,180,180,180,180,180,,,,,,,,PP
2797,OA14302E,23-Nov-22,INCON,,104.6,61.53,3573AI-3574AI,STD,8,7,300,40/40,170,170,170,170,160,160,160,160,160,160,150,150,,,LDPE(HMI)
2798,OA2469E,23-Nov-22,H & E,,99.81,74.86,3575AI-3576AI,STD,8,12,400,40/40,180,180,170,170,170,160,160,160,160,180,180,,,,LDPE(HMI)
2799,OA2469E,23-Nov-22,H & E,,152.22,74.25,4618AI-4620AI,STD,8,12,400,40/40,180,180,170,170,170,160,160,160,160,180,180,,,,LDPE(HMI)
2800,WA1815E,23-Nov-22,NPPET GLOBAL,,108.68,27.06,4563AI,STD,1,80,400,60/60,120,140,150,150,150,150,150,150,140,140,,,,,LDPE(HMI)
2801,WA13183E,23-Nov-22,STAR PLASTIC,,253.79,24.17,4521AI-4523AI,STD,1,80,40,40/40,150,150,150,150,140,140,140,130,150,150,,,,,LDPE(HMI)
2802,CA7876E,24-Nov-22,EASTERN,,49.12,34.67,4570AI,STD,8,6,380,40/40,180,180,170,170,170,170,170,170,160,160,160,160,,,LDPE(HMI)
2803,RA12372E,24-Nov-22,SPI,,493.83,79.65,4103AI-4112AI,STD,8,12,380,60/60,180,170,170,170,170,170,160,160,160,160,180,180,,,LDPE(HMI)
2804,VA4086E,24-Nov-22,ALPHATECH,,608,47.38,4633AI-4657AI,STD,8,9,280,40/40,160,160,160,160,160,160,160,160,160,160,160,160,,,LDPE(HMI)
2805,VA4086E,24-Nov-22,ALPHATECH,,143.38,52.78,4658AI-4663AI,STD,8,9,280,40/40,160,160,160,160,160,160,160,160,160,160,160,160,,,LDPE(HMI)
2806,WA2127E,24-Nov-22,CEBU HI Q,,53.85,34.01,4580AI,STD,1,80,400,60/60,120,140,150,150,150,150,150,150,140,140,,,,,LDPE(HMI)
2807,WA2127E,24-Nov-22,CEBU HI Q,,72,27.87,4578AI-4579AI,STD,1,80,400,60/60,120,140,150,150,150,150,150,150,140,140,,,,,LDPE(HMI)
2808,BA7861E,25-Nov-22,SMYPC,,11.1,44.4,4629AI,STD,3,10.3,40,40/40,150,150,150,150,150,150,150,,,,,,,,LDPE(HMI)
2809,BA3431E,24-Nov-22,ZELLER,,53.3,53.3,4566AI,STD,3,4,15,40/40,180,200,180,180,180,180,180,,,,,,,,PP
2810,YA3504E,24-Nov-22,ZELLER,,22.98,41.78,0419AI,STD,3,30,40,40/40,180,200,180,180,180,180,180,,,,,,,,PP
2811,YA3504E,24-Nov-22,ZELLER,,11.5,34.5,3237AI,STD,3,30,40,40/40,180,200,180,180,180,180,180,,,,,,,,PP
2812,YA12705E,24-Nov-22,AG CANPRINT,,124,55.11,4621AI-4623AI,STD,3,19.5,40,40/40,150,150,150,150,150,150,150,,,,,,,,LDPE(HMI)
2813,GA13854E,24-Nov-22,REIMAGINE,,75.72,60.58,4544AI-4545AI,STD,3,8.3,45,40/40,150,150,140,140,140,130,130,,,,,,,,LDPE(HMI)
2814,WA12282E,24-Nov-22,PACKAGEWORLD,,12516.2,62.95,4664AI-4714AI,STD,5,9,260,60/60,140,160,160,160,150,150,150,150,140,140,140,,,,Rubber / NO BLENDER (ext #5 only)
2815,VA4086E,24-Nov-22,ALPHATECH(trial),,50,50,4740AI-4741AI,STD,8,9,280,40/40,160,160,160,160,160,160,160,160,160,160,160,160,,,LDPE(HMI)
2816,BA6822E,23-Nov-22,Cebu Hi Q,,131.83,60.84,4626AI-4628AI,STD,3,12.5,35,40/40,150,150,150,150,150,130,130,,,,,,,,LDPE(HMI)
2817,BA12013E,24-Nov-22,CEBU HI Q,,76.54,69.58,4567AI-4568AI,STD,3,30,40,40/40,180,160,150,150,150,150,150,,,,,,,,LDPE(HMI)
2818,WA14068E,29-Nov-22,Zeller,,175,63.64,4742AI-4743AI,STD,3,30,40,40/40,180,170,170,180,180,180,180,,,,,,,,HDPE(HMI)
2819,WA14068E,29-Nov-22,Zeller,,20.6,61.8,4744AI,STD,3,30,40,40/40,180,170,170,180,180,180,180,,,,,,,,HDPE(HMI)
2820,WA15229E,24-Nov-22,DYNAMICCAPS,,1375,26.07,4582AI-4591AI,STD,1,75,250,40/40,120,140,175,175,175,175,175,175,150,150,,,,,RUBBER
2821,MA11346E,25-Nov-22,GILVAN,,51.27,42.73,4624AI-4625AI,STD,8,7,350,40/40,170,170,170,170,160,160,160,160,160,160,180,180,,,LDPE(HMI)
2822,OA7922E,26-Nov-22,GILVAN,,52.32,52.32,4631AI,STD,8,10,250,40/40,200,200,180,180,180,180,170,170,170,170,160,160,,,HDPE(HMI)
2823,RA15449E,26-Nov-22,GILVAN,,49.05,49.05,4630AI,STD,8,10,300,40/40,170,170,170,170,160,160,160,160,160,160,150,150,,,LDPE(HMI)
2824,IA8813E,24-Nov-22,Evergood,,251.5,42.51,4572AI-4577AI,STD,8,200,380,40/40,170,170,170,170,170,170,160,160,160,150,150,,,,LDPE(HMI)
2825,IA15368E,24-Nov-22,CDC,,9.16,54.96,4035AI,STD,8,20,350,40/40,170,170,170,170,170,170,160,160,160,160,180,180,,,LDPE(HMI)
2826,VA4086E,25-Nov-22,ALPHATECH(trial),,23.05,39.51,4747AI,STD,8,9,280,40/40,170,160,160,160,160,160,160,160,160,160,160,160,,,LDPE(HMI)
2827,VA4086E,25-Nov-22,ALPHATECH(trial),,49.2,45.42,4758AI-4759AI,STD,8,9,280,40/40,170,160,160,160,160,160,160,160,160,160,160,160,,,LDPE(HMI)
2828,KA4595E,26-Nov-22,EVERGOOD,,103.88,75.09,4768AI-4770AI,STD,8,17,240,40/40,170,170,170,170,170,170,170,160,160,160,150,150,,,LDPE(HMI)
2829,RA5277E,26-Nov-22,EVERGOOD,,376.98,73.1,4760AI-4767AI,STD,8,13,250,40/40,180,170,170,170,170,160,160,160,160,160,180,180,,,LDPE(HMI)
2830,VA3291E,28-Nov-22,Evergood,,99.41,73.64,4779AI-4780AI,STD,8,200,380,40/40,180,180,180,170,170,170,160,160,160,160,180,180,,,LDPE(HMI)
2831,VA12837E,28-Nov-22,GILVAN,,42.29,56.39,4748AI,STD,8,20,380,40/40,170,170,170,170,170,170,160,160,160,150,150,150,,,LDPE(HMI)
2832,IA12399E,28-Nov-22,SUMMIT(corr),,210.85,52.28,4772AI-4775AI,STD,8,15,300,60/60,180,200,180,180,180,180,180,180,180,180,180,180,,,79-105 PPG/PP
2833,WA15229E,28-Nov-22,DYNAMICCAPS,,2271.77,26.26,4716AI-4739AI,STD,1,75,250,40/40,120,140,175,175,175,175,175,175,150,150,,,,,RUBBER
2834,GA14397E,28-Nov-22,PREMIER,,51.33,51.33,4777AI,STD,8,20,380,40/40,170,170,170,170,170,170,170,160,160,160,150,150,,,LDPE(HMI)
2835,YA14382E,28-Nov-22,PREMIER,,47,62.67,4778AI,STD,8,20,380,40/40,170,170,170,170,170,160,160,160,160,160,150,150,,,LDPE(HMI)
2836,WA3827E,29-Nov-22,EASTERN,,490,63.91,4750AI-4574AI,STD,3,5.2,20,40/40,160,160,160,170,170,170,170,,,,,,,,HDPE(HMI)
2837,BA7924E,29-Nov-22,AMAZON,,248,63.05,4816AI-4820AI,STD,8,7,250,40/40,200,200,180,180,180,170,170,160,160,160,180,180,,,HDPE(HMI)
2838,BA7924E,29-Nov-22,AMAZON,,248.1,65.58,4821AI-4825AI,STD,8,7,250,40/40,200,200,180,180,180,170,170,160,160,160,180,180,,,HDPE(HMI)
2839,BA7924E,29-Nov-22,AMAZON,,95,63.33,4826AI-4827AI,STD,8,12,350,40/40,200,200,180,180,180,170,170,160,160,160,180,180,,,HDPE(HMI)
2840,BA3431E,1-Dec-22,ZELLER(corr),,52.73,57.52,4832AI,STD,8,150,300,40/40,180,200,180,180,180,180,180,180,180,180,180,,,,PP
2841,OA2469E,1-Dec-22,H & E(corr),,258.2,77.5,4841AI-4845AI,STD,3,25,40,40/40,150,150,150,150,150,130,130,,,,,,,,LDPE(HMI)
2842,YA3504E,1-Dec-22,ZELLER(corr),,27.61,47.33,4815AI,STD,3,30,40,40/40,180,200,180,180,180,180,180,,,,,,,,PP
2843,DA15377E,1-Dec-22,CDC,,198.7,85.16,4848AI-4851AI,STD,3,30,40,40/40,140,140,130,130,130,130,150,,,,,,,,LDPE(HMI)
2844,DA5176E,1-Dec-22,EVERGOOD,,68.6,68.6,4781AI-4782AI,STD,3,17,12-8.3,40/40,130,120,120,120,120,120,130,,,,,,,,LDPE(HMI)
2845,BA13023E,1-Dec-22,GENSTAR,,499.28,52.37,4852AI-4862AI,STD,8,11,400,40/40,180,180,180,170,170,170,160,160,160,160,170,170,,,LDPE(HMI)
2846,BA6822E,1-Dec-22,Cebu Hi Q(corr),,131.32,69.73,4838AI-4840AI,STD,8,15-16,350,40/40,180,180,180,170,170,170,170,160,160,160,170,170,,,LDPE(HMI)
2847,VA12837E,2-Dec-22,GILVAN,,9,27,4891AI,STD,8,20,380,40/40,170,170,170,170,170,170,170,160,160,160,150,150,,,LDPE(HMI)
2848,BA7861E,2-Dec-22,SMYPC,,4.42,26.52,4890AI,STD,8,15,350,40/40,180,180,180,180,170,170,170,170,160,160,160,160,,,LDPE(HMI)
2849,OA14302E,1-Dec-22,INCON(corr),,105.15,52.58,4836AI-4837AI,STD,3,30,40,40/40,150,150,150,150,150,140,140,,,,,,,,LDPE(HMI)
2850,IA15368E,2-Dec-22,CDC,,202.3,67.43,4863AI-4867AI,STD,3,20,40,40/40,150,150,150,150,150,130,130,,,,,,,,LDPE(HMI)
2851,GA2595E,30-Jun-21,UCC,,117.85,20.92,4238AG-4242AG, STD ,3,8,28,40/40,220,220,200,200,200,200,200,,,,,,,,VACUUM ON/COIL SCREW
2852,WA14068E,3-Dec-22,Zeller,,336.62,24.39,4886AI-4889AI,STD,1,45,400,40/40,140,140,150,150,150,150,150,150,150,140,140,,,,HDPE(HMI)
2853,YA12128E,3-Dec-22,SMYPC,,3000,51.14,4953AI-4982AI,STD,8,4.1,140,40,150,150,130,130,130,130,120,120,120,120,125,125,,,LDPE(HMI)
2854,IA6314E,3-Dec-22,SMYPC,,2925,45.88,4892AI-4950AI,STD,3,6.5,13,40,130,90,90,105,110,115,115,,,,,,,,Pelletizer Speed : 500/LDPE(HMI)
2855,CA1578E,2-Dec-22,JR HOLSTER,,74.9,62.42,4846AI-4847AI,STD,3,30,40,40/40,150,150,150,150,140,140,140,,,,,,,,LDPE(HMI)
2856,BA15671E,29-Nov-22,PREMIER,,53.1,45.51,4776AI,STD,8,20,380,40/40,170,170,170,170,170,160,160,160,160,160,150,150,,,LDPE(HMI)
2857,WA13000E,3-Dec-22,PREMIER,,984.7,28.51,4876AI-4885AI,STD,1,20,380,40/40,200,200,160,150,150,150,150,150,140,140,,,,,LDPE(HMI)
2858,WA15192E,5-Dec-22,KPC,,3096.97,64.45,4783AI-4814AI,STD,5,22,140,60/60,200,200,200,180,180,180,180,180,180,180,,,,,PP
2859,IA6314E,6-Dec-22,SMYPC,,99.12,45.75,4951AI-4952AI,STD,3,6.5,13,40,130,90,90,105,110,115,115,,,,,,,,Pelletizer Speed : 500/LDPE(HMI)
2860,DA5176E,6-Dec-22,EVERGOOD,,18.5,111,5028AI,STD,8,16,320,40/40,180,180,170,170,170,160,160,160,160,160,180,180,,,LDPE(HMI)
2861,YA3504E,6-Dec-22,ZELLER(corr),,32.5,65,5038AI,STD,8,15,300,40/40,180,200,180,180,180,180,180,180,180,180,180,,,,PP
2862,YA15176E,6-Dec-22,MCBRIDE,,53.44,49.33,5030AI,STD,8,20,380,40/40,170,170,170,170,170,170,160,160,160,150,150,,,,LDPE(HMI)
2863,IA7720E,6-Dec-22,PSP(corr),,98.67,59.2,5009AI-5012AI,STD,3,40,36,60/60,150,150,150,150,140,140,140,,,,,,,,VACUUM ON/LDPE(HMI)
2864,RA11649E,6-Dec-22,MILLERS,,55.45,26.62,5007AI-5008AI,STD,8,15,300,60/60,175,195,175,175,175,175,175,175,175,175,175,175,,,VACUUM ON/LESS 5°C/PP
2865,SA14369E,6-Dec-22,RBV,,78.13,49.35,5057AI-5058AI,STD,8,20,380,40/40,170,170,170,170,170,170,160,160,160,160,150,150,,,LDPE(HMI)
2866,BA6822E,6-Dec-22,Cebu Hi Q(corr),,131.4,65.7,5039AI-5041AI,STD,8,15-16,350,40/40,180,180,180,170,170,170,160,160,160,160,180,180,,,LDPE(HMI)
2867,KA15486E,7-Dec-22,PHIL-TOP,,23,69,5124AI,STD,8,20,380,40/40,180,180,180,170,170,170,160,160,160,160,180,180,,,LDPE(HMI)
2868,KA15486E,7-Dec-22,PHIL-TOP,,101.33,66.81,5125AI-5126AI,STD,8,20,380,40/40,180,180,180,170,170,170,160,160,160,160,180,180,,,LDPE(HMI)
2869,RA7310E,7-Dec-22,Phil-top,,133.02,52.16,5132AI-5136AI,STD,8,10,165,40/40,180,180,180,170,170,170,160,160,160,180,180,,,,LDPE HMI
2870,RA15786E,7-Dec-22,PLASCOM,,151.55,59.43,5034AI-5037AI,STD,8,20,380,40/40,180,180,170,170,170,170,160,160,160,160,180,180,,,LDPE HMI
2871,BA3431E,7-Dec-22,ZELLER(corr),,52.24,52.24,5031AI,STD,8,150,300,40/40,180,200,180,180,180,180,180,180,180,180,180,,,,PP
2872,BA7924E,6-Dec-22,AMAZON(corr),,49.42,65.89,5029AI,STD,8,12,350,40/40,200,200,180,180,180,170,170,160,160,160,180,180,,,HDPE(HMI)
2873,BA12618E,7-Dec-22,PHIL-TOP,,142.81,61.2,5127AI-5129AI,STD,3,6.5,40,40/40,150,150,140,140,140,130,130,,,,,,,,LDPE HMI
2874,BA15494E,7-Dec-22,PHIL-TOP,,127.31,62.61,5048AI-5050AI,STD,3,30,40,40/40,150,150,150,140,140,140,140,,,,,,,,LDPE(HMI)
2875,GA15221E,7-Dec-22,PHIL-TOP,,129.45,68.73,5114AI-5116AI,STD,3,30,40,40/40,150,150,150,140,140,140,140,,,,,,,,LDPE HMI
2876,GA15496E,7-Dec-22,PHIL-TOP,,127.45,71.47,5051AI-5053AI,STD,3,30,40,40/40,150,150,130,130,130,140,140,,,,,,,,LDPE(HMI)
2877,GA8074E,7-Dec-22,GRNN LIRAM,,27.38,58.67,5033AI,STD,3,8,16,40/40,150,150,150,150,140,140,140,,,,,,,,LDPE HMI
2878,GA4178E,7-Dec-22,PSP,,198.18,54.05,5019AI-5026AI,STD,3,6,22,60/60,160,150,140,140,140,140,140,,,,,,,,LDPE(HMI) / VACUUM ON
2879,WA12841E,7-Dec-22,PHIL-TOP,,272.16,64.04,5054AI-5056AI,STD,5,20,380,60/60,170,170,170,170,170,170,160,160,160,150,150,,,,LDPE(HMI)
2880,YA12128E,9-Dec-22,SMYPC,,945,50.9,4983AI-4992AI,STD,8,4.1,140,40,130,130,120,120,120,120,120,120,120,120,120,120,,,LDPE(HMI)
2881,YA6053E,7-Dec-22,EVEREST,,939.63,73.22,5094AI-5112AI,STD,8,20,380,40/40,180,180,180,170,170,170,170,160,160,160,150,150,,,LDPE(HMI)
2882,YA6053E,9-Dec-22,EVEREST(corr),,50,90.91,5113AI,STD,8,20,380,40/40,180,180,180,170,170,170,170,160,160,160,150,150,,,LDPE(HMI)
2883,GA2595E,2-Jun-21,In House,,64.62,16.71,2939AG-2941AG, STD ,3,8,28,40/40,220,220,200,200,200,200,200,,,,,,,,VACUUM ON/COIL SCREW
2884,VA4086E,9-Dec-22,EASTERN,,198.12,56.07,5120AI-5123AI,STD,3,13,22,40/40,150,150,140,140,140,150,150,,,,,,,,VACUUM ON/LDPE(HMI)
2885,VA4086E,9-Dec-22,EASTERN(corr),,75.42,56.57,5137AI-5138AI; 5437AI,STD,3,13,22,40/40,150,150,140,140,140,150,150,,,,,,,,VACUUM ON/LDPE(HMI)
2886,BA3925E,9-Dec-22,Evergood,,258.29,60.54,5063AI-5068AI,STD,3,30,40,40/40,150,140,140,130,130,130,130,,,,,,,,LDPE(HMI)
2887,BA15002E,9-Dec-22,MCBRIDE,,50.5,30.3,5045AI-5046AI,STD,3,9.5,14,40/40,230,230,220,220,220,230,230,,,,,,,,90-100 ppg (PET)
2888,TA11781E,9-Dec-22,SMYPC,,97.3,62.77,5346AI-5347AI,STD,5,15,250,40/40,170,170,170,170,170,170,160,160,160,150,150,,,,LDPE HMI
2889,TA11781E,9-Dec-22,SMYPC,,386,68.72,5348AI-5355AI,STD,5,15,250,40/40,170,170,170,170,170,170,160,160,160,150,150,,,,LDPE HMI
2890,WA3827E,7-Dec-22,EASTERN,,293.29,56.4,5060AI-5062AI,STD,5,18,400,40/40,180,180,180,180,180,180,180,200,200,200,,,,,VACUUM ON/HDPE(HMI)
2891,WA14068E,9-Dec-22,Zeller,,298.4,58.13,5042AI-5044AI,STD,5,20,380,40/40,180,180,180,180,180,180,180,180,160,160,160,,,,HDPE(HMI)
2892,VA4086E,9-Dec-22,ALPHATECH,,48.6,51.16,5373AI-5374AI,STD,3,13,22,40/40,150,150,140,140,140,150,150,,,,,,,,VACUUM ON/LDPE(HMI)
2893,VA4086E,9-Dec-22,ALPHATECH,,47.62,16.61,5376AI-5377AI,STD,3,13,22,40/40,150,150,140,140,140,150,150,,,,,,,,VACUUM ON/LDPE(HMI)
2894,BA5516E,9-Dec-22,SMYPC,,2000,52.86,5261AI-5300AI,STD,5,75,150,40,150,140,110,110,130,130,130,125,125,130,130,,,,LDPE(HMI)
2895,CA5402E,13-Dec-22,SMYPC,,97.05,37.57,5059AI,STD,3,3,130,40,140,140,140,140,130,130,130,,,,,,,,LDPE(HMI)
2896,CA5402E,10-Dec-22,SMYPC,,1875,40.54,5242AI-5260AI,STD,3,3,130,40,120,110,100,100,100,110,110,,,,,,,,LDPE(HMI)
2897,VA4086E,10-Dec-22,ALPHATECH,,48.55,41.61,5419AI-5420AI,STD,8,9,280,40/40,170,160,160,160,160,160,160,160,160,160,160,160,,,LDPE(HMI)
2898,IA7720E,6-Dec-22,PSP,,152.04,65.16,5013AI-5018AI,STD,3,40,36,60/60,150,150,150,150,140,140,140,,,,,,,,VACUUM ON/LDPE(HMI)
2899,KA2871E,14-Dec-22,EVEREST,,1241.51,69.29,5069AI-5093AI,STD,8,15,350,40/40,170,170,170,170,160,160,160,160,160,160,150,150,,,LDPE HMI
2900,SA11780E,12-Dec-22,SMYPC,,747.34,79.65,5421AI-5436AI,STD,8,13,290,40/40,170,170,170,170,170,170,160,160,160,150,150,150,,,LDPE(HMI)
2901,GA15496E,12-Dec-22,PHIL-TOP(corr),,127.18,61.05,5442AI-5444AI,STD,5,20,380,40/40,170,170,170,170,170,160,160,150,150,170,170,,,,LDPE(HMI)
2902,BA3431E,12-Dec-22,ZELLER(corr),,108.48,52.16,5440AI-5441AI,STD,5,150,300,40/40,180,180,180,180,180,180,180,180,180,180,180,,,,PP
2903,IA1770E,13-Dec-22,EVERBRIGHT,,1018.41,68.2,5378AI-5418AI,STD,8,110,390,60/60,170,170,170,170,160,160,160,160,150,150,150,150,,,VACUUM ON/LDPE(HMI)
2904,IA15368E,13-Dec-22,CDC,,202.7,71.54,5364AI-5367AI,STD,8,20,350,40/40,170,170,170,170,170,170,160,160,160,160,180,180,,,LDPE(HMI)
2905,DA5176E,12-Dec-22,EVEREST(corr),,26.11,68.11,5445AI,STD,8,16,320,40/40,180,180,180,170,170,160,160,160,160,160,180,180,,,LDPE(HMI)
2906,DA15377E,12-Dec-22,CDC,,207.95,71.71,5368AI-5372AI,STD,8,20,350,40/40,180,180,180,170,170,170,160,160,160,160,180,180,,,LDPE(HMI)
2907,BA2091E,13-Dec-22,GREENPACK,,1261.8,67.6,5449AI-5474AI,STD,5,250,400,60/60,170,170,150,130,160,160,160,150,150,150,150,,,,Pelletizer RPM 320 / LDPE HMI
2908,RA13616E,12-Dec-22,STAR PLASTIC,,128.97,70.35,5356AI-5358AI,STD,5,20,380,40/40,170,170,170,170,160,160,160,160,150,150,150,,,,LDPE(HMI)
2909,CA8905E,13-Dec-22,SMYPC,,1982.8,37.12,5202AI-5241AI,STD,3,5.3,115,40,130,130,100,100,100,115,115,,,,,,,,LDPE(HMI)
2910,BA5327E,12-Dec-22,EVEREST,,621.23,59.16,5157AI-5169AI,STD,5,120,400,40/40,170,170,170,170,170,160,160,160,150,150,150,,,,LDPE(HMI)
2911,BA15494E,13-Dec-22,PHIL-TOP(corr),,126.76,58.5,5613AI-5615AI,STD,5,20,380,40/40,170,170,170,170,170,170,160,160,160,150,150,,,,LDPE(HMI)
2912,MA5180E,14-Dec-22,EVEREST,,50,57.69,5047AI,STD,8,12,350,40/40,170,170,170,170,160,160,160,160,160,160,150,150,,,LDPE(HMI)
2913,MA5180E,14-Dec-22,EVEREST,,149.77,61.13,5196AI-5201AI,STD,8,12,350,40/40,170,170,170,170,160,160,160,160,160,160,150,150,,,LDPE(HMI)
2914,VA4086E,10-Dec-22,ALPHATECH,,198.17,36.03,5478AI-5485AI,STD,8,7,100,-,130,130,130,130,130,130,130,130,130,130,130,130,,,LDPE(HMI) / no screen
2915,VA4086E,12-Dec-22,ALPHATECH,,3.04,60.8,5616AI,STD,8,9,280,-,170,160,160,160,160,160,160,160,160,160,160,160,,,LDPE(HMI) / no screen
2916,VA4086E,12-Dec-22,ALPHATECH,,26.02,31.22,5617AI,STD,8,7,100,-,130,130,130,130,130,130,130,130,130,130,130,130,,,LDPE(HMI) / no screen
2917,VA4086E,12-Dec-22,ALPHATECH,,26.18,31.42,5642AI,STD,8,7,100,-,130,130,130,130,130,130,130,130,130,130,130,130,,,LDPE(HMI) / no screen
2918,VA4086E,14-Dec-22,ALPHATECH,,25.83,31,5701AI,STD,8,7,100,-,130,130,130,130,130,130,130,130,130,130,130,130,,,LDPE(HMI)
2919,BA5516E,10-Dec-22,SMYPC,,1465,56.53,5301AI-5331AI,STD,5,75,150,40,105,105,110,110,110,110,110,110,110,110,110,,,,LDPE(HMI)
2920,CA1578E,15-Dec-22,EVEREST,,490.87,56.1,5185AI-5195AI,STD,3,30,40,40/40,150,150,150,150,150,140,140,,,,,,,,LDPE(HMI)
2921,YA5993E,16-Dec-22,EVERGOOD,,741.28,64.27,5598AI-5612AI,STD,8,12,350,40/40,170,170,170,170,160,160,160,160,160,160,150,150,,,LDPE(HMI)
2922,VA4086E,15-Dec-22,ALPHATECH,,790,37.38,5723AI-5754AI,STD,8,9,280,40/40,130,130,130,130,130,130,130,130,130,130,130,130,,,LDPE(HMI)
2923,WA15135E,17-Dec-22,QUALITY PAPER,,30.3,24.24,5486AI,STD,1,70,280,60/60,120,140,140,160,160,160,160,160,150,150,,,,,LDPE(HMI)
2924,WA15229E,17-Dec-22,DYNAMICCAPS,,46.09,19.75,5541AI,STD,1,75,250,40/40,120,140,175,175,175,175,175,175,150,150,,,,,RUBBER
2925,RA5277E,16-Dec-22,EVERGOOD,,242.5,65.54,5690AI-5694AI,STD,3,35,10,40/40,140,130,110,110,110,140,140,,,,,,,,VACUUM ON / LDPE(HMI)
2926,RA7487E,16-Dec-22,GENSTAR,,127.08,76.25,5573AI-5575AI,STD,3,40,42,40/40,150,150,140,140,140,130,130,,,,,,,,LDPE HMI
2927,QA15688E,16-Dec-22,CDC,,28.19,67.66,5657AI,STD,3,30,40,40/40,180,200,180,180,180,180,180,,,,,,,,PP
2928,IA15368E,16-Dec-22,CDC,,200,63.16,5618AI-5621AI,STD,3,20,40,40/40,150,150,150,140,140,140,140,,,,,,,,LDPE(HMI)
2929,IA9912E,16-Dec-22,Evergood,,255.87,52.04,5581AI-5586AI,STD,3,7.2,20,40/40,150,150,140,150,150,140,140,,,,,,,,LDPE(HMI)
2930,BA14304E,16-Dec-22,PHIL-TOP,,253.97,63.49,5630AI-5635AI,STD,5,20,380,40/40,170,170,170,160,160,160,160,160,150,150,150,,,,LDPE(HMI)
2931,BA4701E,16-Dec-22,INCON,,102.79,49.34,5628AI-5629AI,STD,5,150,300,40/40,180,200,180,180,180,180,180,180,180,180,180,,,,PP
2932,BA4365E,16-Dec-22,INCON,,52.72,52.72,5667AI,STD,5,150,300,40/40,180,200,180,180,180,180,180,180,180,180,180,,,,PP
2933,BA15494E,16-Dec-22,PHIL-TOP(corr),,126,63,5755AI-5757AI,STD,5,20,380,40/40,170,170,170,170,170,170,160,160,160,150,150,,,,LDPE(HMI)
2934,DA15568E,16-Dec-22,PHIL-TOP,,122.88,51.92,5636AI-5638AI,STD,3,30,40,40/40,150,150,150,150,150,130,130,,,,,,,,LDPE(HMI)
2935,DA15377E,17-Dec-22,CDC,,199.44,70.39,5622AI-5625AI,STD,3,9.5,20,40/40,140,130,110,110,110,130,130,,,,,,,,LDPE(HMI)
2936,KA14303E,17-Dec-22,PHIL-TOP,,255.25,55.69,5662AI-5666AI,STD,3,30,40,40/40,150,130,130,110,110,130,130,,,,,,,,LDPE(HMI)
2937,KA12864E,17-Dec-22,SUMMIT,,50,32.97,5593AI,STD,3,30,40,60/60,180,200,180,180,180,180,,,,,,,,,79-105 PPG / PP
2938,KA12864E,17-Dec-22,SUMMIT,,156.13,30.61,5594AI-5597AI,STD,3,30,40,60/60,180,200,180,180,180,180,,,,,,,,,79-105 PPG / PP
2939,GA4254E,17-Dec-22,INCON,,45,46.55,5654AI,STD,5,150,300,40/40,180,200,180,180,180,180,180,180,180,180,180,,,,VACUUM ON / PP
2940,GA4254E,17-Dec-22,INCON(corr),,55.6,52.13,5655AI-5656AI,STD,5,150,300,40/40,180,200,180,180,180,180,180,180,180,180,180,,,,VACUUM ON / PP
2941,TA11781E,16-Dec-22,SMYPC,,298.35,59.67,5702AI-5707AI,STD,5,15,250,40/40,170,170,170,170,160,160,160,160,160,150,150,,,,LDPE HMI
2942,TA11781E,17-Dec-22,SMYPC,,50,60,5708AI,STD,5,15,250,40/40,170,170,170,170,160,160,160,160,160,150,150,,,,LDPE HMI
2943,TA15569E,17-Dec-22,PHIL-TOP,,120.02,60.01,5639AI-5641AI,STD,5,20,380,40/40,170,170,170,170,170,170,160,160,160,160,150,,,,LDPE(HMI)
2944,BA3925E,16-Dec-22,Evergood,,144.39,49.51,5709AI-5711AI,STD,5,180,410,40/40,180,180,150,150,170,160,160,150,150,140,140,,,,LDPE(HMI)
2945,BA12615E,16-Dec-22,PLEXCO,,252.55,60.61,5648AI-5653AI,STD,5,20,380,40/40,170,170,170,170,170,170,160,160,160,150,150,,,,LDPE HMI
2946,YA5917E,17-Dec-22,EVERGOOD,,256,65.36,5712AI-5717AI,STD,8,20,380,40/40,170,170,170,170,160,160,160,160,160,160,150,150,,,LDPE(HMI)
2947,YA5124E,17-Dec-22,EVERGOOD,,18,60,5700AI,STD,8,10,250,40/40,170,170,170,170,160,160,160,160,160,160,150,150,,,LDPE(HMI)
2948,YA5124E,17-Dec-22,EVERGOOD(corr),,241.72,65.04,5695AI-5699AI,STD,8,10,250,40/40,170,170,170,170,160,160,160,160,160,160,150,150,,,LDPE(HMI)
2949,YA5188E,17-Dec-22,Evergood,,344,78.78,5170AI-5173AI,STD,8,180,400,40/40,180,180,170,170,170,160,160,160,160,160,150,150,,,LDPE HMI
2950,WA3827E,17-Dec-22,IN-HOUSE,,25,25,5487AI,STD,1,80,400,40/40,160,180,180,180,180,180,180,180,160,160,,,,,HDPE(HMI)
2951,BA5516E,15-Dec-22,SMYPC,,589.78,65.53,5332AI-5342AI,STD,5,75,150,40,140,150,140,140,140,140,140,130,130,140,140,,,,LDPE(HMI)
2952,VA4086E,17-Dec-22,ALPHATECH,,26.25,25.82,5771AI,STD,5,7,100,-,130,130,130,130,130,130,130,130,130,130,130,,,,VACUUM ON/LDPE(HMI)
2953,YA7822E,17-Dec-22,EASTERN,,102.25,60.74,5718AI-5719AI,STD,8,10,350,40/40,170,170,160,160,150,150,150,150,150,150,150,150,,,LDPE(HMI)
2954,WA1400E,19-Dec-22,IN-HOUSE,,494.82,27.49,5359AI-5363AI,STD,1,80,400,60/60,140,150,160,160,160,160,160,160,150,150,,,,,LDPE(HMI)
2955,IA15368E,19-Dec-22,CDC(corr),,198.07,84.89,5767AI-5770AI,STD,3,20,40,40/40,150,150,150,140,140,140,140,,,,,,,,LDPE(HMI)
2956,ZA4789E,19-Dec-22,ISLAND,,107.37,62.55,5762AI-5764AI,STD,3,45,40,60/60,150,150,150,150,140,130,130,,,,,,,,LDPE(HMI)
2957,GA14271E,19-Dec-22,PHIL-TOP,,115.7,42.07,5658AI-5660AI,STD,5,20,380,40/40,170,170,170,170,170,170,160,160,160,150,150,,,,LDPE(HMI)
2958,BA7883E,19-Dec-22,EASTERN,,198,67.89,5758AI-5761AI,STD,8,7.3,35,60/60,180,170,170,170,170,170,170,170,170,170,160,160,,,VACUUM ON / HDPE HMI
2959,MA4737E,20-Dec-22,GENSTAR,,97.14,32.38,5576AI-5579AI,STD,8,5.8,380,40/40,170,170,140,140,140,140,140,140,140,140,150,150,,,LDPE(HMI)
2960,OA14302E,19-Dec-22,INCON,,102.12,61.27,5626AI-5627AI,STD,3,30,40,40/40,150,150,150,150,150,130,130,,,,,,,,LDPE(HMI)
2961,OA8984E,18-Dec-22,Evergood,,153.98,63.72,5589AI-5592AI,STD,3,40,11,40/40,180,180,150,130,130,130,140,,,,,,,,LDPE(HMI)
2962,OA8984E,19-Dec-22,Evergood,,100,61.86,5587AI-5588AI,STD,3,40,11,40/40,180,180,150,130,130,130,140,,,,,,,,LDPE(HMI)
2963,VA4086E,17-Dec-22,ALPHATECH,,3.87,15.48,5774AI,STD,5,7,100,-,130,130,130,130,130,130,130,130,130,130,130,,,,VACUUM ON/LDPE(HMI)
2964,VA4086E,17-Dec-22,ALPHATECH,,65.89,30.18,5775AI-5776AI; 5779AI,STD,5,20,380,40/40,170,170,170,170,170,170,170,160,160,150,150,,,,VACUUM ON/LDPE(HMI)
2965,WA15466E,20-Dec-22,PRIMEPACK,,1971.64,55.15,5668AI-5687AI,STD,5,13,430,60/60,200,200,160,130,160,160,180,180,180,170,170,,,,LDPE(HMI)
2966,RA5277E,20-Dec-22,EVERGOOD,,866.25,63,5139AI-5156AI,STD,3,36,40,40/40,120,110,110,110,110,150,150,,,,,,,,VACUUM ON / LDPE(HMI)
2967,YA6053E,21-Dec-22,EVEREST,,961.32,61.49,5174AI-5183AI,STD,3,30,40,40/40,150,150,150,140,140,150,150,,,,,,,,LDPE(HMI)
2968,GA4254E,20-Dec-22,INCON(corr),,79.28,54.05,5802AI-5803AI,STD,3,9,25,40/40,180,200,180,180,180,180,180,,,,,,,,VACUUM ON / PP
2969,DA15568E,21-Dec-22,PHIL-TOP,,119.48,66.38,5799AI-5801AI,STD,3,30,40,40/40,150,150,150,150,140,140,140,,,,,,,,LDPE(HMI)
2970,BA4365E,21-Dec-22,INCON(corr),,55,50.77,5782AI-5783AI,STD,8,15,350,40/40,190,190,190,180,180,180,170,170,170,180,180,,,,PP
2971,WA3827E,21-Dec-22,IN-HOUSE,,961.76,61.7,5487AI-5489AI; 5643AI-5647AI; 5688AI-5689AI,STD,8,20,280,40/40,200,200,200,200,200,200,180,180,180,180,180,,,,HDPE(HMI)
2972,VA4086E,21-Dec-22,ALPHATECH,,52.1,39.08,5869AI-5870AI,STD,8,8,160,40/40,160,160,160,160,160,160,160,160,160,160,160,160,,,LDPE(HMI)
2973,VA4086E,21-Dec-22,ALPHATECH,,9.45,28.35,5873AI,STD,8,8,160,40/40,160,160,160,160,160,160,160,160,160,160,160,160,,,LDPE(HMI)
2974,DA15377E,21-Dec-22,CDC,,196.9,65.63,5823AI-5826AI,STD,3,8.3,30,40/40,150,110,110,110,110,130,130,,,,,,,,LDPE(HMI)
2975,WA15190E,22-Dec-22,NMH,,4989.43,86.52,5490AI-5540AI,STD,5,15,300,60/60,200,200,180,180,180,180,180,180,180,200,200,,,,(52-62 PPG) / PP
2976,YA5993E,22-Dec-22,EVERGOOD(corr),,747.87,69.03,5784AI-5798AI,STD,3,30,45,40/40,160,150,150,150,150,150,150,,,,,,,,LDPE(HMI)
2977,DA15568E,22-Dec-22,PHIL-TOP,,126,55.18,5866AI-5868AI,STD,3,30,40,40/40,150,150,130,130,140,140,140,,,,,,,,LDPE(HMI)
2978,BA5516E,22-Dec-22,SMYPC,,618.8,56.25,5808AI-5820AI,STD,8,6.5,160,40,130,130,120,120,110,110,110,110,110,110,120,120,,,LDPE(HMI)
2979,OA14302E,22-Dec-22,INCON(corr),,101.69,61.01,5821AI-5822AI,STD,8,7,300,40/40,170,170,170,170,160,160,160,160,160,160,150,150,,,LDPE(HMI)
2980,IA15368E,22-Dec-22,CDC(corr),,200,63.49,5861AI-5864AI,STD,8,20,350,40/40,170,170,170,170,160,160,160,160,160,160,160,160,,,LDPE(HMI)
2981,DA15377E,23-Dec-22,CDC,,202.97,67.66,5882AI-5885AI,STD,8,20,350,40/40,170,170,170,170,160,160,160,160,160,160,150,150,,,LDPE(HMI)
2982,DA15568E,23-Dec-22,PHIL-TOP(corr),,133.74,72.95,5896AI-5898AI,STD,8,10,280,40/40,160,160,160,150,150,150,140,140,140,150,150,150,,,LDPE(HMI)
2983,DA15568E,23-Dec-22,PHIL-TOP(corr),,125.9,75,5879AI-5881AI,STD,8,10,280,40/40,160,160,160,150,150,150,140,140,140,150,150,150,,,LDPE(HMI)
2984,YA5124E,23-Dec-22,EVERGOOD(corr),,71.26,63.81,5871AI-5872AI,STD,3,60,50,40/40,160,150,150,150,140,140,140,,,,,,,,LDPE(HMI)
2985,CA1578E,3-Jan-23,EVEREST,,4.5,27,5772AI,STD,8,15,300,40/40,170,170,170,170,170,170,160,160,160,160,160,160,,,LDPE(HMI)
2986,RA5277E,3-Jan-23,EVERGOOD,,9.5,38,5876AI,STD,8,13,250,40/40,180,170,170,170,170,160,160,160,160,160,180,180,,,LDPE(HMI)
2987,BA12861E,23-Dec-22,AG CANPRINT,,126.65,56.29,5805AI-5807AI,STD,8,6.5,280,40/40,200,200,190,190,180,180,180,180,180,180,190,190,,,PP
2988,WA14068E,23-Dec-22,ZELLER(re-ext),,20.01,40.02,5804AI,STD,3,30,40,40/40,180,170,170,180,180,180,180,,,,,,,,HDPE(HMI)
2989,BA4365E,23-Dec-22,INCON,,52.28,52.28,5877AI,STD,8,15,350,40/40,180,200,180,180,180,180,180,180,180,180,180,,,,PP
2990,GA4254E,23-Dec-22,INCON,,24.9,49.8,5865AI,STD,8,12.4,300,40/40,180,200,180,180,180,180,180,180,180,180,200,200,,,VACUUM ON / PP
2991,IA15368E,3-Jan-23,CDC(corr),,200,61.54,5888AI-5891AI,STD,8,20,350,40/40,170,170,170,170,170,170,160,160,160,160,180,180,,,LDPE(HMI)
2992,BA7883E,23-Dec-22,EASTERN(corr),,191.13,54.61,5892AI-5895AI,STD,3,7,35,60/60,180,180,180,180,180,160,160,,,,,,,,VACUUM ON
2993,OA14302E,23-Dec-22,INCON(corr),,101.3,46.75,5886AI-5887AI,STD,8,7,300,40/40,120,170,170,170,160,160,160,160,160,160,150,150,,,LDPE(HMI)
2994,VA4086E,21-Dec-22,ALPHATECH,,53.85,36.3,5874AI-5875AI,STD,8,8,160,40/40,160,160,160,160,160,160,160,160,160,160,160,160,,,LDPE(HMI)
2995,WA12282E,3-Jan-23,PACKAGEWORLD,,3244.69,64.25,5848AI-5860AI,STD,5,9,260,60/60,140,160,160,160,150,150,150,150,150,140,140,,,,Rubber / NO BLENDER (ext #5 only)
2996,WA15192E,3-Jan-23,KPC,,3006.23,63.29,5542AI-5572AI,STD,3,30,40,60/60,200,200,200,180,180,180,180,,,,,,,,PP
2997,WA15071E,3-Jan-23,PACKAGEWORLD,,294.81,38.04,5827AI-5829AI,STD,3,7.2,25,40/40,150,150,150,150,150,150,160,,,,,,,,LL38
2998,VA4086E,4-Jan-23,ALPHATECH,,384.5,38.64,5998AI-6013AI,STD,8,8,160,40/40,160,160,160,160,160,160,160,160,160,160,160,160,,,LDPE(HMI)
2999,GA8074E,5-Jan-23,EASTERN,,505.41,82.63,5940AI-5945AI; 6014AI-6018AI,STD,8,300,15,40/40,170,170,170,170,170,170,160,160,160,150,150,,,,LDPE HMI
3000,DA15377E,5-Jan-23,CDC(tmblr),,268.11,71.5,5996AI-5997AI,STD,8,20,350,40/40,170,170,170,170,160,160,160,160,160,160,150,150,,,LDPE(HMI)
3001,YA6053E,5-Jan-23,EVEREST,,11.2,67.2,5995AI,STD,8,20,380,40/40,180,180,180,170,170,170,170,160,160,160,150,150,,,LDPE(HMI)
3002,OA14302E,4-Jan-23,INCON(corr),,105.58,59.2,5993AI-5994AI,STD,8,7,300,40/40,170,170,170,170,160,160,160,160,160,160,150,150,,,LDPE(HMI)
3003,BA12556E,6-Jan-23,PACKAGE WORLD,,4351,65.27,5830AI-5847AI,STD,5,25,140,60/60,140,160,160,160,160,160,160,160,150,150,150,,,,RUBBER
3004,MA4737E,6-Jan-23,EVEREST,,1011.95,24.47,5899AI-5939AI,STD,3,4.3,42,40/40,150,150,150,150,150,140,140,,,,,,,,VACUUM ON / LDPE(HMI)
3005,VA4086E,6-Jan-23,ALPHATECH,,1500,36.3,6094AI-6153AI,STD,8,8,160,40/40,160,160,160,160,160,160,160,160,160,160,160,160,,,LDPE(HMI)
3006,KA2871E,5-Jan-23,EVEREST,,1000,74.53,5950AI-5969AI,STD,8,15,350,40/40,170,170,170,170,160,160,160,160,160,160,150,150,,,LDPE HMI
3007,WA11278E,6-Jan-23,FORTUNE-DARUMA,,500,26.43,6040AI-6044AI,STD,3,4.5,15,40/40,170,160,160,160,150,150,150,,,,,,,,RUBBER
3008,YA12128E,17-Dec-22,SMYPC,,1147.06,54.84,4993AI-5003AI,STD,8,4.1,140,40,130,130,120,120,120,120,120,120,120,120,120,120,,,LDPE(HMI)
3009,YA12128E,18-Jan-23,21st Century,,987.47,55.74,6508AI-6527AI,STD,8,4.1,140,40,150,150,130,130,130,130,120,120,120,120,125,125,,,LDPE(HMI)
3010,VA4086E,9-Jan-23,ALPHATECH,,475,39.31,6134AI-6153AI,STD,8,8,160,40/40,160,160,160,160,160,160,160,160,160,160,160,160,,,VACUUM ON/LDPE(HMI)
3011,VA4086E,10-Jan-23,ALPHATECH,,443.15,39.1,6154AI-6171AI,STD,8,8,160,40/40,160,160,160,160,160,160,160,160,160,160,160,160,,,VACUUM ON/LDPE(HMI)
3012,VA4086E,11-Jan-23,EASTERN,,369.22,53.38,6176AI-6183AI,STD,8,8,160,-,160,160,160,160,160,160,160,160,160,160,160,160,,,VACUUM ON/LDPE(HMI)
3013,VA4086E,11-Jan-23,ALPHATECH,,427,41.32,6187AI-6188AI,STD,8,7,100,-,130,130,130,130,130,130,130,130,130,130,130,130,,,VACUUM ON/LDPE(HMI)
3014,VA4086E,14-Jan-23,EASTERN(corr),,25,42.86,6469AI,STD,8,8,160,40/40,160,160,160,160,160,160,160,160,160,160,160,160,,,VACUUM ON/LDPE(HMI)
3015,VA4086E,14-Jan-23,EASTERN(corr),,22.93,41.69,6473AI,STD,8,9,280,40/40,160,160,160,160,160,160,160,160,160,160,160,160,,,VACUUM ON/LDPE(HMI)
3016,VA4086E,17-Jan-23,EASTERN,,24.43,41.88,6506AI,STD,8,8,160,40/40,160,160,160,160,160,160,160,160,160,160,160,160,,,VACUUM ON/LDPE(HMI)
3017,VA4086E,17-Jan-23,EASTERN,,24.55,39.81,6507AI,STD,8,8,160,40/40,160,160,160,160,160,160,160,160,160,160,160,160,,,VACUUM ON/LDPE(HMI)
3018,VA4086E,17-Jan-23,EASTERN,,497,56.05,6530AI-6539AI,STD,8,8,160,40/40,160,160,160,160,160,160,160,160,160,160,160,160,,,VACUUM ON/LDPE(HMI)
3019,VA4086E,18-Jan-23,EASTERN(trial),,49.68,56.24,6545AI-6546AI,STD,8,8,160,40/40,160,160,160,160,160,160,160,160,160,160,160,160,,,VACUUM ON/LDPE(HMI)
3020,WA15466E,18-Jan-23,HYATT PLASTIC,,121.81,56.22,6542AI,STD,5,13,430,60/60,170,160,150,140,120,170,170,170,170,150,150,,,,LDPE(HMI)
3021,WA13000E,17-Jan-23,PREMIER,,1480.7,59.71,6448AI-6462AI,STD,5,20,380,40/40,180,130,100,100,160,160,160,160,160,180,180,,,,LDPE(HMI)
3022,WA13000E,18-Jan-23,PREMIER,,50,50,6472AI,STD,5,20,380,40/40,180,130,100,100,160,160,160,160,160,180,180,,,,LDPE(HMI)
3023,WA13000E,18-Jan-23,PREMIER,,50,54.55,6540AI,STD,5,20,380,40/40,180,130,100,100,160,160,160,160,160,180,180,,,,LDPE(HMI)
3024,YA13953E,12-Jan-23,AG CANPRINT,,100,57.14,6197AI-6198AI,STD,8,28,400,40/40,170,170,160,160,150,150,150,140,140,140,150,150,,,LDPE HMI
3025,YA13953E,12-Jan-23,AG CANPRINT,,28.2,52.88,6199AI,STD,8,28,400,40/40,170,170,160,160,150,150,150,140,140,140,150,150,,,LDPE HMI
3026,YA13953E,14-Jan-23,AG CANPRINT(corr),,28.3,48.51,6471AI,STD,8,28,400,40/40,170,170,160,160,150,150,150,140,140,140,150,150,,,LDPE HMI
3027,YA13953E,18-Jan-23,AG CANPRINT,,28,57.93,6547AI,STD,8,28,400,40/40,170,170,160,160,150,150,150,140,140,140,150,150,,,LDPE HMI
3028,WA15192E,18-Jan-23,KPC,,3060.16,81.97,6475AI-6505AI,STD,5,22,140,60/60,200,200,200,180,180,180,180,180,180,180,180,180,,,PP
3029,KA2871E,11-Jan-23,EVEREST(trial),,100,75,5946AI-5947AI,STD,8,15,350,40/40,170,170,170,170,160,160,160,160,160,160,150,150,,,LDPE HMI
3030,KA2871E,11-Jan-23,EVEREST(trial),,100,80,5948AI-5949AI,STD,8,15,350,40/40,170,170,170,170,160,160,160,160,160,160,150,150,,,LDPE HMI
3031,KA2871E,11-Jan-23,EVEREST,,90.44,77.52,5970AI-5971AI,STD,8,15,350,40/40,170,170,170,170,160,160,160,160,160,160,150,150,,,LDPE HMI
3032,GA7505E,12-Jan-23,TRADESPHERE,,29.14,38.28,6202AI,STD,8,7,300,40/40,170,170,170,170,160,160,160,160,160,160,150,150,,,
3033,KA9732E,12-Jan-23,Alphatech(corr),,24.6,59.04,6204AI,STD,8,11,200,40/40,170,170,170,170,170,170,170,170,170,170,160,160,,,
3034,KA9732E,12-Jan-23,Alphatech,,29,34.8,6205AI,STD,8,11,200,40/40,170,170,170,170,170,170,170,170,170,170,160,160,,,
3035,MA4737E,9-Jan-23,EVEREST(error),,60.5,50.42,6084AI-6085AI,STD,3,4.3,42,40/40,150,150,150,150,140,140,140,,,,,,,,VACUUM ON / LDPE(HMI)
3036,YA7822E,7-Jan-23,EASTERN,,107,25.08,6019AI-6021AI,STD,1,80,400,40/40,120,140,150,150,150,150,150,150,140,140,,,,,LDPE HMI
3037,GA15711E,10-Jan-23,ADVANCE MOULDINGS,,1013.18,70.36,5972AI-5992AI,STD,3,30,40,40/40,150,150,150,150,150,140,140,,,,,,,,LDPE(HMI) / 56-66 PPG
3038,RA15786E,7-Jan-23,PLASCOM,,53,57.82,6032AI,STD,8,20,380,40/40,180,180,180,170,170,170,160,160,160,160,180,180,,,LDPE HMI
3039,RA15786E,7-Jan-23,PLASCOM,,148.97,59.99,6037AI-6039AI,STD,8,20,380,40/40,180,180,180,170,170,170,160,160,160,160,180,180,,,LDPE HMI
3040,BA5516E,7-Jan-23,SMYPC,,442,49.11,6023AI-6031AI,STD,8,6.5,160,40,130,130,130,120,120,120,115,115,115,115,130,130,,,LDPE(HMI)
3041,BA5516E,9-Jan-23,SMYPC,,103.75,62.25,6035AI-6036AI,STD,8,6.5,160,40,130,130,130,120,120,120,115,115,115,115,130,130,,,LDPE(HMI)
3042,BA9094E,9-Jan-23,ZELLER,,51.38,51.38,6173AI,STD,8,9.5,280,40/40,180,200,180,180,180,180,180,180,180,180,200,200,,,
3043,WA13400E,17-Jan-23,GLOBAL COMPAK,,49.11,58.93,6444AI,STD,5,20,380,40/40,170,170,170,170,160,160,160,160,160,150,150,,,,LDPE HMI
3044,WA13400E,17-Jan-23,GLOBAL COMPAK,,98.19,36.82,6445AI-6447AI,STD,5,20,380,40/40,170,170,170,170,170,170,160,160,160,150,150,,,,LDPE HMI
3045,CA8383E,14-Jan-23,GLOBAL COMPAK,,28.6,49.03,6201AI,STD,8,10,280,40/40,170,170,170,170,160,160,160,160,150,150,160,160,,,LDPE HMI
3046,CA11698E,11-Jan-23,SMYPC,,2462.73,28.89,6314AI-6413AI,STD,3,10,15,40/40,160,150,150,150,150,150,150,,,,,,,,RUBBER
3047,GA2595E,12-Jan-23,alcos global,,200,32,6189AI-6196AI, STD ,8,10,300,40/40,230,230,230,230,230,230,230,230,230,230,250,250,,,90-100 ppg / PET
3048,GA2595E,12-Jan-23,ALLIED,,387.04,32.71,6414AI-6429AI, STD ,8,10,300,40/40,220,220,220,220,220,220,220,220,220,220,230,230,,,90-100 ppg / PET
3049,TA15557E,14-Jan-23,I-TUNG,,208.18,65.74,6430AI-6434AI,STD,8,20,380,40/40,170,170,170,170,170,170,160,160,160,150,150,150,,,LDPE(HMI)
3050,WA3827E,16-Jan-23,EASTERN,,587.68,78.01,6463AI-6468AI,STD,8,20,280,40/40,190,190,180,180,170,170,170,170,170,180,180,,,,HDPE(HMI)
3051,YA13953E,19-Jan-23,AG CANPRINT,,24.64,49.28,6596AI,STD,8,28,400,40/40,170,170,160,160,150,150,150,140,140,140,150,150,,,LDPE HMI
3052,WA15190E,10-Jan-23,NMH,,9908.87,79.7,6213AI-6313AI,STD,5,15,300,60/60,200,200,180,180,180,180,180,180,180,200,200,,,,(52-62 PPG) / PP
3053,TA14363E,9-Jan-23,TERUMO,,54.69,26.25,6050AI-6051AI,STD,1,55,250,40/40,180,200,180,180,180,180,180,180,180,180,,,,,3mmx3mm Pellet size
3054,GA14433E,9-Jan-23,TERUMO,,205.79,58.8,6086AI-6093AI,STD,1,55,250,40/40,180,200,180,180,180,180,180,180,180,180,,,,,3mmx3mm Pellet size
3055,GA14433E,13-Jan-23,TERUMO(corr),,204.15,29.16,6435AI-6442AI,STD,1,55,250,40/40,180,200,180,180,180,180,180,180,180,180,,,,,3mmx3mm Pellet size
3056,WA12282E,20-Jan-23,PACKAGEWORLD,,7016.8,62.6,6052AI-6080AI,STD,5,9,260,60/60,150,160,160,160,160,150,150,150,150,150,150,,,,Rubber / NO BLENDER (ext #5 only)
3057,WA11278E,20-Jan-23,FORTUNE-DARUMA,,494.6,34.23,6045AI-6049AI,STD,3,4.5,15,40/40,170,160,160,160,150,150,150,,,,,,,,RUBBER
3058,RA15449E,20-Jan-23,GILVAN,,54.43,46.65,6559AI,STD,8,10,300,40/40,170,170,170,170,160,160,160,160,160,160,150,150,,,LDPE(HMI)
3059,RA12706E,11-Mar-23,PLEXCO,,180.94,72.38,8335AI-8338AI,STD,8,10,350,40/40,170,170,170,170,160,160,160,160,160,160,150,150,,,LDPE HMI
3060,BA15002E,20-Jan-23,MCBRIDE,,43.17,24.67,6543AI-6544AI,STD,8,7,250,40/40,220,220,220,220,220,220,220,220,220,220,220,220,,,90-100 ppg (PET)
3061,OA4303E,19-Jan-23,HYATT PLASTIC,,53.6,30.63,6541AI,STD,8,170,400,100/100,180,180,180,180,170,170,170,160,160,150,150,150,,,LDPE HMI / VACUUM ON
3062,VA4086E,20-Jan-23,EASTERN(corr),,98.5,35.82,6594AI-6595AI,STD,8,8,160,40/40,160,160,160,160,160,160,160,160,160,160,160,160,,,VACUUM ON/LDPE(HMI)
3063,WA15123E,21-Jan-23,GILVAN,,2966.8,70.58,6563AI-6592AI,STD,3,30,40,60/60,160,150,150,150,150,140,140,,,,,,,,LDPE(HMI)
3064,YA7822E,21-Jan-23,EASTERN,,203,65.84,6604AI-6608AI,STD,8,10,350,40/40,170,170,160,160,150,150,150,150,150,150,150,150,,,LDPE(HMI)
3065,BA4549E,21-Jan-23,ZELLER,,52.17,48.91,6599AI,STD,8,7.9,300,40/40,180,200,180,180,180,180,180,180,180,180,180,180,,,PP
3066,BA4520E,8-Feb-23,ZELLER,,48.84,51.41,7162AI,STD,8,150,300,40/40,180,200,180,180,180,180,180,180,180,180,180,180,,,PP
3067,KA9077E,21-Jan-23,ZELLER,,53.81,51.25,6600AI,STD,8,10,260,40/40,180,200,180,180,180,180,180,180,180,180,180,,,,PP
3068,KA3541E,21-Jan-23,ZELLER,,54.32,32.27,6548AI-6549AI,STD,8,7.9,300,40/40,180,200,180,180,180,180,180,180,180,180,180,180,,,PP
3069,OA3552E,21-Jan-23,ZELLER(corr),,54.81,53.04,6603AI,STD,8,10,320,40/40,180,200,180,180,180,180,180,180,180,180,180,180,,,PP
3070,OA3552E,21-Jan-23,ZELLER,,63.16,54.14,6601AI-6602AI,STD,8,10,320,40/40,180,200,180,180,180,180,180,180,180,180,180,180,,,PP
3071,MA11346E,21-Jan-23,GILVAN,,55.8,51.51,6561AI-6562AI,STD,8,7,350,40/40,170,170,170,170,160,160,160,160,160,160,150,150,,,LDPE(HMI)
3072,VA12837E,21-Jan-23,GILVAN,,54.2,54.2,6560AI,STD,8,20,380,40/40,170,170,170,170,170,170,170,160,160,160,150,150,,,LDPE(HMI)
3073,VA4086E,20-Jan-23,EASTERN(corr),,96.65,48.33,6629AI-6630AI,STD,8,8,160,40/40,160,160,160,160,160,160,160,160,160,160,160,160,,,VACUUM ON/LDPE(HMI)
3074,GA3538E,26-Sep-23,ZELLER,,54.23,51.65,5455AJ-5456AJ,STD,8,10,300,40/40,180,200,180,180,180,180,180,180,180,180,180,180,,,PP
3075,GA3538E,21-Jan-23,ZELLER(corr),,53.83,51.27,6557AI,STD,8,11,220,40/40,180,200,180,180,180,180,180,180,180,180,180,180,,,PP
3076,BA4140E,21-Jan-23,EVERBRIGHT,,530,59.44,6635AI-6656AI,STD,8,14.5,300,60/60,180,180,180,170,170,160,160,160,160,160,180,180,,,VACUUM ON/LDPE(HMI)
3077,BA4140E,21-Jan-23,EVERBRIGHT,,266.6,67.47,6657AI-6667AI,STD,8,14.5,300,60/60,180,180,180,170,170,160,160,160,160,160,180,180,,,VACUUM ON/LDPE(HMI)
3078,BA4140E,21-Jan-23,EVERBRIGHT,,200,48,6668AI-6675AI,STD,8,14.5,300,60/60,180,180,180,170,170,160,160,160,160,160,180,180,,,VACUUM ON/LDPE(HMI)
3079,WA2123E,23-Jan-23, KPC,,54.17,48.51,6621AI,STD,3,30,40,60/60,180,200,180,180,180,180,180,,,,,,,,PP
3080,GA7505E,23-Jan-23,TRADESPHERE,,103.94,51.97,6609AI-6610AI,STD,8,7,300,40/40,170,170,170,170,160,160,160,160,160,160,150,150,,,LDPE HMI
3081,BA15197E,24-Jan-23,MAXEY,,100,80,6708AI-6709AI,STD,8,17,400,60/60,170,170,170,170,170,170,160,160,160,150,150,150,,,LDPE HMI
3082,BA15197E,24-Jan-23,MAXEY,,913.07,82.19,6710AI-6728AI,STD,8,17,400,60/60,170,170,170,170,170,170,160,160,160,150,150,150,,,LDPE HMI
3083,WA6947E,24-Jan-23,ATLANTA,,100,60,6611AI,STD,3,8.3,20,40/40,180,200,180,180,180,180,180,,,,,,,,PP
3084,WA6947E,24-Jan-23,ATLANTA,,738.37,55.73,6612AI-6619AI,STD,3,8.3,20,40/40,180,200,180,180,180,180,180,,,,,,,,PP
3085,WA6947E,25-Jan-23,ATLANTA(corr),,158.5,58.7,6620AI,STD,3,8.3,20,40/40,180,200,180,180,180,180,180,,,,,,,,PP
3086,WA15190E,24-Jan-23,NMH,,7.8,23.4,6623AI,STD,3,30,40,60/60,180,200,180,180,180,180,180,,,,,,,,(52-62 PPG) / PP
3087,WA14068E,25-Jan-23,Zeller,,250,50,6550AI-6551AI,STD,3,6.2,25,40/40,180,200,180,180,180,180,180,,,,,,,,HDPE(HMI)
3088,WA1400E,25-Jan-23,ALLIED,,132.62,78.01,6624AI,STD,3,30,40,60/60,150,150,150,150,150,130,130,,,,,,,,LDPE(HMI)
3089,WA1400E,25-Jan-23,ALLIED(corr),,364.82,69.49,6625AI-6628AI,STD,3,30,40,60/60,150,150,150,150,150,140,140,,,,,,,,LDPE(HMI)
3090,WA13400E,25-Jan-23,GLOBAL COMPAK,,5.15,17.17,6622AI,STD,3,30,40,40/40,150,150,150,150,150,130,130,,,,,,,,LDPE HMI
3091,MA11346E,25-Jan-23,GILVAN,,53.3,49.2,6751AI-6752AI,STD,8,7,350,40/40,170,170,170,170,160,160,160,160,160,160,170,170,,,LDPE(HMI)
3092,MA11346E,25-Jan-23,GILVAN(corr),,59.9,51.34,6767AI-6768AI,STD,8,7,350,40/40,170,170,170,170,160,160,160,160,160,160,170,170,,,LDPE(HMI)
3093,GA3538E,30-Sep-23,ZELLER,,55.55,50.77,5578AJ-5579AJ,STD,8,10,280,40/40,180,200,180,180,180,180,180,180,180,180,180,180,,,PP
3094,BA9550E,25-Jan-23,Alphatech,,52.6,50.9,6738AI,STD,8,20,380,40/40,180,200,180,180,180,180,180,180,180,180,180,,,,
3095,VA4086E,25-Jan-23,EASTERN(corr),,149.21,54.26,6731AI-6733AI,STD,8,8,160,40/40,160,160,160,160,160,160,160,160,160,160,160,160,,,VACUUM ON/LDPE(HMI)
3096,BA14304E,26-Jan-23,PHIL-TOP,,300,69.23,6776AI-6782AI,STD,8,13,250,40/40,170,170,170,170,160,160,160,160,150,150,150,,,,LDPE(HMI)
3097,KA14303E,26-Jan-23,PHIL-TOP,,257.08,55.09,6770AI-6775AI,STD,8,10,280,40/40,170,170,170,170,170,160,160,160,160,150,150,150,,,LDPE(HMI)
3098,RA2508E,26-Jan-23,Evergood,,100,76.92,6739AI-6740AI,STD,8,16,180,60/60,190,190,180,180,170,170,160,160,160,150,150,150,,,LDPE(HMI)
3099,RA2508E,26-Jan-23,Evergood,,392.5,74.76,6741AI-6748AI,STD,8,16,180,60/60,190,190,180,180,170,170,160,160,160,150,150,150,,,LDPE(HMI)
3100,RA2508E,26-Jan-23,Evergood,,24.87,67.83,6769AI,STD,8,16,180,60/60,190,190,180,180,170,170,160,160,160,150,150,150,,,LDPE(HMI)
3101,WA15192E,26-Jan-23,KPC,,3056.72,59.47,6676AI-6706AI,STD,3,30,40,60/60,200,200,200,180,180,180,180,,,,,,,,PP
3102,WA3827E,26-Jan-23,EASTERN,,202.51,56.51,6735AI-6736AI,STD,3,5.2,20,40/40,160,180,180,180,160,155,150,,,,,,,,HDPE(HMI)
3103,WA15151E,26-Jan-23,PACKAGEWORLD,,1988,63.96,6816AI-6823AI,STD,5,9,260,40/40,140,160,160,160,160,150,150,150,140,140,,,,,RUBBER
3104,GA13854E,27-Jan-23,REIMAGINE,,102.66,61.6,6783AI-6784AI,STD,8,20,380,40/40,170,170,170,170,170,170,160,160,160,150,150,150,,,LDPE(HMI)
3105,TA15557E,27-Jan-23,I-TUNG,,203.1,62.49,6763AI-6766AI,STD,8,20,380,40/40,170,170,170,170,170,170,160,160,160,150,150,150,,,LDPE(HMI)
3106,WA15151E,28-Jan-23,PACKAGEWORLD,,242.92,57.16,6824AI,STD,5,9,260,40/40,140,160,160,160,160,150,150,150,140,140,,,,,RUBBER
3107,DA5176E,28-Jan-23,EVEREST(corr),,107.16,91.85,6879AI-6880AI,STD,8,16,320,40/40,180,180,170,170,170,160,160,160,160,160,180,180,,,LDPE(HMI)
3108,DA5176E,28-Jan-23,EVEREST,,775,90.28,6863AI-6878AI,STD,8,16,320,40/40,180,180,170,170,170,160,160,160,160,160,180,180,,,LDPE(HMI)
3109,YA5188E,28-Jan-23,Evergood,,246.83,77.95,6795AI-6799AI,STD,8,180,400,40/40,180,180,170,170,170,160,160,160,160,160,150,150,,,LDPE HMI
3110,KA9732E,28-Jan-23,Alphatech,,54.4,54.4,6794AI,STD,8,11,200,40/40,170,170,170,170,170,170,170,170,170,170,160,160,,,LDPE HMI
3111,DA9936E,28-Jan-23,TRADESPHERE,,55.61,66.73,6836AI-6837AI,STD,8,9,250,40/40,170,170,160,160,150,150,150,150,150,150,150,150,,,LDPE HMI
3112,GA8012E,28-Jan-23,TRADESPHERE,,24.73,49.46,6838AI,STD,8,20,380,40/40,170,170,170,170,170,170,160,160,160,150,150,150,,,LDPE HMI
3113,GA14271E,27-Jan-23,PHIL-TOP(corr),,99.65,56.94,6790AI-6791AI,STD,8,10,250,40/40,180,180,170,170,170,160,160,160,150,150,140,140,,,LDPE(HMI)
3114,GA14271E,28-Jan-23,PHIL-TOP,,206.18,58.91,6785AI-6789AI,STD,8,10,250,40/40,180,180,170,170,170,160,160,160,150,150,140,140,,,LDPE(HMI)
3115,WA15135E,28-Jan-23,QUALITY PAPER,,1016.53,45.76,6753AI-6762AI,STD,3,7.5,12,60/60,130,90,90,90,90,130,130,,,,,,,,LDPE(HMI)
3116,BA12556E,30-Jan-23,PACKAGE WORLD,,219.87,41.23,6800AI,STD,5,25,140,60/60,140,140,140,140,160,160,160,160,150,150,150,,,,RUBBER
3117,WA6947E,30-Jan-23,ATLANTA(corr),,201.5,58.98,7026AI-7027AI,STD,3,8.3,20,40/40,180,200,180,180,180,180,180,,,,,,,,PP
3118,WA14068E,30-Jan-23,Zeller,,284.79,55.3,6833AI-6835AI,STD,3,6.2,25,40/40,180,200,180,180,180,180,180,,,,,,,,HDPE(HMI)
3119,IA5758E,30-Jan-23,EVEREST,,200,87.89,6845AI-6848AI,STD,8,200,380,60/60,170,170,170,170,170,170,160,160,160,150,150,,,,VACUUM ON
3120,IA5758E,30-Jan-23,EVEREST,,690.2,89.44,6849AI-6862AI,STD,8,200,380,60/60,170,170,170,170,170,170,160,160,160,150,150,,,,VACUUM ON
3121,WA15151E,31-Jan-23,PACKAGEWORLD,,1236,63.93,7028AI-7032AI,STD,5,9,260,40/40,140,160,160,160,160,150,150,150,140,140,,,,,RUBBER
3122,WA15190E,31-Jan-23,NMH,,10109.79,63,6924AI-7025AI,STD,3,30,40,60/60,180,200,180,180,180,180,180,,,,,,,,(52-62 PPG) / PP
3123,IA1770E,31-Jan-23,EVERBRIGHT,,95.47,57.28,6883AI-6886AI,STD,8,110,390,60/60,170,170,170,170,160,160,160,160,150,150,150,150,,,VACUUM ON/LDPE(HMI)
3124,IA1770E,31-Jan-23,EVERBRIGHT,,900,65.85,6887AI-6922AI,STD,8,110,390,60/60,170,170,170,170,160,160,160,160,150,150,150,150,,,VACUUM ON/LDPE(HMI)
3125,GA15664E,1-Feb-23,SENTINEL,,78.85,63.08,7045AI-7046AI,STD,8,20,380,40/40,170,170,170,170,170,170,160,160,160,150,150,150,,,LDPE(HMI)
3126,GA13854E,1-Feb-23,REIMAGINE(corr),,106,60.57,6827AI-6828AI,STD,8,20,380,40/40,170,170,170,170,170,170,160,160,160,150,150,150,,,LDPE(HMI)
3127,GA14271E,1-Feb-23,PHIL-TOP(corr),,108.75,59.32,6825AI-6826AI,STD,8,10,250,40/40,180,180,170,170,170,160,160,160,150,150,140,140,,,LDPE(HMI)
3128,IA15764E,1-Feb-23,I-TUNG,,29.41,40.1,6829AI,STD,8,10,250,40/40,170,170,170,170,160,160,160,160,160,160,150,150,,,LDPE(HMI)
3129,BA12556E,1-Feb-23,PACKAGE WORLD,,3646,63.65,6801AI-6815AI,STD,5,25,140,60/60,140,160,160,160,150,150,150,150,150,150,150,,,,RUBBER
3130,GA2595E,2-Feb-23,alcos global,,219.51,30.77,7086AI-7094AI, STD ,8,10,300,40/40,230,230,230,230,230,230,230,230,230,230,250,250,,,90-100 ppg / PET
3131,OA15542E,2-Feb-23,PLEXCO,,104.02,52.01,7082AI-7083AI,STD,8,10,250,40/40,170,170,170,160,160,160,150,150,150,150,150,150,,,LDPE(HMI)
3132,VA15501E,2-Feb-23,PLEXCO,,100,75.95,7084AI-7085AI,STD,8,280,8,40/40,170,170,170,160,160,160,160,150,150,150,150,150,,,LDPE(HMI) / VACUUM ON
3133,VA4086E,2-Feb-23,EASTERN(corr),,248.83,54.29,7039AI-7044AI,STD,8,8,160,40/40,160,160,160,160,160,160,160,160,160,160,160,160,,,VACUUM ON/LDPE(HMI)
3134,CA11698E,14-Jan-23,SMYPC,,49.19,29.51,6174AI-6175AI,STD,3,10,15,40/40,160,150,150,150,150,150,150,,,,,,,,RUBBER
3135,BA3435E,3-Feb-23,ZELLER,,13.2,26.4,7095AI,STD,8,7.5,290,40/40,180,200,180,180,180,180,180,180,180,180,,,,,PP
3136,WA13183E,3-Feb-23,STAR PLASTIC,,127.65,63.83,7099AI-7101AI,STD,5,20,380,40/40,170,170,170,170,170,170,160,160,160,150,150,,,,LDPE(HMI)
3137,WA15192E,3-Feb-23,KPC,,3047.28,78.41,7047AI-7077AI,STD,5,22,140,60/60,200,200,200,180,180,180,180,180,180,180,180,180,,,PP
3138,YA5993E,4-Feb-23,EVERGOOD,,509.5,63.69,7107AI-7117AI,STD,8,12,350,40/40,170,170,170,170,160,160,160,160,160,160,150,150,,,LDPE(HMI)
3139,YA5124E,4-Feb-23,EVERGOOD,,97,70.12,7102AI-7103AI,STD,8,10,250,40/40,170,170,170,170,160,160,160,160,160,160,150,150,,,LDPE(HMI)
3140,YA5124E,4-Feb-23,EVERGOOD,,148.81,73.19,7104AI-7106AI,STD,8,10,250,40/40,170,170,170,170,160,160,160,160,160,160,150,150,,,LDPE(HMI)
3141,GA14271E,4-Feb-23,PHIL-TOP(corr),,363,58.86,7096AI; 7118AI-7124AI,STD,8,10,250,40/40,180,180,180,170,170,170,170,160,160,160,180,180,,,LDPE(HMI)
3142,TA15557E,6-Feb-23,I-TUNG,,206.86,63.65,7142AI-7146AI,STD,8,20,380,40/40,170,170,170,170,170,170,160,160,160,150,150,150,,,LDPE(HMI)
3143,WA3827E,6-Feb-23,IN-HOUSE,,685.75,68.01,7033AI-7037AI; 7138AI-7139AI,STD,8,20,280,40/40,190,190,190,180,180,180,180,180,180,180,180,,,,HDPE(HMI)
3144,WA15229E,6-Feb-23,DYNAMICCAPS,,4906.18,64.98,7125AI-7137AI,STD,5,50,200,40/40,200,200,200,180,180,180,180,180,180,200,200,,,,RUBBER
3145,KA9077E,6-Feb-23,ZELLER(corr),,57.2,49.71,6792AI-6793AI,STD,8,10,260,40/40,180,200,180,180,180,180,180,180,180,180,180,,,,PP
3146,BA13871E,7-Feb-23,PHIL-TOP,,254.45,77.11,7148AI-7153AI,STD,8,15,300,40/40,150,150,140,140,140,140,130,130,130,130,150,150,,,LDPE HMI
3147,GA13867E,7-Feb-23,PHIL-TOP,,100,70.59,7154AI-7155AI,STD,8,20,380,40/40,170,170,170,170,170,170,160,160,160,150,150,150,,,LDPE HMI
3148,GA13867E,7-Feb-23,PHIL-TOP,,153.8,73.82,7156AI-7159AI,STD,8,20,380,40/40,170,170,170,170,170,170,160,160,160,150,150,150,,,LDPE HMI
3149,IA0760E,7-Feb-23,PLACEL,,56,51.69,7140AI-7141AI,STD,8,200,380,40/40,170,170,170,170,170,170,160,160,160,150,150,150,,,LDPE HMI
3150,BA9080E,8-Feb-23,ZELLER,,50.38,54.96,7161AI,STD,8,150,300,40/40,180,200,180,180,180,180,180,180,180,180,180,,,,PP
3151,BA4521E,8-Feb-23,ZELLER,,46.72,56.06,7160AI,STD,8,15,300,40/40,180,200,180,180,180,180,180,180,180,180,180,,,,PP
3152,BA3435E,8-Feb-23,ZELLER (Corr.),,12.8,42.67,7231AI,STD,8,7.5,290,40/40,180,200,180,180,180,180,180,180,180,180,,,,,PP
3153,KA9045E,8-Feb-23,EVEREST,,200,87.59,7174AI-7177AI,STD,3,12,35,40/40,170,170,170,170,150,150,150,,,,,,,,VACUUM ON / LDPE(HMI)
3154,KA9045E,8-Feb-23,EVEREST,,1908.32,82.2,7178AI-7216AI,STD,3,9.7,20,40/40,150,130,100,100,150,150,150,,,,,,,,VACUUM ON / LDPE(HMI)
3155,KA9045E,8-Feb-23,EVEREST,,154.72,84.39,7217AI-7219AI,STD,3,12,35,40/40,170,170,170,170,150,150,150,,,,,,,,VACUUM ON / LDPE(HMI)
3156,KA13864E,8-Feb-23,PHIL-TOP,,134.2,62.42,7163AI-7165AI,STD,3,40,30,40/40,150,150,150,150,150,130,130,,,,,,,,LDPE HMI
3157,WA15813E,8-Feb-23,PACKAGEWORLD,,9.85,32.83,7292AI,STD,3,30,40,40/40,180,180,170,170,170,160,160,,,,,,,,HDPE(HMI)
3158,VA4086E,8-Feb-23,EASTERN(corr),,72.53,54.4,7166AI,STD,8,8,160,40/40,160,160,160,160,160,160,160,160,160,160,160,160,,,VACUUM ON/LDPE(HMI)
3159,VA12751E,9-Feb-23,SUMMIT,,195.6,57.25,7169AI-7172AI,STD,8,6.4,200,60/60,180,200,160,160,160,160,160,160,160,180,180,,,,75-105 PPG / PP
3160,VA12751E,9-Feb-23,SUMMIT(re-ext),,50,50,7173AI,STD,8,6.4,200,60/60,180,200,160,160,160,160,160,160,160,180,180,,,,75-105 PPG / PP
3161,BA15840E,9-Feb-23,GENSTAR,,103.14,68.73,7293AI-7294AI,STD,8,20,380,40/40,170,170,170,170,170,170,160,160,160,150,150,150,,,LDPE HMI
3162,BA13023E,9-Feb-23,GENSTAR,,100,52.17,7239AI-7240AI,STD,8,11,400,40/40,180,180,180,170,170,170,160,160,160,160,170,170,,,LDPE HMI
3163,BA13023E,9-Feb-23,GENSTAR,,404.07,53.28,7241AI-7249AI,STD,8,11,400,40/40,180,180,180,170,170,170,160,160,160,160,170,170,,,LDPE HMI
3164,RA15101E,10-Feb-23,21st Century,,2000,94.49,7250AI-7290AI,STD,8,15,330,40/40,190,190,180,180,170,170,170,160,160,150,150,150,,,LDPE(HMI)
3165,GA2595E,24-Jun-21,alcos,,43.94,13.66,4094AG; 4095AG, STD ,3,8,28,40/40,220,220,200,200,200,200,200,,,,,,,,VACUUM ON/COIL SCREW
3166,WA3827E,10-Feb-23,IN-HOUSE,,292.26,56.57,7235A-7238AI; 7296AI-7297AI,STD,3,5.2,20,40/40,180,170,160,160,160,160,160,,,,,,,,HDPE(HMI)
3167,YA5124E,10-Feb-23,EVERGOOD(corr),,159.74,66.12,7232AI-7234AI,STD,3,60,50,40/40,160,150,150,150,140,140,140,,,,,,,,LDPE(HMI)
3168,VA4086E,11-Feb-23,ALPHATECH,,242.85,38.34,7313AI-7322AI,STD,3,7,20,40/40,150,150,140,140,140,150,150,,,,,,,,VACUUM ON/LDPE(HMI)
3169,BA4520E,11-Feb-23,ZELLER(corr),,47.25,43.62,7358AI,STD,3,30,40,40/40,180,200,180,180,180,180,180,,,,,,,,PP
3170,GA4254E,11-Feb-23,INCON,,25,50,7333AI,STD,3,9,25,40/40,180,200,180,180,180,180,180,,,,,,,,VACUUM ON / PP
3171,GA4254E,11-Feb-23,INCON(corr),,23.07,55.37,7334AI,STD,3,9,25,40/40,180,200,180,180,180,180,180,,,,,,,,VACUUM ON / PP
3172,GA4178E,11-Feb-23,PSP,,100,50,7302AI-7305AI,STD,3,6,22,60/60,150,150,140,150,150,140,140,,,,,,,,LDPE(HMI) / VACUUM ON
3173,GA4178E,11-Feb-23,PSP,,152.83,55.57,7306AI-7310AI,STD,3,6,22,60/60,150,150,140,150,150,140,140,,,,,,,,LDPE(HMI) / VACUUM ON
3174,KA4595E,11-Feb-23,EVERGOOD,,157.56,72.72,7359AI-7362AI,STD,8,17,240,40/40,170,170,170,170,170,170,170,160,160,160,150,150,,,LDPE(HMI)
3175,RA12372E,10-Feb-23,SPI,,505.7,75.86,7220AI-7230AI,STD,8,12,380,60/60,180,170,170,170,170,170,160,160,160,160,180,180,,,LDPE(HMI)
3176,RA15101E,10-Feb-23,21st Century(error),,48,96,7291AI,STD,8,15,330,40/40,190,190,180,180,170,170,170,160,160,150,150,150,,,LDPE(HMI)
3177,DA7892E,11-Feb-23,Evergood,,147.15,98.1,7369AI-7371AI,STD,8,200,380,40/40,170,170,170,170,170,170,160,160,160,150,150,150,,,LDPE HMI
3178,YA5917E,11-Feb-23,EVERGOOD,,50,60,7372AI,STD,8,20,380,40/40,170,170,170,170,160,160,160,160,160,160,150,150,,,LDPE(HMI)
3179,YA5917E,11-Feb-23,EVERGOOD,,211.05,64.94,7373AI-7377AI,STD,8,20,380,40/40,170,170,170,170,160,160,160,160,160,160,150,150,,,LDPE(HMI)
3180,VA4086E,11-Feb-23,EASTERN,,1131.5,53.46,7323AI-7332AI; 7344AI-7356AI,STD,3,13,22,40/40,150,150,140,140,140,150,150,,,,,,,,VACUUM ON/LDPE(HMI)
3181,VA4086E,11-Feb-23,EASTERN(corr),,120,55.38,7335AI-7337AI,STD,3,13,22,40/40,150,150,140,140,140,150,150,,,,,,,,VACUUM ON/LDPE(HMI)
3182,OA14302E,13-Feb-23,INCON,,104.5,48.23,7378AI-7380AI,STD,8,7,300,40/40,160,160,160,160,150,150,150,150,150,150,140,140,,,LDPE(HMI)
3183,GA4921E,11-Feb-23,Everest,,197.34,69.65,7363AI-7366AI,STD,8,13,320,40/40,180,180,180,170,170,170,160,160,160,160,180,180,,,LDPE(HMI)
3184,VA12751E,13-Feb-23,SUMMIT(corr),,269.79,36.38,7338AI-7343AI,STD,8,15,300,60/60,180,180,180,180,180,180,180,180,180,180,200,,,,75-105 PPG / PP
3185,BA15002E,11-Feb-23,MCBRIDE,,53.34,25.6,7367AI-7368AI,STD,8,7,250,40/40,220,220,220,220,220,220,220,220,220,220,220,220,,,90-100 ppg (PET)
3186,IA15368E,7-Jan-23,CDC(corr),,198.13,29.28,6208AI-6211AI,STD,1,80,400,40/40,120,150,170,170,170,160,150,150,150,150,,,,,LDPE(HMI)
3187,BA13023E,14-Feb-23,GENSTAR,,100,48.38,7410AI-7411AI,STD,3,30,40,40/40,150,150,140,140,140,140,140,,,,,,,,LDPE(HMI)
3188,BA13023E,14-Feb-23,GENSTAR,,308.76,37.2,7412AI-7418AI,STD,3,30,40,40/40,150,150,140,140,140,140,140,,,,,,,,LDPE(HMI)
3189,BA4701E,14-Feb-23,INCON,,105,52.5,7381AI-7383AI,STD,3,30,40,40/40,180,200,180,180,180,180,180,,,,,,,,PP
3190,YA7418E,14-Feb-23,EVEREST,,986.37,77.36,7385AI-7404AI,STD,8,15,320,40/40,170,170,170,170,160,160,160,160,150,150,150,150,,,LDPE(HMI)
3191,MA4737E,15-Feb-23,GENSTAR,,118.72,33.92,7405AI-7409AI,STD,8,5.8,380,40/40,170,170,170,170,160,160,160,160,150,150,150,150,,,LDPE(HMI)
3192,RA7886E,15-Feb-23,EASTERN,,104.76,73.95,7425AI-7427AI,STD,3,50,40,40/40,150,150,140,130,130,130,130,,,,,,,,LDPE HMI
3193,GA4254E,17-Feb-23,INCON(corr),,25,37.5,7419AI,STD,8,12.4,300,40/40,180,180,180,180,180,180,180,180,180,180,180,180,,,VACUUM ON / PP
3194,OA7922E,17-Feb-23,GILVAN,,54.12,43.3,7423AI-7424AI,STD,8,10,250,40/40,170,170,170,170,160,160,160,160,150,150,150,150,,,HDPE(HMI)
3195,DA15568E,17-Feb-23,PHIL-TOP,,261,71.18,7433AI-7438AI,STD,8,10,280,40/40,160,160,160,150,150,150,150,150,150,150,150,150,,,LDPE(HMI)
3196,CA11698E,18-Feb-23,SMYPC,,2956.7,30.85,7439AI-7558AI,STD,8,9.4,135,40/40,180,180,180,170,170,170,170,160,160,160,180,180,,,RUBBER
3197,TA15569E,17-Feb-23,PHIL-TOP,,206.65,60.48,7428AI-7432AI,STD,3,30,40,40/40,150,150,150,130,130,140,140,,,,,,,,LDPE(HMI)
3198,BA12615E,18-Feb-23,PLEXCO,,179.8,63.46,7613AI-7616AI,STD,3,30,28,40/40,150,150,140,140,130,130,130,,,,,,,,LDPE HMI
3199,BA14304E,18-Feb-23,PHIL-TOP,,258.45,64.08,7594AI-7599AI,STD,3,30,40,40/40,150,140,140,130,130,130,130,,,,,,,,LDPE(HMI)
3200,WA15123E,18-Feb-23,GILVAN,,3015.17,98.59,7561AI-7591AI,STD,5,20,380,60/60,160,170,170,170,170,170,160,160,160,170,170,,,,LDPE(HMI)
3201,WA11838E,18-Feb-23,NPPET GLOBAL,,189.28,54.08,7559AI-7560AI, STD ,5,180,380,40/40,200,220,220,220,220,220,220,220,220,230,230,,,,90-100 ppg (PET)
3202,WA15229E,18-Feb-23,DYNAMICCAPS,,121,58.08,7420AI,STD,5,50,200,40/40,200,200,200,180,180,180,180,180,180,200,200,,,,RUBBER
3203,WA15816E,9-Feb-23,PACKAGEWORLD,,182.75,45.63,7301AI,STD,5,200,6,40/40,220,210,210,200,200,180,180,180,200,200,,,,,RUBBER
3204,YA15176E,20-Feb-23,MCBRIDE,,55.34,44.27,7592AI-7593AI,STD,3,20,380,40/40,150,150,150,150,150,130,130,,,,,,,,LDPE(HMI)
3205,MA12627E,20-Feb-23,PLEXCO,,179.1,48.85,7617AI-7623AI,STD,3,20,380,40/40,150,150,150,150,150,130,140,,,,,,,,LDPE HMI
3206,KA15092E,20-Feb-23,SENTINEL,,29.56,50.67,7626AI,STD,3,30,40,40/40,150,150,150,150,150,140,140,,,,,,,,LDPE HMI
3207,WA1400E,20-Feb-23,ALLIED,,986.07,91.59,7602AI-7611AI,STD,5,25,160,60/60,170,170,170,170,170,160,160,160,160,150,150,,,,LDPE(HMI)
3208,GA7505E,21-Feb-23,TRADESPHERE,,55.55,51.28,7706AI-7707AI,STD,3,25,26,40/40,150,150,150,150,150,130,130,,,,,,,,VACUUM ON / LDPE(HMI)
3209,WA3827E,21-Feb-23,EASTERN,,294.14,60.58,7631AI-7634AI,STD,3,5.2,20,40/40,180,180,180,170,170,180,180,,,,,,,,HDPE(HMI)
3210,WA12841E,21-Feb-23,PHIL-TOP,,241.58,65.89,7600AI-7601AI,STD,5,20,380,60/60,170,170,170,170,160,160,160,150,150,150,150,,,,LDPE(HMI)
3211,MA4088E,22-Feb-23,STARKSON,,52.83,63.4,7700AI-7701AI,STD,3,7,18,40/40,130,120,110,110,110,110,120,,,,,,,,VACUUM ON / LDPE(HMI)
3212,OA2469E,22-Feb-23,H & E,,200,80,7635AI-7638AI,STD,3,25,40,40/40,150,150,150,150,150,150,150,,,,,,,,LDPE(HMI)
3213,OA2469E,22-Feb-23,H & E,,109.98,87.98,7639AI-7641AI,STD,3,25,40,40/40,150,150,150,150,150,150,150,,,,,,,,LDPE(HMI)
3214,OA8984E,22-Feb-23,Evergood,,258.34,64.59,7709AI-7714AI,STD,3,40,11,40/40,180,180,150,150,150,140,140,,,,,,,,LDPE(HMI)
3215,OA8984E,22-Feb-23,EVERGOOD(corr),,5.1,68.69,7715AI,STD,3,40,11,40/40,180,180,150,130,130,130,140,,,,,,,,LDPE(HMI)
3216,WA8512E,22-Feb-23,EVERGOOD,,131.5,92.82,7708AI,STD,5,50,350,40,140,160,160,160,160,150,150,150,140,140,,,,,VACUUM ON / LDPE(HMI)
3217,WA8512E,22-Feb-23,EVERGOOD,,147.11,80.24,7716AI,STD,5,50,350,40,140,160,160,160,160,150,150,150,140,,,,,,VACUUM ON / LDPE(HMI)
3218,UA8910E,22-Feb-23,STARKSON,,263.85,71.96,7703AI-7705AI,STD,5,10,350,60/60,140,160,150,150,150,150,150,150,140,140,,,,,RUBBER
3219,VA4086E,23-Feb-23,EASTERN,,636.55,45.91,7643AI-7655AI,STD,8,8,180,40/40,160,160,160,160,160,160,160,160,160,160,160,160,,,VACUUM ON/LDPE(HMI)
3220,VA4086E,23-Feb-23,ALPHATECH,,1085.7,36.8,7656AI-7699AI,STD,8,8,160,40/40,160,160,160,160,160,160,160,160,160,160,160,160,,,VACUUM ON/LDPE(HMI)
3221,WA15192E,23-Feb-23,KPC,,2944.27,77.04,7717AI-7746AI,STD,5,22,140,60/60,200,200,180,180,180,180,180,180,180,180,180,,,,PP
3222,QA15688E,23-Feb-23,CDC,,201.31,63.57,7747AI-7750AI,STD,3,30,40,40/40,180,200,180,180,180,180,180,,,,,,,,PP
3223,GA6607E,23-Feb-23,Zeller,,49.28,49.28,7768AI,STD,3,15,25,40/40,180,200,180,180,180,180,180,,,,,,,,PP
3224,GA4352E,23-Feb-23,ZELLER,,150,50,7752AI-7754AI,STD,3,30,40,40/40,180,200,180,180,180,180,180,,,,,,,,PP
3225,GA4352E,23-Feb-23,ZELLER,,55.31,47.41,7755AI-7756AI,STD,3,30,40,40/40,180,200,180,180,180,180,180,,,,,,,,PP
3226,GA5520E,23-Feb-23,H & E,,101.43,46.1,7757AI-7758AI,STD,3,10,45,40/40,170,150,140,140,140,150,150,,,,,,,,VACUUM ON / LDPE(HMI)
3227,WA3827E,28-Feb-23,IN-HOUSE,,397,64.38,7759AI-7761AI; 7764AI,STD,5,18,400,40/40,180,180,150,150,180,180,180,180,180,190,,,,,VACUUM ON/HDPE(HMI)
3228,WA13183E,23-Feb-23,STAR PLASTIC,,255.94,76.78,7628AI-7630AI,STD,5,20,380,40/40,170,170,170,170,170,170,160,160,160,150,150,,,,LDPE(HMI)
3229,BA15494E,27-Feb-23,PHIL-TOP,,119.46,57.8,7797AI-7799AI,STD,3,30,40,40/40,150,150,150,140,140,140,140,,,,,,,,LDPE(HMI)
3230,CA1578E,27-Feb-23,GILVAN,,56.5,47.08,7786AI-7787AI,STD,3,30,40,40/40,150,150,150,140,140,140,140,,,,,,,,LDPE(HMI)
3231,RA15449E,27-Feb-23,GILVAN,,56,46.67,7788AI-7789AI,STD,3,30,40,40/40,150,150,140,140,140,130,130,,,,,,,,LDPE(HMI)
3232,KA2871E,27-Feb-23,EVEREST,,1237,69.76,7803AI-7827AI,STD,8,15,350,40/40,170,170,170,170,160,160,160,160,160,160,150,150,,,LDPE HMI
3233,DA15568E,27-Feb-23,PHIL-TOP,,247.61,64.59,7790AI-7794AI,STD,8,10,280,40/40,160,160,160,150,150,150,150,150,150,150,150,150,,,LDPE(HMI)
3234,YA7822E,27-Feb-23,EASTERN,,109,54.5,7780AI-7782AI,STD,8,10,350,40/40,170,170,160,160,150,150,150,150,150,150,150,150,,,LDPE(HMI)
3235,VA4086E,25-Feb-23,EASTERN,,491.65,48.52,7769AI-7778AI,STD,8,8,160,40/40,160,160,160,160,160,160,160,160,160,160,160,160,,,VACUUM ON/LDPE(HMI)
3236,WA1815E,28-Feb-23,NPPET GLOBAL,,73,56.15,7763AI,STD,5,20,380,60/60,170,170,170,170,160,160,160,160,160,160,150,,,,LDPE(HMI)
3237,BA5516E,28-Feb-23,SMYPC,,100,50,7859AI-7860AI,STD,3,5.5,15,40,150,130,100,100,100,110,110,,,,,,,,VACUUM ON/LDPE(HMI)
3238,BA5516E,28-Feb-23,SMYPC,,2340,47.67,7861AI-7908AI,STD,3,5.3,10,40,150,150,130,90,190,110,110,,,,,,,,VACUUM ON/LDPE(HMI)
3239,GA15496E,28-Feb-23,PHIL-TOP,,123.95,74.37,7800AI-7802AI,STD,8,10,300,40/40,170,170,170,170,160,160,160,160,160,160,150,150,,,LDPE(HMI)
3240,WA6195E,28-Feb-23,HERITAGE,,49.58,74.37,7779AI,STD,5,20,380,60/60,170,170,170,170,170,170,160,160,160,150,150,,,,LDPE(HMI)
3241,WA12841E,28-Feb-23,PHIL-TOP,,244.55,65.21,7795AI-7796AI,STD,5,20,380,60/60,170,170,170,170,160,160,160,150,150,150,150,,,,LDPE(HMI)
3242,GA8074E,28-Feb-23,GRNN LIRAM,,107.32,80.49,7931AI-7933AI,STD,8,300,15,40/40,170,170,170,170,170,170,160,160,160,150,150,,,,LDPE HMI
3243,KA4309E,28-Feb-23,HYATT PLASTIC,,130.02,78.01,7926AI-7928AI,STD,8,140,350,60/60,170,170,170,170,170,160,160,160,160,150,150,150,,,LDPE HMI
3244,BA5516E,1-Mar-23,SMYPC,,622.5,39.73,7909AI-7920AI,STD,3,5.5,15,40,150,130,100,100,100,110,110,,,,,,,,VACUUM ON/LDPE(HMI)
3245,QA15688E,1-Mar-23,CDC(corr),,201.97,47.52,7922AI-7925AI,STD,8,120,400,40/40,180,200,180,180,180,180,180,180,180,180,180,180,,,PP
3246,BA9159E,1-Mar-23,EVEREST,,100,85.71,7828AI-7829AI,STD,8,15,300,40/40,180,180,170,170,160,160,160,160,160,160,150,150,,,LDPE(HMI)
3247,TA14363E,1-Mar-23,TERUMO,,53.83,24.1,7784AI-7785AI,STD,1,55,250,40/40,180,200,180,180,180,180,180,180,180,180,,,,,3mmx3mm Pellet size
3248,UA8910E,1-Mar-23,STARKSON,,14.75,25.29,7921AI,STD,1,70,290,60/60,120,140,160,160,160,160,160,160,160,150,150,,,,RUBBER
3249,BA9159E,1-Mar-23,EVEREST,,1414,82.77,7830AI-7858AI,STD,8,15,300,40/40,180,180,170,170,160,160,160,160,160,160,150,150,,,LDPE(HMI)
3250,BA15494E,1-Mar-23,PHIL-TOP,,128.07,63.51,7975AI-7977AI,STD,8,8,250,40/40,170,170,160,160,150,150,150,150,150,150,150,150,,,LDPE(HMI)
3251,CA1578E,1-Mar-23,JR HOLSTER,,104.11,62.47,7929AI-7930AI,STD,8,15,300,40/40,170,170,170,170,170,170,160,160,160,160,160,160,,,LDPE(HMI)
3252,BA5516E,2-Mar-23,SMYPC(trial),,243,48.93,7970AI-7974AI,STD,3,5.5,15,40,150,120,130,100,100,110,110,,,,,,,,VACUUM ON/LDPE(HMI)
3253,MA13810E,2-Mar-23,INCON,,70.35,49.66,7989AI-7991AI,STD,8,9,180,40/40,180,200,180,180,180,180,180,180,180,180,190,190,,,PP
3254,OA8984E,2-Mar-23,Evergood,,507.64,70.02,7948AI-7958AI,STD,8,8,250,40/40,170,170,170,170,160,160,160,160,160,160,150,150,,,LDPE(HMI)
3255,BA5516E,2-Mar-23,SMYPC(trial),,50,46.15,7965AI,STD,3,5,10,40,150,120,130,100,100,110,110,,,,,,,,VACUUM ON/LDPE(HMI)
3256,YA5993E,3-Mar-23,EVERGOOD,,506.67,72.38,7978AI-7988AI,STD,8,12,350,40/40,170,170,170,170,160,160,160,160,160,160,150,150,,,LDPE(HMI)
3257,YA5124E,3-Mar-23,EVERGOOD,,490.65,71.8,7968AI-7969AI; 8001AI-8008AI,STD,8,10,250,40/40,170,170,170,170,160,160,160,160,160,160,150,150,,,LDPE(HMI)
3258,BA2091E,2-Mar-23,GREENPACK,,995,85.29,8009AI-8028AI,STD,3,20,34,60/60,160,150,140,140,140,150,150,,,,,,,,Pelletizer RPM 1400 / LDPE HMI
3259,BA2091E,3-Mar-23,GREENPACK,,252,91.64,8029AI-8033AI,STD,3,20,34,60/60,160,150,140,140,140,150,150,,,,,,,,Pelletizer RPM 1400 / LDPE HMI
3260,BA2091E,3-Mar-23,CEBU HI Q,,727.77,88.21,8034AI-8048AI,STD,3,20,34,60/60,160,150,140,140,140,150,150,,,,,,,,Pelletizer RPM 1400 / LDPE HMI
3261,WA11678E,4-Mar-23,INCON,,294.77,65.5,7992AI-7994AI,STD,5,20,380,40/40,150,150,130,120,150,150,150,150,150,150,160,160,,,LDPE(HMI)
3262,BA15494E,4-Mar-23,PHIL-TOP,,8.8,44,8082AI,STD,3,30,40,40/40,150,140,140,130,130,140,140,,,,,,,,LDPE(HMI)
3263,BA15494E,4-Mar-23,PHIL-TOP,,153.98,61.18,8078AI-8081AI,STD,3,30,40,40/40,150,140,140,130,130,140,140,,,,,,,,LDPE(HMI)
3264,BA6822E,4-Mar-23,Cebu Hi Q,,256.78,79.83,8052AI-8057AI,STD,3,8.3,28,40/40,150,150,150,150,140,150,150,,,,,,,,LDPE(HMI)
3265,BA12013E,4-Mar-23,CEBU HI Q,,129.95,70.66,8049AI-8051AI,STD,3,9.4,30,40/40,160,150,140,140,140,150,150,,,,,,,,LDPE(HMI)
3266,BA3925E,4-Mar-23,Evergood,,256.59,64.15,7995AI-8000AI,STD,3,30,40,40/40,150,140,130,130,130,140,140,,,,,,,,LDPE(HMI)
3267,GA15711E,4-Mar-23,ADVANCE MOULDINGS,,247.16,82.39,8193AI-8197AI,STD,8,20,380,40/40,170,170,170,170,170,170,170,160,160,160,150,150,,,LDPE(HMI) / 56-66 PPG
3268,GA14397E,4-Mar-23,PREMIER,,54.4,50.22,8135AI,STD,8,20,380,40/40,170,170,170,170,170,170,170,160,160,160,150,150,,,LDPE(HMI)
3269,GA15496E,4-Mar-23,PHIL-TOP(corr),,154,81.77,8198AI-8200AI,STD,8,10,300,40/40,170,170,170,170,160,160,160,160,160,160,150,150,,,LDPE(HMI)
3270,GA15496E,4-Mar-23,PHIL-TOP,,10,85.71,8201AI,STD,8,10,300,40/40,170,170,170,170,160,160,160,160,160,160,150,150,,,LDPE(HMI)
3271,KA9732E,4-Mar-23,Alphatech,,52.73,52.73,8192AI,STD,8,11,200,40/40,170,170,170,170,170,170,170,170,170,170,160,160,,,LDPE HMI
3272,KA4309E,4-Mar-23,HYATT PLASTIC,,9.86,73.95,7966AI,STD,8,140,350,60/60,170,170,170,170,170,160,160,160,160,150,150,150,,,LDPE HMI
3273,KA4309E,4-Mar-23,HYATT PLASTIC(corr),,141,82.94,8189AI-8191AI,STD,8,140,350,60/60,170,170,170,170,170,160,160,160,160,150,150,150,,,LDPE HMI
3274,QA15688E,4-Mar-23,CDC,,210.7,50.57,8152AI-8156AI,STD,8,120,400,40/40,180,200,180,180,180,180,180,180,180,180,180,180,,,PP
3275,CA1578E,4-Mar-23,JR HOLSTER(corr),,126.32,63.16,8149AI-8151AI,STD,8,15,300,40/40,170,170,170,170,170,170,170,160,160,160,160,160,,,LDPE(HMI)
3276,UA8910E,4-Mar-23,STARKSON,,1000,70.59,8058AI-8067AI,STD,5,10,350,60/60,170,170,170,170,160,160,160,160,160,150,150,,,,RUBBER
3277,BA5516E,4-Mar-23,SMYPC,,2569.7,85.66,8083AI-8134AI,STD,3,5.5,15,40,150,150,140,100,100,110,110,,,,,,,,VACUUM ON/LDPE(HMI)
3278,MA4088E,7-Mar-23,STARKSON,,246.6,71.13,8068AI-8077AI,STD,8,9,280,40/40,170,170,170,170,160,160,160,150,150,150,150,150,,,LDPE HMI
3279,GA12411E,5-Mar-23,GENSTAR,,243.26,64.87,7959AI-7963AI,STD,8,15,380,40/40,200,200,180,180,180,180,180,180,180,180,180,180,,,PP
3280,WA15192E,6-Mar-23,KPC,,200,78.95,8157AI-8158AI,STD,5,22,140,60/60,200,200,180,180,180,180,180,180,180,180,180,,,,PP
3281,WA15192E,6-Mar-23,KPC,,3921.69,75.81,8159AI-8188AI; 8202AI-8211AI,STD,5,22,140,60/60,200,200,200,190,190,180,180,180,180,190,190,,,,PP
3282,YA5124E,7-Mar-23,EVERGOOD,,99.5,85.29,8144AI-8145AI,STD,8,10,250,40/40,170,170,170,170,160,160,160,160,160,160,150,150,,,LDPE(HMI)
3283,MA13810E,7-Mar-23,INCON(corr),,69.63,55.7,8219AI-8220AI,STD,8,9,180,40/40,180,200,180,180,180,180,180,180,180,180,180,190,,,PP
3284,BA2091E,8-Mar-23,CEBU HI Q,,14.5,19.33,8236AI,STD,1,80,400,60/60,120,140,150,150,150,150,150,150,140,140,,,,,LDPE(HMI)
3285,OA8984E,8-Mar-23,Evergood,,25.65,25.65,8146AI,STD,1,80,40,40/40,120,140,150,150,150,150,150,150,150,140,140,,,,LDPE(HMI)
3286,SA11780E,8-Mar-23,SMYPC,,307.41,83.84,8229AI-8235AI,STD,8,13,290,40/40,170,170,170,170,170,170,160,160,160,150,150,150,,,LDPE(HMI)
3287,YA5993E,8-Mar-23,EVERGOOD(corr),,509.62,75.5,8277AI-8286AI,STD,8,12,350,40/40,170,170,170,170,160,160,160,160,160,160,150,150,,,LDPE(HMI)
3288,GA8074E,8-Mar-23,GRNN LIRAM,,199,59.4,8224AI-8227AI,STD,3,6,42,40/40,150,150,150,130,130,140,140,,,,,,,,LDPE HMI
3289,GA2595E,6-Dec-21,UCC,,0.99,0.66,0201AH, STD ,3,8,28,40/40,220,220,200,200,200,200,,,,,,,,,VACUUM ON/COIL SCREW
3290,GA5520E,8-Mar-23,H & E,,54.57,54.57,8287AI-8288AI,STD,3,10,45,40/40,150,150,140,140,140,150,150,,,,,,,,VACUUM ON / LDPE(HMI)
3291,GA3383E,8-Mar-23,EVEREST,,374.7,59.95,8136AI-8143AI,STD,3,15,15,40/40,150,140,130,120,120,130,130,,,,,,,,VACUUM ON / LDPE(HMI)
3292,WA3827E,4-Mar-23,IN-HOUSE(corr),,61,61,7767AI,STD,5,18,400,40/40,180,180,180,180,180,180,180,200,200,200,,,,,VACUUM ON/HDPE(HMI)
3293,WA3827E,4-Mar-23,IN-HOUSE,,384.86,69.97,7765AI-7766AI; 7934AI-7935AI,STD,5,18,400,40/40,180,180,180,180,180,180,180,180,180,180,,,,,VACUUM ON/HDPE(HMI)
3294,WA14068E,9-Mar-23,Zeller,,320.71,68.24,8291AI-8293AI,STD,8,7,300,40/40,200,200,180,180,180,180,180,180,180,180,190,190,,,HDPE(HMI)
3295,WA3827E,9-Mar-23,ALPHATECH,,314.25,68.81,8216AI-8218AI,STD,8,9,350,40/40,190,190,190,190,180,180,180,180,180,180,180,,,,HDPE(HMI)
3296,BA3925E,9-Mar-23,Evergood(corr),,248.75,72.8,8315AI-8319AI,STD,8,9,280,40/40,170,170,170,160,160,160,160,160,160,160,150,150,,,LDPE(HMI)
3297,BA3925E,9-Mar-23,Evergood,,23.38,66.8,8320AI,STD,8,7,250,40/40,170,170,170,160,160,160,160,160,160,160,150,150,,,LDPE(HMI)
3298,KA4309E,9-Mar-23,HYATT PLASTIC(corr),,100,76.92,8312AI-8313AI,STD,8,8,350,60/60,170,170,170,170,170,160,160,160,160,150,150,150,,,LDPE HMI
3299,KA4309E,9-Mar-23,HYATT PLASTIC,,24.77,74.31,8314AI,STD,8,8,350,60/60,170,170,170,170,170,160,160,160,160,150,150,150,,,LDPE HMI
3300,GA15711E,9-Mar-23,ADVANCE MOULDINGS,,762.78,63.57,8294AI-8309AI,STD,3,6,22,40/40,150,150,150,150,150,140,140,,,,,,,,LDPE(HMI) / 56-66 PPG
3301,GA12411E,9-Mar-23,GENSTAR,,243.37,64.04,8321AI-8325AI,STD,3,7.5,38,40/40,180,200,180,180,180,180,180,,,,,,,,PP
3302,GA12411E,9-Mar-23,GENSTAR,,25,45.45,8326AI,STD,3,7.5,35,40/40,180,200,180,180,180,180,180,,,,,,,,PP
3303,RA15775E,8-Mar-23,SANICON,,54.54,54.54,8228AI,STD,8,7,300,40/40,170,170,170,170,170,170,160,160,160,160,150,150,,,LDPE HMI / VACUUM ON
3304,YA5124E,9-Mar-23,EVERGOOD(corr),,25,75,8362AI,STD,8,9,280,40/40,170,170,170,170,160,160,160,160,160,160,150,150,,,LDPE(HMI)
3305,YA5124E,9-Mar-23,EVERGOOD,,24.82,62.05,8363AI,STD,8,11,300,40/40,170,170,170,170,160,160,160,160,160,160,150,150,,,LDPE(HMI)
3306,YA12705E,10-Mar-23,PLEXCO,,175.7,67.15,8331AI-8334AI,STD,8,10,300,40/40,170,170,170,160,160,160,150,150,150,150,150,,,,LDPE(HMI)
3307,MA4088E,10-Mar-23,STARKSON,,1763.37,66.33,8466AI-8536AI,STD,8,10,350,40/40,170,170,170,170,160,160,160,160,160,160,150,150,,,LDPE HMI
3308,BA4701E,11-Mar-23,INCON,,104.18,53.43,8359AI-8360AI,STD,3,30,40,40/40,180,200,180,180,180,180,180,,,,,,,,PP
3309,BA12615E,11-Mar-23,PLEXCO,,180.2,72.08,8327AI-8330AI,STD,3,9,36,40/40,150,140,140,130,130,150,150,,,,,,,,LDPE HMI
3310,IA1770E,9-Mar-23,EVERBRIGHT,,978.33,52.79,8237AI-8276AI,STD,3,18,38,60/60,150,150,140,140,140,150,150,,,,,,,,VACUUM ON/LDPE(HMI)
3311,WA15151E,9-Mar-23,PACKAGEWORLD,,5000,63.09,8339A-8358AI,STD,5,9,260,40/40,140,160,160,160,160,150,150,150,140,140,,,,,RUBBER
3312,WA15771E,10-Mar-23,SANICON,,59.4,50,8148AI,STD,5,20,380,40/40,170,170,170,170,170,170,170,160,160,150,150,,,,LDPE HMI
3313,RA13616E,11-Mar-23,STAR PLASTIC,,137.5,75,8621AI-8623AI,STD,8,12,320,40/40,170,170,170,170,160,160,160,160,160,160,150,150,,,LDPE(HMI)
3314,IA9912E,11-Mar-23,Evergood,,259.69,97.38,8573AI-8578AI,STD,8,13.5,400,40/40,170,170,170,160,160,160,160,160,160,160,150,150,,,LDPE(HMI)
3315,BA5516E,11-Mar-23,SMYPC,,1000,48.78,8581AI-8600AI,STD,3,4,12,40,150,150,140,100,100,110,110,,,,,,,,VACUUM ON/LDPE(HMI)
3316,BA15494E,10-Mar-23,PHIL-TOP,,170.8,66.12,8541AI-8544AI,STD,3,7.5,32,40/40,150,140,140,130,130,150,150,,,,,,,,LDPE(HMI)
3317,GA15496E,10-Mar-23,PHIL-TOP(corr),,171.32,63.06,8537AI-8540AI,STD,3,9.5,32,40/40,150,150,140,140,140,130,130,,,,,,,,LDPE(HMI)
3318,CA1578E,13-Mar-23,JR HOLSTER,,158.77,71.08,8776AI-8779AI,STD,8,10,300,40/40,170,170,170,170,170,170,160,160,160,160,160,160,,,LDPE(HMI)
3319,RA5277E,13-Mar-23,EVERGOOD,,507.83,64.15,8562AI-8572AI,STD,8,13,350,40/40,170,170,170,170,170,160,160,160,160,180,180,180,,,LDPE(HMI)
3320,RA2508E,11-Mar-23,Evergood,,239.1,73.57,8545AI-8549AI,STD,8,9,350,60/60,190,190,180,180,170,170,160,160,160,150,150,150,,,LDPE(HMI)
3321,CA7876E,13-Mar-23,EASTERN,,57.31,45.85,8783AI-8784AI,STD,8,6,300,40/40,180,180,170,170,170,170,170,170,160,160,160,160,,,LDPE(HMI)
3322,BA5516E,13-Mar-23,SMYPC,,600,50,8601AI-8612AI,STD,8,5,160,40,130,130,130,120,120,120,115,115,115,115,130,130,,,LDPE(HMI)
3323,WA11809E,14-Mar-23,KPACK,,991.4,65,8552AI-8561AI,STD,3,7.5,40,60/60,180,200,180,180,180,180,180,,,,,,,,PP
3324,WA15151E,15-Mar-23,PACKAGEWORLD,,10165.94,64.17,8735AI-8775AI,STD,5,9,260,40/40,140,160,160,160,160,150,150,150,140,140,,,,,RUBBER
3325,WA15190E,15-Mar-23,NMH,,3300,60.55,8364AI-8396AI,STD,3,8.3,40,60/60,180,200,180,180,180,180,180,,,,,,,,(52-62 PPG) / PP
3326,BA6822E,15-Mar-23,GREENPACK,,504.86,68.07,8798AI-8808AI,STD,8,16,380,40/40,180,180,180,170,170,170,160,160,160,160,180,180,,,LDPE(HMI)
3327,BA7924E,15-Mar-23,AMAZON,,300,65.45,8785AI-8790AI,STD,8,7,200,40/40,200,200,180,180,170,170,170,170,170,170,190,190,,,HDPE(HMI)
3328,BA7924E,15-Mar-23,AMAZON,,298.3,63.92,8791AI-8797AI,STD,8,7,200,40/40,200,200,180,180,170,170,170,170,170,170,190,190,,,HDPE(HMI)
3329,BA2091E,16-Mar-23,GREENPACK,,1261.7,76.24,8809AI-8834AI,STD,8,8,280,60/60,200,200,200,200,170,170,170,160,160,160,170,170,,,LDPE(HMI)
3330,BA12068E,15-Mar-23,EVEREST,,123.9,65.79,8836AI-8838AI,STD,8,8,380,40/40,170,170,170,170,160,160,160,160,160,160,150,150,,,LDPE(HMI)
3331,BA5516E,14-Mar-23,SMYPC,,1168.86,60.72,8624AI-8646AI,STD,8,6.5,125,40,130,130,120,120,120,120,120,120,120,120,130,130,,,LDPE(HMI)
3332,BA5516E,14-Mar-23,SMYPC,,2000,57.78,8647AI-8686AI,STD,8,6.5,130,40,130,130,130,120,120,120,120,120,120,120,130,130,,,LDPE(HMI)
3333,GA2595E,17-Mar-23,UCC,,73.67,20.56,8841AI-8843AI,STD,1,85,400,40/40,220,220,220,220,220,220,220,220,220,220,,,,,VACUUM ON/COIL SCREW/NO AGITATOR/ 90-100 PPG
3334,IA1770E,17-Mar-23,EVERBRIGHT,,9.83,26.81,8847AI,STD,1,80,400,60/60,120,140,150,150,150,150,150,150,150,150,,,,,VACUUM ON/LDPE(HMI)
3335,WA3827E,17-Mar-23,IN-HOUSE,,614.64,58.54,8615AI-8619AI; 8780AI-8781AI,STD,3,6,20,40/40,170,170,170,160,160,150,150,,,,,,,,HDPE(HMI)
3336,WA15190E,18-Mar-23,NMH,,1700,60.36,8397AI-8413AI,STD,3,8.3,40,60/60,180,200,180,180,180,180,180,,,,,,,,(52-62 PPG) / PP
3337,WA14068E,17-Mar-23,Zeller,,290.39,60.08,8844AI-8846AI,STD,3,6,28,40/40,150,150,150,140,140,150,150,,,,,,,,HDPE(HMI)
3338,BA15831E,18-Mar-23,AWIN,,54.84,21.94,8891AI,STD,1,70,400,60/60,120,140,150,150,150,150,150,150,150,150,140,140,,,LDPE HMI
3339,BA7924E,18-Mar-23,AMAZON(corr),,655,71.85,8912AI-8924AI,STD,8,8.3,230,40/40,200,200,180,180,180,180,170,170,170,170,180,180,,,HDPE(HMI)
3340,VA4086E,17-Mar-23,ALPHATECH,,246.92,17.85,8948AI-8957AI,STD,1,90,400,40/40,120,140,150,150,150,150,150,150,140,140,,,,,LDPE HMI
3341,GA6050E,18-Mar-23,GLOBAL KONTEINER,,55.62,25.67,8946AI-8947AI,STD,1,80,400,40/40,180,200,180,180,180,180,180,180,180,180,,,,,PP
3342,GA4921E,20-Mar-23,Everest,,250,76.92,8892AI-8896AI,STD,3,35,8.3,40/40,150,150,140,140,140,150,150,,,,,,,,LDPE(HMI)
3343,GA4921E,20-Mar-23,Everest,,243.26,71.2,8897AI-8901AI,STD,3,35,8.3,40/40,150,150,140,140,140,150,150,,,,,,,,LDPE(HMI)
3344,GA4352E,20-Mar-23,ZELLER,,100.49,48.24,8925AI-8926AI,STD,3,30,40,40/40,180,200,180,180,180,180,180,,,,,,,,PP
3345,CA1578E,20-Mar-23,JR HOLSTER,,507.1,63.65,8880AI-8890AI,STD,8,10,300,40/40,170,170,170,170,170,170,160,160,160,160,160,160,,,LDPE(HMI)
3346,BA14304E,20-Mar-23,PHIL-TOP,,297.02,68.54,8902AI-8907AI,STD,8,13,280,40/40,170,170,170,170,160,160,160,160,160,160,150,150,,,LDPE(HMI)
3347,BA9159E,20-Mar-23,EVEREST,,1505.22,83.01,8849AI-8879AI,STD,8,8.5,350,40/40,180,180,170,170,160,160,160,160,160,160,150,150,,,LDPE(HMI)
3348,GA14271E,20-Mar-23,PHIL-TOP,,165.28,69.84,8908AI-8911AI,STD,3,8.3,38,40/40,150,150,140,140,140,150,150,,,,,,,,LDPE(HMI)
3349,DA15568E,21-Mar-23,PHIL-TOP,,246.43,50.64,8935AI-8939AI,STD,3,8.5,26,40/40,150,140,120,130,130,140,140,,,,,,,,LDPE(HMI)
3350,KA7129E,21-Mar-23,H&E,,54.78,50.57,8927AI-8928AI,STD ,3,8,22,40/40,180,200,180,180,180,180,180,,,,,,,,PP
3351,KA14303E,21-Mar-23,PHIL-TOP,,250,66.67,8940AI-8944AI,STD,3,8.3,35,40/40,150,130,130,110,110,130,130,,,,,,,,LDPE(HMI)
3352,KA14303E,21-Mar-23,PHIL-TOP,,48.21,52.59,8945AI,STD,3,8.3,35,40/40,150,130,130,110,110,130,130,,,,,,,,LDPE(HMI)
3353,WA3827E,21-Mar-23,EASTERN,,290.23,50.04,8958AI-8963AI,STD,3,6.6,20,40/40,170,170,170,160,160,150,150,,,,,,,,HDPE(HMI)
3354,TA15569E,21-Mar-23,PHIL-TOP,,252.12,59.32,8930AI-8934AI,STD,8,9,210,40/40,170,170,170,160,160,160,150,150,150,150,160,160,,,LDPE(HMI)
3355,VA4086E,21-Mar-23,EASTERN,,341.42,85.36,8965AI-8978AI,STD,8,18,300,40/40,120,140,150,150,150,150,150,150,140,140,140,140,,,VACUUM ON/LDPE(HMI)
3356,VA4086E,21-Mar-23,IN-HOUSE(trial),,100,75,8979AI-8982AI,STD,8,18,300,40/40,120,140,150,150,150,150,150,150,140,140,140,140,,,VACUUM ON/LDPE(HMI)
3357,MA4088E,17-Mar-23,STARKSON(corr),,49.81,24.91,8835AI,STD,1,90,400,40/40,120,140,150,150,150,150,150,150,150,150,,,,,LDPE HMI
3358,BA5516E,22-Mar-23,SMYPC,,2441,60.27,8687AI-8734AI,STD,8,6.5,130,40,130,130,130,120,120,120,120,120,120,120,130,130,,,LDPE(HMI)
3359,CA13043E,21-Mar-23,FORTUNE,,248.75,27.14,8988AI-8992AI,STD,8,5.1,130,40/40,170,170,160,160,160,160,160,160,160,160,160,160,,,RUBBER
3360,BA7924E,22-Mar-23,AMAZON(corr),,692.32,72.88,9076AI-9089AI,STD,3,8.5,32,40/40,150,140,140,130,130,140,140,,,,,,,,HDPE(HMI)
3361,BA9550E,22-Mar-23,PLASTIMER,,56.03,51.72,9030AI-9031AI,STD,3,8,22,40/40,180,200,180,180,180,180,180,,,,,,,,PP
3362,GA13854E,22-Mar-23,REIMAGINE,,49.14,53.61,9023AI,STD,3,10,35,40/40,150,150,140,140,140,130,130,,,,,,,,LDPE(HMI)
3363,TA15557E,22-Mar-23,I-TUNG,,207.05,42.11,8983AI-8987AI,STD,3,8,28,40/40,150,130,130,130,140,140,140,,,,,,,,LDPE(HMI)
3364,GA4921E,22-Mar-23,Everest,,392.52,63.31,9096AI-9103AI,STD,3,9,36,40/40,150,150,130,140,140,150,150,,,,,,,,LDPE(HMI)
3365,WA13000E,23-Mar-23,PREMIER,,1463,51.79,9112AI-9126AI,STD,3,8.3,25,40/40,150,150,150,140,140,150,150,,,,,,,,LDPE(HMI)
3366,BA12556E,23-Mar-23,PACKAGE WORLD,,689.45,65.66,9073AI-9075AI,STD,5,25,140,60/60,140,160,160,160,150,150,150,150,150,150,150,,,,RUBBER
3367,WA15123E,24-Mar-23,GILVAN,,1966.42,65.37,9128AI-9147AI,STD,3,30,40,60/60,150,150,150,150,140,140,140,,,,,,,,LDPE(HMI)
3368,KA14303E,24-Mar-23,PHIL-TOP(corr),,308.07,77.02,9104AI-9109AI,STD,8,10,280,40/40,170,170,170,160,160,160,150,150,150,150,150,150,,,LDPE(HMI)
3369,YA7822E,24-Mar-23,EASTERN,,197.84,62.48,9090AI-9093AI,STD,8,10,350,40/40,170,170,160,160,150,150,150,150,150,150,150,150,,,LDPE(HMI)
3370,BA4140E,24-Mar-23,EVERBRIGHT,,1013.66,65.35,9032AI-9072AI,STD,8,14,400,60/60,180,180,180,170,170,160,160,160,160,160,180,180,,,VACUUM ON/LDPE(HMI)
3371,WA15190E,24-Mar-23,NMH,,1000,74.07,8414AI-8423AI,STD,5,15,300,60/60,200,200,180,180,180,180,180,180,180,200,200,,,,(52-62 PPG) / PP
3372,WA15190E,25-Mar-23,NMH,,4056.57,70.55,8424AI-8465AI,STD,5,15,300,60/60,200,200,180,180,180,180,180,180,180,200,200,,,,(52-62 PPG) / PP
3373,WA6365E,25-Mar-23,PHILPLAST,,379.68,76.7,9267AI-9270AI,STD,3,9,24,60/60,150,150,150,140,140,150,150,,,,,,,,VACUUM ON / LDPE(HMI)
3374,GA13854E,25-Mar-23,REIMAGINE(corr),,49.31,59.17,9311AI,STD,8,8,280,40/40,170,170,170,160,160,160,160,160,160,150,150,150,,,LDPE(HMI)
3375,TA15557E,25-Mar-23,I-TUNG,,25,57.69,9308AI,STD,8,10,280,40/40,170,170,170,170,170,170,160,160,160,150,150,150,,,LDPE(HMI)
3376,TA15557E,25-Mar-23,I-TUNG,,223.3,71.65,9262AI-9266AI,STD,8,10,280,40/40,170,170,170,170,170,170,160,160,160,150,150,150,,,LDPE(HMI)
3377,BA9159E,25-Mar-23,EVEREST(corr),,102.34,87.72,9260AI-9261AI,STD,8,8,300,40/40,170,170,170,170,160,160,160,160,160,150,150,150,,,LDPE(HMI)
3378,OA7922E,27-Mar-23,GILVAN,,101,57.71,9309AI-9310AI,STD,8,10,250,40/40,170,170,170,170,160,160,160,160,150,150,150,150,,,HDPE(HMI)
3379,DA5176E,27-Mar-23,EVEREST,,768.26,85.2,9196AI-9211AI,STD,8,13,300,40/40,180,180,170,170,170,160,160,160,160,160,180,180,,,LDPE(HMI)
3380,DA5176E,27-Mar-23,EVEREST(corr),,107,98.77,9212AI-9213AI,STD,8,13,300,40/40,180,180,170,170,170,160,160,160,160,160,180,180,,,LDPE(HMI)
3381,TA15569E,25-Mar-23,PHIL-TOP,,273.31,62.83,9317AI-9322AI,STD,8,9,300,40/40,170,170,170,160,160,160,150,150,150,150,160,160,,,LDPE(HMI)
3382,WA3827E,27-Mar-23,EASTERN,,190.93,62.96,9148AI-9149AI,STD,3,7,22,40/40,180,180,180,180,170,160,160,,,,,,,,HDPE(HMI)
3383,WA11278E,27-Mar-23,FORTUNE-DARUMA,,499.28,26.46,9025AI-9029AI,STD,3,4,10,40/40,180,170,160,150,150,160,160,,,,,,,,RUBBER
3384,KA2871E,28-Mar-23,EVEREST,,1244,70.82,9276AI-9300AI,STD,8,13,350,40/40,170,170,170,170,160,160,160,160,160,160,150,150,,,LDPE HMI
3385,WA15192E,27-Mar-23,KPC,,458.5,53.73,8993AI-8997AI,STD,3,30,40,60/60,200,200,200,180,180,180,180,,,,,,,,PP
3386,RA5277E,29-Mar-23,EVERGOOD,,502.14,68.47,9214AI-9224AI,STD,3,30,38,40/40,120,120,110,110,110,150,150,,,,,,,,VACUUM ON / LDPE(HMI)
3387,RA15449E,29-Mar-23,GILVAN,,79.18,34.18,9313AI-9314AI,STD,3,7.5,18,40/40,150,150,140,140,140,130,130,,,,,,,,LDPE(HMI)
3388,KA9045E,29-Mar-23,EVEREST,,1650,81.15,9150AI-9182AI,STD,8,13,300,40/40,170,170,170,170,160,160,160,160,160,160,150,150,,,LDPE HMI
3389,WA15192E,29-Mar-23,KPC,,2444.22,67.27,8997AI-9022AI,STD,5,22,140,60/60,200,200,200,190,190,180,180,180,180,180,180,,,,PP
3390,GA0495E,30-Mar-23,UNA,,73.54,58.83,9390AI-9391AI,STD,8,20,380,60/60,170,170,170,170,170,170,160,160,160,150,150,150,,,LDPE HMI / VACUUM ON
3391,GA8074E,30-Mar-23,GRNN LIRAM,,407.4,82.3,9333AI-9341AI,STD,8,15,300,40/40,170,170,170,170,160,160,160,160,160,160,150,150,,,LDPE HMI
3392,GA4254E,30-Mar-23,INCON,,93.71,52.06,9315AI-9316AI,STD,8,12.6,300,40/40,180,180,180,180,180,180,180,180,180,180,180,180,,,VACUUM ON / PP
3393,TA15557E,30-Mar-23,I-TUNG,,289.55,57.91,9407AI-9412AI,STD,8,10,300,40/40,170,170,170,170,170,160,160,160,160,150,150,150,,,LDPE(HMI)
3394,DA15568E,30-Mar-23,PHIL-TOP(corr),,306.5,72.12,9418AI-9424AI,STD,8,11,280,40/40,160,160,160,150,150,150,150,150,150,150,150,150,,,LDPE(HMI)
3395,RA15101E,31-Mar-23,21st Century,,1690,92.18,9225AI-9258AI,STD,3,11,30,40/40,150,150,150,150,150,150,150,,,,,,,,LDPE(HMI)
3396,RA15101E,31-Mar-23,21st Century(corr),,50,75,9259AI,STD,3,11,30,40/40,180,85,85,110,140,150,150,,,,,,,,LDPE(HMI)
3397,RA15101E,31-Mar-23,21st Century,,246.12,95.27,9271AI-9275AI,STD,3,11,30,40/40,180,85,85,110,140,150,150,,,,,,,,LDPE(HMI)
3398,RA7886E,30-Mar-23,EASTERN,,206.31,58.39,9301AI-9305AI,STD,3,6.5,36,40/40,150,150,150,140,140,150,150,,,,,,,,LDPE HMI
3399,TA15569E,30-Mar-23,PHIL-TOP(corr),,272.59,65.42,9432AI-9437AI,STD,8,9,300,40/40,170,170,170,160,160,160,150,150,150,150,160,160,,,LDPE(HMI)
3400,TA15557E,31-Mar-23,I-TUNG,,200,72.73,9529AI-9532AI,STD,3,7.5,20,40/40,150,130,130,130,140,140,140,,,,,,,,LDPE(HMI)
3401,WA15135E,31-Mar-23,HERITAGE,,94.22,53.84,9438AI-9439AI,STD,5,20,380,60/60,170,170,170,170,160,160,160,160,160,150,150,,,,LDPE(HMI)
3402,BA7883E,1-Apr-23,EASTERN,,50,54.55,9355AI,STD,3,7.5,28,60/60,180,180,180,180,180,170,170,,,,,,,,VACUUM ON / HDPE HMI
3403,BA7883E,1-Apr-23,EASTERN,,204,66.89,9356AI-9360AI,STD,3,7.5,28,60/60,180,180,180,180,180,170,170,,,,,,,,VACUUM ON / HDPE HMI
3404,YA13837E,31-Mar-23,GENSTAR,,198,55.26,9399AI-9402AI,STD,3,25,45,40/40,170,150,150,150,140,140,140,,,,,,,,LDPE HMI
3405,YA13837E,31-Mar-23,GENSTAR,,82.6,61.95,9403AI-9406AI,STD,3,9.3,40,40/40,150,150,150,140,140,140,140,,,,,,,,LDPE HMI
3406,KA5796E,31-Mar-23,INCON,,48.15,52.53,9413AI,STD,3,8.3,28,40/40,180,200,180,180,180,180,180,,,,,,,,PP
3407,QA15688E,1-Apr-23,CDC,,200.2,48.05,9414AI-9417AI,STD,8,12,400,40/40,180,200,180,180,180,180,180,180,180,180,180,180,,,PP
3408,IA9154E,31-Mar-23,UNA,,710,61.29,9361AI-9389AI,STD,8,20,300,60/60,170,170,170,170,170,170,160,160,160,160,150,150,,,LDPE(HMI) /VACUUM ON
3409,IA9790E,31-Mar-23,UNA,,101.79,49.25, 9392AI-9395AI ,STD,8,20,350,60/60,170,170,170,170,170,160,160,160,160,150,150,150,,,LDPE(HMI) /VACUUM ON
3410,OA2860E,31-Mar-23,UNA,,152.65,39.82,9396AI-9398AI,STD,8,20,380,60/60,170,170,170,170,170,160,160,160,150,150,160,160,,,LDPE(HMI) /VACUUM ON
3411,WA14068E,1-Apr-23,Zeller,,483.93,54.99,9346AI-9350AI,STD,3,6,20,40/40,180,180,170,170,160,160,160,,,,,,,,HDPE(HMI)
3412,BA7883E,1-Apr-23,EASTERN,,144.15,64.07,9542AI-9544AI,STD,3,8.3,28,60/60,180,110,130,180,170,170,170,,,,,,,,VACUUM ON / HDPE HMI
3413,KA11750E,1-Apr-23,Alphatech,,54.72,50.51,9326AI-9327AI,STD,3,30,40,40/40,180,200,180,180,180,180,180,,,,,,,,PP
3414,KA9045E,1-Apr-23,EVEREST,,98.38,82.82,9328AI-9329AI,STD,3,12,35,40/40,170,170,170,170,150,150,150,,,,,,,,VACUUM ON / LDPE(HMI)
3415,KA9045E,31-Mar-23,EVEREST(corr),,198.31,88.14,9538AI-9541AI,STD,3,9.3,35,40/40,150,150,150,140,140,150,150,,,,,,,,VACUUM ON / LDPE(HMI)
3416,TA15557E,31-Mar-23,I-TUNG,,99,51.65,9527AI-9528AI,STD,3,8,28,40/40,150,130,130,130,140,140,140,,,,,,,,LDPE(HMI)
3417,GA4921E,1-Apr-23,Everest,,884.7,71.73,9441AI-7458AI,STD,8,13,320,40/40,180,180,180,170,170,170,160,160,160,160,180,180,,,LDPE(HMI)
3418,BA15002E,1-Apr-23,MCBRIDE,,51.02,24.49,9459AI-9460AI,STD,8,7,160,40/40,220,220,220,220,220,220,220,220,220,220,220,220,,,90-100 ppg (PET)
3419,BA12068E,1-Apr-23,EVEREST,,127.78,99.25,9426AI-9428AI,STD,8,7,380,40/40,170,170,170,170,160,160,160,160,160,160,150,150,,,LDPE(HMI)
3420,BA5516E,1-Apr-23,SMYPC(error),,57.46,60.48,9344AI-9345AI,STD,8,6,110,40,130,130,130,120,120,120,120,120,120,120,130,130,,,LDPE(HMI)
3421,BA5516E,1-Apr-23,SMYPC(corr),,99,63.89,9342AI-9343AI,STD,8,6,110,40,130,130,130,120,120,120,120,120,120,120,130,130,,,LDPE(HMI)
3422,BA12556E,1-Apr-23,PACKAGE WORLD,,3950,64.58,9511AI-9526AI,STD,5,80,280,60/60,140,160,160,160,150,150,150,150,150,150,150,,,,RUBBER
3423,RA15449E,3-Apr-23,GILVAN(corr),,48.92,73.38,9606AI,STD,3,7.5,18,40/40,150,150,140,140,140,130,130,,,,,,,,LDPE(HMI)
3424,YA5124E,3-Apr-23,EVERGOOD,,18.75,75,9510AI,STD,3,8.3,40,40/40,160,150,150,150,140,140,140,,,,,,,,LDPE(HMI)
3425,YA5124E,3-Apr-23,EVERGOOD,,247.7,66.05,9505AI-9509AI,STD,3,8.3,40,40/40,160,150,150,150,140,140,140,,,,,,,,LDPE(HMI)
3426,DA5176E,3-Apr-23,IN-HOUSE(corr),,209.2,83.68,9502AI-9503AI; 9533AI-9534AI,STD,3,9.3,35,40/40,130,120,120,120,120,130,130,,,,,,,,LDPE(HMI)
3427,DA5176E,3-Apr-23,IN-HOUSE,,150,85.71,9535AI-9537AI,STD,3,9.3,35,40/40,130,120,120,120,120,130,130,,,,,,,,LDPE(HMI)
3428,MA4737E,3-Apr-23,EVEREST,,1015.67,38.09,9461AI-9501AI,STD,8,5.8,380,40/40,170,170,160,160,150,150,150,140,140,140,150,150,,,LDPE(HMI)
3429,GA7505E,1-Apr-23,TRADESPHERE,,55.43,44.34,9324AI-9325AI,STD,8,7,300,40/40,170,170,170,170,160,160,160,160,160,160,150,150,,,LDPE HMI
3430,OA14430E,1-Mar-23,TERUMO,,310.4,11.5,7936AI-7947AI,STD,1,80,250,40/40,180,200,180,180,180,180,180,180,180,180,180,,,,3mmx3mm Pellet size
3431,TA14363E,4-Apr-23,TERUMO,,155.58,25.23,9546AI-9551AI,STD,1,80,250,40/40,180,200,180,180,180,180,180,180,180,180,,,,,3mmx3mm Pellet size
3432,GA14433E,4-Apr-23,TERUMO,,350.78,23.92,9552AI-9565AI,STD,1,80,250,40/40,180,200,180,180,180,180,180,180,180,180,,,,,3mmx3mm Pellet size
3433,KA9045E,4-Apr-23,EVEREST(corr),,2276.3,84.73,9607AI-9652AI,STD,3,9.5,36,40/40,150,150,150,150,140,140,140,,,,,,,,VACUUM ON / LDPE(HMI)
3434,QA15688E,3-Apr-23,CDC(corr),,230.92,63.56,9664AI-9668AI,STD,3,8.3,30,40/40,180,200,180,180,180,180,180,,,,,,,,PP
3435,GA8074E,5-Apr-23,GRNN LIRAM,,425,84.44,9653AI-9661AI,STD,8,10,280,40/40,170,170,170,160,160,160,160,160,160,150,150,150,,,LDPE HMI
3436,GA8074E,5-Apr-23,ALPHATECH,,47.88,75.6,9734AI,STD,8,10,280,40/40,170,170,170,160,160,160,160,160,160,150,150,150,,,LDPE HMI
3437,BA14432E,5-Apr-23,TERUMO,,982,25.13,9566AI-9605AI,STD,1,80,250,40/40,180,180,180,180,180,180,180,180,180,180,180,,,,3mmx3mm Pellet size
3438,GA15849E,5-Apr-23,Metro Container,,53.83,64.6,9662AI,STD,8,20,380,40/40,170,170,170,170,170,170,170,160,160,150,150,150,,,LDPE(HMI)
3439,QA15688E,5-Apr-23,CDC(corr),,233.67,62.31,9735AI-9739AI,STD,3,8.5,28,40/40,180,200,180,180,180,180,180,,,,,,,,PP
3440,RA15449E,5-Apr-23,GILVAN(corr),,48.23,43.85,9740AI,STD,3,8.5,20,40/40,140,140,140,130,130,130,130,,,,,,,,LDPE(HMI)
3441,CA11698E,6-Apr-23,SMYPC,,985.43,28.95,9693AI-9732AI,STD,3,7.5,16,40/40,160,150,150,150,150,150,150,,,,,,,,RUBBER
3442,YA14414E,6-Apr-23,BEVPACK,,197.29,51.02,9683AI-9686AI,STD,8,8,350,40/40,180,200,180,180,180,180,180,180,180,180,180,,,,PP
3443,YA14414E,6-Apr-23,BEVPACK(corr),,225,55.56,9687AI-9691AI,STD,8,8,350,40/40,180,200,180,180,180,180,180,180,180,180,180,,,,PP
3444,YA14414E,6-Apr-23,BEVPACK(tmblr/ext),,42.81,39.52,9692AI,STD,8,8,350,40/40,180,200,180,180,180,180,180,180,180,180,180,,,,PP
3445,YA12128E,6-Apr-23,SMYPC,,493,55.29,9669AI-9678AI,STD,8,4.1,160,40,130,130,120,120,120,120,120,120,120,120,130,130,,,LDPE(HMI)
3446,BA9094E,11-Apr-23,ZELLER,,53.45,32.07,9682AI,STD,8,9.5,280,40/40,180,200,180,180,180,180,180,180,180,180,180,180,,,PP
3447,WA14068E,11-Apr-23,Zeller,,294.2,84.06,9741AI-9746AI,STD,8,7,300,40/40,200,200,180,180,180,180,180,180,180,180,190,190,,,HDPE(HMI)
3448,BA7896E,11-Apr-23,SENTINEL,,150,90,9679AI-9681AI,STD,8,15,350,40/40,170,170,170,170,160,160,160,150,150,150,150,150,,,LDPE HMI
3449,KA4361E,12-Apr-23,INCON,,49.76,49.76,9733AI,STD,8,8,280,40/40,200,200,180,180,180,180,180,180,180,180,200,200,,,PP
3450,MA13810E,12-Apr-23,INCON,,107.62,53.81,9747AI-9750AI,STD,8,9,180,40/40,180,200,180,180,180,180,180,180,180,180,180,190,,,PP
3451,BA9550E,12-Apr-23,PLASTIMER,,49.56,49.56,9752AI,STD,8,20,380,40/40,180,200,180,180,180,180,180,180,180,180,180,,,,PP
3452,BA9550E,12-Apr-23,PLASTIMER(corr),,41.22,41.22,9753AI,STD,8,20,380,40/40,180,200,180,180,180,180,180,180,180,180,180,,,,PP
3453,MA4737E,13-Apr-23,EVEREST(tmblr/xtrd),,197.27,55.31,9759AI-9760AI,STD,8,8,250,40/40,160,160,150,150,150,150,150,150,150,150,160,160,,,LDPE(HMI)
3454,WA3827E,13-Apr-23,IN-HOUSE,,193.59,66.37,9754AI-9755AI,STD,5,18,400,40/40,180,180,180,180,180,180,180,180,180,180,,,,,VACUUM ON/HDPE(HMI)
3455,MA7758E,13-Apr-23,CYBERMANN,,402.37,58.6,9866AI-9881AI,STD,8,11,300,40/40,180,200,180,180,180,180,180,180,180,180,180,180,,,PP
3456,WA15190E,13-Apr-23,NMH,,9878.16,68.28,9766AI-9865AI,STD,5,15,300,60/60,200,200,180,180,180,180,180,180,180,200,200,,,,(52-62 PPG) / PP
3457,GA8074E,14-Apr-23,Alphatech(corr),,49.65,85.11,9757AI,STD,8,10,300,40/40,170,170,170,170,160,160,160,160,160,160,150,150,,,LDPE HMI
3458,YA14414E,14-Apr-23,BEVPACK(corr),,182.4,65.14,9762AI-9765AI,STD,8,9,350,40/40,180,200,180,180,180,180,180,180,180,200,200,200,,,PP
3459,YA14414E,14-Apr-23,BEVPACK,,174.7,64.7,9882AI-9885AI,STD,8,9,350,40/40,180,200,180,180,180,180,180,180,180,200,200,200,,,PP
3460,YA16013E,14-Apr-23,EVEREST,,53.4,56.21,9756AI,STD,8,20,380,40/40,180,180,180,170,170,170,170,170,160,160,160,160,,,LDPE HMI
3461,GA5520E,15-Apr-23,H & E,,83.7,61.24,9902AI-9903AI,STD,8,9,350,40/40,170,170,170,170,160,160,160,160,160,150,160,160,,,LDPE(HMI)
3462,GA15849E,15-Apr-23,Metro Container,,53.49,49.38,9751AI,STD,8,10,380,40/40,170,170,170,170,170,170,170,160,160,150,150,150,,,LDPE(HMI)
3463,GA11532E,14-Apr-23,AWIN IND'L,,49.28,53.76,9761AI,STD,8,7,300,40/40,170,170,170,170,160,160,160,160,160,160,150,150,,,LDPE(HMI)
3464,GA14433E,15-Apr-23,TERUMO(corr),,351.78,22.74,9886AI-9899AI,STD,1,80,250,40/40,180,200,180,180,180,180,180,180,180,180,,,,,3mmx3mm Pellet size
3465,BA14432E,15-Apr-23,TERUMO,,24.9,22.98,9901AI,STD,1,80,250,40/40,180,180,180,180,180,180,180,180,180,180,180,,,,3mmx3mm Pellet size
3466,KA4361E,15-Apr-23,INCON,,49.55,54.05,9907AI,STD,8,8.5,350,40/40,200,200,180,180,180,180,180,180,180,180,200,200,,,PP
3467,QA15688E,15-Apr-23,CDC,,145.84,62.5,9920AI-9922AI,STD,8,10,200,40/40,200,180,180,180,180,180,180,180,180,180,200,200,,,PP
3468,RA2508E,17-Apr-23,Evergood,,504.76,70.43,9934AI-9944AI,STD,8,16,180,60/60,170,170,170,160,160,160,160,160,160,150,150,150,,,LDPE(HMI)
3469,YA5993E,8-Mar-23,EVERGOOD,,25,75,8289AI,STD,8,12,350,40/40,170,170,170,170,160,160,160,160,160,160,150,150,,,LDPE(HMI)
3470,WA8512E,18-Apr-23,EVERGOOD,,194.25,68.56,9945AI-9946AI,STD,3,10,25,40,150,130,120,120,130,130,130,,,,,,,,VACUUM ON / LDPE(HMI)
3471,WA8512E,18-Apr-23,EVERGOOD,,5923.45,70.48,0001AJ-0060AJ,STD,3,11,25,40,150,130,120,120,150,130,130,,,,,,,,LDPE(HMI)
3472,YA5993E,18-Apr-23,EVERGOOD,,275,72.37,9908AI-9913AI,STD,8,12,350,40/40,170,170,170,170,160,160,160,160,160,160,150,150,,,LDPE(HMI)
3473,YA5993E,18-Apr-23,EVERGOOD,,206,71.86,9914AI-9918AI,STD,8,12,350,40/40,170,170,170,170,160,160,160,160,160,160,150,150,,,LDPE(HMI)
3474,YA6053E,18-Apr-23,EVEREST,,250,75,9923AI-9927AI,STD,8,18,350,40/40,180,180,170,170,160,160,160,160,160,160,150,150,,,LDPE(HMI)
3475,YA6053E,18-Apr-23,EVEREST,,256.2,73.2,9928AI-9933AI,STD,8,10,280,40/40,180,180,170,170,160,160,160,160,160,160,150,150,,,LDPE(HMI)
3476,YA14414E,17-Apr-23,BEVPACK,,154,63.72,9947AI-9949AI,STD,8,9,350,40/40,180,200,180,180,180,180,180,180,180,180,180,180,,,PP
3477,YA14414E,17-Apr-23,BEVPACK(corr),,104.32,65.89,9950AI-9951AI,STD,8,9,350,40/40,180,200,180,180,180,180,180,180,180,180,180,180,,,PP
3478,WA3827E,19-Apr-23,EASTERN,,196.94,67.52,9905AI-9906AI,STD,8,9,300,40/40,190,190,190,190,180,180,180,180,180,180,180,,,,HDPE(HMI)
3479,YA5917E,19-Apr-23,EVERGOOD,,248,67.64,9958AI-9962AI,STD,8,18,400,40/40,170,170,170,170,160,160,160,160,160,160,150,150,,,LDPE(HMI)
3480,YA5124E,19-Apr-23,EVERGOOD,,248.15,60.77,9952AI-9956AI,STD,8,11,300,40/40,170,170,170,170,160,160,160,160,160,160,150,150,,,LDPE(HMI)
3481,YA5124E,19-Apr-23,EVERGOOD(tmblr/xtrd),,24.88,49.76,9957AI,STD,8,5,200,40/40,200,200,200,200,200,200,200,200,200,200,220,220,,,LDPE(HMI)
3482,GA14433E,19-Apr-23,TERUMO(re-ext),,48.93,16.31,9982AI-9983AI,STD,1,55,250,100/100,180,200,180,180,180,180,180,180,180,180,,,,,3mmx3mm Pellet size
3483,YA6053E,19-Apr-23,EVEREST,,507.13,73.32,9971AI-9981AI,STD,8,10,280,40/40,170,170,170,170,160,160,160,160,160,160,150,150,,,LDPE(HMI)
3484,VA4869E,20-Apr-23,EVERGOOD,,157.03,72.48,9966AI-9969AI,STD,8,10,300,40/40,170,170,170,170,160,160,160,160,160,160,180,180,,,LDPE(HMI)
3485,VA3291E,20-Apr-23,Evergood,,153,76.5,9963AI-9965AI,STD,8,10,280,40/40,180,180,180,170,170,170,160,160,160,160,160,160,,,LDPE(HMI)
3486,VA4086E,20-Apr-23,EASTERN,,745.06,55.88,9984AI-9998AI,STD,8,11,280,40/40,180,180,170,170,160,160,160,160,160,160,170,170,,,VACUUM ON/LDPE(HMI)
3487,GA14433E,19-Apr-23,TERUMO(re-ext),,175,29.17,0061AJ-0067AJ,STD,1,55,250,100/100,180,200,180,180,180,180,180,180,180,180,,,,,3mmx3mm Pellet size
3488,GA14433E,21-Apr-23,TERUMO,,199,24.98,0073AJ-0080AJ,STD,1,55,250,40/40,180,200,180,180,180,180,180,180,180,180,,,,,3mmx3mm Pellet size
3489,GA14433E,21-Apr-23,TERUMO,,168.57,23.14,0081AJ-0087AJ,STD,1,55,250,40/40,180,200,180,180,180,180,180,180,180,180,,,,,3mmx3mm Pellet size
3490,YA6053E,24-Mar-23,EVEREST(corr),,30.2,36.24,0068AJ,STD,8,10,280,40/40,170,170,170,160,160,160,160,160,160,160,160,160,,,LDPE(HMI)
3491,GA14433E,22-Apr-23,TERUMO,,48.71,20.01,0125AJ; 0128AJ,STD,1,60,250,60,180,180,170,170,170,170,170,170,180,180,,,,,3mmx3mm Pellet size
3492,WA15123E,24-Apr-23,GILVAN,,3018.2,68.54,0088AI-0118AJ,STD,3,15,40,60/60,150,150,140,140,140,140,140,,,,,,,,LDPE(HMI)
3493,RA13616E,24-Apr-23,STAR PLASTIC,,130.53,58.01,0119AJ-0121AJ,STD,8,12,320,40/40,170,170,170,170,160,160,160,160,160,160,150,150,,,LDPE(HMI)
3494,MA11346E,24-Apr-23,GILVAN,,50.94,40.75,0069AJ-0070AJ,STD,8,7,350,40/40,170,170,170,170,160,160,160,160,160,160,170,170,,,LDPE(HMI)
3495,GA14433E,24-Apr-23,TERUMO(corr),,320.9,25,0129AJ-0141AJ; 0151AJ-0152AJ,STD,1,80,250,40/40,180,180,170,170,170,170,170,170,180,180,,,,,3mmx3mm Pellet size
3496,GA2595E,25-Apr-23,alcos global,,70.13,38.25,0147AJ-0149AJ, STD ,8,10,300,40/40,230,230,230,230,230,230,230,230,230,230,250,250,,,90-100 ppg / PET
3497,BA12615E,25-Apr-23,PLEXCO,,253.61,57.42,0142AJ-0146AJ,STD,8,10,400,40/40,180,180,170,170,170,160,160,160,150,150,150,150,,,LDPE HMI
3498,WA15151E,25-Apr-23,PACKAGEWORLD,,4920,63.08,0153AJ-0172AJ,STD,5,15,280,40/40,140,160,160,160,160,150,150,150,140,140,,,,,RUBBER
3499,GA2595E,25-Apr-23,alcos global,,17.41,9.95,0174AJ, STD ,8,10,300,40/40,230,230,230,230,230,230,230,230,230,230,250,250,,,90-100 ppg / PET
3500,WA2677E,26-Apr-23,ALLIED,,50,50,0071AJ,STD,3,6,18,60/60,200,220,220,220,220,220,220,,,,,,,,VACUUM ON / PET
3501,WA2677E,26-Apr-23,ALLIED,,130.5,44.74,0122AJ-0124AJ,STD,3,6,18,60/60,200,220,220,220,220,220,220,,,,,,,,VACUUM ON / PET
3502,YA3504E,26-Apr-23,ZELLER,,50.46,47.31,0177AJ,STD,8,11,300,40/40,180,200,180,180,180,180,180,180,180,180,180,,,,PP
3503,YA3504E,26-Apr-23,ZELLER(corr),,38.62,45.44,0178AJ,STD,8,11,300,40/40,180,200,180,180,180,180,180,180,180,180,180,,,,PP
3504,GA3538E,25-Jan-23,ZELLER,,53.4,49.29,6737AI,STD,8,11,220,40/40,180,200,180,180,180,180,180,180,180,180,180,180,,,PP
3505,WA13183E,26-Apr-23,STAR PLASTIC,,183.77,72.54,0072AJ; 0126AJ-0127AJ,STD,3,30,40,40/40,150,140,140,130,130,140,150,,,,,,,,LDPE(HMI)
3506,WA3827E,26-Apr-23,EASTERN,,413.33,55.73,0181AJ-0184AJ,STD,3,7,30,40/40,180,180,170,170,170,170,170,,,,,,,,HDPE(HMI)
3507,IA1770E,27-Apr-23,EVERBRIGHT,,1000.01,62.5,0196AJ-0236AJ,STD,8,25,400,60/60,180,180,170,170,170,160,160,160,160,160,150,150,,,VACUUM ON/LDPE(HMI)
3508,BA3435E,27-Apr-23,ZELLER,,55.25,52.62,0193AJ-0194AJ,STD,8,8,350,40/40,180,200,180,180,180,180,180,180,180,180,180,180,,,PP
3509,KA3541E,27-Apr-23,ZELLER,,51.26,58.03,0195AJ,STD,8,8,350,40/40,180,200,180,180,180,180,180,180,180,180,180,180,,,PP
3510,MA11346E,27-Apr-23,GILVAN(corr),,38.72,61.14,0180AJ,STD,8,9,320,40/40,180,180,170,170,170,170,170,170,160,160,160,160,,,LDPE(HMI)
3511,GA13854E,27-Apr-23,RE-IMAGINE,,51.41,22.03,0179AJ,STD,1,80,400,40/40,120,140,150,150,150,150,150,150,140,140,,,,,LDPE(HMI)
3512,BA1832E,28-Apr-23,POLYWELL,,29.46,50.5,0247AJ,STD,8,10,300,60/60,170,170,170,170,170,170,160,160,160,150,150,150,,,LDPE(HMI)
3513,BA3925E,28-Apr-23,Evergood,,175,70,0237AJ-0240AJ,STD,8,8,280,40/40,170,170,170,170,160,160,160,160,160,160,160,160,,,LDPE(HMI)
3514,BA3925E,28-Apr-23,Evergood(corr),,115.2,72.76,0241AJ-0243AJ,STD,8,8,280,40/40,170,170,170,160,160,160,160,160,160,160,160,160,,,LDPE(HMI)
3515,BA3925E,28-Apr-23,Evergood(tmblr/re-ext),,67.28,42.49,0244AJ,STD,8,5.5,180,40/40,180,180,180,180,170,170,170,170,170,170,180,180,,,LDPE(HMI)
3516,OA14302E,28-Apr-23,INCON,,104.04,54.28,0245AJ-0246AJ,STD,8,7,300,40/40,160,160,160,160,150,150,150,150,150,150,140,140,,,LDPE(HMI)
3517,WA12282E,29-Apr-23,PACKAGEWORLD,,2027.77,64.37,0185AJ-0192AJ,STD,5,10,260,60/60,150,160,160,160,150,150,150,150,150,150,150,,,,Rubber / NO BLENDER (ext #5 only)
3518,GA14271E,29-Apr-23,PHIL-TOP,,100,58.82,0254AJ-0255AJ,STD,8,10,380,40/40,180,180,180,170,170,170,170,160,160,160,160,160,,,LDPE(HMI)
3519,GA14271E,29-Apr-23,PHIL-TOP,,152.2,76.1,0256AJ-0258AJ,STD,8,10,380,40/40,180,180,180,170,170,170,170,160,160,160,160,160,,,LDPE(HMI)
3520,BA14304E,28-Apr-23,PHIL-TOP,,98,52.5,0249AJ-0250AJ,STD,8,8.5,380,40/40,180,180,180,170,170,170,170,170,160,160,160,160,,,LDPE(HMI)
3521,BA14304E,29-Apr-23,PHIL-TOP,,154.15,61.66,0251AJ-0253AJ,STD,8,8.5,380,40/40,180,180,180,170,170,170,170,170,160,160,160,160,,,LDPE(HMI)
3522,GA2595E,29-Apr-23,alcos global,,24.87,21.32,0260AJ,STD,1,85,400,40/40,220,220,220,220,220,220,220,220,220,220,,,,,VACUUM ON/COIL SCREW/NO AGITATOR/ 90-100 PPG / PET
3523,GA13854E,29-Apr-23,REIMAGINE(corr),,51.3,29.31,0261AJ,STD,1,80,400,40/40,120,140,150,150,150,150,150,150,140,140,,,,,LDPE(HMI)
3524,BA12068E,3-May-23,EVEREST,,129.73,59.88,0264AJ-0266AJ,STD,8,7.2,400,40/40,170,170,170,170,160,160,160,160,160,160,150,150,,,LDPE(HMI)
3525,CA8383E,3-May-23,GLOBAL COMPAK,,79.09,45.19,0267AJ-0268AJ,STD,8,10,300,40/40,170,170,170,170,150,150,150,150,150,150,160,160,,,LDPE HMI
3526,RA4665E,3-May-23,EVEREST,,244.53,57.76,0300AJ-0304AJ,STD,8,13,250,40/40,170,170,160,160,160,160,160,150,150,150,150,150,,,LDPE(HMI)
3527,OA14302E,3-May-23,INCON(corr),,53.8,64.56,0262AJ,STD,8,8,280,40/40,160,160,160,160,150,150,150,150,140,140,140,140,,,LDPE(HMI)
3528,BA9159E,3-May-23,EVEREST,,1488.07,54.35,0269AJ-0299AJ,STD,3,5.3,40,40/40,180,170,160,150,150,150,150,,,,,,,,VACUUM ON/LDPE(HMI)
3529,BA9159E,4-May-23,EVEREST,,153.47,54.17,0361AJ-0363AJ,STD,3,5.3,40,40/40,180,170,160,150,150,150,150,,,,,,,,VACUUM ON/LDPE(HMI)
3530,WA1400E,4-May-23,ALLIED,,1005.92,91.73,0368AJ-0377AJ,STD,5,12,380,60/60,170,170,170,170,160,160,150,150,150,150,150,,,,LDPE(HMI)
3531,RA4665E,5-May-23,EVEREST,,743.66,69.18,0378AJ-0392AJ,STD,3,12,45,40/40,160,150,150,150,150,150,150,,,,,,,,LDPE(HMI)
3532,KA9732E,5-May-23,Alphatech,,53.93,62.23,0364AJ,STD,3,8,28,40/40,150,150,150,150,140,140,140,,,,,,,,LDPE HMI
3533,GA12411E,5-May-23,GENSTAR,,483.14,36.93,0329AJ-0338AJ,STD,5,23,350,40/40,180,200,200,180,180,180,180,180,180,180,180,,,,PP
3534,WA3827E,5-May-23,EASTERN,,392.5,65.78,0325AJ-0328AJ,STD,5,7,300,40/40,200,200,160,160,180,180,180,180,180,180,,,,,VACUUM ON/HDPE(HMI)
3535,WA14068E,4-May-23,Zeller,,294.2,52.85,0365AJ-0367AJ,STD,5,20,300,40/40,180,180,180,180,180,180,180,180,180,170,170,,,,HDPE(HMI)
3536,RA4665E,5-May-23,EVEREST(tmblr/xtrd),,65.96,65.96,0395AJ,STD,3,12,45,40/40,160,150,150,150,150,150,150,,,,,,,,LDPE(HMI)
3537,VA4086E,6-May-23,EASTERN,,485.05,53.39,0340AJ-0359AJ,STD,3,13,22,40/40,150,150,140,140,140,150,150,,,,,,,,VACUUM ON/LDPE(HMI)
3538,IA7720E,6-May-23,PSP,,100,56.07,0407AJ-0410AJ,STD,3,12,36,60/60,150,150,150,150,140,140,140,,,,,,,,VACUUM ON/LDPE(HMI)
3539,IA7720E,6-May-23,PSP,,172.06,62.57,0411AJ-0417AJ,STD,3,12,36,60/60,150,150,150,150,140,140,140,,,,,,,,VACUUM ON/LDPE(HMI)
3540,GA4178E,6-May-23,PSP,,250,52.63,0397AJ-0406AJ,STD,3,8.3,28,60/60,160,150,150,140,140,150,150,,,,,,,,LDPE(HMI) / VACUUM ON
3541,YA12128E,6-May-23,21st Century,,877.79,35.47,0305AJ-0323AJ,STD,5,7,250,40,140,140,110,110,120,120,120,120,120,130,130,,,,LDPE(HMI)
3542,MA4737E,8-May-23,EVEREST,,50,26.32,0424AJ-0425AJ,STD,3,5.3,350,40/40,160,140,140,150,150,150,150,,,,,,,,VACUUM ON / LDPE(HMI)
3543,MA4737E,9-May-23,EVEREST,,748.77,26.12,0426AJ-0456AJ,STD,3,5.3,350,40/40,170,150,150,140,140,150,150,,,,,,,,VACUUM ON / LDPE(HMI)
3544,MA4737E,9-May-23,EVEREST,,55,27.5,0457AJ,STD,3,5.3,350,40/40,170,150,150,140,140,150,150,,,,,,,,VACUUM ON / LDPE(HMI)
3545,DA9936E,8-May-23,TRADESPHERE,,28.87,44.42,0423AJ,STD,3,8.5,30,40/40,150,150,150,150,140,140,150,,,,,,,,LDPE HMI
3546,TA15557E,8-May-23,I-TUNG,,123.38,72.58,0419AJ-0421AJ,STD,3,8.5,38,40/40,150,150,140,140,140,150,150,,,,,,,,LDPE(HMI)
3547,YA5124E,10-May-23,EVERGOOD,,307.5,57.84,0458AJ-0464AJ,STD,3,8.3,40,40/40,160,150,150,150,140,140,140,,,,,,,,LDPE(HMI)
3548,YA5124E,10-May-23,EVERGOOD,,53.75,64.5,0465AJ,STD,3,8.3,40,40/40,160,150,150,150,140,140,140,,,,,,,,LDPE(HMI)
3549,WA15856E,9-May-23,I-TUNG,,29.04,58.08,0496AI,STD,5,20,380,40/40,170,170,170,170,170,160,160,160,150,150,,,,,LDPE(HMI)
3550,WA15192E,9-May-23,KPC,,2953.23,72.32,0466AI-0495AI,STD,5,10,380,60/60,200,200,200,180,180,180,180,180,180,180,180,,,,PP
3551,WA15135E,11-May-23,HYATT,,77.87,80.56,0512AJ,STD,5,20,380,60/60,170,170,170,170,160,160,160,160,160,150,150,,,,LDPE(HMI)
3552,BA12861E,11-May-23,AG CANPRINT,,50,50,0509AJ,STD,3,8.3,28,40/40,180,200,180,180,180,180,180,,,,,,,,PP
3553,BA12861E,11-May-23,AG CANPRINT,,79.83,47.9,0510AJ-0511AJ,STD,3,8.3,28,40/40,180,200,180,180,180,180,180,,,,,,,,PP
3554,RA5277E,11-May-23,EVERGOOD,,500.53,69.84,0497AJ-0507AJ,STD,3,11,42,40/40,150,140,130,130,130,140,140,,,,,,,,VACUUM ON / LDPE(HMI)
3555,KA9732E,11-May-23,Alphatech,,52.38,46.22,0508AJ,STD,3,8.3,38,40/40,150,150,140,140,140,150,150,,,,,,,,LDPE HMI
3556,YA12128E,11-May-23,21st Century,,92.85,30.11,0540AJ-0541AJ,STD,3,3,14,40,130,130,110,100,100,120,120,,,,,,,,LDPE(HMI)
3557,YA7418E,10-May-23,EVEREST,,100,66.67,0536AJ-0537AJ,STD,3,10,28,40/40,150,100,100,130,130,150,150,,,,,,,,VACUUM ON/LDPE(HMI)
3558,YA7418E,10-May-23,EVEREST,,97.04,72.78,0538AJ-0539AJ,STD,3,10,28,40/40,150,100,100,130,130,150,150,,,,,,,,VACUUM ON/LDPE(HMI)
3559,YA6053E,10-May-23,EVEREST,,48.5,58.2,0535AJ,STD,3,15,35,40/40,150,150,150,140,140,150,150,,,,,,,,LDPE(HMI)
3560,WA13000E,12-May-23,PREMIER,,985.5,73,0557AJ-0566AJ,STD,5,20,380,40/40,170,170,170,160,160,160,150,150,150,170,170,,,,LDPE(HMI)
3561,GA5520E,12-May-23,H & E,,119.01,54.93,0567AJ-0569AJ,STD,3,8.3,28,40/40,150,140,140,140,140,150,150,,,,,,,,VACUUM ON / LDPE(HMI)
3562,VA4086E,12-May-23,EASTERN,,350,53.3,0514AJ-0527AJ,STD,3,9,34,40/40,150,150,140,140,140,150,150,,,,,,,,VACUUM ON/LDPE(HMI)
3563,GA16014E,11-May-23,CANLINE,,306.12,43.74,0542AJ-0548AJ,STD,3,30,40,40/40,150,150,150,150,150,130,130,,,,,,,,LDPE(HMI)
3564,YA7418E,15-May-23,EVEREST,,203.27,73.47,0580AJ-0583AJ,STD,3,9,32,40/40,150,150,140,140,140,140,150,,,,,,,,VACUUM ON/LDPE(HMI)
3565,KA4595E,15-May-23,EVERGOOD,,95.51,63.67,0550AJ-0551AJ,STD,3,10,25,40/40,130,130,120,120,120,110,110,,,,,,,,VACUUM ON / LDPE(HMI)
3566,WA15466E,15-May-23,PRIMEPACK,,494.54,74.18,0570AJ-0574AJ,STD,5,13,430,60/60,170,160,150,140,120,170,170,170,170,150,150,,,,LDPE(HMI)
3567,GA4921E,12-May-23,Everest,,235.78,61.51,0552AJ-0556AJ,STD,3,8.3,28,40/40,150,150,140,140,140,150,150,,,,,,,,LDPE(HMI)
3568,VA4086E,12-May-23,EASTERN,,49.04,73.56,0528AJ-0529AJ,STD,3,8.3,28,40/40,150,150,140,140,140,150,150,,,,,,,,VACUUM ON/LDPE(HMI)
3569,VA4086E,16-May-23,EASTERN,,252.14,56.03,0530AJ-0534AJ,STD,3,8.3,28,40/40,150,150,140,140,140,150,150,,,,,,,,VACUUM ON/LDPE(HMI)
3570,YA1967E,16-May-23,EAGLE ELECTRIC,,105.81,55.21,0584AJ-0586AJ,STD,3,8.5,28,40/40,180,200,180,180,180,180,180,,,,,,,,VACUUM ON/LDPE(HMI)
3571,WA14429E,16-May-23,TERUMO(corr),,304.5,60.9,0576AJ-0578AJ,STD,1,75,280,40/40,180,200,180,180,180,180,180,180,180,180,180,,,,3mmx3mm Pellet size w/ attachments
3572,RA15101E,17-May-23,21st Century,,1877.65,65.96,0589AJ-0626AJ,STD,3,7.5,45,40/40,150,150,150,140,140,150,150,,,,,,,,LDPE(HMI)
3573,RA15101E,18-May-23,21st Century,,122.76,64.61,0627AJ-0629AJ,STD,3,7.5,45,40/40,150,150,150,140,140,150,150,,,,,,,,LDPE(HMI)
3574,WA3827E,17-May-23,EASTERN,,292.27,62.63,0630AJ-0632AJ,STD,5,7,300,40/40,200,200,160,160,180,180,180,180,180,180,,,,,VACUUM ON/HDPE(HMI)
3575,YA15776E,17-May-23,SANICON,,54.04,23.16,0636AJ,STD,1,80,400,40/40,120,140,150,150,150,150,150,150,140,140,,,,,LDPE HMI
3576,GA5575E,17-May-23,MAKASY,,33.75,27,0635AJ,STD,1,80,400,60/60,120,140,150,150,150,150,150,150,140,140,,,,,LDPE HMI / VACUUM ON
3577,GA4136E,17-May-23,ZELLER,,54.66,26.24,0588AJ,STD,1,80,400,40/40,200,200,180,180,180,180,180,180,180,180,,,,,PP
3578,WA13183E,18-May-23,STAR PLASTIC,,169.21,75.2,0667AJ-0668AJ,STD,5,20,380,40/40,170,170,170,170,160,160,160,160,160,150,150,,,,LDPE(HMI)
3579,VA4086E,18-May-23,EASTERN,,491.82,49.35,0645AJ-0664AJ,STD,3,8.3,28,40/40,150,150,140,140,140,150,150,,,,,,,,VACUUM ON/LDPE(HMI)
3580,GA4352E,18-May-23,ZELLER,,306.37,51.2,0638AJ-0644AJ,STD,3,7.5,30,40/40,180,200,180,180,180,180,180,,,,,,,,PP
3581,YA16164E,18-May-23,EVEREST,,128.68,31.77,0669AJ-0671AJ,STD,1,80,400,40/40,120,140,150,150,150,150,150,150,140,140,,,,,LDPE HMI
3582,WA5870E,18-May-23,INCON,,62.62,57.8,0722AJ,STD,5,20,380,80/80,170,170,170,170,170,170,160,160,160,160,150,150,,,LDPE(HMI)
3583,BA15002E,19-May-23,MCBRIDE,,54.69,27.35,0731AJ-0732AJ,STD,1,80,400,40/40,200,220,220,220,220,220,220,220,220,220,,,,,90-100 ppg (PET) / No agitator
3584,RA5277E,19-May-23,EVERGOOD,,501.59,66.88,0672AJ-0682AJ,STD,3,11,30,40/40,160,150,140,140,140,150,150,,,,,,,,VACUUM ON / LDPE(HMI)
3585,BA15963E,19-May-23,CDC,,78.99,24.3,0729AJ-0730AJ,STD,1,80,400,40/40,120,140,150,150,150,150,150,150,140,140,,,,,LDPE(HMI)
3586,IA15951E,19-May-23,CDC,,29.44,25.23,0726AI,STD,1,80,400,40/40,120,140,150,150,150,150,150,150,140,140,,,,,LDPE(HMI)
3587,SA7726E,19-May-23,EASTERN,,53,35.33,0734AJ,STD,1,75,300,40/40,170,170,170,170,170,170,160,160,160,150,150,,,,LDPE HMI
3588,GA15961E,19-May-23,CDC,,78.97,29.61,0727AJ-0728AJ,STD,1,80,400,40/40,120,140,150,150,150,150,150,150,150,150,,,,,LDPE(HMI)
3589,BA12855E,20-May-23,CEBU HIQ (corr),,139,29.79,0740AJ-0742AJ,STD,1,80,400,40/40,180,200,200,200,180,180,180,180,180,180,,,,,PP
3590,BA12855E,20-May-23,CEBU HIQ,,126.57,30.38,0750AJ-0754AJ,STD,1,80,400,40/40,180,200,200,200,180,180,180,180,180,180,,,,,PP
3591,GA15711E,20-May-23,ADVANCE MOULDINGS,,31.69,17.29,0743AJ,STD,1,80,400,40/40,120,140,150,150,150,150,150,150,140,140,,,,,LDPE(HMI) / 80-100 PPG
3592,KA9045E,20-May-23,EVEREST,,1882.32,80.79,0683AJ-0720AJ,STD,3,9,38,40/40,150,150,150,140,140,150,150,,,,,,,,VACUUM ON / LDPE(HMI)
3593,KA9045E,20-May-23,EVEREST,,50,66.67,0721AJ,STD,3,9,38,40/40,150,150,150,140,140,150,150,,,,,,,,VACUUM ON / LDPE(HMI)
3594,WA2127E,20-May-23,CEBU HI Q,,129.24,70.49,0736AJ,STD,5,20,380,60/60,170,170,170,170,160,160,160,160,160,160,150,,,,LDPE(HMI)
3595,WA3827E,20-May-23,EASTERN,,288,62.36,0723AJ-0725AJ,STD,5,7,300,40/40,200,200,160,160,180,180,180,180,180,180,,,,,VACUUM ON/HDPE(HMI)
3596,GA13527E,22-May-23,CEBU HIQ,,158.65,76.77,0746AJ-0749AJ,STD,3,8.3,28,40/40,150,170,160,150,140,140,150,,,,,,,,LDPE(HMI)
3597,BA4756E,22-May-23,Evergood,,257.05,90.72,0737AJ-0738AJ; 0755AJ-0758AJ,STD,3,8.5,32,40/40,150,150,150,150,140,140,140,,,,,,,,LDPE HMI
3598,KA14303E,23-May-23,PHIL-TOP,,24.79,27.04,0762AJ,STD,1,80,400,40/40,120,140,150,150,150,150,150,150,140,140,,,,,LDPE(HMI)
3599,GA6050E,23-May-23,PHIL-TOP,,55.78,27.89,0832AJ-0833AJ,STD,1,80,400,40/40,180,180,180,180,180,180,180,180,180,180,,,,,PP
3600,TA15569E,23-May-23,PHIL-TOP,,24.65,24.65,0761AJ,STD,1,80,400,40/40,120,140,150,150,150,150,150,150,140,140,,,,,LDPE(HMI)
3601,DA5176E,23-May-23,EVERGOOD,,50,25,0759AI,STD,1,80,400,40/40,120,140,150,150,150,150,150,150,150,150,,,,,LDPE(HMI)
3602,DA15568E,23-May-23,PHIL-TOP,,24.51,24.51,0760AI,STD,1,80,400,40/40,120,140,150,150,150,150,150,150,150,150,,,,,LDPE(HMI)
3603,GA14271E,23-May-23,PHIL-TOP,,254.69,80.43,0769AJ-0773AJ,STD,3,8.3,38,40/40,150,150,140,140,140,150,150,,,,,,,,LDPE(HMI)
3604,BA14304E,23-May-23,PHIL-TOP,,255.86,74.16,0763AJ-0768AJ,STD,3,30,40,40/40,150,140,140,130,130,150,150,,,,,,,,LDPE(HMI)
3605,WA15123E,23-May-23,GILVAN,,2967.14,96.23,0775AJ-0804AJ,STD,5,15,420,60/60,160,170,170,170,170,130,160,160,150,150,150,,,,LDPE(HMI)
3606,SA7726E,23-May-23,EASTERN,,56.96,59.96,0834AJ-0835AJ,STD,3,6,28,40/40,160,130,105,100,120,120,110,,,,,,,,LDPE HMI
3607,RA7487E,24-May-23,GENSTAR,,128.46,25.69,0836AJ-0838AJ,STD,1,80,400,40/40,120,140,150,150,150,150,150,150,140,140,,,,,LDPE HMI
3608,BA13023E,24-May-23,GENSTAR,,198.45,48.01,0839AJ-0842AJ,STD,3,9,38,40/40,150,150,140,140,140,140,140,,,,,,,,LDPE(HMI)
3609,BA13023E,24-May-23,GENSTAR,,94.55,47.28,0843AJ-0844AJ,STD,3,9,38,40/40,150,150,140,140,140,140,140,,,,,,,,LDPE(HMI)
3610,VA4086E,23-May-23,EASTERN,,415.66,61.88,0805AJ-0821AJ,STD,3,8.3,30,40/40,150,150,140,140,140,150,150,,,,,,,,VACUUM ON/LDPE(HMI)
3611,WA16189E,26-May-23,NMH,,1015,75.19,0822AJ-0831AJ,STD,5,15,300,60/60,180,200,180,180,180,180,180,180,180,200,200,,,,PP / 52-62 PPG
3612,KA14303E,25-May-23,PHIL-TOP,,122.62,21.96,0868AJ-0870AJ,STD,1,80,400,40/40,120,140,150,150,150,150,150,150,150,150,,,,,LDPE(HMI)
3613,DA15568E,24-May-23,PHIL-TOP(corr),,26.6,22.8,0851AJ,STD,1,80,400,40/40,120,140,150,150,150,150,150,150,140,140,,,,,LDPE(HMI)
3614,DA15568E,25-May-23,PHIL-TOP,,50,25,0867AJ,STD,1,80,400,40/40,120,140,150,150,150,150,150,150,150,150,,,,,LDPE(HMI)
3615,RA2508E,25-May-23,Evergood,,496.48,61.29,0852AJ-0861AJ,STD,3,7.5,28,60/60,150,150,150,150,140,140,140,,,,,,,,LDPE(HMI)
3616,TA15569E,25-May-23,PHIL-TOP,,50,23.08,0902AJ,STD,1,80,400,40/40,120,140,150,150,150,150,150,150,140,140,,,,,LDPE(HMI)
3617,TA15569E,25-May-23,PHIL-TOP(corr),,48.4,23.23,0903AJ,STD,1,80,400,40/40,120,140,150,150,150,150,150,150,140,140,,,,,LDPE(HMI)
3618,RA11649E,25-May-23,MILLERS,,8.33,8.33,0907AJ,STD,1,80,400,60/60,175,195,175,175,175,175,175,175,175,175,,,,,VACUUM ON / PP
3619,WA3827E,29-May-23,EASTERN,,487.15,80.08,0862AJ-0866AJ,STD,5,7,300,40/40,190,190,150,150,180,180,180,180,190,190,,,,,VACUUM ON/HDPE(HMI)
3620,WA15466E,26-May-23,PRIMEPACK,,514.88,69.42,0846AJ-0850AJ,STD,5,13,430,60/60,170,160,150,140,120,170,170,170,170,170,170,,,,LDPE(HMI)
3621,BA2091E,25-May-23,GREENPACK,,250,88.24,0871AJ-0875AJ,STD,3,9.3,35,60/60,160,150,140,140,140,150,150,,,,,,,,Pelletizer RPM 1400 / LDPE HMI
3622,BA2091E,25-May-23,GREENPACK,,1244.42,87.84,0876AJ-0901AJ,STD,3,9.3,35,60/60,160,150,140,140,140,150,150,,,,,,,,Pelletizer RPM 1400 / LDPE HMI
3623,WA15071E,26-May-23,PACKAGE WORLD,,307.3,57.62,1037AJ-1039AJ,STD,5,130,280,40/40,140,160,160,160,150,150,150,140,140,150,150,,,,LL38
3624,DA15568E,29-May-23,PHIL-TOP(corr),,81.35,28.71,1030AJ-1031AJ,STD,1,80,400,40/40,120,140,150,150,150,150,150,150,150,150,,,,,LDPE(HMI)
3625,DA15568E,29-May-23,PHIL-TOP,,50,30,1036AJ,STD,1,80,400,40/40,120,140,150,150,150,150,150,150,150,150,,,,,LDPE(HMI)
3626,GA15711E,29-May-23,ADVANCE MOULDING,,980.62,70.04,0908AJ-0927AJ,STD,3,10.4,32,40/40,150,150,130,130,130,150,150,,,,,,,,LDPE(HMI) / 80-100 PPG
3627,GA16014E,26-May-23,CANLINE(corr),,49.2,73.8,1061AJ,STD,3,30,40,40/40,150,150,150,150,150,130,130,,,,,,,,LDPE(HMI)
3628,DA10063E,29-May-23,EVERGOOD,,49.6,37.2,1067AJ,STD,1,100,400,40/40,120,140,150,150,150,150,150,150,140,140,,,,,LDPE(HMI)
3629,WA15190E,29-May-23,NMH,,4891.19,72.64,0928AJ-0976AJ,STD,5,15,300,60/60,180,200,200,180,180,180,180,180,180,180,180,,,,(52-62 PPG) / PP
3630,OA7922E,30-May-23,GILVAN,,55.27,23.69,1062AI-1063AI,STD,1,90,360,40/40,160,180,180,180,180,180,180,180,180,160,160,,,,HDPE(HMI)
3631,YA8107E,30-May-23,GILVAN,,49.4,28.23,1064AJ,STD,1,80,400,40/40,120,140,150,150,150,150,150,150,150,140,140,,,,LDPE HMI
3632,YA8107E,30-May-23,GILVAN,,10,26.09,1065AJ,STD,1,100,400,40/40,120,140,150,150,150,150,150,150,150,140,140,,,,LDPE HMI
3633,MA11346E,29-May-23,GILVAN,,29.39,12.16,1034AJ,STD,1,30,380,40/40,170,170,150,150,150,140,140,140,150,150,,,,,LDPE(HMI)
3634,VA12837E,30-May-23,GILVAN,,51.75,39.81,1066AJ,STD,3,6,42,40/40,150,150,140,140,140,140,140,,,,,,,,LDPE(HMI)
3635,RA15449E,30-May-23,GILVAN,,53.26,30.43,1032AJ-1033AJ,STD,3,6.3,13,40/40,140,140,140,130,130,120,120,,,,,,,,LDPE(HMI)
3636,RA11649E,30-May-23,MILLERS(tmblr/xtrd),,55.44,51.18,1161AJ,STD,3,7.6,20,-,175,195,175,175,175,175,175,,,,,,,,VACUUM ON/LESS 5°C / PP / no screen for this particular run
3637,RA12706E,30-May-23,PLEXCO,,178.31,66.87,1132AJ-1135AJ,STD,3,7.3,40,40/40,150,150,150,150,150,140,140,,,,,,,,LDPE HMI
3638,VA4086E,30-May-23,EASTERN,,517.56,49.14,1040AJ-1060AJ,STD,3,9,32,40/40,150,150,140,140,140,150,150,,,,,,,,VACUUM ON/LDPE(HMI)
3639,KA2871E,31-May-23,EVEREST,,1237.92,76.57,1136AJ-1160AJ,STD,3,9,32,40/40,150,150,140,140,140,150,150,,,,,,,,VACUUM ON/LDPE(HMI)
3640,QA0851E,31-May-23,COFTA,,100.57,50.29,1081AJ-1082AJ,STD,3,8.3,25,40/40,150,150,150,150,150,130,130,,,,,,,,LDPE HMI
3641,VA14336E,31-May-23,AG CANPRINT,,39.83,34.14,1162AJ,STD,3,8,20,40/40,180,200,180,180,180,180,180,,,,,,,,PP
3642,YA7418E,31-May-23,EVEREST,,99,26.4,1069AJ-1070AJ,STD,1,80,400,40/40,120,140,150,150,150,150,150,150,140,140,,,,,LDPE(HMI)
3643,YA7418E,30-May-23,EVEREST(re-ext),,49,25.57,1131AJ,STD,1,80,400,40/40,110,130,140,140,140,140,140,140,130,130,,,,,LDPE(HMI)
3644,YA5993E,31-May-23,EVERGOOD,,493.97,21.87,1071AJ-1080AJ,STD,1,80,400,40/40,120,140,150,150,150,150,150,150,150,150,,,,,LDPE(HMI)
3645,WA15135E,1-Jun-23,ARCANE PLASTIC,,50,50,1211AJ,STD,5,20,380,60/60,170,170,170,170,160,160,160,160,160,150,150,,,,LDPE(HMI)
3646,WA15135E,1-Jun-23,ARCANE PLASTIC,,250,63.83,1212AJ-1214AJ,STD,5,20,380,60/60,170,170,170,170,160,160,160,160,160,150,150,,,,LDPE(HMI)
3647,WA15135E,1-Jun-23,ARCANE PLASTIC,,272.2,63.03,1215AJ-1217AJ,STD,5,20,380,60/60,170,170,170,170,160,160,160,160,160,150,150,,,,LDPE(HMI)
3648,BA9159E,1-Jun-23,EVEREST,,199.18,70.3,1218AJ-1221AJ,STD,3,8.3,25,40/40,150,150,130,120,120,150,150,,,,,,,,VACUUM ON/LDPE(HMI)
3649,BA9159E,1-Jun-23,EVEREST,,1482.69,65.41,1222AJ-1251AJ,STD,3,8.3,25,40/40,150,150,130,120,120,150,150,,,,,,,,VACUUM ON/LDPE(HMI)
3650,GA16014E,1-Jun-23,CANLINE(corr),,54.73,28.55,1210AJ,STD,1,80,400,40/40,120,140,150,150,150,150,140,140,150,150,,,,,LDPE(HMI)
3651,WA6365E,2-Jun-23,ARCANE PLASTIC,,350,64.62,1205AJ-1208AJ,STD,5,90,380,60/60,170,170,110,110,160,160,160,160,160,150,150,,,,LDPE(HMI)
3652,WA6365E,2-Jun-23,ARCANE PLASTIC,,59,73.75,1209AJ,STD,5,90,380,60/60,170,170,110,110,160,160,160,160,160,150,150,,,,LDPE(HMI)
3653,WA3827E,2-Jun-23,EASTERN,,540.42,57.92,1084AJ-1089AJ,STD,5,7,300,40/40,190,190,180,180,180,180,180,180,190,190,,,,,VACUUM ON/HDPE(HMI)
3654,WA1815E,2-Jun-23,NPPET GLOBAL,,96.69,50.45,1353AJ,STD,5,40,300,60/60,170,170,170,170,160,160,160,160,160,150,150,,,,LDPE(HMI)
3655,CA11698E,2-Jun-23,SMYPC,,988,26,1090AJ-1129AJ,STD,3,6.5,15,40/40,160,150,150,150,150,150,150,,,,,,,,RUBBER
3656,TA15569E,2-Jun-23,PHIL-TOP,,178.33,25.18,1342AJ-1345AJ,STD,1,80,400,40/40,120,140,150,150,150,150,150,150,150,150,,,,,LDPE(HMI)
3657,DA15568E,2-Jun-23,PHIL-TOP,,78.9,29.59,1340AJ-1341AJ,STD,1,95,400,40/40,120,140,150,150,150,150,150,150,150,150,,,,,LDPE(HMI)
3658,DA10063E,2-Jun-23,EVERGOOD(corr),,52,29.71,1298AJ,STD,1,80,400,40/40,120,140,150,150,150,150,150,150,150,150,,,,,LDPE(HMI)
3659,DA10063E,2-Jun-23,EVERGOOD,,151.03,25.17,1299AJ-1301AJ,STD,1,80,400,40/40,120,140,150,150,150,150,150,150,150,150,,,,,LDPE(HMI)
3660,YA5917E,2-Jun-23,EVERGOOD,,247.9,26.56,1289AJ-1293AJ,STD,1,45,400,40/40,120,140,150,150,150,150,150,150,150,150,,,,,LDPE(HMI)
3661,WA15192E,3-Jun-23,KPC,,2250,80.26,1252AJ-1274AJ,STD,5,10,380,60/60,200,200,200,180,180,180,180,180,180,190,190,,,,PP
3662,WA15192E,3-Jun-23,KPC,,805,75.92,1275AJ-1283AJ,STD,5,10,380,60/60,200,200,200,180,180,180,180,180,180,190,190,,,,PP
3663,GA4952E,3-Jun-23,EVERGOOD,,159.5,20.36,1285AJ-1288AJ, STD ,1,70,100,40/40,120,140,150,150,150,150,150,150,140,140,,,,,LDPE HMI
3664,OA7922E,3-Jun-23,GILVAN,,54.34,24.15,1396AJ,STD,1,85,380,40/40,170,180,180,180,180,180,180,180,180,170,170,,,,HDPE(HMI)
3665,MA11346E,3-Jun-23,GILVAN,,31.7,27.17,1358AJ,STD,1,30,380,40/40,170,170,150,150,150,140,140,140,150,150,,,,,LDPE(HMI)
3666,YA7418E,3-Jun-23,EVEREST(corr),,198.24,28.32,1364AJ-1367AJ,STD,1,95,400,40/40,120,140,150,150,150,150,150,150,150,150,,,,,LDPE(HMI)
3667,BA4140E,5-Jun-23,EVERBRIGHT,,300,68.7,1325AJ-1336AJ,STD,3,10,40,60/60,160,150,140,140,150,150,150,,,,,,,,VACUUM ON/LDPE(HMI)
3668,BA4140E,5-Jun-23,EVERBRIGHT,,93.36,65.93,1337AJ-1338AJ,STD,3,10,40,60/60,160,150,140,140,150,150,150,,,,,,,,VACUUM ON/LDPE(HMI)
3669,YA16164E,5-Jun-23,EVEREST,,1017.3,65.28,1303AJ-1323AJ,STD,3,9,35,40/40,150,150,140,140,140,130,130,,,,,,,,LDPE HMI
3670,WA6947E,5-Jun-23,ATLANTA,,935.85,62.39,1371AJ-1380AJ,STD,5,15,300,40/40,180,200,200,200,180,180,180,180,180,180,180,,,,PP
3671,WA6947E,5-Jun-23,ATLANTA,,50,66.67,1392AJ,STD,5,15,300,40/40,180,200,200,200,180,180,180,180,180,180,180,,,,PP
3672,BA5879E,3-Jun-23,FORMEY,,55.45,25.59,1284AJ,STD,1,80,400,40/40,120,140,150,150,150,150,150,150,150,150,,,,,LDPE HMI
3673,GA12628E,3-Jun-23,PLEXCO,,179,22.14,1294AJ-1297AJ,STD,1,100,400,40/40,120,140,150,150,150,150,150,150,140,140,,,,,LDPE(HMI)
3674,BA4701E,5-Jun-23,INCON,,155.68,21.13,1356AJ-1357AJ; 1398AJ-1401AJ,STD,1,80,400,40/40,180,200,180,180,180,180,180,180,180,,,,,,PP
3675,BA3018E,6-Jun-23,Evergood,,124.46,20.74,1346AJ-1348AJ,STD,1,100,400,40/40,150,150,150,150,150,140,140,140,140,150,150,,,,LDPE HMI
3676,YA8107E,6-Jun-23,GILVAN,,50,62.5,1393AJ,STD,3,30,40,40/40,150,150,140,150,140,140,140,,,,,,,,LDPE HMI
3677,YA8107E,6-Jun-23,GILVAN,,47.63,53.92,1394AJ,STD,3,30,40,40/40,150,150,140,150,140,140,140,,,,,,,,LDPE HMI
3678,DA15568E,6-Jun-23,PHIL-TOP(corr),,99.4,81.7,1354AJ-1355AJ,STD,3,8.5,26,40/40,150,150,150,130,130,140,140,,,,,,,,LDPE(HMI)
3679,DA10063E,6-Jun-23,EVERGOOD(corr),,161.7,82.92,1429AJ-1431AJ,STD,3,5.3,35,40/40,150,150,140,140,140,130,130,,,,,,,,LDPE(HMI)
3680,WA16189E,6-Jun-23,NMH,,550,76.74,1381AJ-1390AJ,STD,5,15,300,60/60,180,200,180,180,180,180,180,180,180,200,200,,,,PP / 52-62 PPG
3681,GA2595E,6-Jun-23,alcos global,,98,21.38,1349AJ-1352AJ,STD,1,85,400,40/40,220,220,220,220,220,220,220,220,220,220,,,,,VACUUM ON/COIL SCREW/NO AGITATOR/ 90-100 PPG / PET
3682,BA15002E,6-Jun-23,MCBRIDE,,98.11,21.02,1359AJ-1362AJ,STD,1,60,400,40/40,200,220,220,220,220,220,220,220,220,220,,,,,90-100 ppg (PET) / No agitator
3683,WA12282E,7-Jun-23,PACKAGEWORLD,,9817.2,64.94,1163AJ-1202AJ,STD,5,10,260,60/60,150,160,160,160,150,150,150,150,150,150,150,,,,Rubber / NO BLENDER (ext #5 only)
3684,OA8984E,6-Jun-23,Evergood,,476.45,56.05,1440AJ-1449AJ,STD,3,8.3,40,40/40,150,150,150,140,140,130,130,,,,,,,,LDPE(HMI)
3685,BA9159E,7-Jun-23,EVEREST,,1329.78,71.24,1402AJ-1428AJ,STD,3,5.3,40,40/40,160,150,150,150,150,140,140,,,,,,,,VACUUM ON/LDPE(HMI)
3686,BA9159E,7-Jun-23,EVEREST,,164.79,66.14,1470AJ-1472AJ,STD,3,8.3,35,40/40,150,150,140,110,110,140,140,,,,,,,,VACUUM ON/LDPE(HMI)
3687,ZA4789E,6-Jun-23,ISLAND,,145.61,18.39,1368AJ-1370AJ,STD,1,75,350,60/60,180,180,180,180,170,170,170,170,150,150,150,,,,LDPE(HMI)
3688,VA16146E,7-Jun-23,EVEREST,,82.67,20.58,1452AJ-1453AJ,STD,1,80,400,40/40,120,140,150,150,150,150,150,150,140,140,,,,,LDPE(HMI)
3689,KA15913E,7-Jun-23,EVEREST,,83.53,28.8,1450AJ-1451AJ,STD,1,85,400,40/40,180,200,180,180,180,180,180,180,180,180,180,,,,PP
3690,KA9732E,7-Jun-23,Alphatech,,54.5,23.36,1468AJ,STD,1,100,380,40/40,170,170,170,170,160,160,150,150,150,,,,,,LDPE HMI
3691,CA8383E,7-Jun-23,GLOBAL COMPAK,,49.68,24.23,1439AJ,STD,1,90,400,40/40,170,170,160,160,150,150,150,140,140,140,,,,,LDPE HMI
3692,IA8813E,8-Jun-23,Evergood,,55.44,24.64,1454AJ-1455AJ,STD,1,100,400,40/40,160,160,150,150,150,140,140,140,150,150,,,,,LDPE(HMI)
3693,GA7505E,8-Jun-23,TRADESPHERE,,39,58.5,1496AJ,STD,1,80,400,40/40,120,140,150,150,150,150,150,150,150,150,,,,,LDPE HMI
3694,GA4352E,8-Jun-23,ZELLER,,404.35,24.76,1459AJ-1467AJ,STD,1,80,400,40/40,180,200,180,180,180,180,180,180,180,180,,,,,PP
3695,YA16164E,8-Jun-23,EVEREST,,197.5,68.5,1497AJ-1500AJ,STD,3,8.3,32,40/40,150,150,130,130,130,140,140,,,,,,,,LDPE HMI
3696,YA16164E,8-Jun-23,EVEREST(corr),,197.76,59.63,1506AJ-1509AJ,STD,3,8.3,32,40/40,150,150,130,130,130,140,140,,,,,,,,LDPE HMI
3697,YA6053E,8-Jun-23,EVEREST,,99,63.87,1473AJ-1474AJ,STD,3,15,35,40/40,150,150,150,140,140,150,150,,,,,,,,LDPE(HMI)
3698,WA3827E,9-Jun-23,EASTERN,,1880.2,54.31,1432AJ-1438AJ; 1456AJ-1458AJ; 1523AJ-1531AJ,STD,3,6.7,19,40/40,160,180,140,120,120,180,180,,,,,,,,HDPE(HMI)
3699,DA15568E,8-Jun-23,PHIL-TOP,,48.7,116.88,1501AJ,STD,3,8.3,28,40/40,150,150,150,130,130,140,140,,,,,,,,LDPE(HMI)
3700,DA15568E,8-Jun-23,PHIL-TOP,,78.37,85.49,1502AJ-1503AJ,STD,3,8.5,26,40/40,150,150,150,130,130,140,140,,,,,,,,LDPE(HMI)
3701,OA7922E,9-Jun-23,GILVAN,,58,24.86,1532AJ-1533AJ,STD,1,65,380,40/40,170,180,180,180,180,180,180,180,180,170,170,,,,HDPE(HMI)
3702,OA14302E,9-Jun-23,INCON,,135.9,21.18,1514AJ-1516AJ,STD,1,80,400,40/40,120,140,150,150,150,150,150,150,140,140,,,,,LDPE(HMI)
3703,GA2595E,9-Jun-23,alcos global,,96.54,17.29,1510AJ-1513AJ,STD,1,70,400,40/40,220,220,220,220,220,220,220,220,230,230,,,,,VACUUM ON/COIL SCREW/NO AGITATOR/ 90-100 PPG / PET
3704,DA10063E,9-Jun-23,EVERGOOD,,47.19,80.9,1518AJ,STD,3,8.3,25,40/40,150,150,140,140,140,130,130,,,,,,,,LDPE(HMI)
3705,VA4086E,10-Jun-23,EASTERN,,486.84,54.09,1476AJ-1495AJ,STD,3,8.5,38,40/40,150,150,140,140,140,150,150,,,,,,,,VACUUM ON/LDPE(HMI)
3706,YA16164E,10-Jun-23,EVEREST(corr),,217.5,22.7,1587AJ-1591AJ,STD,1,80,380,40/40,120,140,150,150,150,150,150,150,140,140,,,,,LDPE HMI
3707,GA12628E,10-Jun-23,PLEXCO(corr),,178.34,24.6,1534AJ-1537AJ,STD,1,70,400,40/40,120,140,150,150,150,150,150,150,140,140,,,,,LDPE(HMI)
3708,GA7505E,10-Jun-23,TRADESPHERE,,29.35,20.72,1538AJ,STD,1,80,400,40/40,120,140,150,150,150,150,150,150,140,140,,,,,LDPE HMI
3709,KA5796E,10-Jun-23,INCON,,24.07,24.07,1520AJ,STD,1,80,400,40/40,180,200,180,180,180,180,180,180,180,180,,,,,PP
3710,KA5796E,10-Jun-23,INCON,,77.07,25,1521AJ-1522AJ,STD,1,100,400,40/40,180,200,180,180,180,180,180,180,180,180,,,,,PP
3711,GA15849E,12-Jun-23,Metro Container,,1874.44,63.01,1540AJ-1577AJ,STD,3,11,35,40/40,160,150,150,150,150,150,150,,,,,,,,LDPE(HMI)
3712,BA4756E,12-Jun-23,Evergood,,255,82.7,1579AJ-1584AJ,STD,3,9,40,40/40,160,160,150,150,150,140,140,,,,,,,,LDPE HMI
3713,IA8813E,13-Jun-23,EVERGOOD,,96.65,64.43,1585AJ-1586AJ,STD,3,12,35,40/40,170,170,170,160,160,160,160,,,,,,,,LDPE(HMI)
3714,KA15913E,13-Jun-23,EVEREST,,24.54,29.45,1594AJ,STD,1,80,390,40/40,180,200,180,180,180,180,180,180,180,180,180,,,,PP
3715,KA15913E,13-Jun-23,EVEREST(corr),,86.55,27.33,1595AJ-1596AJ,STD,1,80,390,40/40,180,200,180,180,180,180,180,180,180,180,180,,,,PP
3716, ZA4789E ,13-Jun-23,ISLAND(corr),,40.87,35.03,1578AJ,STD,1,80,400,60/60,170,170,170,170,160,160,160,160,150,150,150,,,,LDPE(HMI)
3717,SA14369E,14-Jun-23,RBV,,55.29,19.19,1592AJ-1593AJ,STD,3,3.2,35,40/40,160,150,150,150,150,150,150,,,,,,,,LDPE(HMI)
3718,WA16189E,14-Jun-23,NMH,,439,73.17,1386AJ-1390AJ,STD,5,15,300,60/60,180,200,180,180,180,180,180,180,180,180,,,,,PP / 52-62 PPG
3719,MA13810E,15-Jun-23,INCON,,102.1,31.42,1597AJ-1600AJ,STD,3,30,40,40/40,180,200,180,180,180,180,180,,,,,,,,PP
3720,YA16164E,15-Jun-23,EVEREST(corr),,51.76,77.64,1625AJ,STD,3,8.3,32,40/40,150,150,130,130,130,140,140,,,,,,,,LDPE HMI
3721,OA7922E,15-Jun-23,GILVAN(corr),,81.87,32.75,1619AJ-1620AJ,STD,3,28,8.3,40/40,170,170,170,160,160,150,150,,,,,,,,HDPE(HMI)
3722,OA14302E,14-Jun-23,INCON,,25,46.88,1621AJ,STD,3,7,30,40/40,160,150,150,150,150,150,150,,,,,,,,LDPE(HMI)
3723,OA14302E,14-Jun-23,INCON(corr),,142.15,52.65,1622AJ-1624AJ,STD,3,7,30,40/40,160,150,150,150,150,150,150,,,,,,,,LDPE(HMI)
3724,RA2508E,16-Jun-23,Evergood,,376,66.55,1601AJ-1608AJ,STD,3,7.5,45,60/60,150,150,150,140,140,150,150,,,,,,,,LDPE(HMI)
3725,BA4140E,16-Jun-23,EVERBRIGHT,,618,63.93,1677AJ-1701AJ,STD,3,8.3,35,60/60,160,150,140,140,140,150,150,,,,,,,,VACUUM ON/LDPE(HMI)
3726,BA4756E,16-Jun-23,EVERGOOD(corr),,102.7,75.15,1626AJ-1627AJ,STD,3,9,40,40/40,160,160,150,150,150,140,140,,,,,,,,LDPE HMI
3727,GA15849E,16-Jun-23,Metro Container,,105.65,72.86,1628AJ-1629AJ,STD,3,8,32,40/40,150,150,140,140,140,150,150,,,,,,,,LDPE(HMI)
3728,YA7418E,15-Jun-23,EVEREST,,493.91,75.99,1640AJ-1649AJ,STD,3,10,28,40/40,150,100,100,130,130,150,150,,,,,,,,VACUUM ON/LDPE(HMI)
3729,WA15466E,16-Jun-23,PRIMEPACK,,494.93,75.18,1630AJ-1634AJ,STD,5,13,430,60/60,170,160,150,140,120,170,170,170,170,170,170,,,,LDPE(HMI)
3730,WA11678E,16-Jun-23,INCON,,60,80,1650AJ,STD,5,10,360,40/40,160,160,100,100,160,160,150,150,150,150,150,150,,,LDPE(HMI)
3731,WA11678E,16-Jun-23,INCON,,152.5,76.25,1651AJ-1652AJ,STD,5,10,360,40/40,160,160,100,100,160,160,150,150,150,150,150,150,,,LDPE(HMI)
3732,GA15961E,17-Jun-23,CDC,,83.45,55.63,1668AJ-1669AJ,STD,3,30,40,40/40,150,150,140,140,140,150,150,,,,,,,,LDPE(HMI)
3733,GA15181E,17-Jun-23,MCBRIDE,,57.17,51.97,1653AJ-1654AJ,STD,3,30,40,40/40,150,150,150,140,140,150,150,,,,,,,,LDPE(HMI)
3734,YA16164E,17-Jun-23,EVEREST(tmblr),,222,68.31,1659AJ,STD,3,8.3,32,40/40,150,150,130,130,140,140,140,,,,,,,,LDPE HMI
3735,OA7922E,17-Jun-23,GILVAN(corr),,82.11,49.27,1722AJ-1723AJ,STD,3,8.3,32,40/40,180,170,160,160,150,150,150,,,,,,,,HDPE(HMI)
3736,OA7922E,17-Jun-23,GILVAN,,50,60,1724AJ,STD,3,9,36,40/40,170,170,170,160,160,150,150,,,,,,,,HDPE(HMI)
3737,OA14302E,17-Jun-23,INCON(corr),,23.58,47.16,1661AJ,STD,3,7,30,40/40,160,150,150,150,150,150,150,,,,,,,,LDPE(HMI)
3738,RA5277E,17-Jun-23,EVERGOOD,,494.78,74.97,1609AJ-1618AJ,STD,3,11,30,40/40,160,150,140,140,140,150,150,,,,,,,,VACUUM ON / LDPE(HMI)
3739,WA15190E,17-Jun-23,NMH,,5154.6,71.89,0977AJ-1029AJ,STD,5,15,300,60/60,180,200,200,180,180,180,180,180,180,190,190,,,,(52-62 PPG) / PP
3740,IA15951E,19-Jun-23,CDC,,55.5,24.67,16634AJ-1664AJ,STD,1,100,400,40/40,170,170,160,160,150,150,150,150,150,150,,,,,LDPE(HMI)
3741,BA15963E,19-Jun-23,CDC,,82.65,26.1,1666AJ-1667AJ,STD,1,90,360,40/40,170,170,160,160,150,150,150,150,150,150,,,,,LDPE(HMI)
3742,GA2595E,19-Jun-23,alcos global,,99.07,21.23,1635AJ-1638AJ,STD,1,60,400,40/40,220,220,220,220,220,220,220,220,220,220,,,,,VACUUM ON/COIL SCREW/NO AGITATOR/ 90-100 PPG / PET
3743,RA13616E,19-Jun-23,STAR PLASTIC,,128,85.33,1656AJ-1658AJ,STD,3,8.3,35,40/40,160,150,150,140,140,150,150,,,,,,,,LDPE(HMI)
3744,GA4352E,19-Jun-23,ZELLER,,306.86,53.37,1670AJ-1676AJ,STD,3,7.5,30,40/40,180,200,180,180,180,180,180,,,,,,,,PP
3745,YA16164E,20-Jun-23,EVEREST(tmblr/xtrd),,216.81,25.51,1783AJ,STD,1,90,380,40/40,140,150,150,150,150,140,140,140,150,150,,,,,LDPE HMI
3746,YA15681E,20-Jun-23,CDC,,76.86,21.96,1726AJ-1727AJ,STD,1,85,360,40/40,170,170,160,160,150,150,150,150,150,150,,,,,LDPE(HMI)
3747,GA16014E,20-Jun-23,CANLINE(corr),,110.41,25.48,1728AJ-1729AJ,STD,1,80,400,40/40,120,140,150,150,150,150,150,150,150,150,,,,,LDPE(HMI)
3748,VA4086E,19-Jun-23,EASTERN,,491.11,53.97,1702AJ-1721AJ,STD,3,8.5,38,40/40,150,150,140,140,140,150,150,,,,,,,,VACUUM ON/LDPE(HMI)
3749,BA4140E,20-Jun-23,EVERBRIGHT(error),,488.46,64.84,4473AC-4459AC,STD,3,8.3,35,60/60,150,150,140,140,140,150,150,,,,,,,,VACUUM ON/LDPE(HMI)
3750,WA12282E,21-Jun-23,PACKAGEWORLD,,143.2,63.64,1725AJ,STD,5,10,260,60/60,150,160,160,160,150,150,150,150,150,150,150,,,,Rubber / NO BLENDER (ext #5 only)
3751,SA11780E,21-Jun-23,SMYPC,,999.56,70.14,1786AJ-1806AJ,STD,3,7.1,36,40/40,180,150,130,130,140,140,150,,,,,,,,LDPE(HMI)
3752,KA4361E,21-Jun-23,INCON,,98.51,24.63,1862AJ-1865AJ,STD,1,80,400,40/40,180,200,180,180,180,180,180,180,180,180,,,,,PP
3753,GA4254E,22-Jun-23,INCON,,207.27,26.18,1854AJ-1858AJ,STD,1,80,400,40/40,180,200,180,180,180,180,180,180,180,180,,,,,PP
3754,YA16164E,22-Jun-23,EVEREST(tmblr/xtrd),,433.28,60.04,1784AJ-1785AJ,STD,3,8.3,25,40/40,150,150,130,130,130,140,140,,,,,,,,LDPE HMI
3755,WA15192E,22-Jun-23,KPC,,3048.18,73.16,1731AJ-1761AJ,STD,5,11,400,60/60,200,200,200,180,180,180,180,180,180,180,180,,,,PP
3756,YA12128E,22-Jun-23,SMYPC,,984.55,26.05,1763AJ-1782AJ,STD,3,2.5,15,40,160,140,90,90,90,110,125,,,,,,,,LDPE(HMI)
3757,VA4086E,29-Jun-23,EASTERN,,492.12,59.29,1820AJ-1839AJ,STD,3,8.5,38,40/40,150,150,140,140,140,150,150,,,,,,,,VACUUM ON/LDPE(HMI)
3758,VA4869E,23-Jun-23,EVEREST,,252.95,61.2,1809AJ-1814AJ,STD,3,20,6.7,40/40,150,150,150,150,150,130,130,,,,,,,,LDPE(HMI)
3759,WA3827E,24-Jun-23,EASTERN,,293.36,42.86,1840AJ-1842AJ,STD,5,4,360,40/40,200,200,190,180,180,180,180,180,190,190,,,,,VACUUM ON/HDPE(HMI)
3760,YA16164E,24-Jun-23,EVEREST,,1033.64,63.16,1906AJ-1926AJ,STD,3,11,28,40/40,150,140,140,130,130,140,140,,,,,,,,LDPE HMI
3761,YA16164E,24-Jun-23,EVEREST(corr),,199.41,67.22,1927AJ-1930AJ,STD,3,11,28,40/40,150,140,140,130,130,140,140,,,,,,,,LDPE HMI
3762,YA6053E,26-Jun-23,EVEREST,,987.25,65.82,1886AJ-1905AJ,STD,3,9.5,35,40/40,150,150,150,140,140,150,150,,,,,,,,LDPE(HMI)
3763,WA15771E,26-Jun-23,SANICON,,96.48,77.18,1807AJ,STD,5,20,380,40/40,170,170,170,170,170,170,170,160,160,150,150,,,,LDPE HMI
3764,WA16189E,26-Jun-23,NMH,,1010.31,50.1,1931AJ-1940AJ,STD,5,15,300,60/60,180,200,180,180,180,180,180,180,180,180,,,,,PP / 52-62 PPG
3765,GA2595E,29-Jun-23,In-house,,20.2,24.24,1959AJ,STD,1,60,400,40/40,220,220,220,220,220,220,220,220,220,220,,,,,VACUUM ON/COIL SCREW/NO AGITATOR/ 90-100 PPG / PET
3766,GA2595E,27-Jun-23,In-house,,150,21.95,1960AJ-1963AJ; 1968AJ-1969AJ,STD,1,60,400,40/40,220,220,220,220,220,220,220,220,220,220,,,,,VACUUM ON/COIL SCREW/NO AGITATOR/ 90-100 PPG / PET
3767,YA5124E,27-Jun-23,EVERGOOD,,510.21,54.18,1941AJ-1951AJ,STD,5,300,430,40/40,180,180,170,170,170,170,160,160,160,160,160,,,,LDPE(HMI)
3768,BA9159E,29-Jun-23,EVEREST,,249.24,66.46,1952AJ-1956AJ,STD,3,8.3,22,40/40,150,130,110,110,130,140,140,,,,,,,,VACUUM ON/LDPE(HMI)
3769,BA14168E,27-Jun-23,GENSTAR,,129.88,48.1,1859AJ-1861AJ,STD,3,7.5,45,40/40,150,150,150,150,140,140,140,,,,,,,,LDPE(HMI)
3770,BA13023E,27-Jun-23,GENSTAR,,250,45.45,1843AJ-1847AJ,STD,3,7.2,40,40/40,150,150,140,140,140,140,140,,,,,,,,LDPE(HMI)
3771,BA13023E,27-Jun-23,GENSTAR,,256.92,43.67,1848AJ-1853AJ,STD,3,7.2,40,40/40,150,150,140,140,140,140,140,,,,,,,,LDPE(HMI)
3772,BA12861E,26-Jun-23,AG CANPRINT,,250.9,50.96,1815AJ-1819AJ,STD,3,8.3,45,40/40,180,200,180,180,180,180,180,,,,,,,,PP
3773,KA8595E,28-Jun-23,INCON,,82.63,25.42,1971AJ-1972AJ,STD,1,80,400,40/40,180,200,180,180,180,180,180,180,180,180,,,,,PP
3774,KA8595E,28-Jun-23,INCON(re-ext),,73.17,25.09,1973AJ,STD,1,80,400,40/40,180,200,180,180,180,180,180,180,180,180,,,,,PP
3775,YA7418E,29-Jun-23,EVEREST,,990.62,72.48,1866AJ-1885AJ,STD,5,20,380,40/40,170,170,170,170,170,160,160,160,160,160,160,160,,,LDPE(HMI)
3776,IA16062E,29-Jun-23,EIGHT CUBE,,53.99,22.04,1974AJ-1975AJ,STD,1,100,400,60/60,210,220,220,220,220,220,220,220,220,220,,,,,PET / 90-100 PPG
3777,TA15997E,29-Jun-23,MIRAI,,104.41,25.06,1957AJ-1958AJ,STD,1,80,400,40/40,120,140,150,150,150,150,150,150,140,140,,,,,LDPE(HMI)
3778,RA16055E,29-Jun-23,ARCANE PLASTIC,,29.16,12.5,1970AJ,STD,1,80,400,60/60,120,140,150,150,150,150,150,150,140,140,,,,,LDPE(HMI)
3779,MA7758E,30-Jun-23,CYBERMANN,,499.07,48.69,1976AJ-1995AJ,STD,5,90,400,40/40,200,200,180,180,180,180,180,180,180,180,180,,,,PP
3780,KA8595E,30-Jun-23,INCON,,76,20.73,1998AJ-1999AJ,STD,1,80,400,40/40,180,200,180,180,180,180,180,180,180,180,,,,,PP
3781,RA12372E,1-Jul-23,SPI,,496.36,80.69,2001AJ-2010AJ,STD,5,180,400,60/60,170,170,170,170,170,160,160,160,160,160,160,,,,LDPE(HMI)
3782,BA15050E,1-Jul-23,PACKAGEWORLD,,98,43.56,1996AJ-1997AJ,STD,5,17,380,40/40,160,160,160,160,150,150,150,150,150,150,150,,,,LL38
3783,BA12556E,1-Jul-23,PACKAGEWORLD,,478,60,2011AJ-2012AJ,STD,3,14.2,28,60/60,140,150,150,150,150,150,150,,,,,,,,RUBBER
3784,BA12556E,1-Jul-23,PACKAGEWORLD,,3987.4,63.38,2044AJ-2059AJ,STD,3,14.2,28,60/60,140,150,150,150,150,150,150,,,,,,,,RUBBER
3785,KA2871E,3-Jul-23,EVEREST,,1255.34,91.41,2017AJ-2042AJ,STD,5,350,20,40/40,160,160,160,160,150,150,150,150,150,150,150,,,,VACUUM ON/LDPE(HMI)
3786,GA2595E,4-Jul-23,alcos global,,99,21.6,2061AJ-2064AJ,STD,1,60,400,40/40,220,220,220,220,220,220,220,220,220,220,,,,,VACUUM ON/COIL SCREW/NO AGITATOR/ 90-100 PPG / PET
3787,WA3827E,4-Jul-23,IN-HOUSE,,293.76,53.4,2014AJ-2016AJ,STD,5,4,360,40/40,200,200,180,180,180,180,180,180,180,180,,,,,VACUUM ON/HDPE(HMI)
3788,TA15877E,4-Jul-23,ADVANCED MOLDING,,248.65,64.92,2106AJ-2110AJ,STD,5,20,380,40/40,170,170,170,170,170,170,160,160,160,150,150,,,,LDPE(HMI) / 80-100 PPG
3789,RA2508E,5-Jul-23,Evergood,,495.33,70.76,2111AJ-2121AJ,STD,8,11,300,60/60,170,170,170,160,160,160,160,150,150,150,150,150,,,LDPE(HMI)
3790,IA1770E,4-Jul-23,EVERBRIGHT,,1012.58,51.93,2065AJ-2105AJ,STD,5,140,340,60/60,160,160,160,160,160,160,160,160,160,150,150,,,,VACUUM ON/LDPE(HMI)
3791,WA13000E,5-Jul-23,PREMIER,,985.48,53.66,2125AJ-2134AJ,STD,3,8.3,25,40/40,160,150,150,150,150,150,150,,,,,,,,LDPE(HMI)
3792,YA13953E,6-Jul-23,AG CANPRINT,,127.5,25.08,2122AJ-2124AJ,STD,1,80,400,40/40,120,140,150,150,150,150,150,150,150,140,140,,,,LDPE HMI
3793,KA8595E,6-Jul-23,INCON,,27.59,24.34,2148AJ,STD,1,80,400,40/40,180,200,180,180,180,180,180,180,180,180,,,,,PP
3794,YA14431E,7-Jul-23,TERUMO,,1012.28,24.99,2190AJ-2230AJ,STD,1,80,250,40/40,180,200,180,180,180,180,180,180,180,180,,,,,3mmx3mm Pellet size
3795,WA15123E,7-Jul-23,GILVAN,,3026.65,64.16,2231AJ-2261AJ,STD,3,15,40,60/60,150,150,140,140,140,140,140,,,,,,,,LDPE(HMI)
3796,RA15101E,7-Jul-23,21st Century,,2003.72,99.82,2262AJ-2302AJ,STD,8,21,380,40/40,190,190,180,180,170,170,170,160,160,160,150,150,,,LDPE(HMI)
3797,RA7886E,7-Jul-23,EASTERN,,130.12,65.06,2141AJ-2143AJ,STD,3,7.5,380,40/40,150,150,150,140,140,150,150,,,,,,,,LDPE HMI
3798,KA8595E,7-Jul-23,INCON,,3.98,23.88,2306AJ,STD,8,120,350,40/40,180,200,200,180,180,180,180,180,180,180,180,180,,,PP
3799,KA8595E,8-Jul-23,INCON,,4.64,18.56,2314AJ,STD,1,80,400,-,180,200,180,180,180,180,180,180,180,180,,,,,PP / NO SCREEN
3800,KA8595E,8-Jul-23,INCON,,4.86,16.2,2315AJ,STD,1,80,400,-,180,200,180,180,180,180,180,180,180,180,,,,,PP / NO SCREEN
3801,BA14432E,8-Jul-23,TERUMO,,1014.03,25.04,2149AJ-2189AJ,STD,1,80,250,40/40,180,180,180,180,180,180,180,180,180,180,,,,,3mmx3mm Pellet size
3802,RA7310E,11-Jul-23,Phil-top,,247.82,50.75,2389AJ-2398AJ,STD,8,10,165,40/40,180,180,180,170,170,170,160,160,160,160,160,,,,LDPE HMI
3803,GA15221E,12-Jul-23,PHIL-TOP,,128.84,30.92,2338AJ-2340AJ,STD,1,80,400,40/40,120,140,150,150,150,150,150,150,140,140,,,,,LDPE HMI
3804,RA5277E,11-Jul-23,EVERGOOD,,501.74,81.36,2324AJ-2334AJ,STD,8,12,350,40/40,180,180,170,170,170,170,170,160,160,160,160,160,,,LDPE(HMI)
3805,BA12556E,11-Jul-23,PACKAGEWORLD(re-ext),,539.1,65.08,2313AJ,STD,3,14.2,28,60/60,130,120,120,120,120,120,120,,,,,,,,RUBBER
3806,WA15466E,10-Jul-23,PRIMEPACK,,494.24,68.64,2136AJ-2140AJ,STD,3,10,18,60/60,150,150,150,150,150,150,150,,,,,,,,LDPE(HMI)
3807,BA7883E,11-Jul-23,EASTERN,,109.68,25.31,2144AJ-2146AJ,STD,1,80,400,60/60,160,180,180,180,180,180,180,180,160,160,,,,,HDPE HMI
3808,BA12618E,11-Jul-23,PHIL-TOP,,118.9,71.34,2419AJ-2421AJ,STD,5,20,380,40/40,170,170,170,170,170,170,160,160,160,150,150,,,,LDPE HMI
3809,BA3925E,11-Jul-23,Evergood(corr),,189,73.16,2319AJ-2322AJ,STD,5,180,410,40/40,180,180,150,150,170,160,160,150,150,140,140,,,,LDPE(HMI)
3810,BA3925E,11-Jul-23,Evergood,,10,40,2323AJ,STD,5,180,410,40/40,180,180,150,150,170,160,160,150,150,140,140,,,,LDPE(HMI)
3811,YA6053E,12-Jul-23,EVEREST,,1000,74.26,2399AJ-2418AJ,STD,5,230,330,40/40,190,190,110,110,170,170,170,170,160,160,160,,,,VACUUM ON / LDPE(HMI)
3812,WA3827E,12-Jul-23,IN-HOUSE,,538.76,56.71,2316AJ-2318AJ; 2335AJ-2336AJ,STD,5,4,360,40/40,200,200,190,180,180,180,180,180,180,180,,,,,VACUUM ON/HDPE(HMI)
3813,KA9045E,12-Jul-23,EVEREST,,1979.4,72.42,2343AJ-2382AJ,STD,8,13,300,40/40,170,170,170,170,170,160,160,160,160,160,150,150,,,LDPE HMI
3814,KA9045E,12-Jul-23,EVEREST,,268.7,71.65,2383AJ-2388AJ,STD,8,13,300,40/40,170,170,170,170,170,160,160,160,160,160,150,150,,,LDPE HMI
3815,KA8595E,11-Aug-23,INCON,,8.09,5.71,2492AJ,STD,6,15,245,-,170,180,180,180,180,,,,,,,,,,PP
3816,TA15877E,12-Jul-23,ADVANCED MOLDING,,257,30.84,2307AJ-2312AJ,STD,1,80,400,40/40,120,140,150,150,150,150,150,150,150,150,,,,,LDPE(HMI) / 80-100 PPG
3817,YA6053E,13-Jul-23,EVEREST,,987.56,73.42,2468AJ-2488AJ,STD,5,230,320,40/40,190,190,110,110,170,170,170,170,160,160,160,,,,VACUUM ON / LDPE(HMI)
3818,YA14431E,13-Jul-23,TERUMO,,37.96,28.47,2426AJ-2427AJ,STD,1,55,250,40/40,180,200,180,180,180,180,180,180,180,180,,,,,3mmx3mm Pellet size
3819,RA5277E,14-Jul-23,EVERGOOD,,503.12,73.63,2428AJ-2437AJ,STD,8,13,350,40/40,180,180,170,170,170,170,170,170,170,170,160,160,,,LDPE(HMI)
3820,KA4595E,14-Jul-23,EVERGOOD,,153.38,68.17,2422AJ-2425AJ,STD,8,12,280,40/40,170,170,170,170,160,160,160,160,160,160,150,150,,,LDPE(HMI)
3821,BA7924E,14-Jul-23,AMAZON,,300,78.26,2494AJ-2499AJ,STD,5,100,400,40/40,180,180,180,180,180,180,180,180,160,160,160,,,,HDPE(HMI)
3822,BA7924E,14-Jul-23,AMAZON,,210.18,68.17,2500AJ-2504AJ,STD,5,100,400,40/40,180,180,180,180,180,180,180,180,160,160,160,,,,HDPE(HMI)
3823,VA13514E,14-Jul-23,PRESTIGE,,77.28,49.86,2508AJ-2509AJ,STD,5,15,300,40/40,180,200,180,180,180,180,180,180,180,180,,,,,PP
3824,GA13703E,14-Jul-23,PRESTIGE,,125.8,48.7,2541AJ-2543AJ,STD,5,15,300,40/40,180,200,180,180,180,180,180,180,180,180,180,,,,PP
3825,WA15190E,14-Jul-23,NMH,,4939.3,60.11,2546AJ-2595AJ,STD,3,8.3,36,60/60,180,200,180,180,180,180,180,,,,,,,,(52-62 PPG) / PP
3826,WA1815E,14-Jul-23,NPPET GLOBAL,,46.75,35.06,2505AJ,STD,3,7.3,3.6,60/60,150,140,120,120,130,130,130,,,,,,,,LDPE(HMI)
3827,WA13000E,14-Jul-23,PREMIER,,59,50.57,2341AJ,STD,3,8.3,25,40/40,150,150,150,140,140,150,150,,,,,,,,LDPE(HMI)
3828,GA12984E,15-Jul-23,PLEXCO,,177.21,68.6,2613AJ-2616AJ,STD,8,16,380,40/40,170,170,170,170,170,160,160,160,160,160,150,150,,,LDPE HMI
3829,GA14397E,15-Jul-23,PREMIER,,100,50,2607AJ-2608AJ,STD,8,16,360,40/40,170,170,170,170,170,170,160,160,160,160,150,150,,,LDPE(HMI)
3830,GA8074E,15-Jul-23,ALPHATECH,,24.44,48.88,2304AJ,STD,8,12,350,40/40,170,170,170,170,160,160,160,160,160,160,150,150,,,LDPE HMI
3831,KA3541E,15-Jul-23,ZELLER,,54.2,54.2,2493AJ,STD,8,8,350,40/40,180,200,180,180,180,180,180,180,180,180,180,180,,,PP
3832,RA13698E,15-Jul-23,Prestige,,80.81,51.04,2490AJ-2491AJ, STD ,8,15,300,40/40,180,200,180,180,180,180,180,180,180,180,180,,,,PP
3833,BA9159E,15-Jul-23,EVEREST,,1482.48,68.16,2438AJ-2467AJ,STD,5,330,11,40/40,180,180,110,111,170,170,150,150,150,160,160,,,,LDPE HMI
3834,OA14302E,17-Jul-23,INCON,,28.56,50.4,2621AJ,STD,8,7,300,40/40,160,160,160,160,150,150,150,150,150,150,140,140,,,LDPE(HMI)
3835,YA5993E,17-Jul-23,EVERGOOD,,493.95,68.13,2597AJ-2606AJ,STD,8,12,350,40/40,180,180,170,170,170,170,170,170,170,170,160,160,,,LDPE(HMI)
3836,DA13047E,15-Jul-23,PLEXCO,,177.85,68.85,2617AJ-2620AJ,STD,8,20,300,40/40,170,170,170,170,170,170,160,160,160,150,150,150,,,LDPE HMI
3837,DA13055E,15-Jul-23,PLEXCO,,153.04,67.02,2610AJ-2611AJ,STD,8,16,300,40/40,180,180,170,170,170,170,160,160,160,160,180,180,,,LDPE HMI
3838,DA13049E,17-Jul-23,PLEXCO,,27.49,58.91,2609AJ,STD,8,20,380,40/40,170,170,170,170,170,170,160,160,160,150,150,,,,LDPE HMI
3839,VA4086E,18-Jul-23,ALPHATECH,,196.56,47.17,2623AJ-2630AJ,STD,5,20,380,40/40,170,170,170,170,170,170,170,160,160,150,150,,,,VACUUM ON/LDPE(HMI)
3840,BA3925E,17-Jul-23,Evergood(corr),,41.68,50.02,2596AJ,STD,5,180,410,40/40,180,180,150,150,170,160,160,150,150,140,140,,,,LDPE(HMI)
3841,BA13652E,17-Jul-23,PRESTIGE,,78.65,47.19,2506AJ-2507AJ,STD,5,15,300,40/40,180,200,180,180,180,180,180,180,180,180,180,,,,PP
3842,KA8595E,17-Jul-23,INCON,,37.39,56.09,2644AJ,STD,8,15,300,40/40,180,200,180,180,180,180,180,180,180,180,,,,,PP
3843,WA15135E,18-Jul-23,HERITAGE,,95.38,63.58,2305AJ,STD,3,8.2,18,60/60,130,90,90,90,90,120,120,,,,,,,,LDPE(HMI)
3844,GA6246E,18-Jul-23,PLASTIMER(corr),,74.67,44.8,2673AJ-2674AJ,STD,8,7,300,40/40,180,200,180,180,180,180,180,180,180,180,180,,,,PP
3845,GA15221E,18-Jul-23,PHIL-TOP,,134.5,73.36,2657AJ-2659AJ,STD,8,10,280,40/40,170,170,170,170,160,160,160,160,160,160,150,150,,,LDPE HMI
3846,BA7924E,19-Jul-23,AMAZON,,531.5,89.08,2662AJ-2672AJ,STD,5,100,400,40/40,180,180,180,180,180,180,180,180,160,160,160,,,,HDPE(HMI)
3847,WA11678E,19-Jul-23,INCON,,198.1,73.37,2646AJ-2647AJ,STD,3,10.3,28,40/40,150,150,150,150,140,140,140,,,,,,,,LDPE(HMI)
3848,GA14397E,19-Jul-23,PREMIER(corr),,105.24,78.93,2766AJ-2767AJ,STD,8,16,360,40/40,170,170,170,170,170,170,160,160,160,160,150,150,,,LDPE(HMI)
3849,KA9045E,19-Jul-23,EVEREST(corr),,270.03,73.64,2649AJ-2653AJ,STD,8,8,300,40/40,170,170,170,170,160,160,160,160,160,160,150,150,,,LDPE HMI
3850,RA7886E,19-Jul-23,EASTERN,,504.67,77.64,2631AJ-2641AJ,STD,8,10.9,400,40/40,170,170,170,170,160,160,160,160,160,160,150,150,,,LDPE HMI
3851,OA14302E,18-Jul-23,INCON,,24.58,54.62,2622AJ,STD,8,7,300,40/40,160,160,160,160,150,150,150,150,150,150,140,140,,,LDPE(HMI)
3852,WA15123E,20-Jul-23,GILVAN,,3025,66.55,2510AJ-2540AJ,STD,3,12,34,60/60,150,150,140,140,140,140,140,,,,,,,,LDPE(HMI)
3853,BA4140E,20-Jul-23,EVERBRIGHT,,589.55,69.36,2718AJ-2741AJ,STD,5,21,380,60/60,170,170,170,170,170,170,160,160,150,150,150,,,,VACUUM ON/LDPE(HMI)
3854,KA9045E,20-Jul-23,EVEREST(corr),,137.43,68.15,2771AJ-2773AJ,STD,8,8,300,40/40,170,170,170,170,160,160,160,160,160,160,150,150,,,LDPE HMI
3855,YA15776E,20-Jul-23,SANICON,,103.85,67,2660AJ-2661AJ,STD,8,10,350,40/40,170,170,170,170,160,160,160,160,160,160,150,150,,,LDPE HMI
3856,VA13514E,20-Jul-23,PRESTIGE,,52.4,48.37,2782AJ,STD,5,15,300,40/40,180,180,180,180,180,180,180,180,180,180,180,,,,PP
3857,BA15050E,20-Jul-23,PACKAGEWORLD,,136.95,41.09,2715AJ-2717AJ,STD,5,17,380,40/40,160,160,160,160,150,150,150,150,150,150,150,,,,LL38
3858,BA16119E,20-Jul-23,GLOBE-PACK,,101.38,25.35,2777AJ-2778AJ,STD,5,20,380,60/60,170,170,170,170,170,160,160,160,150,150,150,,,,LDPE HMI
3859,KA8595E,20-Jul-23,INCON,,50.8,60.96,2806AJ,STD,8,7,300,40/40,180,200,180,180,180,180,180,180,180,180,,,,,PP
3860,DA13055E,21-Jul-23,PLEXCO(corr),,175,75,2834AJ-2837AJ,STD,8,10,300,40/40,180,180,170,170,160,160,160,160,160,160,170,170,,,LDPE HMI
3861,DA13047E,21-Jul-23,PLEXCO(corr),,201.79,80.72,2762AJ-2765AJ,STD,8,10,300,40/40,170,170,170,170,160,160,160,160,160,150,150,150,,,LDPE HMI
3862,DA13049E,21-Jul-23,PLEXCO,,25.39,76.17,2768AJ,STD,8,9,380,40/40,170,170,170,170,160,160,160,160,160,150,150,,,,LDPE HMI
3863,DA13049E,21-Jul-23,PLEXCO(corr),,29.68,63.6,2769AJ,STD,8,9,380,40/40,170,170,170,170,160,160,160,160,160,150,150,,,,LDPE HMI
3864,DA13049E,21-Jul-23,PLEXCO,,124.42,93.32,2779AJ-2781AJ,STD,8,9,380,40/40,170,170,170,170,160,160,160,160,160,150,150,,,,LDPE HMI
3865,WA15071E,21-Jul-23,PACKAGEWORLD,,385.74,40.25,2711AJ-2714AJ,STD,3,9,34,40/40,150,150,150,150,150,150,150,,,,,,,,LL38
3866,VA4086E,21-Jul-23,EASTERN,,983.4,71.52,2742AJ-2761AJ; 2785AJ-2804AJ,STD,5,20,380,40/40,170,170,170,170,170,170,170,160,160,160,160,,,,VACUUM ON/LDPE(HMI)
3867,BA15671E,21-Jul-23,PREMIER,,51.85,62.22,2827AI,STD,5,20,360,40/40,170,170,110,110,160,160,150,150,150,150,150,150,,,LDPE(HMI)
3868,WA15192E,22-Jul-23,KPC,,2960.43,65.3,2675AJ-2704AJ,STD,3,8.5,36,60/60,200,200,180,180,180,180,200,,,,,,,,PP
3869,WA15856E,22-Jul-23,I-TUNG,,100.83,60.5,2783AJ,STD,3,12,28,40/40,150,150,150,150,150,130,130,,,,,,,,LDPE(HMI)
3870,GA7119E,22-Jul-23,METRO CONT.,,100,70.59,2849AJ-2850AJ,STD,8,11,380,40/40,170,170,170,170,170,170,160,160,160,150,150,150,,, LDPE(HMI) 
3871,GA7119E,22-Jul-23,METRO CONT.,,97.86,69.08,2851AJ-2852AJ,STD,8,11,380,40/40,170,170,170,170,170,170,160,160,160,150,150,150,,, LDPE(HMI) 
3872,GA6050E,22-Jul-23,GLOBAL KONTEINER,,53.04,45.46,2840AJ-2841AJ,STD,8,11,280,40/40,180,200,180,180,180,180,180,180,180,180,180,180,,,PP
3873,GA12984E,22-Jul-23,PLEXCO(corr),,191.84,80,2706AJ-2709AJ,STD,8,8,300,40/40,170,170,170,170,170,160,160,160,160,160,150,150,,,LDPE HMI
3874,GA15221E,22-Jul-23,PHIL-TOP(corr),,143.72,67.9,2807AJ-2809AJ,STD,8,8,300,40/40,170,170,170,170,160,160,160,160,160,160,150,150,,,LDPE HMI
3875,OA14302E,21-Jul-23,INCON(corr),,29.9,50,2774AJ,STD,8,7,300,40/40,160,160,160,160,150,150,150,150,150,150,140,140,,,LDPE(HMI)
3876,KA8595E,22-Jul-23,INCON(corr),,51.72,18.47,2855AJ-2856AJ,STD,1,60,290,40/40,160,170,170,170,170,170,170,170,170,170,,,,,PP
3877,KA8595E,22-Jul-23,INCON(corr),,63.72,47.79,2894AJ-2895AJ,STD,8,7,300,40/40,180,200,180,180,180,180,180,180,180,180,,,,,PP
3878,KA9045E,24-Jul-23,EVEREST(corr),,455.6,78.1,2842AJ-2848AJ; 2896AJ-2898AJ,STD,8,10,280,40/40,170,170,170,170,160,160,160,160,160,160,150,150,,,LDPE HMI
3879,YA5917E,24-Jul-23,EVERGOOD,,257.37,68.63,2821AJ-2826AJ,STD,8,14,400,40/40,170,170,170,170,160,160,160,160,160,160,150,150,,,LDPE(HMI)
3880,RA7886E,25-Jul-23,EASTERN,,301,76.53,2888AJ-2893AJ,STD,8,9.2,350,40/40,170,170,170,170,160,160,160,160,160,160,150,150,,,LDPE HMI
3881,YA5124E,25-Jul-23,EVERGOOD,,501.87,79.24,2810AJ-2820AJ,STD,8,11,280,40/40,170,170,170,170,160,160,160,160,160,160,150,150,,,LDPE(HMI)
3882,BA12556E,25-Jul-23,PACKAGE WORLD,,6195.75,65,2858AJ-2882AJ,STD,5,12,400,60/60,160,160,160,160,150,150,150,150,150,150,150,,,,RUBBER
3883,YA15448E,25-Jul-23,CEBU JUNTRADE,,256.91,68.82,2828AJ-2833AJ,STD,8,12,380,60/60,170,170,170,170,170,170,160,160,160,160,150,150,,,LDPE(HMI)
3884,GA7119E,25-Jul-23,METRO CONT.,,428.81,70.49,2954AJ-2962AJ,STD,8,11,380,40/40,170,170,170,170,170,170,160,160,160,160,150,150,,, LDPE(HMI) 
3885,GA16014E,26-Jul-23,CANLINE(corr),,117.14,68.24,2933AJ-2936AJ,STD,8,9,380,40/40,170,170,170,170,160,160,160,160,160,160,150,150,,,LDPE(HMI)
3886,YA13953E,26-Jul-23,AG CANPRINT(corr),,123.63,57.06,2939AJ-2941AJ,STD,8,28,400,40/40,170,170,160,160,160,160,150,150,150,150,150,150,,,LDPE HMI
3887,DA13049E,26-Jul-23,PLEXCO(corr),,196.1,78.44,2938AJ; 2943AJ-2946AJ,STD,8,9,380,40/40,170,170,170,170,160,160,160,160,160,150,150,,,,LDPE HMI
3888,BA15671E,26-Jul-23,PREMIER,,50.71,60.85,2947AJ,STD,8,10,250,40/40,170,170,170,170,160,160,160,160,160,150,150,150,,,LDPE(HMI)
3889,GA13854E,26-Jul-23,REIMAGINE,,98.54,57.96,2952AJ-2953AJ,STD,8,10,400,40/40,170,170,170,170,160,160,160,160,160,160,150,150,,,LDPE(HMI)
3890,RA12860E,27-Jul-23,AG CANPRINT,,126.77,61.84,2963AJ-2967AJ,STD,8,8,300,40/40,180,200,180,180,180,180,180,180,180,180,180,,,,PP
3891,BA16168E,27-Jul-23,PREMIER,,103.71,64.82,3026AJ-3027AJ,STD,8,8,300,40/40,170,170,170,170,160,160,160,160,160,160,150,150,,,LDPE HMI
3892,WA3028E,27-Jul-23,H & E,,30.83,52.85,3032AJ,STD,3,30,40,40/40,150,150,150,150,150,150,150,,,,,,,,LDPE HMI
3893,KA9045E,27-Jul-23,EVEREST(corr),,332.1,71.16,2968AJ-2974AJ,STD,8,10,280,40/40,170,170,170,170,160,160,160,160,160,160,150,150,,,LDPE HMI
3894,GA12984E,27-Jul-23,PLEXCO(corr),,191.21,76.48,2948AJ-2951AJ,STD,8,9,300,40/40,170,170,170,170,160,160,160,160,160,150,150,,,,LDPE HMI
3895,WA3827E,28-Jul-23,IN-HOUSE,,362.88,51.84,2784AJ; 2838AJ-2839AJ,STD,3,6.7,19,40/40,160,180,140,120,120,180,180,,,,,,,,HDPE(HMI)
3896,BA9159E,29-Jul-23,EVEREST,,1485.06,90.74,2975AJ-3004AJ,STD,8,10,350,40/40,170,170,170,170,160,160,160,160,160,160,150,150,,,LDPE(HMI)
3897,TA15557E,28-Jul-23,I-TUNG,,198.22,66.07,3028AJ-3031AJ,STD,8,10,280,40/40,170,170,170,170,170,160,160,160,160,150,150,150,,,LDPE(HMI)
3898,IA15764E,28-Jul-23,I-TUNG,,104.17,62.5,3044AJ-3045AJ,STD,8,10,280,40/40,170,170,170,170,160,160,160,160,160,160,150,150,,,LDPE(HMI)
3899,WA12282E,28-Jul-23,PACKAGEWORLD,,7230.5,64,2904AJ-2932AJ,STD,5,10,260,60/60,160,160,160,160,150,150,150,150,150,150,150,,,,Rubber / NO BLENDER (ext #5 only)
3900,DA13047E,28-Jul-23,PLEXCO,,25,100,2899AJ,STD,8,10,300,40/40,170,170,170,170,160,160,160,160,160,150,150,150,,,LDPE HMI
3901,DA13047E,28-Jul-23,PLEXCO(corr),,186.94,80.22,2900AJ-2903AJ,STD,8,10,300,40/40,170,170,170,170,160,160,160,160,160,160,150,150,,,LDPE HMI
3902,RA2508E,30-Jul-23,Evergood,,511.03,54.95,3033AJ-3043AJ,STD,8,7.5,400,60/60,170,170,170,170,160,160,160,160,160,160,150,150,,,LDPE(HMI)
3903,DA5176E,28-Jul-23,EVEREST,,1016.79,84.73,3005AJ-3025AJ,STD,8,12,350,40/40,170,170,170,170,160,160,160,160,160,160,150,150,,,LDPE(HMI)
3904,DA5173E,31-Jul-23,EVEREST,,506.67,69.09,3115AJ-3125AJ,STD,3,10,20,40/40,150,140,130,130,130,130,150,,,,,,,,VACUUM ON / LDPE(HMI)
3905,OA2469E,31-Jul-23,H & E,,247.6,75.41,2883AJ-2887AJ,STD,8,12,300,40/40,170,170,170,170,170,160,160,160,160,160,180,180,,,LDPE(HMI)
3906,GA3383E,31-Jul-23,IN-HOUSE,,531.4,92.42,3052AJ-3063AJ,STD,8,20,400,40/40,170,170,170,170,170,170,160,160,160,150,150,150,,,VACUUM ON / LDPE(HMI)
3907,DA13049E,31-Jul-23,PLEXCO(corr),,162.98,47.7,3129AJ-3132AJ,STD,3,30,40,40/40,150,150,140,140,140,130,130,,,,,,,,LDPE HMI
3908,RA12739E,1-Aug-23,SMYPC,,300,102.86,3137AJ-3142AJ,STD,8,14,300,40/40,170,170,170,170,160,160,160,160,160,150,150,150,,,LDPE HMI
3909,RA12739E,1-Aug-23,SMYPC,,2729.19,102.15,3143AJ-3197AJ,STD,8,14,300,40/40,170,170,170,170,160,160,160,160,160,150,150,150,,,LDPE HMI
3910,BA9910E,3-Aug-23,Everest,,254.05,51.5,3101AJ-3106AJ,STD,3,6.5,26,40/40,150,150,150,150,140,140,140,,,,,,,,LDPE HMI
3911,BA5327E,2-Aug-23,EVEREST,,374.81,53.54,3107AJ-3114AJ, STD ,3,6,45,40/40,170,170,150,150,140,140,140,,,,,,,,LDPE(HMI)
3912,BA12615E,1-Aug-23,PLEXCO,,254.91,44.08,3095AJ-3100AJ,STD,3,8.3,42,40/40,150,140,130,130,130,140,140,,,,,,,,LDPE HMI
3913,BA16119E,1-Aug-23,GLOBE-PACK,,201.95,26.69,3048AJ-3049AJ; 3126AJ-3127AJ,STD,3,4.7,22,60/60,180,170,120,120,120,140,140,,,,,,,,LDPE HMI
3914,KA9045E,2-Aug-23,EVEREST(corr),,247.2,74.16,3198AJ-3202AJ,STD,8,8,300,40/40,170,170,170,170,160,160,160,160,160,160,150,150,,,LDPE HMI
3915,BA9159E,1-Aug-23,EVEREST,,1528.43,63.68,3064AJ-3094AJ,STD,3,8.3,38,40/40,150,140,100,100,100,140,140,,,,,,,,VACUUM ON/LDPE(HMI)
3916,CA7876E,3-Aug-23,EASTERN,,57.12,45.85,3429AJ-3430AJ,STD,3,3,26,40/40,150,150,150,140,140,140,130,,,,,,,,LDPE(HMI)
3917,GA4921E,3-Aug-23,Everest,,250.34,55.63,3244AJ-3248AJ,STD,8,14,380,40/40,180,180,180,170,170,170,170,160,160,160,170,170,,,LDPE(HMI)
3918,DA7892E,3-Aug-23,Evergood,,259.85,97.44,3423AJ-3428AJ,STD,8,10,300,40/40,170,170,170,170,160,160,160,160,160,160,150,150,,,LDPE HMI
3919,DA5176E,29-Jul-23,EVERGOOD,,99.61,91.95,3050AJ-3051AJ,STD,8,13,300,40/40,180,180,170,170,170,160,160,160,160,160,180,180,,,LDPE(HMI)
3920,DA5176E,2-Aug-23,IN-HOUSE(corr),,1116.59,91.77,3255AJ-3277AJ,STD,8,11,360,40/40,170,170,170,170,160,160,160,160,160,160,150,150,,,LDPE(HMI)
3921,GA12984E,1-Aug-23,PLEXCO(corr),,194.23,82.07,3133AJ-3136AJ,STD,8,9,400,40/40,170,170,170,170,160,160,160,160,160,160,150,150,,,LDPE HMI
3922,DA15377E,4-Aug-23,CDC,,130.49,66.92,3468AJ-3470AJ,STD,8,8,300,40/40,170,170,170,170,160,160,160,160,160,160,150,150,,,LDPE(HMI)
3923,WA3827E,4-Aug-23,IN-HOUSE,,244.48,68.23,3249AJ-3250AJ,STD,8,8.5,290,40/40,200,200,200,200,180,180,180,180,180,170,170,170,,,HDPE(HMI)
3924,BA9159E,4-Aug-23,EVEREST(corr),,1524.65,94.6,3203AJ-3233AJ,STD,8,10,300,40/40,170,170,170,170,160,160,160,160,160,160,150,150,,,LDPE(HMI)
3925,WA15466E,4-Aug-23,BESTWIN ENT.,,500,75,3433AJ-3437AJ,STD,5,140,380,60/60,170,160,140,120,170,170,170,170,170,170,170,,,,LDPE(HMI)
3926,WA15190E,4-Aug-23,NMH,,10025.94,75,3279AJ-3380AJ,STD,5,10,300,60/60,180,200,200,180,180,180,180,180,180,200,200,,,,(52-62 PPG) / PP
3927,RA16055E,7-Aug-23,ARCANE PLASTIC,,50,33.33,3254AJ,STD,8,7.3,360,60/60,170,170,170,170,170,160,160,160,160,150,150,150,,,LDPE(HMI)
3928,IA15368E,5-Aug-23,CDC,,204.22,70.02,3471AJ-3472AJ; 3515AJ-3517AJ,STD,8,20,310,40/40,170,170,170,170,160,160,160,160,160,160,170,170,,,LDPE(HMI)
3929,VA4086E,5-Aug-23,EASTERN,,785.74,68.13,3381AJ-3392AJ; 3438AJ-3457AJ,STD,8,19,300,40/40,180,180,170,170,160,160,160,160,160,160,180,180,,,VACUUM ON/LDPE(HMI)
3930,YA5124E,5-Aug-23,EVERGOOD,,54.08,30.9,3278AJ,STD,8,12,350,40/40,170,170,170,170,160,160,160,160,160,150,150,150,,,LDPE(HMI)
3931,GA3693E,4-Aug-23,ZELLER,,57.26,49.08,3431AJ-3432AJ,STD,8,9,300,40/40,180,200,180,180,180,180,180,180,180,180,180,180,,,PP
3932,BA9910E,7-Aug-23,Everest(corr),,264.88,90.3,3518AJ-3523AJ,STD,8,10,300,40/40,170,170,170,170,160,160,160,160,160,160,150,150,,,LDPE HMI
3933,SA7726E,7-Aug-23,EASTERN,,57.5,53.08,3252AJ-3253AJ,STD,8,8,300,40/40,170,170,170,170,170,170,160,160,160,160,150,150,,,LDPE HMI
3934,GA2595E,8-Aug-23,UCC,,96.63,22.74,3464AJ-3467AJ,STD,1,65,400,40/40,210,220,220,220,220,220,220,220,220,220,,,,,VACUUM ON/COIL SCREW/NO AGITATOR/ 90-100 PPG / PET
3935,BA5327E,8-Aug-23,EVEREST,,0.95,5.7,3652AJ,STD,1,80,400,40/40,120,140,150,150,150,150,150,150,150,140,140,,,,LDPE(HMI)
3936,GA3693E,8-Aug-23,ZELLER(corr),,56.5,26.08,3571AJ-3572AJ,STD,1,80,360,40/40,180,200,180,180,180,180,180,180,180,180,180,,,,PP
3937,DA5176E,8-Aug-23,IN-HOUSE(corr),,1117.94,100.11,3546AJ-3568AJ,STD,8,10,250,40/40,170,170,170,170,160,160,160,160,160,160,150,150,,,LDPE(HMI)
3938,DA7892E,8-Aug-23,Evergood(corr),,267.58,103.58,3524AJ-3529AJ,STD,8,10,250,40/40,170,170,170,170,160,160,160,160,160,160,150,150,,,LDPE HMI
3939,BA13023E,9-Aug-23,GENSTAR,,504.22,36.02,3631AJ-3641AJ,STD,3,7,27,40/40,160,120,100,100,100,140,150,,,,,,,,LDPE(HMI)
3940,VA4086E,10-Aug-23,IN-HOUSE(trial),,48.15,57.78,3655AJ,STD,3,8.5,35,40/40,150,150,140,140,140,150,150,,,,,,,,VACUUM ON/LDPE(HMI)
3941,VA4086E,10-Aug-23,IN-HOUSE,,292.21,56.56,3685AJ-3696AJ,STD,3,8.5,35,40/40,150,150,140,140,140,150,150,,,,,,,,VACUUM ON/LDPE(HMI)
3942,RA11649E,10-Aug-23,MILLERS,,57.89,40.86,3653AJ-3654AJ,STD,3,7,28,60/60,160,160,160,160,160,170,170,,,,,,,,VACUUM ON/LESS 5°C / PP
3943,MA4737E,9-Aug-23,EVEREST,,1000,31.09,3475AJ-3514AJ,STD,8,5.5,400,40/40,180,170,170,160,160,150,150,150,150,150,150,150,,,LDPE(HMI)
3944,MA4737E,12-Aug-23,GENSTAR,,125,31.25,3626AJ-3630AJ,STD,8,5.5,400,40/40,160,160,150,150,150,150,150,150,150,150,160,160,,,LDPE(HMI)
3945,YA7418E,9-Aug-23,EVEREST(corr),,693,71.69,3531AJ-3544AJ,STD,8,10,230,40/40,170,170,170,170,160,160,160,160,160,160,150,150,,,LDPE(HMI)
3946,DA15377E,8-Aug-23,CDC(corr),,30.32,60.64,3569AJ,STD,8,10,300,40/40,170,170,170,170,160,160,160,160,160,160,150,150,,,LDPE(HMI)
3947,BA12861E,9-Aug-23,AG CANPRINT,,255.67,48.7,3642AJ-3651AJ,STD,3,8.3,30,40/40,180,180,180,140,140,140,180,,,,,,,,PP
3948,DA7892E,10-Aug-23,Evergood(corr),,272.02,97.73,3754AJ-3759AJ,STD,8,10,300,40/40,170,170,170,170,160,160,160,160,160,160,150,150,,,LDPE HMI
3949,BA4140E,10-Aug-23,EVERBRIGHT,,611.9,59.03,3729AJ-3753AJ,STD,3,10,38,60/60,160,150,140,140,140,150,150,,,,,,,,VACUUM ON/LDPE(HMI)
3950,DA5176E,11-Aug-23,IN-HOUSE,,322.91,99.36,3765AJ-3771AJ,STD,8,10,300,40/40,170,170,170,170,160,160,160,160,160,160,150,150,,,LDPE(HMI)
3951,DA5176E,11-Aug-23,IN-HOUSE(corr),,797.2,100.7,3786AJ-3801AJ,STD,8,10,280,40/40,170,170,170,170,160,160,160,160,160,160,150,150,,,LDPE(HMI)
3952,DA15377E,11-Aug-23,CDC(corr),,30.2,60.4,3802AJ,STD,8,10,280,40/40,170,170,170,170,160,160,160,160,160,150,150,150,,,LDPE(HMI)
3953,YA13837E,11-Aug-23,GENSTAR,,82.13,57.97,3624AJ-3625AJ,STD,8,10,300,40/40,170,170,170,170,160,160,160,160,160,160,150,150,,,LDPE HMI
3954,IA1770E,11-Aug-23,EVERBRIGHT,,800,57.49,3697AJ-3728AJ,STD,3,16,40,60/60,150,150,140,140,140,150,150,,,,,,,,VACUUM ON/LDPE(HMI)
3955,WA15192E,11-Aug-23,KPC,,2956.35,57.4,3393AJ-3422AJ,STD,5,11,400,60/60,180,200,200,180,180,180,180,180,180,180,180,,,,PP
3956,VA4086E,12-Aug-23,IN-HOUSE(corr),,174.19,55.01,3803AJ-3809AJ,STD,3,8.3,28,40/40,140,140,130,130,130,140,140,,,,,,,,VACUUM ON/LDPE(HMI)
3957,VA4086E,12-Aug-23,IN-HOUSE(trial),,47.16,40.42,3810AJ,STD,3,8.3,28,40/40,140,140,130,130,130,140,140,,,,,,,,VACUUM ON/LDPE(HMI)
3958,SA14369E,12-Aug-23,RBV,,130.83,23.43,3682AJ-3684AJ,STD,8,4.2,260,40/40,190,190,140,140,160,160,160,160,150,150,150,150,,,LDPE(HMI)
3959,KA2871E,11-Aug-23,EVEREST,,1262.1,76.11,3656AJ-3681AJ,STD,8,13,350,40/40,170,170,170,170,160,160,160,160,160,160,150,150,,,LDPE HMI
3960,MA4737E,13-Aug-23,EVEREST,,1003.09,30.02,3815AJ-3855AJ,STD,8,5.5,400,40/40,160,160,150,150,150,150,150,150,150,150,160,160,,,LDPE(HMI)
3961,WA11278E,14-Aug-23,FORTUNE DARUMA,,486.83,34.16,3760AJ-3764AJ,STD,5,3,290,40/40,140,160,150,150,150,150,150,150,150,140,140,,,,RUBBER
3962,OA7922E,14-Aug-23,AMAZON,,610,61.58,3772AJ-3783AJ,STD,3,12,40,40/40,180,170,160,150,150,150,150,,,,,,,,HDPE(HMI)
3963,WA15190E,15-Aug-23,NMH,,5036,72.81,3573AJ-3623AJ,STD,5,110,400,60/60,180,200,200,180,180,180,180,180,180,180,180,,,,(52-62 PPG) / PP
3964,WA1815E,15-Aug-23,NPPET GLOBAL,,79.14,79.14,3784AJ,STD,5,12,300,60/60,170,170,170,170,160,160,160,160,160,150,150,,,,LDPE(HMI)
3965,RA11649E,15-Aug-23,MILLERS(re-ext),,54.74,41.06,3861AJ,STD,3,7,20,60/60,175,195,175,175,175,175,175,,,,,,,,VACUUM ON/LESS 5°C / PP
3966,DA15377E,15-Aug-23,CDC,,29.67,59.34,3940AJ,STD,8,10,320,40/40,170,170,170,170,160,160,160,160,160,160,150,150,,,LDPE(HMI)
3967,DA5176E,15-Aug-23,IN-HOUSE(corr),,223.04,97.68,3856AJ-3860AJ,STD,8,10,300,40/40,170,170,170,170,160,160,160,160,160,160,150,150,,,LDPE(HMI)
3968,CA16070E,15-Aug-23,SMYPC,,1988.15,24.21,3966AJ-4046AJ,STD,3,5.3,9,40,150,150,150,150,150,150,150,,,,,,,,RUBBER / VACUUM ON
3969,YA15681E,15-Aug-23,CDC,,204,69.94,3893AJ-3897AJ,STD,8,18,400,40/40,170,170,170,170,170,170,160,160,160,150,150,150,,,LDPE(HMI)
3970,YA13837E,16-Aug-23,GENSTAR,,152.7,57.26,3811AJ-3814AJ,STD,8,17.3,400,40/40,180,180,170,170,160,160,160,160,160,160,150,150,,,LDPE HMI
3971,MA13810E,16-Aug-23,INCON,,28.8,49.37,4093AJ,STD,8,8,250,40/40,180,200,180,180,180,180,180,180,180,180,180,180,,,PP
3972,MA4737E,16-Aug-23,EVEREST(corr),,698,52.68,4094AJ-4107AJ,STD,8,8,300,40/40,160,160,130,120,150,150,150,150,150,150,160,160,,,LDPE(HMI)
3973,BA9159E,17-Aug-23,EVEREST,,2256.05,94.12,4047AJ-4092AJ,STD,8,9,360,40/40,170,170,170,170,160,160,160,160,160,150,150,150,,,LDPE(HMI)
3974,IA7845E,17-Aug-23,TOPRITE,,130.55,71.21,4110AJ-4112AJ,STD,8,15,380,40/40,170,170,170,170,170,170,160,160,160,150,150,150,,,LDPE(HMI)
3975,WA15135E,18-Aug-23,TOPRITE,,120.31,70.08,4109AJ,STD,5,20,380,60/60,170,170,170,170,160,160,160,160,160,150,150,,,,LDPE(HMI)
3976,VA3291E,18-Aug-23,Evergood,,107,71.33,4124AJ-4126AJ,STD,8,10,350,40/40,180,180,170,170,170,160,160,160,160,160,170,170,,,LDPE(HMI)
3977,YA5993E,18-Aug-23,EVERGOOD,,512.33,58.66,4113AJ-4123AJ,STD,8,8.2,400,40/40,200,200,170,170,170,170,170,170,170,170,160,160,,,LDPE(HMI)
3978,WA15192E,18-Aug-23,KPC,,3011.49,73.01,3862AJ-3891AJ,STD,5,10,400,60/60,180,200,200,180,180,180,180,180,180,180,180,,,,PP
3979,WA16299E,18-Aug-23,SANICON,,53.75,64.5,3898AJ,STD,5,80,380,40/40,170,170,170,170,170,170,160,160,160,160,160,,,,LDPE HMI
3980,BA7883E,19-Aug-23,In-house,,105.58,68.12,4184AJ-4186AJ,STD,8,10,325,60/60,180,180,170,170,170,170,170,170,170,170,160,160,,,VACUUM ON / HDPE HMI
3981,BA12068E,19-Aug-23,EVEREST,,255.22,60.05,4176AJ-4181AJ,STD,8,7.2,400,40/40,190,190,150,150,160,160,160,160,160,160,150,150,,,LDPE(HMI)
3982,MA13810E,19-Aug-23,INCON(corr),,28.22,47.03,4187AJ,STD,8,8,250,40/40,180,200,180,180,180,180,180,180,180,180,180,180,,,PP
3983,GA15961E,19-Aug-23,CDC,,55.85,45.28,4174AJ-4175AJ,STD,8,12,300,40/40,170,170,170,170,170,170,160,160,160,150,150,150,,,LDPE(HMI)
3984,GA13854E,19-Aug-23,REIMAGINE,,106.1,57.87,4152AJ-4154AJ,STD,8,10,350,40/40,170,170,170,170,160,160,160,160,160,160,150,150,,,LDPE(HMI)
3985,VA4086E,19-Aug-23,EASTERN,,344.85,75.24,4160AJ-4173AJ,STD,8,17,300,40/40,180,180,170,170,160,160,160,160,160,160,180,180,,,VACUUM ON/LDPE(HMI)
3986,RA15101E,18-Aug-23,21st Century,,2001.38,50.77,3899AJ-3939AJ,STD,3,8.3,39,40/40,150,120,100,100,100,140,140,,,,,,,,LDPE(HMI)
3987,WA3827E,22-Aug-23,IN-HOUSE,,664.82,71.23,4155AJ-4159AJ; 4247AJ-4248AJ,STD,8,8,370,40/40,200,200,200,200,180,180,180,180,180,180,190,190,,,HDPE(HMI)
3988,WA12282E,23-Aug-23,PACKAGEWORLD,,5932,65,4128AJ-4151AJ,STD,5,12,400,60/60,150,160,160,160,150,150,150,150,150,150,150,,,,Rubber / NO BLENDER (ext #5 only)
3989,VA4086E,24-Aug-23,EASTERN,,196.68,54.89,4239AJ-4246AJ,STD,3,8.3,28,40/40,140,140,130,130,130,140,140,,,,,,,,VACUUM ON/LDPE(HMI)
3990,OA14302E,25-Aug-23,INCON,,154.37,51.37,4279AJ-4281AJ ; 4310AJ,STD,3,5.6,18,40/40,130,110,95,95,95,130,130,,,,,,,,LDPE(HMI)
3991,BA14304E,24-Aug-23,PHIL-TOP,,306.64,57.5,4256AJ-4262AJ,STD,3,9.3,20,40/40,130,120,100,100,100,120,120,,,,,,,,LDPE(HMI)
3992,RA7487E,23-Aug-23,GENSTAR,,129.34,49.43,4188AJ-4190AJ,STD,3,7.2,15,40/40,150,150,140,140,140,150,150,,,,,,,,LDPE HMI
3993,BA9159E,24-Aug-23,EVEREST(corr),,2252.16,91,4282AJ-4304AJ,STD,8,11,330,40/40,170,170,170,170,160,160,160,160,160,160,150,150,,,VACUUM ON/LDPE(HMI)
3994,GA4254E,26-Aug-23,INCON,,104.93,50.37,4270AJ-4273AJ,STD,3,9,25,40/40,180,200,180,180,180,180,180,,,,,,,,VACUUM ON / PP
3995,DA15568E,25-Aug-23,PHIL-TOP,,206.69,71.27,4251AJ-4255AJ,STD,8,11,350,40/40,160,160,160,150,150,150,150,150,150,150,150,150,,,LDPE(HMI)
3996,GA6246E,26-Aug-23,PLASTIMER,,85.99,43,4274AJ-4276AJ,STD,3,8.3,25,40/40,180,200,180,180,180,180,180,,,,,,,,PP
3997,BA2091E,26-Aug-23,GREENPACK,,1517,74.79,4328AJ-4358AJ,STD,8,8,300,60/60,200,200,200,200,170,170,170,160,160,160,170,170,,,LDPE(HMI)
3998,KA14303E,26-Aug-23,PHIL-TOP,,258.79,69.01,4263AJ-4268AJ,STD,8,10,270,40/40,170,170,170,160,160,160,160,160,160,150,150,150,,,LDPE(HMI)
3999,KA8595E,26-Aug-23,INCON,,78.3,49.45,4305AJ-4307AJ,STD,8,7,240,40/40,180,200,180,180,180,180,180,180,180,180,180,180,,,PP
4000,TA14363E,29-Aug-23,TERUMO,,59.34,25.43,4191AJ-4193AJ,STD,1,80,25,40/40,180,200,180,180,180,180,180,180,180,180,,,,,3mmx3mm Pellet size
4001,GA14433E,29-Aug-23,TERUMO,,97.93,19.92,4194AJ-4197AJ,STD,1,55,250,40/40,180,200,180,180,180,180,180,180,180,180,,,,,3mmx3mm Pellet size
4002,GA15711E,30-Aug-23,ADVANCED MOLDING,,307.4,69.08,4360AJ-4366AJ,STD,3,7,22,40/40,150,130,130,140,140,150,150,,,,,,,,LDPE(HMI) / 80-100 PPG
4003,GA5520E,28-Aug-23,H & E,,50,44.78,4367AJ,STD,3,8.3,28,40/40,150,140,140,140,140,150,150,,,,,,,,VACUUM ON / LDPE(HMI)
4004,GA5520E,28-Aug-23,H & E,,53.4,45.13,4368AJ-4369AJ,STD,3,8.3,28,40/40,150,140,140,140,140,150,150,,,,,,,,VACUUM ON / LDPE(HMI)
4005,SA11780E,28-Aug-23,SMYPC,,613.11,59.53,4370AJ-4382AJ,STD,3,6.1,18,40/40,180,150,130,130,140,140,150,,,,,,,,LDPE(HMI)
4006,YA14431E,29-Aug-23,TERUMO,,1080.9,24.99,4386AJ-4426AJ; 4451AJ-4453AJ,STD,1,55,250,40/40,180,200,180,180,180,180,180,180,180,180,,,,,3mmx3mm Pellet size
4007,BA14432E,2-Sep-23,TERUMO,,1004.35,24.93,4198AJ-4238AJ,STD,1,80,250,40/40,180,200,180,180,180,180,180,180,180,180,,,,,3mmx3mm Pellet size
4008,IA9912E,29-Aug-23,Evergood,,106.92,91.65,4383AJ-4385AJ,STD,8,12,380,40/40,180,180,170,170,170,160,160,160,160,150,150,150,,,LDPE(HMI)
4009,WA3827E,30-Aug-23,IN-HOUSE,,633.09,45.11,4311AJ-4317AJ,STD,3,6.5,18,40/40,170,150,180,140,140,180,180,,,,,,,,HDPE(HMI)
4010,CA16070E,31-Aug-23,SMYPC,,20.63,21.72,4278AJ,STD,8,6,100,40,170,170,170,170,160,160,160,160,160,160,160,160,,,RUBBER
4011,YA12705E,1-Sep-23,PLEXCO,,203.51,64.27,4443AJ-4447AJ,STD,3,8.3,40,40/40,150,140,140,140,140,150,160,,,,,,,,LDPE(HMI)
4012,KA14303E,31-Aug-23,PHIL-TOP,,265.7,64.28,4437AJ-4442AJ,STD,3,8.3,18,40/40,130,120,100,100,100,130,130,,,,,,,,LDPE(HMI)
4013,KA8595E,31-Aug-23,INCON(corr),,78.75,59.06,4318AJ-4320AJ,STD,3,8.3,28,40/40,180,200,180,180,180,180,180,,,,,,,,PP
4014,RA12706E,1-Sep-23,PLEXCO,,204.77,69.81,4427AJ-4431AJ,STD,8,10,300,40/40,170,170,170,170,160,160,160,160,160,160,150,150,,,LDPE HMI
4015,RA13616E,1-Sep-23,STAR PLASTIC,,131.5,75.14,4473AJ-4475AJ,STD,8,12,350,40/40,170,170,170,170,160,160,160,160,160,150,150,150,,,LDPE(HMI)
4016,RA15503E,1-Sep-23,PLEXCO,,130.88,63.33,4448AJ-4450AJ,STD,8,14,300,40/40,170,170,160,160,150,150,150,150,150,150,150,150,,,LDPE(HMI)
4017,BA12615E,31-Aug-23,PLEXCO,,200.32,56.43,4432AJ-4436AJ,STD,8,6.5,400,40/40,180,180,170,170,170,160,160,160,150,150,150,150,,,LDPE HMI
4018,BA15050E,31-Aug-23,PACKAGE WORLD,,195.57,47.89,4481AJ-4484AJ,STD,8,11.5,250,40/40,170,170,170,170,160,160,160,160,160,150,150,150,,,LL38
4019,WA1815E,31-Aug-23,NPPET GLOBAL,,103.18,77.39,4359AJ,STD,5,12,300,60/60,170,170,170,170,160,160,160,160,160,160,150,,,,LDPE(HMI)
4020,WA13183E,31-Aug-23,STAR PLASTIC,,153.05,73.46,4471AJ-4472AJ,STD,5,18,380,40/40,170,170,170,170,160,160,160,160,150,150,150,,,,LDPE(HMI)
4021,VA4086E,1-Sep-23,EASTERN,,155.35,74.57,4523AJ-4528AJ,STD,8,18,380,40/40,180,170,170,170,160,160,160,160,160,160,180,180,,,VACUUM ON/LDPE(HMI)
4022,GA12628E,1-Sep-23,PLEXCO,,176.35,55.69,4321AJ-4324AJ,STD,3,6.7,40,40/40,150,150,150,150,150,140,140,,,,,,,,LDPE(HMI)
4023,WA3827E,1-Sep-23,IN-HOUSE,,1078.71,65.38,4456AJ-4466AJ,STD,5,65,420,40/40,200,200,190,180,180,180,180,180,180,180,,,,,VACUUM ON/HDPE(HMI)
4024,GA6246E,1-Sep-23,PLASTIMER(corr),,91.72,47.85,4485AJ-4488AJ,STD,3,8.3,25,40/40,180,200,180,180,180,180,180,,,,,,,,PP
4025,BA9094E,2-Sep-23,ZELLER,,54.1,46.37,4454AJ-4455AJ,STD,3,8.3,28,40/40,180,200,180,180,180,180,180,,,,,,,,PP
4026,GA16014E,2-Sep-23,CANLINE,,150,46.63,4476AJ-4478AJ,STD,3,7,28,40/40,150,150,150,150,150,160,160,,,,,,,,LDPE(HMI)
4027,GA16014E,2-Sep-23,CANLINE,,94.23,53.85,4479AJ-4480AJ,STD,3,7,28,40/40,150,150,150,150,150,160,160,,,,,,,,LDPE(HMI)
4028,RA12739E,2-Sep-23,SMYPC,,503.18,83.63,4502AJ-4512AJ,STD,8,14,300,40/40,170,170,170,170,160,160,160,160,160,150,150,150,,,LDPE HMI
4029,RA15449E,2-Sep-23,GILVAN,,56,67.2,4469AJ-4470AJ,STD,8,10,300,40/40,170,170,170,170,160,160,160,160,160,160,150,150,,,LDPE(HMI)
4030,VA12837E,2-Sep-23,GILVAN,,55.55,66.66,4468AJ,STD,8,10,350,40/40,170,170,170,170,160,160,160,160,160,160,150,150,,,LDPE(HMI)
4031,GA14433E,2-Sep-23,TERUMO,,202.22,25,4491AJ-4498AJ,STD,1,55,250,40/40,180,200,180,180,180,180,180,180,180,180,,,,,3mmx3mm Pellet size
4032,BA12556E,4-Sep-23,PACKAGEWORLD,,1977.4,64.64,4515AJ-4522AJ,STD,5,12,400,60/60,160,160,160,160,150,150,150,150,150,150,150,,,,RUBBER
4033,BA9159E,4-Sep-23,EVEREST(corr),,52.08,78.12,4490AJ,STD,3,8.3,25,40/40,150,140,100,100,100,150,150,,,,,,,,VACUUM ON/LDPE(HMI)
4034,BA16279E,2-Sep-23,PHIL. VALENZUELA,,27.17,46.58,4489AJ,STD,3,8,28,40/40,150,150,140,140,140,150,180,,,,,,,,LDPE(HMI)
4035,YA8107E,5-Sep-23,GILVAN,,49.7,66.27,4467AJ,STD,8,15,380,40/40,170,170,170,170,170,170,160,160,160,150,150,150,,,LDPE HMI
4036,MA11346E,5-Sep-23,GILVAN,,57.15,50.43,4513AJ-4514AJ,STD,8,7.2,400,40/40,180,180,170,170,170,170,170,170,160,160,160,160,,,LDPE(HMI)
4037,KA9045E,4-Sep-23,EVEREST(corr),,155,84.55,4551AJ-4554AJ,STD,8,10,350,40/40,170,170,170,170,160,160,160,160,160,160,150,150,,,LDPE HMI
4038,KA9045E,4-Sep-23,EVEREST,,237.27,76.95,4534AJ-4538AJ,STD,8,10,350,40/40,170,170,170,170,160,160,160,160,160,160,150,150,,,LDPE HMI
4039,KA9045E,4-Sep-23,EVEREST,,250,83.33,4529AJ-4533AJ,STD,8,10,350,40/40,170,170,170,170,160,160,160,160,160,160,150,150,,,LDPE HMI
4040,OA7922E,5-Sep-23,GILVAN,,105,70,4499AJ-4501AJ,STD,8,8.5,350,40/40,180,180,180,170,170,170,170,160,160,160,170,170,,,HDPE(HMI)
4041,GA6246E,5-Sep-23,PLASTIMER(corr),,100,50,4591AJ-4594AJ,STD,8,8,280,40/40,180,200,180,180,180,180,180,180,180,180,180,180,,,PP
4042,YA15776E,5-Sep-23,SANICON,,55.3,73.73,4540AJ,STD,8,10,350,40/40,170,170,170,170,160,160,160,160,160,160,150,150,,,LDPE HMI
4043,KA8595E,5-Sep-23,INCON(corr),,85.74,51.98,4577AJ-4580AJ,STD,8,8,300,40/40,180,200,180,180,180,180,180,180,180,180,180,180,,,PP
4044,KA14303E,4-Sep-23,PHIL-TOP,,174.55,49.87,4582AJ-4585AJ,STD,8,10,300,40/40,170,170,170,160,160,160,160,160,160,150,150,150,,,LDPE(HMI)
4045,GA16415E,5-Sep-23,METRO CONT.,,26.86,4.34,4589AJ,STD,6,32,400,-,160,170,160,160,160,-,160,,,,,,,,LDPE(HMI)
4046,IA8813E,6-Sep-23,Evergood,,105.13,78.85,4595AJ-4597AJ,STD,8,15,350,40/40,180,180,170,170,170,170,160,160,160,160,180,180,,,LDPE(HMI)
4047,OA2469E,6-Sep-23,H & E,,303.9,76.94,4555AJ-4561AJ,STD,8,15,350,40/40,170,170,170,170,170,160,160,160,160,160,170,170,,,LDPE(HMI)
4048,RA2508E,6-Sep-23,Evergood,,504.38,55.02,4562AJ-4572AJ,STD,8,8,400,60/60,170,170,170,170,160,160,160,160,160,160,150,150,,,LDPE(HMI)
4049,WA13000E,6-Sep-23,PREMIER,,1027.95,65.61,4541AJ-4550AJ,STD,5,9.3,180,40/40,170,170,170,170,160,160,160,160,160,150,150,,,,LDPE(HMI)
4050,WA16299E,6-Sep-23,SANICON,,55.48,56.43,4575AJ-4576AJ,STD,5,10,300,40/40,180,180,100,100,170,170,170,160,160,150,150,,,,LDPE HMI
4051,GA16415E,6-Sep-23,METRO CONT.,,51.55,3.19,4640AJ,STD,6,30,400,-,170,170,160,160,160,,160,,,,,,,,LDPE HMI
4052,WA11678E,5-Sep-23,INCON,,196.49,73.68,4573AJ-4574AJ,STD,5,10,320,40/40,170,170,100,100,160,160,160,150,150,150,150,150,,,LDPE(HMI)
4053,KA4595E,6-Sep-23,EVERGOOD,,104.67,75.67,4586AJ-4588AJ,STD,8,12,280,40/40,170,170,170,170,160,160,160,160,160,160,150,150,,,LDPE(HMI)
4054,RA12739E,5-Sep-23,SMYPC,,250,75,4598AJ-4602AJ,STD,8,14,350,40/40,170,170,170,170,160,160,160,160,160,160,150,150,,,LDPE HMI
4055,RA12739E,5-Sep-23,SMYPC,,246.08,75.72,4603AJ-4607AJ,STD,8,14,350,40/40,170,170,170,170,160,160,160,160,160,160,150,150,,,LDPE HMI
4056,BA15963E,7-Sep-23,CDC,,79.84,87.1,4617AJ-4618AJ,STD,3,80,270,40/40,150,150,150,150,150,130,130,,,,,,,,LDPE(HMI)
4057,BA4701E,7-Sep-23,INCON,,52.15,39.11,4614AJ-4615AJ,STD,3,30,40,40/40,180,200,180,180,180,180,180,,,,,,,,PP
4058,RA5277E,7-Sep-23,EVERGOOD,,504.23,77.57,4619AJ-4629AJ,STD,8,20,400,40/40,180,180,170,170,170,170,170,170,170,170,160,160,,,LDPE(HMI)
4059,GA4178E,7-Sep-23,PSP,,257.3,73.51,4660AJ-4669AJ,STD,8,18,250,60/60,170,170,170,170,160,160,160,160,160,160,160,180,180,,LDPE(HMI) / VACUUM ON
4060,KA8595E,7-Sep-23,INCON(corr),,85.5,32.06,4689AJ-4692AJ,STD,3,8.3,28,40/40,180,200,180,180,180,180,180,,,,,,,,PP
4061,KA14303E,7-Sep-23,PHIL-TOP(trial),,24.5,56.54,4688AJ,STD,3,8.3,18,40/40,130,120,100,100,100,130,130,,,,,,,,LDPE(HMI)
4062,KA14303E,7-Sep-23,PHIL-TOP(corr),,149.5,61.86,4702AJ-4704AJ,STD,3,8.3,18,40/40,150,120,120,110,110,140,140,,,,,,,,LDPE(HMI)
4063,KA16397E,8-Sep-23,PLEXCO,,53.07,54.9,4713AJ,STD,3,8.5,22,40/40,150,150,140,140,140,150,150,,,,,,,,LDPE(HMI)
4064,KA9045E,8-Sep-23,EVEREST,,447.91,69.26,4693AJ-4701AJ,STD,3,9,32,40/40,150,140,140,140,140,150,150,,,,,,,,VACUUM ON / LDPE(HMI)
4065,KA2871E,8-Sep-23,EVEREST,,295.19,77.01,4750AJ-4755AJ,STD,3,8.5,28,40/40,150,150,140,140,140,150,150,,,,,,,,VACUUM ON/LDPE(HMI)
4066,VA4086E,8-Sep-23,EASTERN,,125,72.82,4670AJ-4674AJ,STD,8,18,380,40/40,180,170,170,170,160,160,160,160,160,160,180,180,,,VACUUM ON/LDPE(HMI)
4067,VA4086E,7-Sep-23,EASTERN(corr),,169.01,75.68,4675AJ-4681AJ,STD,8,18,380,40/40,180,170,170,170,160,160,160,160,160,160,180,180,,,VACUUM ON/LDPE(HMI)
4068,VA4086E,7-Sep-23,EASTERN(error),,25,75,4749AJ,STD,8,18,380,40/40,180,170,170,170,160,160,160,160,160,160,180,180,,,VACUUM ON/LDPE(HMI)
4069,BA4756E,8-Sep-23,Evergood,,254.46,59.18,4682AJ-4687AJ,STD,8,10,380,40/40,170,170,170,170,170,170,160,160,160,160,150,150,,,LDPE HMI
4070,YA13953E,8-Sep-23,AG CANPRINT,,127.53,63.77,4611AJ-4613AJ,STD,8,10,400,40/40,170,170,160,160,160,160,150,150,150,150,150,150,,,LDPE HMI
4071,YA7822E,8-Sep-23,EASTERN,,105.3,74.33,4608AJ-4610AJ,STD,8,10,350,40/40,170,170,170,170,170,160,160,160,160,160,150,150,,,LDPE(HMI)
4072,UA8910E,8-Sep-23,STARKSON,,992,49.81,4746AJ-4748AJ,STD,5,6.5,250,60/60,170,170,170,170,160,160,160,160,160,150,150,,,,RUBBER
4073,IA7720E,6-Sep-23,PSP,,123,71.65,4630AJ-4634AJ,STD,8,12,380,60/60,180,180,170,170,170,170,160,160,160,160,180,180,,,VACUUM ON/LDPE(HMI)
4074,IA7720E,7-Sep-23,PSP,,122.18,77.17,4635AJ-4639AJ,STD,8,15,380,60/60,180,180,170,170,170,170,160,160,160,160,180,180,,,VACUUM ON/LDPE(HMI)
4075,YA16164E,8-Sep-23,EVEREST,,942.46,66.92,4641AJ-4659AJ,STD,8,12,270,40/40,170,170,170,170,160,160,160,160,160,150,150,150,,,LDPE HMI
4076,OA8984E,9-Sep-23,Evergood,,257.15,50.59,4730AJ-4735AJ,STD,3,6.3,45,40/40,150,150,150,140,140,150,150,,,,,,,,LDPE(HMI)
4077,OA16199E,9-Sep-23,INCON,,272.65,56.8,4707AJ-4712AJ,STD,3,30,40,40/40,180,170,170,170,150,160,160,,,,,,,,LDPE(HMI)
4078,GA4921E,8-Sep-23,Everest,,747.08,66.21,4714AJ-4729AJ,STD,3,9,26,40/40,150,150,140,140,140,150,150,,,,,,,,LDPE(HMI)
4079,BA16204E,8-Sep-23,INCON,,98.6,59.16,4705AJ-4706AJ,STD,3,7.2,38,40/40,150,130,95,95,95,150,150,,,,,,,,LDPE(HMI)
4080,GA15711E,9-Sep-23,ADVANCED MOLDING,,1001.65,70.13,4756AJ-4776AJ,STD,8,8,350,40/40,170,170,170,170,170,170,170,160,160,160,150,150,,,LDPE(HMI) / 80-100 PPG
4081,YA5993E,9-Sep-23,EVERGOOD,,492.75,73,4736AJ-4745AJ,STD,8,18,350,40/40,180,180,170,170,170,160,160,160,160,160,170,170,,,LDPE(HMI)
4082,GA4952E,9-Sep-23,EVERGOOD,,257.79,68.74,4790AJ-4794AJ,STD,8,10,380,40/40,170,170,170,170,170,170,160,160,160,150,150,150,,,LDPE HMI
4083,RA7886E,11-Sep-23,EASTERN,,331.65,38.64,4859AJ-4865AJ,STD,3,6.5,28,40/40,150,150,140,140,140,150,150,,,,,,,,LDPE HMI
4084,TA15557E,11-Sep-23,I-TUNG,,180.86,75.35,4778AJ-4780AJ; 4858AJ,STD,3,8.3,35,40/40,150,150,140,140,140,150,150,,,,,,,,LDPE(HMI)
4085,VA4086E,11-Sep-23,EASTERN,,196.39,54.05,4781AJ-4788AJ,STD,3,8.3,28,40/40,150,150,140,140,140,150,150,,,,,,,,VACUUM ON/LDPE(HMI)
4086,KA8595E,12-Sep-23,INCON,,77.22,46.33,4835AJ-4837AJ,STD,8,20,380,40/40,180,200,180,180,180,180,180,180,180,180,180,180,,,PP
4087,GA16415E,11-Sep-23,METRO CONT.,,258.16,80,4795AJ-4800AJ,STD,8,25,380,40/40,170,170,170,170,170,160,160,160,160,150,150,150,,,LDPE HMI
4088,KA9045E,12-Sep-23,EVEREST,,1583.4,69.09,4803AJ-4834AJ,STD,8,90,340,40/40,170,170,170,170,160,160,160,160,160,150,150,150,,,LDPE HMI
4089,KA4595E,12-Sep-23,Evergood(corr),,97.3,83.4,4801AJ-4802AJ,STD,8,12,350,40/40,170,170,170,170,160,160,160,160,160,150,150,150,,,LDPE(HMI)
4090,KA2871E,12-Sep-23,EVEREST,,951.7,74.84,4838AJ-4857AJ,STD,3,8.5,28,40/40,150,100,100,150,150,150,150,,,,,,,,VACUUM ON/LDPE(HMI)
4091,KA9045E,13-Sep-23,EVEREST(corr),,560.57,79.51,5030AJ-5050AJ,STD,8,9,350,40/40,170,170,170,170,170,160,160,160,160,160,150,150,,,LDPE HMI
4092,KA8595E,13-Sep-23,INCON,,24.9,3.01,2805AJ,STD,6,15,245,-,170,180,180,180,180,,,,,,,,,,PP
4093,KA8595E,13-Sep-23,INCON,,27.6,3.39,4998AJ,STD,6,15,245,-,170,180,180,180,180,,,,,,,,,,PP
4094,WA8512E,14-Sep-23,AMAZON,,4004.4,92.99,4988AJ-4997AJ,STD,5,9,350,40,140,160,160,160,160,150,150,150,150,150,150,,,,VACUUM ON / LDPE(HMI)
4095,KA14303E,14-Sep-23,PHIL-TOP,,157.53,55.6,4893AJ-4896AJ,STD,3,9,16,40/40,150,100,100,130,130,140,150,,,,,,,,LDPE(HMI)
4096,GA16014E,14-Sep-23,CANLINE,,223,60.82,5025AJ-5029AJ,STD,8,10,400,40/40,170,170,170,170,160,160,160,160,160,160,150,150,,,LDPE(HMI)
4097,GA16014E,14-Sep-23,CANLINE,,25,60,5024AJ,STD,8,10,400,40/40,170,170,170,170,160,160,160,160,160,160,150,150,,,LDPE(HMI)
4098,GA15496E,14-Sep-23,PHIL-TOP,,208.62,73.63,5019AJ-5023AJ,STD,8,10,300,40/40,170,170,170,170,160,160,160,160,160,160,150,150,,,LDPE(HMI)
4099,TA15569E,14-Sep-23,PHIL-TOP,,203.73,61.12,5009AJ-5012AJ,STD,8,9,300,40/40,170,170,170,160,160,160,150,150,150,150,160,160,,,LDPE(HMI)
4100,DA15568E,14-Sep-23,PHIL-TOP,,220.63,71.56,5004AJ-5008AJ,STD,8,11,350,40/40,160,160,160,160,160,150,150,150,150,150,150,150,,,LDPE(HMI)
4101,GA14271E,14-Sep-23,PHIL-TOP,,258.23,73.78,4882AJ-4887AJ,STD,8,10,300,40/40,180,180,180,170,170,170,170,160,160,160,160,160,,,LDPE(HMI)
4102,OA16199E,15-Sep-23,INCON,,317.88,91.7,5051AJ-5057AJ,STD,3,9,30,40/40,150,130,130,140,140,150,150,,,,,,,,LDPE(HMI)
4103,OA3552E,15-Sep-23,ZELLER,,52.5,45,4999AJ-5000AJ,STD,3,8.3,26,40/40,180,200,180,180,180,180,,,,,,,,,PP
4104,OA3552E,15-Sep-23,ZELLER(corr),,65,52.7,5001AJ-5002AJ,STD,3,8.3,26,40/40,180,200,180,180,180,180,,,,,,,,,PP
4105,WA3827E,15-Sep-23,IN-HOUSE,,541.7,72.23,4888AJ-4892AJ,STD,8,8.5,380,40/40,200,200,200,200,180,180,180,180,180,180,180,180,,,HDPE(HMI)
4106,BA15494E,15-Sep-23,PHIL-TOP,,115,72.63,4866AJ-4868AJ,STD,8,9,300,40/40,170,170,160,160,150,150,150,150,150,150,150,150,,,LDPE(HMI)
4107,BA15494E,15-Sep-23,PHIL-TOP,,83.96,75.19,4869AJ-4870AJ,STD,8,9,300,40/40,170,170,160,160,150,150,150,150,150,150,150,150,,,LDPE(HMI)
4108,BA14304E,15-Sep-23,PHIL-TOP,,256.87,76.3,5013AJ-5018AJ,STD,8,8.7,380,40/40,180,180,180,170,170,170,170,170,160,160,160,160,,,LDPE(HMI)
4109,BA3925E,15-Sep-23,Evergood,,249.45,68.66,4877AJ-4881AJ,STD,8,8,300,40/40,170,170,170,170,160,160,160,160,160,160,160,160,,,LDPE(HMI)
4110,IA16062E,19-Sep-23,EIGHT CUBE,,55.62,31.78,5086AJ-5087AJ,STD,8,7,200,60/60,220,220,220,220,220,220,220,220,230,230,230,230,,,PET / 90-100 PPG
4111,KA8595E,16-Sep-23,INCON,,54.07,23.17,5090AJ-5091AJ,STD,1,70,300,40/40,160,170,170,170,170,170,170,170,170,170,,,,,PP
4112,KA4595E,16-Sep-23,EVERGOOD,,4.79,19.16,5085AJ,STD,1,80,400,40/40,120,140,150,150,150,150,150,150,140,140,,,,,LDPE(HMI)
4113,GA4921E,16-Sep-23,EVERGOOD,,4.84,19.36,5088AJ,STD,1,80,400,40/40,120,140,150,150,150,150,150,150,140,140,,,,,LDPE(HMI)
4114,GA14433E,16-Sep-23,TERUMO,,9.56,22.94,5084AJ,STD,1,55,250,40/40,180,200,180,180,180,180,180,180,180,180,,,,,3mmx3mm Pellet size
4115,BA4140E,16-Sep-23,EVERBRIGHT,,589.7,69.79,5059AJ-5082AJ,STD,8,9,350,60/60,180,180,180,170,170,160,160,160,160,160,180,180,,,VACUUM ON/LDPE(HMI)
4116,BA3435E,16-Sep-23,ZELLER,,54.62,52.62,4875AJ-4876AJ,STD,8,8,350,40/40,180,200,180,180,180,180,180,180,180,180,180,180,,,PP
4117,BA3431E,16-Sep-23,ZELLER,,55.5,46.25,4873AJ-4874AJ,STD,8,8,350,40/40,180,200,180,180,180,180,180,180,180,180,180,180,,,PP
4118,WA15190E,16-Sep-23,NMH,,5950,76.46,4927AJ-4987AJ,STD,5,12,400,60/60,180,200,200,180,180,180,180,180,180,180,180,,,,(52-62 PPG) / PP
4119,WA1400E,16-Sep-23,ALLIED,,148.7,89.22,4871AJ,STD,5,12,350,60/60,170,170,170,170,160,160,160,160,160,150,150,,,,LDPE(HMI)
4120,WA15856E,16-Sep-23,I-TUNG,,103.47,59.13,4777AJ,STD,5,12,380,40/40,170,170,170,170,160,160,160,160,160,150,150,,,,LDPE(HMI)
4121,DA15568E,18-Sep-23,PHIL-TOP,,235.37,79.79,5106AJAJ-5110AJ,STD,8,11,350,40/40,160,160,160,150,150,150,150,150,150,150,150,150,,,LDPE(HMI)
4122,DA15568E,18-Sep-23,PHIL-TOP,,25,75,5153AJ,STD,8,10,350,40/40,170,170,170,170,160,160,160,160,160,160,150,150,,,LDPE(HMI)
4123,GA15496E,18-Sep-23,PHIL-TOP,,216.04,81.02,5148AJ-5152AJ,STD,8,10,300,40/40,170,170,170,170,160,160,160,160,160,160,150,150,,,LDPE(HMI)
4124,GA15496E,18-Sep-23,PHIL-TOP,,25,75,5147AJ,STD,8,10,300,40/40,170,170,170,170,160,160,160,160,160,160,150,150,,,LDPE(HMI)
4125,GA16415E,18-Sep-23,METRO CONT.,,519.28,69.24,5092AJ-5102AJ,STD,8,20,400,40/40,170,170,170,170,170,160,160,160,160,150,150,150,,,LDPE HMI
4126,BA16119E,16-Sep-23,GLOBE-PACK,,110,50.77,5103AJ-5105AJ,STD,8,7,380,60/60,200,200,180,180,170,170,170,160,160,160,150,150,,,LDPE HMI
4127,KA9045E,19-Sep-23,EVEREST(corr),,559.45,84.98,5111AJ-5122AJ,STD,8,8.7,200,40/40,200,200,200,170,170,160,160,160,160,160,170,170,,,LDPE HMI
4128,BA7924E,20-Sep-23,AMAZON,,594.06,86.3,5155AJ-5166AJ,STD,8,9,300,40/40,200,200,180,180,180,180,170,170,170,170,180,180,,,HDPE(HMI)
4129,BA3925E,20-Sep-23,Evergood(corr),,249.02,80.76,5174AJ-5178AJ,STD,8,8,300,40/40,180,180,180,170,170,170,160,160,160,160,170,170,,,LDPE(HMI)
4130,BA15494E,20-Sep-23,PHIL-TOP,,24.4,86.12,5124AJ,STD,8,9,280,40/40,170,170,160,160,150,150,150,150,150,150,150,150,,,LDPE(HMI)
4131,BA15494E,20-Sep-23,PHIL-TOP,,199.8,83.83,5125AJ-5128AJ,STD,8,9,280,40/40,170,170,160,160,150,150,150,150,150,150,150,150,,,LDPE(HMI)
4132,BA14304E,20-Sep-23,PHIL-TOP,,266.32,81.94,5167AJ-5172AJ,STD,8,10,380,40/40,180,180,180,170,170,170,170,170,160,160,160,160,,,LDPE(HMI)
4133,VA4086E,19-Sep-23,EASTERN,,297.24,72.79,5135AJ-5146AJ,STD,8,18,380,40/40,180,170,170,170,160,160,160,160,160,160,180,180,,,VACUUM ON/LDPE(HMI)
4134,GA3538E,21-Sep-23,ZELLER,,54.98,23.56,3473AJ-3474AJ,STD,1,90,300,40/40,180,200,180,180,180,180,180,180,180,180,180,,,,PP
4135,YA16164E,21-Sep-23,EVEREST,,1014.38,66.16,5210AJ-5230AJ,STD,8,13,250,40/40,170,170,170,170,160,160,160,160,160,150,150,150,,,LDPE HMI
4136,WA3827E,21-Sep-23,IN-HOUSE,,290.76,69.23,5132AJ-5134AJ,STD,8,8,350,40/40,200,200,200,200,180,180,180,180,180,180,190,190,,,HDPE(HMI)
4137,WA3827E,21-Sep-23,IN-HOUSE,,271,70.7,5309AJ-5314AJ,STD,8,8,370,40/40,200,200,200,200,180,180,180,180,180,180,190,190,,,HDPE(HMI)
4138,WA15192E,21-Sep-23,KPC,,2957.89,79.23,4897AJ-4926AJ,STD,5,10,380,60/60,180,200,200,180,180,180,180,180,180,180,180,,,,PP
4139,BA4701E,21-Sep-23,INCON,,54.14,33.49,5316AJ-5317AJ,STD,1,80,400,40/40,180,200,180,180,180,180,180,180,180,,,,,,PP
4140,KA8595E,21-Sep-23,INCON,,73.88,26.39,5323AJ; 5325AJ-5326AJ,STD,1,60,290,40/40,160,170,170,170,170,170,170,170,170,170,,,,,PP
4141,KA8595E,21-Sep-23,INCON,,24.7,3.52,5324AJ,STD,6,15,245,-,170,180,180,180,180,,,,,,,,,,PP
4142,GA15496E,22-Sep-23,PHIL-TOP(corr),,232,81.88,5318AJ-5322AJ,STD,8,10,300,40/40,170,170,170,170,160,160,160,160,160,150,150,150,,,LDPE(HMI)
4143,BA12013E,22-Sep-23,CEBU HI Q,,129.73,77.84,5387AJ-5389AJ,STD,8,15,380,40/40,170,170,170,170,170,170,160,160,160,150,150,150,,,LDPE(HMI)
4144,BA15494E,22-Sep-23,PHIL-TOP,,198.52,82.15,5390AJ-5393AJ,STD,8,10,280,40/40,170,170,160,160,160,160,150,150,150,150,150,150,,,LDPE(HMI)
4145,WA8512E,23-Sep-23,AMAZON,,450,26.09,5130AJ,STD,1,90,400,40,120,120,150,130,130,130,130,130,150,150,,,,,VACUUM ON / LDPE(HMI)
4146,WA8512E,23-Sep-23,AMAZON,,24.17,26.37,5131AJ,STD,1,90,400,40,120,120,150,130,130,130,130,130,150,150,,,,,VACUUM ON / LDPE(HMI)
4147,UA8910E,23-Sep-23,STARKSON,,10,24,5173AJ,STD,1,70,290,60/60,120,140,160,160,160,160,160,160,160,150,150,,,,RUBBER
4148,BA3925E,25-Sep-23,Evergood(corr),,248.98,82.99,5397AJ-5401AJ,STD,8,8,300,40/40,180,180,180,170,170,170,160,160,160,160,170,170,,,LDPE(HMI)
4149,BA2091E,23-Sep-23,CEBU HI Q,,620,73.66,5329AJ-5341AJ,STD,8,8,340,60/60,200,200,200,200,170,170,170,160,160,160,170,170,,,LDPE(HMI)
4150,WA15123E,22-Sep-23,GILVAN,,3015.07,87.73,5179AJ-5209AJ,STD,5,15,400,60/60,180,180,170,170,170,160,160,150,150,160,160,,,,LDPE(HMI)
4151,BA12556E,27-Sep-23,PACKAGEWORLD,,4955,26.03,5282AJ-5301AJ,STD,1,85,280,60/60,120,140,160,160,160,160,160,160,160,160,,,,,RUBBER
4152,KA4595E,26-Sep-23,EVERGOOD,,154.05,73.94,5413AJ-5415AJ,STD,8,12,300,40/40,170,170,170,170,160,160,160,160,160,150,150,150,,,LDPE(HMI)
4153,KA8595E,25-Sep-23,INCON,,26.5,45.43,5395AJ,STD,8,9,250,40/40,180,200,180,180,180,180,180,180,180,180,180,180,,,PP
4154,KA8595E,25-Sep-23,INCON(corr),,24.88,74.64,5396AJ,STD,8,9,250,40/40,180,200,180,180,180,180,180,180,180,180,180,180,,,PP
4155,GA16014E,25-Sep-23,CANLINE,,481.3,58.34,5377AJ-5386AJ,STD,8,10,380,40/40,170,170,170,170,160,160,160,160,160,160,150,150,,,LDPE(HMI)
4156,WA5860E,25-Sep-23,EVERBRIGHT,,304.8,81.28,5448AJ-5450AJ,STD,5,20,380,60/60,170,120,120,120,160,160,160,160,160,150,150,,,,VACUUM ON / LDPE(HMI)
4157,WA15071E,25-Sep-23,PACKAGEWORLD,,496.42,61.41,5302AJ-5306AJ,STD,5,120,280,40/40,140,160,160,160,150,150,150,140,140,150,150,,,,LL38
4158,WA2127E,25-Sep-23,CEBU HI Q,,153.46,65.77,5342AJ-5343AJ,STD,5,12,380,60/60,170,170,170,170,160,160,160,160,160,150,150,,,,VACUUM ON / LDPE(HMI)
4159,VA4086E,25-Sep-23,EASTERN,,597.1,59.41,5344AJ-5363AJ,STD,3,9,24,40/40,150,150,140,140,140,150,150,,,,,,,,VACUUM ON/LDPE(HMI)
4160,GA4921E,26-Sep-23,Everest,,258,75.51,5462AJ-5467AJ,STD,8,14,400,40/40,180,180,180,170,170,170,170,160,160,160,170,170,,,LDPE(HMI)
4161,GA3538E,3-Oct-23,ZELLER(tmblr),,134,48.73,5808AJ,STD,8,10,280,40/40,180,200,180,180,180,180,180,180,180,180,180,180,,,PP
4162,YA5124E,26-Sep-23,EVERGOOD,,208.83,71.6,5408AJ-5412AJ,STD,8,12,400,40/40,170,170,170,170,160,160,160,160,160,160,150,150,,,LDPE(HMI)
4163,YA5917E,26-Sep-23,EVERGOOD,,254.15,59.8,5402AJ-5407AJ,STD,8,8,400,40/40,170,170,170,170,160,160,160,160,160,160,150,150,,,LDPE(HMI)
4164,WA6947E,26-Sep-23,ATLANTA,,989.72,82.48,5365AJ-5374AJ,STD,5,15,300,40/40,180,200,200,200,180,180,180,180,180,180,180,,,,PP
4165,WA15190E,26-Sep-23,NMH,,5200,77.04,5231AJ-5280AJ; 5375AJ-5376AJ,STD,5,12,380,60/60,180,200,200,180,180,180,180,180,180,180,180,,,,(52-62 PPG) / PP
4166,GA8074E,26-Sep-23,GLOBAL KONTEINER,,154.4,88.23,5451AJ-5454AJ,STD,8,12,400,40/40,170,170,170,170,170,160,160,160,160,160,150,150,,,LDPE HMI
4167,GA16415E,27-Sep-23,METRO CONT.,,199.36,65.72,5478AJ-5481AJ,STD,8,25,400,40/40,170,170,170,170,170,160,160,160,160,150,150,150,,,LDPE HMI
4168,GA16415E,27-Sep-23,METRO CONT.,,769.5,63.86,5468AJ-5477AJ; 5501AJ-5506AJ,STD,8,25,400,40/40,170,170,170,170,170,160,160,160,160,150,150,150,,,LDPE HMI
4169,DA15568E,27-Sep-23,PHIL-TOP,,246.7,75.91,5482AJ-5486AJ,STD,8,10,350,40/40,170,170,170,170,160,160,160,160,160,160,150,150,,,LDPE(HMI)
4170,IA1770E,28-Sep-23,EVERBRIGHT,,792.08,60.39,5416AJ-5447AJ,STD,8,25,400,60/60,180,180,170,170,170,170,160,160,160,160,160,160,,,VACUUM ON/LDPE(HMI)
4171,BA9910E,28-Sep-23,Everest,,248.33,91.41,5457AJ-5461AJ,STD,8,10,310,40/40,170,170,170,170,170,160,160,160,160,160,160,160,,,LDPE HMI
4172,BA16204E,28-Sep-23,INCON(corr),,105,67.74,5507AJ-5508AJ,STD,8,8,320,40/40,170,170,170,170,160,160,160,160,160,160,150,150,,,LDPE(HMI)
4173,BA15494E,28-Sep-23,PHIL-TOP(corr),,99.7,79.76,5487AJ-5488AJ,STD,8,10,280,40/40,170,170,160,160,160,150,150,150,150,150,150,150,,,LDPE(HMI)
4174,GA3538E,26-Apr-23,ZELLER,,52.49,47.01,0175AJ,STD,8,10,300,40/40,180,200,180,180,180,180,180,180,180,180,180,180,,,PP
4175,GA3538E,29-Sep-23,ZELLER,,53,46.76,5576AJ-5577AJ,STD,8,10,280,40/40,180,200,180,180,180,180,180,180,180,180,180,180,,,PP
4176,MA12627E,29-Sep-23,PLEXCO,,206.13,57.79,5565AJ-5572AJ,STD,8,10,400,40/40,170,170,170,170,160,160,160,150,150,150,150,150,,,LDPE HMI
4177,RA2508E,29-Sep-23,Evergood,,505.28,62.38,5489AJ-5499AJ,STD,8,8,420,60/60,170,170,170,170,170,160,160,160,160,160,160,160,,,LDPE(HMI)
4178,BA13023E,3-Oct-23,GENSTAR,,495.23,45.43,5551AJ-5561AJ,STD,8,7,400,40/40,180,180,180,170,170,160,160,160,160,160,160,160,,,LDPE HMI
4179,BA15002E,2-Oct-23,MCBRIDE,,50,31.58,5563AJ-5564AJ,STD,8,8,150,40/40,230,230,230,230,220,220,220,220,220,220,230,230,,,90-100 ppg (PET)
4180,BA15002E,2-Oct-23,MCBRIDE,,8.36,11.15,5562AJ,STD,8,9,150,40/40,230,230,230,220,220,220,220,220,220,230,230,230,,,90-100 ppg (PET)
4181,GA15961E,30-Sep-23,CDC,,106.7,60.97,5641AJ-5643AJ,STD,8,12,300,40/40,170,170,170,170,160,160,160,160,160,150,150,150,,,LDPE(HMI)
4182,GA12411E,30-Sep-23,GENSTAR,,256.08,66.8,5631AJ-5636AJ,STD,8,15,380,40/40,200,200,180,180,180,180,180,180,180,180,180,180,,,PP
4183,GA6607E,30-Sep-23,Zeller,,49.9,46.06,5574AJ-5575AJ,STD,8,150,280,40/40,180,200,180,180,180,180,180,180,180,180,180,,,,PP
4184,KA8595E,30-Sep-23,INCON,,33,49.5,5620AJ,STD,8,9,250,40/40,180,200,180,180,180,180,180,180,180,180,180,180,,,PP
4185,WA15190E,30-Sep-23,NMH,,3865.63,77.91,5580AJ-5619AJ,STD,5,10,380,60/60,180,200,200,180,180,180,180,180,180,180,180,,,,(52-62 PPG) / PP
4186,BA9910E,2-Oct-23,Everest(corr),,307.56,90.02,5658AJ-5664AJ,STD,8,10,310,40/40,170,170,170,170,160,160,160,160,160,160,160,160,,,LDPE HMI
4187,BA9910E,2-Oct-23,Everest,,24.32,97.28,5657AJ,STD,8,10,310,40/40,170,170,170,170,160,160,160,160,160,160,160,160,,,LDPE HMI
4188,DA15568E,2-Oct-23,PHIL-TOP(error),,198.05,76.66,5626AJ-5629AJ,STD,8,10,350,40/40,170,170,170,170,160,160,160,160,160,160,150,150,,,LDPE(HMI)
4189,DA15568E,2-Oct-23,PHIL-TOP,,251,57.92,5630AJ; 5787AJ-5790AJ,STD,8,10,350,40/40,170,170,170,170,160,160,160,160,160,160,150,150,,,LDPE(HMI)
4190,GA6607E,4-Oct-23,ZELLER(corr),,53.38,49.27,5835AJ-5836AJ,STD,8,150,280,40/40,180,200,180,180,180,180,180,180,180,180,180,,,,PP
4191,GA3538E,17-Jan-23,ZELLER,,54.33,46.57,6528AI-6529AI,STD,8,11,220,40/40,180,200,180,180,180,180,180,180,180,180,180,180,,,PP
4192,GA3538E,3-Oct-23,ZELLER(corr),,38.45,46.14,5809AJ-5810AJ,STD,8,10,280,40/40,180,200,180,180,180,180,180,180,180,180,180,180,,,PP
4193,UA11287E,3-Oct-23,SMYPC,,2016.65,75.86,5732AJ-5752AJ,STD,5,10,380,40,170,160,170,170,160,160,140,140,150,150,,,,,
4194,IA15764E,3-Oct-23,I-TUNG,,104.75,83.8,5623AJ-5625AJ,STD,8,10,280,40/40,170,170,170,170,160,160,160,160,160,160,150,150,,,LDPE(HMI)
4195,IA0760E,3-Oct-23,PLACEL,,53.75,48.13,5621AJ-5622AJ,STD,8,20,380,40/40,180,180,170,170,170,170,160,160,160,160,160,160,,,LDPE HMI
4196,YA5993E,4-Oct-23,EVERGOOD,,500.72,72.92,5646AJ-5656AJ,STD,8,18,350,40/40,180,180,170,170,170,160,160,160,160,160,170,170,,,LDPE(HMI)
4197,MA12627E,4-Oct-23,PLEXCO(corr),,47.45,49.09,5881AJ,STD,8,10,400,40/40,170,170,170,160,160,160,160,160,160,160,180,180,,,LDPE HMI
4198,TA15557E,4-Oct-23,I-TUNG,,205.58,78.07,5665AJ-5669AJ,STD,8,10,280,40/40,170,170,170,170,170,160,160,160,160,160,160,160,,,LDPE(HMI)
4199,CA5402E,4-Oct-23,SMYPC,,1000,33.94,5691AJ-5710AJ,STD,3,3.9,10,40,130,130,110,110,110,115,115,,,,,,,,LDPE(HMI)
4200,WA15190E,5-Oct-23,NMH,,4917.46,77.34,5904AJ-5953AJ,STD,5,12,400,60/60,200,200,180,180,180,180,180,180,180,180,180,,,,(52-62 PPG) / PP
4201,WA3827E,5-Oct-23,IN-HOUSE,,197,63.89,5792AJ-5795AJ,STD,5,65,420,40/40,200,200,200,180,180,180,180,180,180,200,200,,,,VACUUM ON/HDPE(HMI)
4202,GA12411E,5-Oct-23,GENSTAR(corr),,276.37,69.06,5893AJ-5903AJ,STD,8,10,350,40/40,200,200,180,180,180,180,180,180,180,180,200,180,,,PP
4203,YA16164E,5-Oct-23,EVEREST,,992.95,65.25,5670AJ-5690AJ,STD,8,90,380,40/40,170,170,170,170,160,160,160,160,160,160,160,160,,,LDPE HMI
4204,KA8595E,5-Oct-23,INCON,,11.43,2.02,5959AJ,STD,6,15,245,-,170,180,180,180,180,,,,,,,,,,PP
4205,BA12068E,6-Oct-23,EVEREST,,100,60,5779AJ-5780AJ,STD,3,6.7,25,40/40,150,150,100,100,130,150,150,,,,,,,,LDPE(HMI)
4206,BA12068E,6-Oct-23,EVEREST,,149.56,56.09,5781AJ-5784AJ,STD,3,6.7,25,40/40,150,150,100,100,130,150,150,,,,,,,,LDPE(HMI)
4207,BA9910E,6-Oct-23,Everest,,196,56,5992AJ-5995AJ,STD,3,6.3,40,40/40,200,180,160,150,140,150,150,,,,,,,,LDPE HMI
4208,BA9910E,6-Oct-23,Everest(corr),,24,80,5996AJ,STD,3,6.3,40,40/40,200,180,160,150,140,150,150,,,,,,,,LDPE HMI
4209,BA16130E,6-Oct-23,PHIL-TOP,,252.9,72.26,5823AJ-5828AJ,STD,3,30,40,40/40,150,150,100,100,130,150,150,,,,,,,,LDPE HMI
4210,TA13713E,6-Oct-23,INCON,,74.21,49.47,5955AJ-5957AJ,STD,3,30,40,40/40,180,200,180,180,180,180,180,,,,,,,,PP
4211,TA13713E,6-Oct-23,INCON,,8.87,35.48,5954AJ,STD,3,30,40,40/40,180,200,180,180,180,180,180,,,,,,,,PP
4212,TA16124E,5-Oct-23,PHIL-TOP,,252,68.73,5829AJ-5834AJ,STD,3,30,40,40/40,150,150,150,150,150,130,130,,,,,,,,LDPE HMI
4213,IA8813E,6-Oct-23,Evergood,,257.42,85.81,5796AJ-5801AJ,STD,8,15,350,40/40,180,180,170,170,170,170,160,160,160,160,180,180,,,LDPE(HMI)
4214,KA16132E,6-Oct-23,PHIL-TOP,,254.8,76.44,5811AJ-5816AJ,STD,8,8,350,40/40,170,170,170,170,160,160,160,160,160,160,160,160,,,LDPE(HMI)
4215,DA15568E,6-Oct-23,PHIL-TOP,,756.1,75.86,5837AJ-5852AJ,STD,8,90,380,40/40,170,170,170,170,160,160,160,160,160,160,150,150,,,LDPE(HMI)
4216,GA16127E,6-Oct-23,PHIL-TOP,,252.83,77.79,5817AJ-5822AJ,STD,8,20,380,40/40,170,170,170,170,170,160,160,160,160,150,150,150,,,LDPE(HMI)
4217,WA12282E,6-Oct-23,PACKAGE WORLD,,6871,26,5509AJ-5536AJ,STD,1,22,150,60/60,140,170,170,170,160,160,150,150,150,150,,,,,RUBBER
4218,BA16168E,6-Oct-23,PREMIER,,106.71,70,5877AJ-5879AJ,STD,3,30,40,40/40,150,150,150,150,150,130,130,,,,,,,,LDPE HMI
4219,YA5124E,10-Oct-23,EVERGOOD,,247.1,70.6,5997AJ-6001AJ,STD,8,13,380,40/40,180,180,170,170,170,170,160,160,160,160,150,150,,,LDPE(HMI)
4220,DA5176E,7-Oct-23,Evergood(corr),,74.05,85.44,6011AJ-6012AJ,STD,8,10,300,40/40,170,170,170,170,160,160,160,160,160,160,150,150,,,LDPE(HMI)
4221,KA6414E,7-Oct-23,ZELLER,,55.63,47.68,5990AJ-5991AJ,STD,8,150,300,40/40,180,200,180,180,180,180,180,180,180,180,180,,,,PP
4222,YA14414E,7-Oct-23,BEVPACK,,97.57,58.54,5853AJ-5856AJ,STD,8,10,350,40/40,200,200,200,180,180,180,180,180,180,180,200,200,,,PP
4223,YA14414E,7-Oct-23,BEVPACK,,517.95,69.84,5857AJ-5876AJ,STD,8,10,350,40/40,200,200,200,180,180,180,180,180,180,180,200,200,,,PP
4224,IA9912E,7-Oct-23,Evergood,,256.92,77.08,5802AJ-5807AJ,STD,8,12,380,40/40,180,180,170,170,170,160,160,160,160,150,150,150,,,LDPE(HMI)
4225,VA4869E,9-Oct-23,EVERGOOD,,105.05,57.83,6002AJ-6004AJ,STD,8,10,300,40/40,180,170,170,170,170,160,160,160,160,160,180,180,,,LDPE(HMI)
4226,BA13023E,10-Oct-23,GENSTAR,,9.01,45.05,6018AJ,STD,3,8.3,28,40/40,160,150,110,110,110,150,150,,,,,,,,LDPE(HMI)
4227,BA4756E,10-Oct-23,Evergood,,256.25,54.49,6005AJ-6010AJ,STD,3,9,40,40/40,150,150,100,100,130,150,150,,,,,,,,LDPE HMI
4228,BA4140E,7-Oct-23,EVERBRIGHT,,590.39,69.46,5755AJ-5778AJ,STD,3,10,38,60/60,160,150,140,140,140,150,150,,,,,,,,VACUUM ON/LDPE(HMI)
4229,YA14414E,7-Oct-23,BEVPACK(re-ext),,22.1,66.3,6064AJ,STD,8,9,350,40/40,180,200,180,180,180,180,180,180,180,180,180,180,,,PP
4230,CA5402E,9-Oct-23,SMYPC,,974.15,33.4,5711AJ-5731AJ,STD,3,3.7,11,40,130,130,110,110,110,115,115,,,,,,,,LDPE(HMI)
4231,WA14068E,9-Oct-23,Zeller,,525,53.85,6019AJ-6023AJ,STD,5,50,400,40/40,180,180,180,180,180,180,180,180,180,170,170,,,,HDPE(HMI)
4232,GA1225E,9-Oct-23,SMYPC,,1424.24,84.61,5960AJ-5989AJ,STD,8,12,220,40/40,170,170,170,170,160,160,160,160,160,160,150,150,,,LDPE(HMI)
4233,WA3827E,10-Oct-23,IN-HOUSE,,1710.41,55.03,6024AJ-6039AJ; 6068AJ-6069AJ,STD,5,60,320,40/40,200,200,200,180,180,180,180,180,180,200,200,,,,VACUUM ON/HDPE(HMI)
4234,BA15002E,10-Oct-23,MCBRIDE,,12.71,19.07,5958AJ,STD,3,9.5,14,40/40,230,230,220,220,220,230,230,,,,,,,,90-100 ppg (PET)
4235,OA8984E,10-Oct-23,Evergood,,250,70.02,6013AJ-6017AJ,STD,8,8,250,40/40,170,170,170,170,160,160,160,160,160,160,150,150,,,LDPE(HMI)
4236,BA12068E,10-Oct-23,EVEREST,,3.41,20.46,6126AJ,STD,3,6,43,40/40,150,150,150,140,140,140,140,,,,,,,,LDPE(HMI)
4237,GA12411E,10-Oct-23,GENSTAR(corr),,291.21,55.29,6114AJ-6125AJ,STD,8,15,380,40/40,200,200,180,180,180,180,180,180,180,180,180,180,,,PP
4238,KA5796E,11-Oct-23,Incon(corr),,73.6,48,6127AJ-6129AJ,STD,3,8,30,40/40,180,200,180,180,180,180,180,,,,,,,,PP
4239,RA7886E,11-Oct-23,EASTERN,,52.05,52.05,6246AJ-6247AJ,STD,3,5.3,20,40/40,150,150,130,130,140,150,150,,,,,,,,LDPE HMI
4240,BA16168E,11-Oct-23,PREMIER,,104.44,54.49,6130AJ-6131AJ,STD,3,6,20,40/40,150,150,130,130,130,150,150,,,,,,,,LDPE HMI
4241,GA1225E,11-Oct-23,SMYPC,,5622.68,87.06,6132AJ-6245AJ,STD,8,6,350,40/40,200,200,180,180,160,160,160,160,160,160,180,180,,,LDPE(HMI)
4242,BA9094E,11-Oct-23,ZELLER,,78.66,49.68,6040AJ-6042AJ,STD,3,8,25,40/40,180,200,180,180,180,180,180,,,,,,,,PP
4243,YA5124E,12-Oct-23,EVERGOOD,,502.85,45.71,6285AJ-6290AJ; 6327AJ-6331AJ,STD,3,8.3,28,40/40,150,90,90,140,140,150,150,,,,,,,,LDPE(HMI)
4244,WA14068E,12-Oct-23,Zeller,,525,59.43,6272AJ-6276AJ,STD,5,6,330,40/40,180,180,180,180,180,180,180,180,180,170,170,,,,HDPE(HMI)
4245,YA16468E,12-Oct-23,GENSTAR,,101.89,61.13,6306AJ-6307AJ,STD,3,30,40,40/40,150,150,140,140,130,150,150,,,,,,,,LDPE HMI
4246,YA16164E,12-Oct-23,EVEREST,,34.2,41.04,6248AJ,STD,3,11,28,40/40,150,140,130,130,130,140,140,,,,,,,,LDPE HMI
4247,MA7758E,11-Oct-23,CYBERMANN,,506.23,45,6043AJ-6063AJ,STD,3,6.8,40,40/40,180,200,180,180,180,180,180,,,,,,,,PP
4248,RA12372E,13-Oct-23,SPI,,501.85,61.2,5882AJ-5892AJ,STD,3,8.3,27,60/60,150,150,150,150,130,150,150,,,,,,,,LDPE(HMI)
4249,GA16415E,13-Oct-23,METRO CONT.,,24.68,49.36,6293AJ,STD,8,25,400,40/40,170,170,170,170,160,160,160,160,160,150,150,150,,,LDPE HMI
4250,BA7883E,14-Oct-23,EASTERN,,510,70.34,6316AJ-6326AJ,STD,8,80,350,60/60,200,200,180,180,180,180,180,180,180,180,200,200,,,VACUUM ON / HDPE HMI
4251,VA4869E,14-Oct-23,EVERGOOD,,250.45,71.56,6277AJ-6281AJ,STD,8,25,300,40/40,180,170,170,170,170,160,160,160,160,160,180,180,,,LDPE(HMI)
4252,GA4952E,14-Oct-23,EVEREST,,158.34,78.12,6282AJ-6284AJ,STD,8,10,380,40/40,170,170,170,170,160,160,160,160,160,160,150,150,,,LDPE HMI
4253,GA16014E,14-Oct-23,CANLINE,,507.45,64.78,6250AJ-6260AJ,STD,8,10,380,40/40,180,180,170,170,170,160,160,160,160,160,180,180,,,LDPE(HMI)
4254,GA8074E,13-Oct-23,GLOBAL KONTEINER,,53.34,80.01,6271AJ,STD,8,12,400,40/40,170,170,170,170,160,160,160,160,160,150,150,150,,,LDPE HMI
4255,TA15877E,14-Oct-23,ADVANCED MOLDING,,52.1,41.68,6338AJ,STD,3,5,15,40/40,150,150,150,150,150,130,130,,,,,,,,LDPE(HMI) / 80-100 PPG
4256,KA3144E,14-Oct-23,H & E,,54.72,54.72,6654AJ-6655AJ,STD,8,40,30,40/40,180,200,180,180,180,180,180,180,180,180,180,180,,,PP
4257,RA2508E,14-Oct-23,Evergood,,475,52.78,6261AJ-6270AJ,STD,3,7.3,35,60/60,150,150,120,120,130,150,150,,,,,,,,LDPE(HMI)
4258,RA16500E,14-Oct-23,EVEREST,,47.86,71.79,6332AJ,STD,3,30,40,40/40,150,150,150,150,150,130,130,,,,,,,,LDPE(HMI)
4259,TA13713E,14-Oct-23,INCON,,61.29,50.38,6291AJ-6292AJ,STD,3,7.3,20,40/40,180,200,180,180,180,180,180,,,,,,,,PP
4260,WA11678E,16-Oct-23,INCON,,306.65,83.63,6446AJ-6448AJ,STD,5,8,300,40/40,170,170,100,100,160,160,160,150,150,150,150,150,,,LDPE(HMI)
4261,WA16299E,16-Oct-23,SANICON,,106.75,71.17,6305AJ,STD,5,10,300,40/40,180,180,100,100,170,170,170,160,160,150,150,,,,LDPE HMI
4262,KA15486E,17-Oct-23,PHIL-TOP,,91.95,91.95,6449AJ-6450AJ,STD,8,20,380,40/40,180,180,180,170,170,170,160,160,160,160,180,180,,,LDPE(HMI)
4263,CA5402E,18-Oct-23,SMYPC,,1000,32.73,6070AJ-6089AJ,STD,3,3.8,10,40,150,150,130,120,120,115,115,,,,,,,,LDPE(HMI)
4264,IA5758E,15-Oct-23,EVEREST,,200,51.72,6308AJ-6311AJ,STD,3,9.5,45,60/60,140,130,130,130,130,130,120,,,,,,,,VACUUM ON / LDPE(HMI)
4265,IA5758E,16-Oct-23,EVEREST,,184.23,50.71,6312AJ-6315AJ,STD,3,9.5,45,60/60,140,130,130,130,130,130,120,,,,,,,,VACUUM ON / LDPE(HMI)
4266,GA15221E,17-Oct-23,PHIL-TOP,,238.35,56.75,6649AJ-6653AJ,STD,8,5.5,400,40/40,170,170,170,170,160,160,160,160,160,160,180,180,,,LDPE HMI
4267,GA4440E,17-Oct-23,Plastimer,,130.22,52.09,6451AJ-6455AJ,STD,8,8.5,250,40/40,180,200,180,180,180,180,180,180,180,180,180,180,,,PP
4268,DA5176E,16-Oct-23,EVEREST,,148,88.8,6295AJ-6297AJ,STD,8,10,300,40/40,170,170,170,170,160,160,160,160,160,160,150,150,,,LDPE(HMI)
4269,DA5176E,16-Oct-23,EVEREST(corr),,334.75,93.42,6298AJ-6303AJ; 6333AJ,STD,8,10,300,40/40,170,170,170,170,160,160,160,160,160,160,150,150,,,LDPE(HMI)
4270,TA13713E,16-Oct-23,INCON,,24.4,5.81,6476AJ,STD,6,16,393,-,180,190,180,180,180,180,180,,,,,,,,PP
4271,TA13713E,16-Oct-23,INCON,,67.5,50.63,6477AJ-6479AJ,STD,8,8,180,40/40,180,180,200,200,180,180,180,180,180,180,200,200,,,PP
4272,BA16168E,16-Oct-23,PREMIER,,101.43,71.6,6457AJ-6458AJ,STD,8,8,300,40/40,170,170,170,170,160,160,160,160,160,180,180,180,,,LDPE HMI
4273,BA15002E,17-Oct-23,MCBRIDE,,80,20.17,6442AJ-6445AJ,STD,8,8,117,40/40,230,230,220,220,220,220,220,220,220,230,230,230,,,90-100 ppg (PET)
4274,KA8595E,16-Oct-23,INCON,,46.15,55.38,6480AJ-6481AJ,STD,8,9,250,40/40,180,200,180,180,180,180,180,180,180,180,180,180,,,PP
4275,KA8595E,16-Oct-23,INCON(corr),,46.92,56.3,6482AJ-6483AJ,STD,8,9,250,40/40,180,200,180,180,180,180,180,180,180,180,180,180,,,PP
4276,WA15190E,16-Oct-23,NMH,,6100,77.22,6339AJ-6399AJ,STD,5,12,380,60/60,200,200,180,180,180,180,180,180,180,180,180,,,,(52-62 PPG) / PP
4277,WA3827E,18-Oct-23,IN-HOUSE,,1778.95,68.2,6468AJ-6475AJ; 6676AJ-6685AJ,STD,8,10,310,40/40,200,200,200,180,180,180,180,170,170,170,180,180,,,HDPE(HMI)
4278,YA16468E,18-Oct-23,GENSTAR(corr),,100.45,43.67,6621AJ-6622AJ,STD,8,20,380,40/40,170,170,170,170,170,170,160,160,160,160,150,150,,,LDPE HMI
4279,TA15877E,18-Oct-23,ADVANCED MOLDING(corr),,125,53.19,6501AJ; 6603AJ-6604AJ,STD,8,6,280,40/40,170,170,170,170,160,160,160,160,160,180,180,,,,LDPE(HMI) / 80-100 PPG
4280,TA15877E,18-Oct-23,ADVANCED MOLDING,,7.05,21.15,6503AJ,STD,8,6,280,40/40,170,170,170,170,160,160,160,160,160,180,180,,,,LDPE(HMI) / 80-100 PPG
4281,BA12618E,18-Oct-23,PHIL-TOP,,219.17,69.21,6435AJ-6439AJ,STD,8,7.2,300,40/40,170,170,170,170,160,160,160,160,160,150,150,150,,,LDPE HMI
4282,BA12618E,18-Oct-23,PHIL-TOP(corr),,45.82,68.73,6440AJ-6441AJ,STD,8,7.2,300,40/40,170,170,170,170,160,160,160,160,160,150,150,150,,,LDPE HMI
4283,RA7310E,18-Oct-23,Phil-top,,253.6,55.74,6425AJ-6434AJ,STD,8,10,165,40/40,180,180,180,170,170,170,160,160,160,160,160,160,,,LDPE HMI
4284,DA5176E,20-Oct-23,EVEREST(corr),,179,71.6,6623AJ-6626AJ,STD,8,10,320,40/40,160,160,160,160,150,150,150,150,150,150,180,180,,,LDPE(HMI)
4285,DA5176E,19-Oct-23,EVEREST,,148.65,81.08,6627AJ-6629AJ,STD,8,10,320,40/40,160,160,160,160,150,150,150,150,150,150,180,180,,,LDPE(HMI)
4286,VA4086E,19-Oct-23,EASTERN,,485.37,60.05,6656AJ-6675AJ,STD,3,12.3,26,40/40,150,150,140,140,140,150,150,,,,,,,,VACUUM ON/LDPE(HMI)
4287,RA2508E,20-Oct-23,Evergood,,21.37,42.74,6766AJ,STD,3,7.3,35,60/60,150,150,120,120,130,150,150,,,,,,,,LDPE(HMI)
4288,OA7922E,20-Oct-23,GILVAN,,208.92,70.82,6493AJ-6497AJ,STD,8,8.5,350,40/40,180,180,180,170,170,170,170,160,160,160,170,170,,,HDPE(HMI)
4289,OA8984E,20-Oct-23,Evergood,,4.33,12.37,6459AJ,STD,8,8,250,40/40,170,170,170,170,160,160,160,160,160,160,150,150,,,LDPE(HMI)
4290,RA16500E,20-Oct-23,EVEREST,,4.5,10.38,6490AJ,STD,3,30,40,40/40,150,150,150,150,150,130,130,,,,,,,,LDPE(HMI)
4291,RA15449E,20-Oct-23,GILVAN,,205.3,50.28,6488AJ-6492AJ,STD,3,9,12,40/40,150,150,130,100,90,90,130,,,,,,,,LDPE(HMI)
4292,WA15190E,20-Oct-23,NMH,,2400.63,79.27,6400AJ-6423AJ,STD,5,12,400,60/60,200,200,180,180,180,180,180,180,180,180,180,,,,(52-62 PPG) / PP
4293,RA16016E,20-Oct-23,I-TUNG,,31.45,53.91,6769AJ,STD,3,30,40,40/40,150,150,150,150,150,130,130,,,,,,,,LDPE(HMI)
4294,CA5402E,21-Oct-23,SMYPC,,1161.77,33.19,6090AJ-6113AJ,STD,3,10,3.5,40,130,130,110,110,110,115,115,,,,,,,,LDPE(HMI) / VACUUM ON
4295,MA4737E,21-Oct-23,GENSTAR,,127.23,30.54,6605AJ-6609AJ,STD,8,5,400,40/40,160,160,150,150,150,150,150,150,150,150,160,160,,,LDPE(HMI)
4296,YA15776E,21-Oct-23,SANICON,,55.4,66.48,6598AJ-6599AJ,STD,8,10,350,40/40,170,170,170,170,160,160,160,160,160,160,150,150,,,LDPE HMI
4297,GA4952E,21-Oct-23,EVEREST,,104.3,78.23,6484AJ-6486AJ,STD,8,10,380,40/40,170,170,170,170,160,160,160,160,160,160,150,150,,,LDPE HMI
4298,GA4352E,21-Oct-23,ZELLER,,202.54,55.24,6460AJ-6467AJ,STD,8,11,220,40/40,180,200,180,180,180,180,180,180,180,180,180,180,,,PP
4299,GA16014E,21-Oct-23,CANLINE,,156.12,53.53,6646AJ-6648AJ,STD,8,10,380,40/40,180,180,170,170,170,160,160,160,160,160,180,180,,,LDPE(HMI)
4300,KA8595E,21-Oct-23,INCON,,100,50,6642AJ-6645AJ,STD,8,9,250,40/40,180,200,180,180,180,180,180,180,180,180,180,180,,,PP
4301,IA5758E,20-Oct-23,EVEREST,,249.4,63.95,6631AJ-6635AJ,STD,3,9.5,45,60/60,140,130,130,130,130,130,120,,,,,,,,VACUUM ON / LDPE(HMI)
4302,IA5758E,20-Oct-23,EVEREST,,265.18,72.32,6636AJ-6641AJ,STD,3,9.5,45,60/60,140,130,130,130,130,140,140,,,,,,,,VACUUM ON / LDPE(HMI)
4303,GA4254E,23-Oct-23,INCON,,99,59.4,6781AJ-6784AJ,STD,8,12,300,40/40,180,200,180,180,180,180,180,180,180,180,180,180,,,VACUUM ON / PP
4304,GA4254E,23-Oct-23,INCON,,108,60,6785AJ-6788AJ,STD,8,10,300,40/40,180,200,180,180,180,180,180,180,180,180,180,180,,,VACUUM ON / PP
4305,GA4921E,23-Oct-23,Everest,,256.7,64.18,6718AJ-6723AJ,STD,8,15,400,40/40,180,180,180,170,170,170,170,160,160,160,170,170,,,LDPE(HMI)
4306,BA7883E,23-Oct-23,IN-HOUSE,,430.21,60.88,6744AJ-6750AJ; 6767AJ-6768AJ,STD,8,8,300,60/60,200,200,180,180,180,180,180,180,180,180,200,200,,,VACUUM ON / HDPE HMI
4307,BA4701E,22-Oct-23,INCON,,104.05,48.77,6728AJ-6731AJ,STD,8,8,300,40/40,180,200,180,180,180,180,180,180,180,180,180,180,,,PP
4308,KA15486E,22-Oct-23,PHIL-TOP,,159.25,89.3,6770AJ-6773AJ,STD,8,10,380,40/40,170,170,170,170,170,160,160,160,160,160,180,180,,,LDPE(HMI)
4309,KA15486E,22-Oct-23,PHIL-TOP,,92.2,81.35,6751AJ-6752AJ,STD,8,10,380,40/40,170,170,170,170,170,160,160,160,160,160,180,180,,,LDPE(HMI)
4310,OA14302E,21-Oct-23,INCON,,157.8,43.23,6724AJ-6727AJ,STD,8,9,300,40/40,160,160,160,160,150,150,150,150,150,150,150,150,,,LDPE(HMI)
4311,BA13023E,23-Oct-23,GENSTAR,,505,34.43,6610AJ-6620AJ,STD,3,7.5,18,40/40,150,150,150,150,150,150,150,,,,,,,,LDPE(HMI)
4312,BA14168E,23-Oct-23,GENSTAR,,131,31.07,6600AJ-6602AJ,STD,3,7.3,24,40/40,150,150,150,150,140,140,140,,,,,,,,LDPE(HMI)
4313,WA15123E,22-Oct-23,GILVAN,,1000,42.92,6686AJ-6695AJ,STD,5,15,400,60/60,180,180,170,170,170,160,160,150,150,160,160,,,,LDPE(HMI)
4314,WA15123E,22-Oct-23,GILVAN,,1991.7,98.19,6696AJ-6716AJ,STD,5,15,400,60/60,180,180,170,170,170,160,160,150,150,160,160,,,,LDPE(HMI)
4315,BA15050E,24-Oct-23,PACKAGE WORLD,,221.43,44.29,6900AJ-6908AJ,STD,3,6,28,40/40,130,130,130,130,130,120,120,,,,,,,,temp less 10°
4316,BA14304E,24-Oct-23,PHIL-TOP,,250.56,62.64,6798AJ-6803AJ,STD,3,8.3,18,40/40,130,120,90,90,100,120,120,,,,,,,,LDPE(HMI)
4317,GA1225E,24-Oct-23,SMYPC,,1969.81,59.09,6546AJ-6585AJ,STD,8,5.2,400,40/40,200,200,200,200,160,160,160,160,160,160,180,180,,,LDPE(HMI)
4318,WA12282E,24-Oct-23,PACKAGEWORLD,,3197.14,64.26,5536AJ-5549AJ,STD,5,12,400,60/60,150,160,160,160,150,150,150,150,150,150,150,,,,Rubber / NO BLENDER (ext #5 only)
4319,GA14271E,25-Oct-23,PHIL-TOP,,255,80.53,6804AJ-6809AJ,STD,8,10,300,40/40,180,180,180,170,170,170,170,160,160,160,160,160,,,LDPE(HMI)
4320,KA8595E,25-Oct-23,INCON,,23.2,46.4,7041AJ,STD,8,9,250,40/40,170,170,170,170,170,170,170,170,170,170,170,170,,,PP
4321,KA8595E,25-Oct-23,INCON(corr),,101,50.5,7042AJ-7045AJ,STD,8,9,250,40/40,170,170,170,170,170,170,170,170,170,170,170,170,,,PP
4322,KA16485E,25-Oct-23,H&E,,33.5,50.25,6757AJ,STD,8,15,350,40/40,170,170,170,170,170,170,160,160,160,150,150,150,,,LDPE HMI
4323,VA4086E,25-Oct-23,EASTERN,,195.77,58.73,6810AJ-6817AJ,STD,3,12,28,40/40,150,150,140,140,140,150,150,,,,,,,,VACUUM ON/LDPE(HMI)
4324,IA5758E,25-Oct-23,EVEREST,,144.76,66.81,6795AJ-6797AJ,STD,3,9.5,45,60/60,140,130,130,130,130,140,140,,,,,,,,VACUUM ON / LDPE(HMI)
4325,CA5402E,25-Oct-23,SMYPC,,2083.9,32.43,6504AJ-6545AJ,STD,3,3.7,10,40,130,120,110,110,110,115,115,,,,,,,,LDPE(HMI)
4326,WA1400E,26-Oct-23,ALLIED,,1230.55,90.59,6732AJ-6743AJ,STD,5,12,380,60/60,170,170,170,170,160,160,160,160,160,150,150,,,,LDPE(HMI)
4327,DA5176E,26-Oct-23,EVEREST,,100,85.71,6779AJ-6780AJ,STD,8,10,320,40/40,160,160,160,160,150,150,150,150,150,150,180,180,,,LDPE(HMI)
4328,DA5176E,26-Oct-23,EVEREST(corr),,330.13,90.04,7032AJ-7038AJ,STD,8,10,320,40/40,160,160,160,160,150,150,150,150,150,150,180,180,,,LDPE(HMI)
4329,BA16204E,26-Oct-23,INCON(corr),,105,70,7054AJ-7055AJ,STD,8,8,350,40/40,170,170,170,170,170,160,160,160,160,150,150,150,,,LDPE(HMI)
4330,TA13713E,26-Oct-23,INCON,,123.7,59.38,7056AJ-7060AJ,STD,8,8,230,40/40,180,180,200,200,180,180,180,180,180,180,200,200,,,PP
4331,GA4921E,27-Oct-23,EVERGOOD,,257.87,75.47,7095AJ-7100AJ,STD,8,12,300,40/40,180,180,180,170,170,170,170,160,160,160,170,170,,,LDPE(HMI)
4332,MA13810E,27-Oct-23,INCON,,55.71,51.42,6777AJ-6778AJ,STD,8,8,250,40/40,180,200,180,180,180,180,180,180,180,180,180,180,,,PP
4333,YA5917E,27-Oct-23,EVERGOOD,,255.83,52.93,6789AJ-6794AJ,STD,8,6.2,400,40/40,170,170,170,170,160,160,160,160,160,160,150,150,,,LDPE(HMI)
4334,WA15071E,27-Oct-23,PACKAGEWORLD,,707.85,59.82,6759AJ-6765AJ,STD,5,120,350,40/40,160,150,150,150,150,150,160,160,160,160,160,,,,LL38
4335,UA11287E,27-Oct-23,SMYPC,,1126.2,77.67,6586AJ-6597AJ,STD,5,10,350,40,160,160,160,160,160,160,160,160,150,150,,,,,LDPE HMI
4336,GA1225E,28-Oct-23,SMYPC,,1977.59,60.26,6858AJ-6897AJ,STD,3,7,24,40/40,150,130,110,110,130,150,150,,,,,,,,LDPE(HMI)
4337,GA4254E,26-Oct-23,INCON(corr),,211.9,60.54,7061AJ-7069AJ,STD,8,12.6,300,40/40,180,200,180,180,180,180,180,180,180,180,180,180,,,VACUUM ON / PP
4338,KA13864E,26-Oct-23,PHIL-TOP,,49,57.57,6774AJ,STD,8,10.7,300,40/40,170,170,170,170,160,160,160,160,160,160,150,150,,,LDPE HMI
4339,KA13864E,26-Oct-23,PHIL-TOP,,81.63,81.63,6775AJ-6776AJ,STD,8,10.7,300,40/40,170,170,170,170,160,160,160,160,160,160,150,150,,,LDPE HMI
4340,KA15486E,26-Oct-23,PHIL-TOP,,105.33,79,7070AJ-7071AJ,STD,8,9,300,40/40,170,170,170,170,160,160,160,160,160,160,150,150,,,LDPE(HMI)
4341,WA2677E,28-Oct-23,ALLIED,,97.48,43.32,6758AJ,STD,5,5,200,60/60,230,230,230,230,230,230,230,230,220,220,220,220,,,PET / 90-100 PPG
4342,WA15190E,28-Oct-23,NMH,,5889.16,74.31,6909AJ-6968AJ,STD,5,12,400,60/60,180,200,180,180,180,180,180,180,180,200,200,,,,(52-62 PPG) / PP
4343,WA3827E,27-Oct-23,IN-HOUSE,,687.67,63.42,7072AJ-7074AJ; 7116AJ-7119AJ,STD,8,11,350,40/40,200,200,200,180,180,180,180,180,180,180,180,180,,,HDPE(HMI)
4344,WA14068E,28-Oct-23,Zeller,,496.29,69.25,7046AJ-7050AJ,STD,8,9,300,40/40,200,200,180,180,180,180,180,180,180,180,190,190,,,HDPE(HMI)
4345,MA4737E,28-Oct-23,GENSTAR(corr),,52.3,48.28,7126AJ,STD,8,9,300,40/40,160,160,150,150,150,150,150,150,150,150,160,160,,,LDPE(HMI)
4346,YA12128E,31-Oct-23,21st Century,,986.2,55.3,7075AJ-7094AJ,STD,8,4.1,130,40,150,150,140,140,130,130,130,130,130,130,130,130,,,LDPE(HMI)
4347,DA5176E,30-Oct-23,EVEREST(corr),,103.72,98.78,7216AJ-7217AJ,STD,8,10,320,40/40,160,160,160,160,150,150,150,150,150,150,180,180,,,LDPE(HMI)
4348,DA5176E,8-Nov-23,EVEREST(corr),,246.71,89.71,7496AJ-7501AJ,STD,8,10,320,40/40,160,160,160,160,150,150,150,150,150,150,150,150,,,LDPE(HMI)
4349,TA13713E,30-Oct-23,INCON,,53.8,53.8,7208AJ-7209AJ,STD,8,8,230,40/40,180,200,180,180,180,180,180,180,180,180,200,200,,,PP
4350,IA5758E,29-Oct-23,EVEREST,,24.5,73.5,7101AJ,STD,8,200,380,60/60,170,170,170,170,170,160,160,160,160,150,150,150,,,VACUUM ON / LDPE(HMI)
4351,IA5758E,30-Oct-23,EVEREST(corr),,692.8,71.55,7102AJ-7115AJ,STD,8,12,380,60/60,170,170,170,170,170,160,160,160,160,150,150,150,,,VACUUM ON / LDPE(HMI)
4352,KA15486E,28-Oct-23,PHIL-TOP(corr),,130.96,82.71,7205AJ-7207AJ,STD,8,9,300,40/40,170,170,170,170,170,160,160,160,160,160,150,150,,,LDPE(HMI)
4353,KA8595E,28-Oct-23,INCON(corr),,105,50.4,7128AJ-7131AJ,STD,8,9,250,40/40,180,200,180,180,180,180,180,180,180,180,180,180,,,PP
4354,VA4086E,31-Oct-23,EASTERN,,515.85,53.83,7163AJ-7183AJ,STD,3,9,25,40/40,150,150,140,140,140,150,150,,,,,,,,VACUUM ON/LDPE(HMI)
4355,VA4086E,31-Oct-23,EASTERN(corr),,200,61.54,7155AJ-7162AJ,STD,3,12,28,40/40,150,150,140,140,140,150,150,,,,,,,,VACUUM ON/LDPE(HMI)
4356,BA14304E,31-Oct-23,PHIL-TOP(corr),,255.55,37.67,7132AJ-7137AJ,STD,3,7.5,17,40/40,150,150,130,110,110,130,130,,,,,,,,LDPE(HMI)
4357,BA14304E,31-Oct-23,PHIL-TOP,,24,72,7138AJ,STD,3,7.5,17,40/40,150,150,130,110,110,130,130,,,,,,,,LDPE(HMI)
4358,GA1225E,31-Oct-23,SMYPC,,48.45,69.21,6898AJ,STD,3,7,24,40/40,150,130,110,110,130,150,150,,,,,,,,LDPE(HMI)
4359,YA3504E,31-Oct-23,ZELLER(corr),,71.65,47.77,7051AJ-7053AJ,STD,8,10,280,40/40,180,200,180,180,180,180,180,180,180,190,190,,,,PP
4360,CA5402E,1-Nov-23,SMYPC,,1976.32,33.2,6818AJ-6857AJ,STD,3,3.8,10,40,150,150,140,105,105,115,115,,,,,,,,LDPE(HMI)
4361,BA12556E,2-Nov-23,PACKAGEWORLD,,5177.93,69.77,7184AJ-7204AJ,STD,5,12,380,60/60,160,160,160,160,160,160,160,150,150,150,150,,,,RUBBER
4362,KA13864E,2-Nov-23,PHIL-TOP(corr),,130.14,65.07,7228AJ-7230AJ,STD,8,10,280,40/40,170,170,170,170,160,160,160,160,160,160,150,150,,,LDPE HMI
4363,GA4440E,2-Nov-23,Plastimer(corr),,24,48,7224AJ,STD,8,5,240,40/40,180,200,180,180,180,180,180,180,180,180,180,180,,,PP
4364,WA3827E,3-Nov-23,IN-HOUSE,,1408.63,66.29,7120AJ-7125AJ; 7142AJ-7149AJ,STD,8,10,300,40/40,200,200,200,180,180,180,180,170,170,170,180,180,,,HDPE(HMI)
4365,GA4254E,4-Nov-23,INCON(corr),,211.13,52.78,7284AJ-7288AJ,STD,8,10,300,40/40,180,200,180,180,180,180,180,180,180,180,180,180,,,VACUUM ON / PP
4366,GA4352E,4-Nov-23,ZELLER,,103.74,54.13,7150AJ-7153AJ,STD,8,10,220,40/40,180,200,180,180,180,180,180,180,180,180,180,180,,,PP
4367,BA16204E,4-Nov-23,INCON,,9.82,58.92,7227AJ,STD,8,9,280,40/40,170,170,170,170,170,160,160,160,160,150,150,150,,,LDPE(HMI)
4368,BA16204E,4-Nov-23,INCON(corr),,105,60,7225AJ-7226AJ,STD,8,9,280,40/40,170,170,170,170,170,160,160,160,160,150,150,150,,,LDPE(HMI)
4369,RA5277E,4-Nov-23,EVERGOOD,,252.75,67.4,7309AJ-7314AJ,STD,3,6.5,20,40/40,140,130,110,110,130,150,150,,,,,,,,VACUUM ON / LDPE(HMI)
4370,RA13616E,4-Nov-23,STAR PLASTIC,,154.14,71.69,7294AJ-7297AJ,STD,3,8.3,26,40/40,150,150,130,130,130,150,150,,,,,,,,LDPE(HMI)
4371,RA7487E,4-Nov-23,GENSTAR,,128.05,56.91,7250AJ-7252AJ,STD,3,7,18,40/40,150,140,120,120,130,140,140,,,,,,,,LDPE HMI
4372,GA4440E,4-Nov-23,Plastimer,,27.48,47.11,7315AJ,STD,8,6,250,40/40,180,200,180,180,180,180,180,180,180,180,180,180,,,PP
4373,GA8074E,4-Nov-23,PCPC,,255.38,86.57,7218AJ-7223AJ,STD,8,12,400,40/40,170,170,170,170,160,160,160,160,160,150,150,150,,,LDPE HMI
4374,YA11110E,7-Nov-23,EVEREST,,231.73,69.52,7289AJ-7293AJ,STD,8,15,380,40/40,170,170,170,170,170,170,160,160,160,150,150,150,,,LDPE HMI
4375,KA13864E,6-Nov-23,PHIL-TOP(corr),,161,80.5,7387AJ-7390AJ,STD,8,10,300,40/40,170,170,170,170,160,160,160,160,160,150,150,150,,,LDPE HMI
4376,KA13864E,6-Nov-23,PHIL-TOP,,24.5,73.5,7386AJ,STD,8,10,300,40/40,170,170,170,170,160,160,160,160,160,150,150,150,,,LDPE HMI
4377,GA12411E,6-Nov-23,GENSTAR,,467.6,58.09,7231AJ-7249AJ,STD,8,13,400,40/40,200,200,200,200,180,180,180,180,180,180,190,190,,,PP
4378,KA8595E,6-Nov-23,INCON(tmblr/xtrd),,425,53.13,6754AJ-6755AJ,STD,8,10,250,40/40,180,200,180,180,180,180,180,180,180,180,180,180,,,PP
4379,IA5758E,7-Nov-23,EVEREST,,48.05,72.08,7367AJ,STD,3,8.3,20,60/60,150,110,110,130,130,150,150,,,,,,,,VACUUM ON / LDPE(HMI)
4380,IA5758E,7-Nov-23,EVEREST(corr),,848.75,77.16,7368AJ-7385AJ,STD,3,8.3,20,60/60,150,110,110,130,130,150,150,,,,,,,,VACUUM ON / LDPE(HMI)
4381,RA2508E,4-Nov-23,Evergood,,507,35.37,7298AJ-7308AJ,STD,3,5.5,22,60/60,150,150,120,120,130,150,150,,,,,,,,LDPE(HMI)
4382,TA13713E,6-Nov-23,INCON,,73.3,51.74,7397AJ-7399AJ,STD,8,7.5,240,40/40,180,200,180,180,180,180,180,180,180,180,200,200,,,PP
4383,WA15192E,7-Nov-23,KPC,,3001.22,90.95,7253AJ-7283AJ,STD,5,10,360,60/60,200,200,180,180,180,180,180,180,180,180,180,,,,PP
4384,KA8595E,7-Nov-23,INCON(corr),,105.9,60.51,7402AJ-7405AJ,STD,8,10,250,40/40,180,200,180,180,180,180,180,180,180,180,180,180,,,PP
4385,YA3504E,7-Nov-23,ZELLER,,8.1,48.6,7396AJ,STD,8,10,280,40/40,180,200,180,180,180,180,180,180,180,190,190,,,,PP
4386,YA3504E,7-Nov-23,ZELLER(corr),,71.5,53.63,7393AJ-7395AJ,STD,8,10,280,40/40,180,200,180,180,180,180,180,180,180,190,190,,,,PP
4387,GA14433E,9-Nov-23,TERUMO,,208.84,24.96,7319AJ-7326AJ,STD,1,55,250,40/40,180,200,180,180,180,180,180,180,180,180,,,,,3mmx3mm Pellet size
4388,TA14363E,9-Nov-23,TERUMO,,56.08,24.03,7317AJ-7318AJ,STD,1,90,250,40/40,180,200,180,180,180,180,180,180,180,180,,,,,3mmx3mm Pellet size
4389,WA15135E,8-Nov-23,HERITAGE,,72.52,24.17,7391AJ-7392AJ,STD,1,100,400,60/60,120,140,140,160,160,160,160,160,150,150,,,,,LDPE(HMI)
4390,YA12128E,8-Nov-23,21st Century,,19.03,45.67,7316AJ,STD,8,4,130,40,150,150,140,140,130,130,130,130,130,130,130,130,,,LDPE(HMI)
4391,GA3933E,8-Nov-23,MOLDEX,,197,63.89,7420AJ-7427AJ,STD,8,6,250,40/40,200,200,180,180,180,180,180,180,180,180,200,200,,,PP
4392,BA14432E,9-Nov-23,TERUMO,,55.2,25.28,7400AJ-7401AJ,STD,1,80,250,40/40,180,200,180,180,180,180,180,180,180,180,,,,,3mmx3mm Pellet size
4393,WA11278E,8-Nov-23,FORTUNE DARUMA,,481.76,29.2,7406AJ-7410AJ,STD,5,2.5,110,40/40,160,160,160,160,160,150,150,150,150,160,160,,,,RUBBER
4394,WA15190E,9-Nov-23,NMH,,5910.75,87.89,6969AJ-7028AJ,STD,5,10,400,60/60,180,200,180,180,180,180,180,180,180,200,200,,,,(52-62 PPG) / PP
4395,VA4086E,10-Nov-23,EASTERN,,492.3,73.85,7412AJ-7419AJ; 7507AJ-7518AJ,STD,8,18,380,40/40,170,170,170,170,160,160,160,160,160,160,180,180,,,VACUUM ON/LDPE(HMI)
4396,GA12411E,9-Nov-23,GENSTAR,,463.48,64.87,7521AJ-7530AJ,STD,8,8,300,40/40,200,200,180,180,180,180,180,180,180,180,180,180,,,PP
4397,BA5327E,8-Nov-23,EVEREST,,332.91,47,7428AJ-7434AJ,STD,8,4.6,250,40/40,170,170,170,170,160,160,160,160,160,160,150,150,,,LDPE(HMI)
4398,IA6314E,10-Nov-23,SMYPC,,261.95,43.58,7563AJ-7568AJ,STD,3,5.5,12,40,130,100,100,110,115,115,115,,,,,,,,Pelletizer Speed : 500/LDPE(HMI)
4399,IA5758E,10-Nov-23,EVEREST(corr),,50,75,7519AJ,STD,3,22,8.3,60/60,140,140,130,130,130,140,140,,,,,,,,VACUUM ON / LDPE(HMI)
4400,IA5758E,10-Nov-23,EVEREST,,23.95,57.48,7520AJ,STD,3,22,8.3,60/60,140,140,130,130,130,140,140,,,,,,,,VACUUM ON / LDPE(HMI)
4401,WA16299E,9-Nov-23,SANICON,,105,75.9,7534AJ-7536AJ,STD,5,10,300,40/40,180,180,100,100,170,170,170,160,160,150,150,,,,LDPE HMI
4402,BA9094E,10-Nov-23,ZELLER,,132,49.5,7537AJ-7541AJ,STD,8,9.5,300,40/40,180,200,180,180,180,180,180,180,180,180,180,180,,,PP
4403,KA8595E,10-Nov-23,INCON(corr),,107.34,51.52,7560AJ-7561AJ,STD,8,7,300,40/40,180,200,180,180,180,180,180,180,180,180,180,180,,,PP
4404,RA15775E,10-Nov-23,SANICON,,56.03,51.72,7532AJ-7533AJ,STD,8,7,300,40/40,170,170,170,170,170,170,160,160,160,160,150,150,,,LDPE HMI / VACUUM ON
4405,IA6500E,10-Nov-23,SMYPC,,351.13,57.05,7664AJ-7671AJ,STD,3,30,40,40/40,150,150,140,140,130,150,150,,,,,,,,LDPE(HMI)
4406,KA8595E,10-Nov-23,INCON,,50,46.15,7672AJ-7673AJ,STD,8,7,300,40/40,180,200,180,180,180,180,180,180,180,180,180,180,,,PP
4407,CA8905E,11-Nov-23,SMYPC,,1425,22.56,7570AJ-7598AJ,STD,3,3.2,9,40,130,130,130,110,110,120,120,,,,,,,,LDPE(HMI)
4408,YA15776E,11-Nov-23,SANICON,,52.1,46.66,7531AJ,STD,8,10,350,40/40,170,170,170,170,160,160,160,160,160,160,150,150,,,LDPE HMI
4409,SA11780E,11-Nov-23,SMYPC,,500,83.84,7630AJ-7639AJ,STD,8,13,300,40/40,170,170,170,170,170,170,160,160,160,150,150,150,,,LDPE(HMI)
4410,SA11780E,11-Nov-23,SMYPC,,49.66,83.25,7640AJ-7641AJ,STD,8,13,300,40/40,170,170,170,170,170,170,160,160,160,150,150,150,,,LDPE(HMI)
4411,GA15181E,13-Nov-23,MCBRIDE,,55.53,66.64,7642AJ-7643AJ,STD,8,13,300,40/40,170,170,170,170,170,170,160,160,160,150,150,150,,,LDPE(HMI)
4412,WA3827E,13-Nov-23,IN-HOUSE,,490.3,70.04,7502AJ-7506AJ,STD,8,10,280,40/40,200,200,200,180,180,180,180,170,170,170,180,180,,,HDPE(HMI)
4413,OA14302E,13-Nov-23,INCON,,23.85,47.7,7628AJ,STD,8,8,300,40/40,160,160,160,160,150,150,150,150,150,150,150,150,,,LDPE(HMI)
4414,BA4701E,14-Nov-23,INCON,,105.43,50.61,7674AJ-7677AJ,STD,8,8,300,40/40,180,200,180,180,180,180,180,180,180,180,180,180,,,PP
4415,GA4440E,14-Nov-23,Plastimer,,409.83,44.31,7543AJ-7559AJ,STD,8,7,240,40/40,180,200,180,180,180,180,180,180,180,180,180,180,,,PP
4416,GA3933E,14-Nov-23,MOLDEX(corr),,245,63.91,7610AJ-7619AJ,STD,8,9,300,40/40,200,200,180,180,180,180,180,180,180,180,200,200,,,PP
4417,GA3933E,14-Nov-23,MOLDEX,,159.6,45.6,7620AJ-7626AJ,STD,8,9,300,40/40,200,200,180,180,180,180,180,180,180,180,200,200,,,PP
4418,WA13183E,14-Nov-23,STAR PLASTIC,,177.35,76.01,7644AJ-7647AJ,STD,5,8,280,40/40,180,100,110,110,170,160,160,160,160,180,180,,,,LDPE(HMI)
4419,RA16500E,15-Nov-23,EVEREST,,78.35,69.13,7781AJ-7782AJ,STD,3,8.7,32,40/40,150,150,150,120,110,130,130,,,,,,,,LDPE(HMI)
4420,RA2508E,15-Nov-23,Evergood,,738.7,46.86,7648AJ-7663AJ,STD,3,6.3,22,60/60,150,120,100,100,140,150,150,,,,,,,,LDPE(HMI)
4421,BA2091E,15-Nov-23,GREENPACK,,1498.08,73.68,7680AJ-7710AJ,STD,8,8.5,350,60/60,200,200,200,200,170,170,170,160,160,160,170,170,,,LDPE(HMI)
4422,BA16204E,15-Nov-23,INCON(corr),,119.4,55.11,7788AJ-7790AJ,STD,8,9,300,40/40,170,170,170,170,170,160,160,160,160,150,150,150,,,LDPE(HMI)
4423,TA13713E,14-Nov-23,INCON,,49.05,49.05,7791AJ-7792AJ,STD,8,7.5,240,40/40,180,200,180,180,180,180,180,180,180,180,180,180,,,PP
4424,KA8595E,14-Nov-23,INCON(corr),,115.03,51.12,7783AJ-7787AJ,STD,8,9,300,40/40,180,200,180,180,180,180,180,180,180,180,180,180,,,PP
4425,WA11278E,15-Nov-23,FORTUNE DARUMA,,285.15,13.61,7794AJ-7796AJ,STD,5,30,350,40/40,160,160,160,160,160,150,150,150,150,160,160,,,,RUBBER
4426,WA3827E,14-Nov-23,IN-HOUSE,,172.57,64.71,7678AJ-7679AJ,STD,5,60,380,40/40,200,200,200,180,180,180,180,180,180,200,200,,,,VACUUM ON/HDPE(HMI)
4427,TA13713E,13-Nov-23,INCON,,4.71,6.01,7815AJ,STD,6,16,393,-,180,190,180,180,180,180,180,,,,,,,,PP
4428,OA14302E,15-Nov-23,INCON,,23.86,35.79,7814AJ,STD,1,90,400,40/40,120,140,150,150,150,150,150,150,140,140,,,,,LDPE(HMI)
4429,MA4737E,16-Nov-23,EVEREST,,1013.82,31.04,7732AJ-7772AJ,STD,8,6,400,40/40,190,190,160,160,160,150,150,150,150,150,150,150,,,LDPE(HMI)
4430,GA13925E,16-Nov-23,GREENPACK,,254.6,66.42,7773AJ-7778AJ,STD,8,11,400,40/40,170,170,170,170,160,160,160,160,160,160,150,150,,,LDPE HMI
4431,GA8074E,16-Nov-23,RIAL-LIRAM,,103.5,88.71,7779AJ-7780AJ,STD,8,12,400,40/40,170,170,170,170,160,160,160,160,160,150,150,150,,,LDPE HMI
4432,CA13043E,16-Nov-23,FORTUNE DARUMA,,253.13,18.82,7817AJ-7822AJ,STD,3,3.8,8,40/40,160,160,150,150,120,120,150,,,,,,,,RUBBER
4433,WA15190E,16-Nov-23,NMH,,5922.71,81.98,7435AJ-7494AJ,STD,5,10,400,60/60,200,200,180,180,180,180,180,180,180,200,200,,,,(52-62 PPG) / PP
4434,UA11287E,15-Nov-23,SMYPC,,933.9,77.83,7804AJ-7813AJ,STD,5,10,350,40,160,160,160,160,160,160,160,160,150,150,,,,,LDPE HMI
4435,DA15377E,18-Nov-23,CDC,,105.19,70.13,7799AJ-7801AJ,STD,8,10,320,40/40,170,170,170,170,160,160,160,160,160,160,150,150,,,LDPE(HMI)
4436,CA8905E,17-Nov-23,SMYPC,,1476.42,23.97,7599AJ-7609AJ; 7711AJ-7730AJ,STD,3,3.8,9,40,150,150,150,150,100,95,120,,,,,,,,LDPE(HMI)
4437,KA8595E,18-Nov-23,INCON,,49.1,42.09,7942AJ-7943AJ,STD,8,8,180,40/40,170,170,170,170,170,170,170,170,170,170,170,170,,,PP
4438,KA8595E,18-Nov-23,INCON,,133.94,43.44,7944AJ-7948AJ,STD,8,8,180,40/40,170,170,170,170,170,170,170,170,170,170,170,170,,,PP
4439,BA15963E,19-Nov-23,CDC,,56.06,73.12,7802AJ-7803AJ,STD,8,20,380,40/40,170,170,170,170,170,170,160,160,160,150,150,150,,,LDPE(HMI)
4440,IA15368E,18-Nov-23,CDC,,208.4,73.55,7917AJ-7921AJ,STD,8,12,300,40/40,170,170,170,170,160,160,160,160,160,160,170,170,,,LDPE(HMI)
4441,YA3050E,18-Nov-23,SMYPC,,247.5,73.51,7937AJ-7941AJ,STD,8,16,400,40/40,170,170,170,170,170,170,160,160,160,150,150,150,,,LDPE(HMI)
4442,KA5796E,18-Nov-23,Incon(corr),,49,54.44,8002AJ-8003AJ,STD,8,10,280,40/40,180,200,180,180,180,180,180,180,180,180,190,190,,,PP
4443,KA5796E,18-Nov-23,INCON,,25,50,8001AJ,STD,8,10,280,40/40,180,200,180,180,180,180,180,180,180,180,190,190,,,PP
4444,GA1225E,20-Nov-23,SMYPC,,988.15,52.94,7823AJ-7842AJ,STD,8,5,350,40/40,200,200,200,200,170,170,170,170,70,170,180,180,,,LDPE(HMI)
4445,WA15192E,20-Nov-23,KPC,,2975,82.83,7949AJ-7979AJ,STD,5,10,400,60/60,180,200,180,180,180,180,180,180,180,200,200,,,,PP
4446,CA8905E,20-Nov-23,SMYPC(corr),,18.9,27,8024AJ,STD,3,5.3,115,40,130,130,100,100,100,115,115,,,,,,,,LDPE(HMI)
4447,DA5176E,21-Nov-23,EVEREST,,50,100,7905AJ,STD,8,10,350,40/40,180,180,170,170,160,160,150,150,150,150,150,150,,,LDPE(HMI)
4448,DA5176E,21-Nov-23,EVEREST(corr),,247.6,70.74,7906AJ-7910AJ,STD,8,10,350,40/40,180,180,170,170,160,160,150,150,150,150,150,150,,,LDPE(HMI)
4449,BA14304E,21-Nov-23,PHIL-TOP,,50,75,8004AJ,STD,8,10,380,40/40,180,180,180,170,170,170,170,170,160,160,160,160,,,LDPE(HMI)
4450,BA14304E,21-Nov-23,PHIL-TOP,,23.64,61.67,8005AJ,STD,8,10,380,40/40,180,180,180,170,170,170,170,170,160,160,160,160,,,LDPE(HMI)
4451,OA2469E,21-Nov-23,H & E,,256.66,75.12,7911AJ-7916AJ,STD,8,14,350,40/40,170,170,170,170,170,160,160,160,160,160,170,170,,,LDPE(HMI)
4452,OA14302E,21-Nov-23,INCON,,156.13,66.91,7980AJ-7983AJ,STD,8,8,300,40/40,160,160,160,160,150,150,150,150,150,150,150,150,,,LDPE(HMI)
4453,GA16014E,21-Nov-23,CANLINE,,511,44.12,7987AJ-7997AJ,STD,3,8.3,18,40/40,150,150,150,150,150,160,160,,,,,,,,LDPE(HMI)
4454,RA16016E,21-Nov-23,I-TUNG,,100.58,50.29,8020AJ-8022AJ,STD,3,8.3,20,40/40,150,150,120,120,130,150,150,,,,,,,,LDPE(HMI)
4455,VA4086E,21-Nov-23,EASTERN,,294.18,49.03,7922AJ-7933AJ,STD,3,12,30,40/40,150,150,140,140,140,150,150,,,,,,,,VACUUM ON/LDPE(HMI)
4456,TA13713E,21-Nov-23,INCON,,49.58,5.26,8006AJ-8007AJ,STD,6,16,393,-,180,190,180,180,180,180,180,,,,,,,,PP
4457,BA16130E,21-Nov-23,PHIL-TOP,,131.3,78.78,7998AJ-8000AJ,STD,8,10,380,40/40,170,170,170,170,170,170,160,160,160,150,150,150,,,LDPE HMI
4458,YA3050E,22-Nov-23,SMYPC,,25,78.95,8059AJ,STD,8,14,380,40/40,170,170,170,170,170,170,160,160,160,150,150,150,,,LDPE(HMI)
4459,YA3050E,22-Nov-23,SMYPC,,250,80.21,8060AJ-8065AJ,STD,8,14,380,40/40,170,170,170,170,170,170,160,160,160,150,150,150,,,LDPE(HMI)
4460,YA3050E,22-Nov-23,SMYPC(corr),,246.33,78.62,8066AJ-8070AJ,STD,8,14,380,40/40,170,170,170,170,170,170,160,160,160,150,150,150,,,LDPE(HMI)
4461,WA15856E,22-Nov-23,I TUNG,,112.5,67.5,8023AJ,STD,8,12,380,40/40,170,170,170,170,160,160,160,160,160,150,150,150,,,LDPE(HMI)
4462,WA3827E,22-Nov-23,EASTERN,,295.33,72.33,7934AJ-7936AJ,STD,8,10,280,40/40,200,200,200,180,180,170,170,170,170,170,180,180,,,HDPE(HMI)
4463,BA12861E,22-Nov-23,AG CANPRINT,,253.2,39.46,8115AJ-8124AJ,STD,3,8,32,40/40,200,130,130,140,180,180,180,,,,,,,,PP
4464,GA13854E,22-Nov-23,REIMAGINE,,101,55.09,8025AJ-8027AJ,STD,3,10,28,40/40,150,100,100,150,150,150,150,,,,,,,,LDPE(HMI)
4465,GA14271E,22-Nov-23,PHIL-TOP,,255.5,60.12,8008AJ-8013AJ,STD,3,12,25,40/40,150,150,150,140,140,150,150,,,,,,,,LDPE(HMI)
4466,WA1815E,22-Nov-23,NPPET GLOBAL,,54.75,50.54,7986AJ,STD,5,8,280,60/60,170,170,170,170,160,160,160,160,160,160,160,,,,LDPE(HMI)
4467,WA8512E,22-Nov-23,AMAZON,,2062.93,93.77,8034AJ-8054AJ,STD,5,9,350,40,160,160,160,160,150,150,150,150,150,160,160,,,,VACUUM ON / LDPE(HMI)
4468,WA11838E,22-Nov-23,NPPET GLOBAL,,200,42.11,7984AJ-7985AJ, STD ,5,5,260,40/40,230,230,230,230,230,230,230,230,230,230,230,,,,90-100 ppg (PET)
4469,TA15557E,22-Nov-23,I TUNG,,106.16,74.94,8055AJ-8057AJ,STD,8,10,280,40/40,170,170,170,170,160,160,160,160,160,160,160,160,,,LDPE(HMI)
4470,TA15557E,22-Nov-23,I TUNG(corr),,22,88,8058AJ,STD,8,10,280,40/40,170,170,170,170,160,160,160,160,160,160,160,160,,,LDPE(HMI)
4471,TA15569E,22-Nov-23,PHIL-TOP,,260.83,62.6,8014AJ-8019AJ,STD,8,10,350,40/40,170,170,170,160,160,160,150,150,150,150,160,160,,,LDPE(HMI)
4472,KA14303E,23-Nov-23,PHIL-TOP,,228.5,53.35,8028AJ-8032AJ,STD,8,12,300,40/40,170,170,170,160,160,160,150,150,150,150,150,150,,,LDPE(HMI)
4473,KA14303E,23-Nov-23,PHIL-TOP(corr),,28.64,68.74,8033AJ,STD,8,10,300,40/40,170,170,170,160,160,160,160,160,160,150,150,150,,,LDPE(HMI)
4474,BA15002E,23-Nov-23,MCBRIDE,,50.77,30.46,8071AJ-8072AJ,STD,8,7,180,40/40,230,230,220,220,220,220,220,220,220,220,230,230,,,90-100 ppg (PET)
4475,BA12615E,23-Nov-23,PLEXCO,,155,56.36,8220AJ-8223AJ,STD,8,6.2,400,40/40,180,180,170,170,170,160,160,160,150,150,150,150,,,LDPE HMI
4476,GA1225E,22-Nov-23,SMYPC,,3019.52,62.37,7843AJ-7903AJ,STD,3,7,26,40/40,180,170,160,150,150,150,150,,,,,,,,LDPE(HMI)
4477,BA3435E,23-Nov-23,ZELLER,,81.33,48.8,8206AJ-8208AJ,STD,8,8,300,40/40,180,200,180,180,180,180,180,180,180,180,180,180,,,PP
4478,WA3827E,24-Nov-23,IN-HOUSE,,1593.66,67.05,8209AJ-8219AJ; 8299AJ-8303AJ,STD,8,10,300,40/40,200,200,200,180,180,170,170,170,170,170,180,180,,,HDPE(HMI)
4479,WA14068E,24-Nov-23,Zeller,,500,61.22,8155AJ-8159AJ,STD,8,10,280,40/40,200,200,180,180,180,180,180,180,180,180,190,190,,,VACUUM ON / HDPE(HMI) 
4480,BA14304E,23-Nov-23,PHIL-TOP,,179.17,82.69,8270AJ-8273AJ,STD,8,10,380,40/40,180,180,180,170,170,170,160,160,160,160,160,160,,,LDPE(HMI)
4481,WA12282E,24-Nov-23,PACKAGEWORLD,,5000,63.63,7327AJ-7346AJ,STD,5,12,400,60/60,150,160,160,160,150,150,150,150,150,150,150,,,,Rubber / NO BLENDER (ext #5 only)
4482,GA1225E,24-Nov-23,SMYPC(corr),,36.5,62.57,8236AJ,STD,3,8,24,40/40,180,120,120,170,160,150,150,,,,,,,,LDPE(HMI)
4483,IA1770E,25-Nov-23,EVERBRIGHT,,806.32,50.5,8237AJ-8269AJ,STD,3,14,28,60/60,180,140,140,150,150,150,160,,,,,,,,VACUUM ON/LDPE(HMI)
4484,VA4086E,25-Nov-23,EASTERN,,292.7,20.93,8224AJ-8235AJ,STD,3,12,28,40/40,150,150,140,140,140,150,150,,,,,,,,VACUUM ON/LDPE(HMI)
4485,YA3050E,25-Nov-23,SMYPC,,486,74.39,8311AJ-8320AJ,STD,8,15,350,40/40,170,170,170,170,170,170,160,160,160,150,150,150,,,LDPE(HMI)
4486,KA8595E,25-Nov-23,INCON(tmblr/xtrd),,182.03,49.64,8304AJ,STD,8,8,180,40/40,170,170,170,170,170,170,170,170,170,170,170,170,,,PP
4487,BA4140E,25-Nov-23,EVERBRIGHT,,651.75,60.16,8274AJ-8298AJ,STD,3,10,28,60/60,160,120,120,150,150,150,150,,,,,,,,VACUUM ON/LDPE(HMI)
4488,RA15449E,27-Nov-23,GILVAN,,81.72,22.29,8307AJ-8308AJ,STD,1,100,250,40/40,120,140,150,150,150,150,150,150,140,140,,,,,LDPE(HMI)
4489,RA2508E,27-Nov-23,Evergood,,5,20,8161AJ,STD,1,80,400,60/60,120,140,150,150,150,150,150,150,140,140,,,,,LDPE(HMI)
4490,MA4737E,27-Nov-23,EVEREST,,999.73,31.08,8321AJ-8360AJ,STD,8,6,380,40/40,190,190,160,160,160,160,150,150,150,150,160,160,,,LDPE(HMI)
4491,MA11346E,27-Nov-23,GILVAN,,56.28,48.24,8305AJ-8306AJ,STD,8,7.2,400,40/40,180,180,170,170,170,170,160,160,160,160,160,160,,,LDPE(HMI)
4492,GA4921E,26-Nov-23,Everest,,385.6,62.03,8364AJ-8371AJ,STD,8,12,350,40/40,180,180,180,170,170,170,170,160,160,160,170,170,,,LDPE(HMI)
4493,GA5520E,26-Nov-23,H & E,,125.6,57.97,8361AJ-8363AJ,STD,8,9,390,40/40,170,170,170,170,160,160,160,150,150,150,160,160,,,LDPE(HMI)
4494,GA14433E,28-Nov-23,TERUMO,,107.62,24.84,8163AJ-8166AJ,STD,1,85,250,40/40,180,200,180,180,180,180,180,180,180,180,,,,,3mmx3mm Pellet size
4495,GA14271E,27-Nov-23,PHIL-TOP(corr),,49.55,24.15,8386AJ,STD,1,80,400,40/40,120,140,150,150,150,150,150,150,140,140,,,,,LDPE(HMI)
4496,OA7922E,27-Nov-23,GILVAN,,58.25,23.78,8309AJ-8310AJ,STD,1,100,380,40/40,170,180,180,180,180,180,180,180,180,170,170,,,,HDPE(HMI)
4497,WA15123E,28-Nov-23,GILVAN,,2967.75,66.82,8125AJ-8154AJ,STD,5,12,400,60/60,180,110,110,170,170,170,160,160,160,160,160,,,,LDPE(HMI)
4498,BA14432E,28-Nov-23,TERUMO,,979.79,25.07,8167AJ-8205AJ,STD,1,85,250,40/40,180,200,180,180,180,180,180,180,180,180,,,,,3mmx3mm Pellet size
4499,BA16130E,27-Nov-23,PHIL-TOP(corr),,130.13,86.75,8383AJ-8385AJ,STD,8,10,380,40/40,170,170,170,170,170,170,160,160,160,150,150,150,,,LDPE HMI
4500,BA3435E,28-Nov-23,ZELLER,,80.66,26.89,8387AJ-8399AJ,STD,1,80,280,40/40,180,200,180,180,180,180,180,180,180,180,,,,,PP
4501,KA14303E,28-Nov-23,PHIL-TOP(corr),,28.84,24.72,8390AJ,STD,1,85,280,40/40,120,140,150,150,150,150,150,150,150,150,,,,,LDPE(HMI)
4502,WA13000E,30-Nov-23,PREMIER,,1015.6,84.05,8516AJ-8525AJ,STD,5,10,230,40/40,170,90,90,110,170,170,160,160,160,160,160,,,,LDPE(HMI)
4503,YA5993E,30-Nov-23,EVERGOOD,,514.19,67.07,8372AJ-8382AJ,STD,8,10,410,40/40,190,190,170,170,170,160,160,150,150,150,160,160,,,LDPE(HMI)
4504,WA16299E,1-Dec-23,SANICON,,107,85.6,8545AJ-8547AJ,STD,5,10,300,40/40,180,180,100,100,170,170,170,160,160,150,150,,,,LDPE HMI
4505,WA15190E,1-Dec-23,NMH,,2000,79.21,8392AJ-8411AJ,STD,5,10,400,60/60,200,200,180,180,180,180,180,180,180,180,180,,,,(52-62 PPG) / PP
4506,GA13854E,30-Nov-23,REIMAGINE(corr),,111.18,60.64,8452AJ-8454AJ,STD,8,10,350,40/40,170,170,170,170,160,160,160,160,160,160,150,150,,,LDPE(HMI)
4507,IA7845E,1-Dec-23,TOPRITE,,129.53,67.58,8527AJ-8529AJ,STD,8,15,350,40/40,170,170,170,170,170,170,160,160,160,150,150,150,,,LDPE(HMI)
4508,BA3925E,2-Dec-23,Evergood,,62,67.64,8601AJ-8602AJ,STD,8,9,300,40/40,180,180,180,170,170,170,170,160,160,160,170,170,,,LDPE(HMI)
4509,BA3925E,2-Dec-23,Evergood,,53.54,71.39,8603AJ,STD,8,9,300,40/40,180,180,180,170,170,170,170,160,160,160,170,170,,,LDPE(HMI)
4510,BA3925E,2-Dec-23,Evergood(corr),,46.4,69.6,8604AJ,STD,8,9,300,40/40,180,180,180,170,170,170,170,160,160,160,170,170,,,LDPE(HMI)
4511,WA11678E,2-Dec-23,INCON,,302.2,80.59,8598AJ-8600AJ,STD,5,10,300,40/40,170,110,110,170,160,160,160,160,160,170,170,,,,LDPE(HMI)
4512,CA8905E,28-Nov-23,SMYPC,,2000,23.21,8075AJ-8114AJ,STD,3,9,38,40,150,150,150,150,130,95,120,,,,,,,,LDPE(HMI)
4513,CA8905E,2-Dec-23,SMYPC,,2841.8,23.09,8455AJ-8514AJ,STD,3,3.8,9,40,150,150,150,150,130,95,120,,,,,,,,LDPE(HMI)
4514,RA5277E,4-Dec-23,EVERGOOD,,507.37,78.05,8530AJ-8540AJ,STD,8,15,400,40/40,180,180,170,170,170,170,170,170,170,170,160,160,,,LDPE(HMI)
4515,GA14433E,2-Dec-23,TERUMO(corr),,107.39,24.97,8646AJ-8649AJ,STD,1,85,250,60/80,180,200,180,180,180,180,180,180,190,200,,,,,3mmx3mm Pellet size
4516,WA13183E,2-Dec-23,STAR PLASTIC,,156.6,80.31,8677AJ-8678AJ,STD,5,8,280,40/40,180,100,110,110,170,160,160,160,160,180,180,,,,LDPE(HMI)
4517,WA3827E,2-Dec-23,IN-HOUSE,,606.39,69.97,8543AJ-8544AJ; 8594AJ-8597AJ,STD,5,6,380,40/40,200,200,200,180,180,180,180,180,180,200,200,,,,VACUUM ON/HDPE(HMI)
4518,WA15190E,4-Dec-23,NMH,,3896.2,81.45,8412AJ-8451AJ,STD,5,10,400,60/60,180,200,180,180,180,180,180,180,180,200,200,,,,(52-62 PPG) / PP
4519,MA4737E,4-Dec-23,EVEREST(corr),,174.2,50.99,8542AJ; 8650AJ-8655AJ,STD,8,8,300,40/40,190,190,160,160,160,150,150,150,150,150,160,160,,,LDPE(HMI)
4520,VA4086E,4-Dec-23,EASTERN,,295.46,57.19,8579AJ-8590AJ,STD,8,14,300,40/40,180,180,170,170,160,160,160,160,160,160,180,180,,,VACUUM ON/LDPE(HMI)
4521,YA16192E,4-Dec-23,ARC,,1981.52,95.11,8605AJ-8644AJ,STD,8,16,400,40/40,170,170,170,170,170,170,160,160,160,160,150,150,,,LDPE HMI
4522,OA8984E,6-Dec-23,Evergood,,253.2,69.05,8691AJ-8696AJ,STD,8,8,250,40/40,180,180,160,160,160,160,160,160,160,160,180,180,,,LDPE(HMI)
4523,KA3541E,6-Dec-23,ZELLER,,53.5,45.86,8592AJ-8593AJ,STD,8,8,300,40/40,180,200,180,180,180,180,180,180,180,180,180,180,,,PP
4524,YA6053E,6-Dec-23,EVEREST,,1005.78,70.17,8750AJ-8770AJ,STD,8,18,400,40/40,180,180,170,170,170,160,160,160,160,160,150,150,,,LDPE(HMI)
4525,YA5124E,6-Dec-23,EVERGOOD,,254.83,78.41,8744AJ-8749AJ,STD,8,12.7,400,40/40,180,180,170,170,170,170,160,160,160,160,150,150,,,LDPE(HMI)
4526,GA14433E,9-Dec-23,TERUMO,,29.7,27,8645AJ,STD,1,80,250,40/40,180,200,180,180,180,180,180,180,180,180,,,,,3mmx3mm Pellet size
4527,BA14432E,6-Dec-23,TERUMO(corr),,736.34,25,8771AJ-8799AJ,STD,1,80,250,40/40,180,200,180,180,180,180,180,180,180,180,,,,,3mmx3mm Pellet size
4528,GA14433E,7-Dec-23,TERUMO(corr),,106.13,24.49,8822AJ-8825AJ,STD,1,85,250,40/40,180,200,180,180,180,180,180,180,200,200,,,,,3mmx3mm Pellet size
4529,BA7924E,7-Dec-23,AMAZON,,593,79.07,8679AJ-8690AJ,STD,8,8.5,300,40/40,200,200,200,200,180,180,180,180,180,180,190,190,,,HDPE(HMI)
4530,BA9910E,7-Dec-23,Everest,,100,70.59,8734AJ-8735AJ,STD,8,10,310,40/40,170,170,170,170,160,160,160,160,160,160,160,160,,,LDPE HMI
4531,BA9910E,7-Dec-23,Everest,,366.1,70.86,8736AJ-8743AJ,STD,8,10,310,40/40,170,170,170,170,160,160,160,160,160,160,160,160,,,LDPE HMI
4532,BA9159E,7-Dec-23,EVEREST,,155.89,87.51,8730AJ-8733AJ,STD,8,10,350,40/40,170,170,170,170,160,160,160,160,160,150,150,150,,,LDPE(HMI)
4533,WA12841E,7-Dec-23,PHIL-TOP,,216.14,66.5,8804AJ-8806AJ,STD,5,10,380,60/60,170,170,170,170,160,160,160,150,150,150,150,,,,LDPE(HMI)
4534,KA14303E,9-Dec-23,PHIL-TOP,,255.32,69.63,8709AJ-8714AJ,STD,8,10,300,40/40,170,170,170,160,160,160,160,160,150,150,150,150,,,LDPE(HMI)
4535,WA3827E,9-Dec-23,IN-HOUSE,,693.58,68.78,8715AJ-8721AJ,STD,8,10,300,40/40,200,200,200,180,180,170,170,170,170,170,180,180,,,HDPE(HMI)
4536,BA14304E,9-Dec-23,PHIL-TOP,,255,62.45,8697AJ-8702AJ,STD,8,10,380,40/40,180,180,180,170,170,170,160,160,160,160,160,160,,,LDPE(HMI)
4537,GA14271E,8-Dec-23,PHIL-TOP,,258.37,75.62,8703AJ-8708AJ,STD,8,10,350,40/40,180,180,180,170,170,170,160,160,160,160,160,160,,,LDPE(HMI)
4538,GA16014E,8-Dec-23,CANLINE,,1011.07,60.42,8656AJ-8676AJ,STD,8,8.5,400,40/40,200,200,200,160,160,160,160,160,160,160,160,150,,,LDPE(HMI)
4539,RA15101E,8-Dec-23,21st Century,,2002.75,68.28,8859AJ-8899AJ,STD,3,9.3,32,40/40,150,130,120,140,140,140,150,,,,,,,,LDPE(HMI)
4540,VA4086E,8-Dec-23,EASTERN,,194.26,52.98,8722AJ-8729AJ,STD,3,10.3,20,40/40,150,130,130,130,140,140,140,,,,,,,,VACUUM ON/LDPE(HMI)
4541,WA12282E,8-Dec-23,PACKAGEWORLD,,4806.8,64,7347AJ-7366AJ,STD,5,10,400,60/60,150,160,160,160,150,150,150,150,150,150,150,,,,Rubber / NO BLENDER (ext #5 only)
4542,WA5835E,8-Dec-23,CEBU JUNTRADE,,1055.39,100.51,8809AJ-8819AJ,STD,5,12,350,60/60,170,170,170,170,170,160,160,160,150,150,,,,,LDPE(HMI)
4543,WA5835E,8-Dec-23,CEBU JUNTRADE,,197,91.63,8807AJ; 8808AJ,STD,5,12,350,60/60,170,170,170,170,170,160,160,160,150,150,,,,,LDPE(HMI)
4544,WA1400E,8-Dec-23,INCON,,207.5,79.3,8820AJ-8821AJ,STD,5,12,380,60/60,170,170,170,170,160,160,160,150,150,150,150,,,,LDPE(HMI)
4545,RA4665E,11-Dec-23,EVEREST,,945.83,61.68,8907AJ-8926AJ,STD,3,12,34,40/40,150,150,150,140,140,140,140,,,,,,,,LDPE(HMI)
4546,RA4665E,11-Dec-23,EVEREST(corr),,82.25,70.5,8974AJ-8975AJ,STD,3,12,34,40/40,150,150,150,140,140,140,140,,,,,,,,LDPE(HMI)
4547,DA15377E,12-Dec-23,CDC(corr),,29.65,71.16,8963AJ,STD,8,11,300,40/40,170,170,170,170,160,160,160,160,160,160,150,150,,,LDPE(HMI)
4548,DA15377E,12-Dec-23,CDC,,80,66.67,8961AJ-8962AJ,STD,8,11,300,40/40,170,170,170,170,160,160,160,160,160,160,150,150,,,LDPE(HMI)
4549,OA8984E,11-Dec-23,EVEREST,,129.07,67.34,8856AJ-8858AJ,STD,8,9,300,40/40,170,170,170,170,160,160,160,160,160,160,150,150,,,LDPE(HMI)
4550,GA4440E,11-Dec-23,Plastimer(corr),,221.93,49.32,8965AJ-8973AJ,STD,8,7,240,40/40,180,200,180,180,180,180,180,180,180,180,180,180,,,PP
4551,GA16609E,11-Dec-23,CDC,,53.38,53.38,8834AJ,STD,8,10,250,40/40,170,170,170,170,160,160,160,160,150,150,150,150,,,LDPE HMI
4552,KA4595E,11-Dec-23,EVERGOOD,,153.7,80.19,8900AJ-8903AJ,STD,8,12,300,40/40,170,170,170,170,160,160,160,160,160,160,150,150,,,LDPE(HMI)
4553,KA16608E,11-Dec-23,CDC,,254.69,61.13,8827AJ-8832AJ,STD,8,25,400,40/40,170,170,170,170,170,170,160,160,160,150,150,150,,,LDPE HMI
4554,KA16603E,9-Dec-23,CDC,,54.35,54.35,8833AJ,STD,8,10,350,40/40,170,170,170,160,160,160,160,160,150,150,150,150,,,LDPE HMI
4555,VA4086E,13-Dec-23,EASTERN,,148,52.24,8986AJ-8991AJ,STD,3,10,28,40/40,150,150,140,140,140,150,150,,,,,,,,VACUUM ON/LDPE(HMI)
4556,KA2871E,12-Dec-23,EVEREST,,1259.24,66.28,8999AJ-9024AJ,STD,3,9,32,40/40,150,90,90,150,150,150,150,,,,,,,,VACUUM ON/LDPE(HMI)
4557,YA6053E,12-Dec-23,EVEREST,,1004.79,69.54,8835AJ-8855AJ,STD,8,10,380,40/40,180,180,170,170,170,160,160,160,160,160,160,160,,,LDPE(HMI)
4558,YA13837E,12-Dec-23,GENSTAR,,255.8,55.81,8977AJ-8982AJ,STD,8,24,400,40/40,190,190,170,170,170,160,160,160,150,150,150,150,,,LDPE HMI
4559,YA13953E,12-Dec-23,AG CANPRINT,,131.27,64.03,8983AJ-8985AJ,STD,8,18,400,40/40,170,170,160,160,160,160,150,150,150,150,150,150,,,LDPE HMI
4560,GA14433E,9-Dec-23,TERUMO,,29.7,27,8645AJ,STD,1,85,250,60/80,180,200,180,180,180,180,180,180,190,200,,,,,3mmx3mm Pellet size
4561,GA14433E,12-Dec-23,TERUMO(trial),,50,25,9063AJ-9064AJ,STD,1,85,250,40/40,180,200,180,180,180,180,180,180,180,180,,,,,3mmx3mm Pellet size
4562,GA14433E,12-Dec-23,TERUMO(tmblr),,54,24.92,9065AJ-9066AJ,STD,1,85,250,40/40,180,200,180,180,180,180,180,180,180,180,,,,,3mmx3mm Pellet size
4563,YA16164E,13-Dec-23,EVEREST,,1514.07,64.43,8927AJ-8957AJ,STD,8,10,280,40/40,170,170,170,170,160,160,160,160,160,160,160,160,,,LDPE HMI
4564,IA15368E,13-Dec-23,CDC(corr),,7.5,34.62,8960AJ,STD,3,20,40,40/40,150,150,150,140,140,140,140,,,,,,,,LDPE(HMI)
4565,IA15368E,13-Dec-23,CDC,,77.68,60.53,8958AJ-8960AJ,STD,3,20,40,40/40,150,150,150,140,140,140,140,,,,,,,,LDPE(HMI)
4566,IA7845E,13-Dec-23,TOPRITE,,133.57,48.57,8904AJ-8906AJ,STD,3,15,20,40/40,150,150,150,140,140,140,140,,,,,,,,LDPE(HMI)
4567,WA15190E,13-Dec-23,NMH,,8853.22,80.91,9071AJ-9160AJ,STD,5,10,400,60/60,180,200,180,180,180,180,180,180,180,200,200,,,,(52-62 PPG) / PP
4568,WA2123E,13-Dec-23,TRADESPHERE,,28.65,85.95,5753AJ,STD,5,10,28,60/60,180,200,180,180,180,180,180,180,180,180,180,,,,PP
4569,VA4086E,14-Dec-23,EASTERN,,369.35,54.85,9219AJ-9233AJ,STD,3,10,28,40/40,150,150,140,140,140,150,150,,,,,,,,VACUUM ON/LDPE(HMI)
4570,CA8905E,14-Dec-23,SMYPC,,155,24.03,9211AJ-9214AJ,STD,3,3.8,9,40,150,150,150,150,95,95,125,,,,,,,,LDPE(HMI)
4571,BA9159E,14-Dec-23,EVEREST,,497.34,93.25,9026AJ-9035AJ,STD,8,10,350,40/40,170,170,170,170,160,160,160,160,160,150,150,150,,,LDPE(HMI)
4572,BA9159E,14-Dec-23,EVEREST,,1014.6,85.74,9036AJ-9056AJ,STD,8,10,350,40/40,170,170,170,170,160,160,160,160,160,150,150,150,,,LDPE(HMI)
4573,BA9159E,14-Dec-23,Evergood(corr),,172,93.82,9061AJ-9062AJ; 9340AJ-9343AJ,STD,8,10,350,40/40,170,170,170,170,160,160,160,160,160,150,150,150,,,LDPE(HMI)
4574,BA13023E,14-Dec-23,GENSTAR,,205.15,45.59,8994AJ-8998AJ,STD,8,7,330,40/40,180,180,180,170,170,170,160,160,160,160,160,160,,,LDPE HMI
4575,BA13023E,14-Dec-23,GENSTAR,,98,53.45,8992AJ-8993AJ,STD,8,7,400,40/40,180,180,180,170,170,160,160,160,160,160,160,160,,,LDPE HMI
4576,WA3827E,15-Dec-23,IN-HOUSE,,992.38,65.43,9215AJ-9218AJ; 9234AJ-9240AJ,STD,8,8,280,40/40,200,200,200,180,180,180,170,170,170,170,180,180,,,HDPE(HMI)
4577,RA5277E,15-Dec-23,EVERGOOD,,255.1,68.03,9293AJ-9298AJ,STD,3,6.5,20,40/40,140,130,110,110,130,150,150,,,,,,,,VACUUM ON / LDPE(HMI)
4578,GA14433E,12-Dec-23,TERUMO(corr),,94.42,24.96,9067AJ-9070AJ,STD,1,85,250,40/40,180,200,180,180,180,180,180,180,180,180,,,,,3mmx3mm Pellet size
4579,GA16609E,16-Dec-23,CDC(corr),,53.58,71.44,9059AJ,STD,8,10,250,40/40,170,170,170,170,160,160,160,160,150,150,150,150,,,LDPE HMI
4580,RA4665E,16-Dec-23,EVEREST,,825,71.22,9410AJ-9442AJ,STD,3,10,32,40/40,150,150,150,140,140,150,150,,,,,,,,LDPE(HMI)
4581,KA2871E,18-Dec-23,EVEREST(corr),,1261,91.71,9344AJ-9368AJ,STD,8,10,300,40/40,170,170,170,170,160,160,160,160,160,160,150,150,,,LDPE HMI
4582,DA15377E,16-Dec-23,CDC,,148.32,93.68,9407AJ-9409AJ,STD,8,10,320,40/40,170,170,170,170,160,160,160,160,160,160,150,150,,,LDPE(HMI)
4583,OA2469E,16-Dec-23,H & E,,255,72.86,9241AJ-9246AJ,STD,8,12,350,40/40,180,180,170,170,160,160,160,160,160,160,170,170,,,LDPE(HMI)
4584,RA4665E,18-Dec-23,EVEREST,,1008,68.88,9300AJ-9320AJ,STD,3,12,35,40/40,110,110,110,150,150,150,150,,,,,,,,LDPE(HMI)
4585,YA16164E,18-Dec-23,EVEREST(corr),,1517.84,66.72,9443AJ-9473AJ,STD,8,11,280,40/40,170,170,170,160,160,160,150,150,150,150,150,150,,,LDPE HMI
4586,BA3431E,21-Dec-23,ZELLER,,44.9,44.9,7029AJ-7030AJ,STD,3,4,15,40/40,180,200,180,180,180,180,180,,,,,,,,PP
4587,BA4756E,19-Dec-23,Evergood,,187.9,24.78,9323AJ-9326AJ,STD,3,3.8,40,40/40,150,90,90,140,140,150,150,,,,,,,,LDPE HMI
4588,IA15368E,19-Dec-23,CDC,,146.88,67.79,9404AJ-9406AJ,STD,3,8.3,20,40/40,150,90,90,150,150,150,150,,,,,,,,LDPE(HMI)
4589,IA9912E,19-Dec-23,Evergood,,153,55.64,9400AJ-9403AJ,STD,3,7.2,20,40/40,150,90,90,140,140,150,150,,,,,,,,LDPE(HMI)
4590,MA4737E,20-Dec-23,GENSTAR,,150,26.09,9247AJ-9252AJ,STD,8,6,400,40/40,190,190,160,160,160,160,150,150,150,150,160,160,,,LDPE(HMI)
4591,MA4737E,20-Dec-23,EVEREST,,985.6,30.88,9253AJ-9292AJ,STD,8,6,400,40/40,190,190,160,160,160,160,150,150,150,150,160,160,,,LDPE(HMI)
4592,BA5516E,20-Dec-23,SMYPC,,1916.2,44.39,9474AJ-9513AJ,STD,3,6,12,40,150,150,140,110,110,120,120,,,,,,,,VACUUM ON/LDPE(HMI)
4593,WA15123E,20-Dec-23,GILVAN,,2993.74,93.55,9369AJ-9398AJ,STD,5,12,400,60/60,180,110,110,170,170,160,160,160,160,160,160,,,,LDPE(HMI)
4594,YA7822E,21-Dec-23,EASTERN,,205.79,72.63,9335AJ-9339AJ,STD,8,12,400,40/40,170,170,170,170,160,160,160,160,160,160,150,150,,,LDPE(HMI)
4595,WA15192E,21-Dec-23,KPC,,2997.2,82.04,8548AJ-8578AJ,STD,5,10,400,60/60,180,200,180,180,180,180,180,180,180,200,200,,,,PP
4596,DA15377E,21-Dec-23,CDC(corr),,159.89,91.37,9515AJ-9518AJ,STD,8,10,300,40/40,170,170,170,170,160,160,160,160,160,160,150,150,,,LDPE(HMI)
4597,WA15190E,2-Jan-24,NMH,,4936.2,81.7,9161AJ-9210AJ,STD,5,10,400,60/60,180,200,180,180,180,180,180,180,180,200,200,,,,(52-62 PPG) / PP
4598,GA9050E,2-Jan-24,PCPC,,153.4,57.53,9525AJ-9527AJ,STD,3,30,40,40/40,150,130,130,140,140,150,150,,,,,,,,LDPE(HMI)
4599,IA9912E,2-Jan-24,Evergood(corr),,152.02,76.93,9560AJ-9562AJ,STD,3,8.5,28,40/40,150,150,140,140,130,150,150,,,,,,,,LDPE(HMI)
4600,DA15377E,2-Jan-24,CDC(corr),,48.13,64.17,9618AJ,STD,3,8.3,28,40/40,160,150,140,140,130,130,150,,,,,,,,LDPE(HMI)
4601,DA15377E,2-Jan-24,CDC,,159.58,76.6,9614AJ-9617AJ,STD,3,8.7,32,40/40,160,150,140,140,130,130,150,,,,,,,,LDPE(HMI)
4602,WA8512E,2-Jan-24,AMAZON,,6950,104.25,9541AJ-9558AJ,STD,8,11,330,40,170,170,160,160,160,160,160,150,150,150,150,,,,VACUUM ON / LDPE(HMI)
4603,GA8074E,3-Jan-24,EASTERN,,204.59,72.21,9608AJ-9612AJ,STD,3,10.6,42,40/40,150,130,130,150,150,150,150,,,,,,,,LDPE HMI
4604,GA4921E,3-Jan-24,Everest,,514.47,64.31,9530AJ-9540AJ,STD,3,9,28,40/40,150,150,140,140,150,150,150,,,,,,,,LDPE(HMI)
4605,GA5520E,3-Jan-24,H & E,,202.68,42.67,9620AJ-9624AJ,STD,3,7.6,12,40/40,150,140,140,140,140,150,150,,,,,,,,VACUUM ON / LDPE(HMI)
4606,WA3827E,4-Jan-24,IN-HOUSE,,787.32,53.08,9519AJ-9524AJ; 9528AJ-9529AJ,STD,3,6.3,20,40/40,180,180,180,180,150,150,160,,,,,,,,HDPE(HMI)
4607,WA8512E,5-Jan-24,AMAZON,,104.02,104.02,9559AJ,STD,8,22,220,40,160,160,160,160,160,160,160,150,150,150,150,,,,VACUUM ON / LDPE(HMI)
4608,DA15377E,5-Jan-24,CDC(corr),,100,75,9669AJ-9670AJ,STD,3,9.2,35,40/40,150,130,130,140,140,150,150,,,,,,,,LDPE(HMI)
4609,KA9045E,4-Jan-24,EVEREST,,2187.5,79.79,9564AJ-9607AJ,STD,3,10,40,40/40,150,130,130,140,140,150,150,,,,,,,,VACUUM ON / LDPE(HMI)
4610,TA15557E,6-Jan-24,I TUNG,,74.35,74.35,9679AJ-9680AJ,STD,8,10,280,40/40,170,170,170,170,160,160,160,160,160,160,160,160,,,LDPE(HMI)
4611,DA15377E,6-Jan-24,CDC(corr),,152,91.2,9702AJ-9704AJ,STD,8,10,300,40/40,170,170,170,170,160,160,160,160,160,160,150,150,,,LDPE(HMI)
4612,WA14068E,6-Jan-24,Zeller,,491.57,71.94,9671AJ-9675AJ,STD,8,9,300,40/40,200,200,180,180,180,180,170,170,170,170,180,180,,,VACUUM ON / HDPE(HMI) 
4613,IA15764E,8-Jan-24,I-TUNG,,105.7,66.76,9676AJ-9678AJ,STD,8,10,350,40/40,170,170,170,170,160,160,160,160,160,160,150,150,,,LDPE(HMI)
4614,GA9050E,6-Jan-24,PCPC(tmblr),,351.7,65.94,9667AJ-9668AJ,STD,3,8.5,26,40/40,150,140,140,130,130,150,150,,,,,,,,LDPE(HMI)
4615,WA12282E,6-Jan-24,PACKAGEWORLD,,10399,64,9625AJ-9666AJ,STD,5,12,400,60/60,160,160,160,160,150,150,150,150,150,150,150,,,,Rubber / NO BLENDER (ext #5 only)
4616,GA6050E,8-Jan-24,GLOBAL KONTEINER,,50,50,9705AJ-9706AJ,STD,8,7,280,40/40,180,200,180,180,180,180,180,180,180,180,180,180,,,PP
4617,GA6050E,8-Jan-24,GLOBAL KONTEINER,,55.1,47.23,9705AJ-9706AJ,STD,8,7,280,40/40,180,200,180,180,180,180,180,180,180,180,180,180,,,PP
4618,GA6050E,12-Jan-24,GLOBAL KONTEINER,,115.2,52.76,9805AJ-9809AJ,STD,3,97,24,40/40,200,200,180,180,180,210,200,,,,,,,,VACUUM ON / PP
4619,GA4254E,8-Jan-24,INCON,,178.68,48.73,9691AJ-9697AJ,STD,8,8,300,40/40,180,200,180,180,180,180,180,180,180,180,180,180,,,VACUUM ON / PP
4620,MA13810E,8-Jan-24,INCON,,56.11,44.89,9698AJ-9699AJ,STD,8,6.5,250,40/40,180,200,180,180,180,180,180,180,180,180,180,180,,,PP
4621,RA12372E,8-Jan-24,SPI,,505.22,78.74,9714AJ-9724AJ,STD,8,12,400,60/60,180,170,170,170,160,160,160,160,160,160,150,150,,,LDPE(HMI)
4622,VA4086E,8-Jan-24,EASTERN,,492.68,73.9,9681AJ-9690AJ; 9745AJ-9754AJ,STD,8,14,300,40/40,180,180,170,170,160,160,160,160,160,160,180,180,,,VACUUM ON/LDPE(HMI)
4623,WA1400E,10-Jan-24,ALLIED,,1006.6,71.8,9756AJ-9765AJ,STD,3,12,25,60/60,150,130,130,150,150,150,150,,,,,,,,LDPE(HMI)
4624,GA4178E,11-Jan-24,PSP,,50,66.67,9725AJ-9726AJ,STD,8,18,250,60/60,170,170,170,170,160,160,160,160,160,160,160,180,180,,LDPE(HMI) / VACUUM ON
4625,GA4178E,11-Jan-24,PSP,,195.62,69.04,9727AJ-9734AJ,STD,8,14,300,60/60,170,170,170,170,160,160,160,160,160,160,160,180,180,,LDPE(HMI) / VACUUM ON
4626,IA7720E,11-Jan-24,PSP,,209.97,75.44,9735AJ-9743AJ,STD,8,18,380,60/60,180,180,170,170,170,170,160,160,160,160,180,180,,,VACUUM ON/LDPE(HMI)
4627,IA7720E,11-Jan-24,PSP,,23.5,61.3,9744AJ,STD,8,18,380,60/60,180,180,170,170,170,170,160,160,160,160,180,180,,,VACUUM ON/LDPE(HMI)
4628,WA3827E,11-Jan-24,IN-HOUSE,,987.36,50.2,9709AJ-9713AJ; 9795AJ-9799AJ,STD,3,6.5,24,40/40,180,200,180,160,160,180,180,,,,,,,,HDPE(HMI)
4629,BA12615E,12-Jan-24,PLEXCO,,255.9,53.87,9814AJ-9819AJ,STD,8,7.5,400,40/40,180,180,170,170,170,160,160,160,150,150,150,150,,,LDPE HMI
4630,BA13023E,12-Jan-24,GENSTAR,,760.83,50.72,9779AJ-9794AJ,STD,8,10,370,40/40,180,180,170,150,150,160,160,160,160,160,150,150,,,LDPE HMI
4631,VA14336E,11-Jan-24,AG CANPRINT,,126.79,50.72,9800AJ-9804AJ,STD,8,11,400,40/40,200,200,200,180,180,180,180,180,180,180,180,180,,,PP
4632,GA2595E,11-Jan-24,Suarez metaplas,,26.11,26.11,9755AJ, STD ,8,8,200,40/40,220,220,220,220,220,220,220,220,220,220,225,225,,,90-100 ppg / PET
4633,GA5330E,12-Jan-24,EASTERN,,54.21,54.21,9836AJ-9837AJ,STD,3,8.3,28,40/40,150,130,130,150,150,150,150,,,,,,,,LDPE HMI
4634,BA7883E,12-Jan-24,ALPHATECH,,444.2,57.94,9769AJ-9777AJ,STD,3,8.3,28,60/60,180,130,130,170,150,150,180,,,,,,,,VACUUM ON / HDPE HMI
4635,BA7883E,12-Jan-24,ALPHATECH,,50,66.67,9768AJ,STD,3,7.6,28,60/60,180,130,130,170,150,150,180,,,,,,,,VACUUM ON / HDPE HMI
4636,VA4086E,13-Jan-24,ALPHATECH,,389.76,74.24,9845AJ-9860AJ,STD,8,14,300,40/40,180,180,170,170,170,160,160,160,160,160,180,180,,,VACUUM ON/LDPE(HMI)
4637,VA3291E,13-Jan-24,Evergood,,105.77,84.62,9838AJ-9840AJ,STD,8,10,350,40/40,180,180,170,170,170,160,160,160,160,160,170,170,,,LDPE(HMI)
4638,RA12706E,13-Jan-24,PLEXCO,,155,66.43,9841AJ-9844AJ,STD,8,10,300,40/40,170,170,170,170,160,160,160,160,160,160,150,150,,,LDPE HMI
4639,SA14369E,13-Jan-24,RBV,,105.15,23.37,9862AJ-9864AJ,STD,3,3.9,40,40/40,200,180,150,150,150,150,170,,,,,,,,LDPE(HMI)
4640,MA7758E,13-Jan-24,CYBERMANN,,350,48.28,9820AJ-9833AJ,STD,3,6.8,40,40/40,180,200,180,180,180,180,180,,,,,,,,PP
4641,WA15123E,15-Jan-24,GILVAN,,3068.79,92.99,0001AK-0031AK,STD,5,12,380,60/60,170,170,170,170,160,160,160,150,150,160,160,,,,LDPE(HMI)
4642,RA12739E,15-Jan-24,SMYPC(trial),,98.4,78.72,9935AJ-9936AJ,STD,8,14,350,40/40,170,170,170,170,160,160,160,160,160,160,150,150,,,LDPE HMI
4643,RA12739E,15-Jan-24,SMYPC,,1650,82.16,9937AJ-9969AJ,STD,8,12,370,40/40,170,170,170,170,160,160,160,160,160,160,150,150,,,LDPE HMI
4644,GA8074E,16-Jan-24,ALPHATECH,,53.53,47.23,9888AJ-9889AJ,STD,3,8.3,32,40/40,150,150,140,140,140,150,150,,,,,,,,LDPE HMI
4645,YA5124E,15-Jan-24,EVERGOOD,,256.52,62.06,9882AJ-9887AJ,STD,3,8.5,32,40/40,160,150,150,140,140,150,150,,,,,,,,LDPE(HMI)
4646,YA5993E,15-Jan-24,EVERGOOD(corr),,256.2,55.9,9876AJ-9881AJ,STD,3,10,36,40/40,160,150,150,140,140,150,150,,,,,,,,LDPE(HMI)
4647,WA15071E,15-Jan-24,PACKAGEWORLD,,320.15,56.5,9811AJ-9813AJ,STD,5,13,300,40/40,170,170,170,170,160,160,160,150,150,160,160,,,,LL38
4648,WA16299E,15-Jan-24,SANICON,,104.25,78.18,9861AJ,STD,5,12,350,40/40,180,180,170,170,170,170,160,160,160,180,180,,,,LDPE HMI
4649,RA12739E,16-Jan-24,SMYPC,,4244.34,81.62,0063AK-0148AK,STD,8,12,370,40/40,170,170,170,170,160,160,160,160,160,160,150,150,,,LDPE HMI
4650,GA16415E,17-Jan-24,METRO CONT.,,630.92,51.71,9970AJ-9982AJ,STD,3,8.3,24,40/40,150,130,130,120,120,140,160,,,,,,,,LDPE HMI
4651,GA6607E,17-Jan-24,H&E,,54.45,47.35,9933AJ-9934AJ,STD,3,8.3,28,40/40,180,200,180,180,180,180,180,,,,,,,,PP
4652,BA9550E,17-Jan-24,H&E(corr),,40.28,50,9985AJ,STD,3,15,25,40/40,180,200,180,180,180,180,180,,,,,,,,PP
4653,BA9550E,17-Jan-24,H&E,,54,49.85,9983AJ-9984AJ,STD,3,8.3,28,40/40,180,200,180,180,180,180,180,,,,,,,,PP
4654,OA11689E,17-Jan-24,EVEREST,,50.65,40.52,9997AJ-9998AJ,STD,3,8.3,25,40/40,180,200,180,180,180,180,180,,,,,,,,PP
4655,WA3827E,17-Jan-24,IN-HOUSE,,538.55,59.84,0057AJ-0062AJ,STD,5,80,380,40/40,200,200,200,180,180,180,180,180,180,200,200,,,,VACUUM ON/HDPE(HMI)
4656,GA8074E,18-Jan-24,GLOBAL KONTEINER,,154.84,62.35,0149AK-0151AK,STD,3,9,28,40/40,150,150,140,140,140,150,150,,,,,,,,LDPE HMI
4657,WA16245E,18-Jan-24,ALLIED,,101.3,51.95,0355AK,STD,5,10,380,40/40,170,170,170,170,170,170,160,160,160,150,150,,,,LDPE HMI
4658,KA9045E,18-Jan-24,EVEREST,,250,76.92,9987AJ-9991AJ,STD,8,12,350,40/40,170,170,170,160,160,160,160,160,160,160,170,170,,,LDPE HMI
4659,KA9045E,18-Jan-24,EVEREST,,245.8,81.93,9992AJ-9996AJ,STD,8,12,350,40/40,170,170,170,160,160,160,160,160,160,160,170,170,,,LDPE HMI
4660,KA2871E,18-Jan-24,EVEREST,,1243.95,70.19,0032AK-0056AK,STD,3,9,32,40/40,150,140,140,130,130,150,150,,,,,,,,VACUUM ON/LDPE(HMI)
4661,DA5176E,18-Jan-24,EVERGOOD(corr),,50,85.71,9999AJ,STD,8,10,350,40/40,170,170,170,170,160,160,150,150,150,150,150,150,,,LDPE(HMI)
4662,DA5176E,18-Jan-24,EVERGOOD,,108.9,81.68,0350AK-0352AK,STD,8,10,350,40/40,170,170,170,170,160,160,150,150,150,150,150,150,,,LDPE(HMI)
4663,KA9077E,18-Jan-24,ZELLER,,56.08,44.86,0152AK-0153AK,STD,8,8,260,40/40,180,200,180,180,180,180,180,180,180,180,180,180,,,PP
4664,GA4921E,19-Jan-24,Everest,,148.35,52.36,0339AK-0341AK,STD,3,8.3,17,40/40,150,130,130,140,140,150,150,,,,,,,,LDPE(HMI)
4665,GA16680E,19-Jan-24,PREMIER CREATIVE (error),,24.9,67.91,0374AK,STD,3,8,28,40/40,180,200,180,180,180,180,180,,,,,,,,PP
4666,GA16680E,19-Jan-24,PREMIER CREATIVE,,102,50.16,0154AK-0157AK,STD,3,8,28,40/40,180,200,180,180,180,180,180,,,,,,,,PP
4667,GA4352E,19-Jan-24,ZELLER,,303.95,48.63,0362AK-0373AK,STD,3,7.5,30,40/40,180,200,180,180,180,180,180,,,,,,,,PP
4668,YA16192E,19-Jan-24,ARC,,3024.35,92.11,8605AJ-8644AJ,STD,8,16,400,40/40,170,170,170,170,170,170,160,160,160,160,150,150,,,LDPE HMI
4669,BA9094E,20-Jan-24,ZELLER,,54.07,49.91,0356AK-0357AK,STD,8,8,250,40/40,180,200,180,180,180,180,180,180,180,180,190,190,,,PP
4670,RA13616E,22-Jan-24,STAR PLASTIC,,153.34,63.45,0358AK-0361AK,STD,3,8.1,25,40/40,150,150,130,130,150,150,150,,,,,,,,LDPE(HMI)
4671,RA16016E,20-Jan-24,I-TUNG,,104.9,81.74,0353AK-0354AK,STD,3,8.3,20,40/40,150,150,120,120,130,150,150,,,,,,,,LDPE(HMI)
4672,TA15557E,20-Jan-24,I-TUNG,,356.75,65.26,0342AK-0349AK,STD,3,7.5,22,40/40,150,150,140,140,140,150,150,,,,,,,,LDPE(HMI)
4673,BA4140E,22-Jan-24,EVERBRIGHT,,200,66.67,0425AK-0432AK,STD,3,10.5,28,60/60,160,130,130,150,150,150,150,,,,,,,,VACUUM ON/LDPE(HMI)
4674,BA4140E,22-Jan-24,EVERBRIGHT,,200,70.59,0433AK-0440AK,STD,3,10.5,28,60/60,160,130,130,150,150,150,150,,,,,,,,VACUUM ON/LDPE(HMI)
4675,BA4140E,22-Jan-24,EVERBRIGHT,,186.72,62.24,0441AK-0448AK,STD,3,10.5,28,60/60,160,130,130,150,150,150,150,,,,,,,,VACUUM ON/LDPE(HMI)
4676,RA7886E,22-Jan-24,EASTERN,,502.86,63.52,0414AK-0424AK,STD,3,6.5,40,40/40,150,130,130,140,130,130,150,,,,,,,,LDPE HMI
4677,KA9045E,22-Jan-24,EVEREST,,1750.3,73.44,0450AK-0485AK,STD,8,10,300,40/40,200,200,200,170,170,160,160,160,160,160,150,150,,,LDPE HMI
4678,WA11278E,23-Jan-24,FORTUNE DARUMA,,511.6,34.11,0376AK-0380AK,STD,5,30,370,40/40,160,160,160,160,160,150,150,150,150,160,160,,,,RUBBER
4679,WA16543E,23-Jan-24,METRO CONTAINER,,57.6,44.31,0486AK,STD,5,20,380,40/40,170,170,170,170,170,170,160,160,160,150,150,,,,LDPE HMI
4680,IA1770E,22-Jan-24,EVERBRIGHT,,812.53,59.45,0381AK-0413AK,STD,8,20,400,60/60,180,180,170,170,170,170,160,160,160,160,160,160,,,VACUUM ON/LDPE(HMI)
4681,DA9936E,22-Jan-24,TRADESPHERE,,30.67,73.61,0487AK,STD,8,8,250,40/40,170,170,160,160,150,150,150,150,150,150,150,150,,,LDPE HMI
4682,WA15190E,24-Jan-24,NMH,,2946,79.19,0158AK-0187AK,STD,5,12,400,60/60,180,200,180,180,180,180,180,180,180,200,200,,,,(52-62 PPG) / PP
4683,GA16014E,24-Jan-24,CANLINE,,504.23,57.63,0494AK-0504AK,STD,3,8,40,40/40,150,150,150,150,160,160,160,,,,,,,,LDPE(HMI)
4684,GA16014E,24-Jan-24,CANLINE,,48.8,45.8,0512AK-0513AK,STD,3,8,40,40/40,150,150,150,150,160,160,160,,,,,,,,LDPE(HMI)
4685,GA5520E,24-Jan-24,H & E,,55.2,55.2,0489AK-0490AK,STD,3,7.6,15,40/40,150,130,130,150,150,150,150,,,,,,,,VACUUM ON / LDPE(HMI)
4686,RA7487E,25-Jan-24,GENSTAR,,129.96,64.98,0491AK-0493AK,STD,3,9,40,40/40,150,140,140,130,130,140,140,,,,,,,,LDPE HMI
4687,MA11346E,25-Jan-24,GILVAN,,53,31.8,0510AK-0511AK,STD,3,5.6,30,40/40,160,150,140,130,130,140,140,,,,,,,,LDPE(HMI)
4688,YA5993E,25-Jan-24,EVERGOOD,,245,55.47,0505AK-0509AK,STD,3,11,25,40/40,150,130,130,150,150,130,140,,,,,,,,LDPE(HMI)
4689,RA2508E,16-Jan-24,Evergood,,100,54.55,9865AJ-9866AJ,STD,3,8.3,40,60/60,150,130,130,150,150,150,150,,,,,,,,LDPE(HMI)
4690,RA2508E,16-Jan-24,Evergood,,406.53,49.76,9867AJ-9875AJ,STD,3,8.3,40,60/60,150,130,130,150,150,150,150,,,,,,,,LDPE(HMI)
4691,RA2508E,26-Jan-24,Evergood,,504.75,48.07,0549AK-0559AK,STD,3,7.3,40,60/60,150,130,130,140,140,150,150,,,,,,,,LDPE(HMI)
4692,BA16204E,26-Jan-24,INCON,,185,61.67,0765AK-0768AK,STD,8,10,250,40/40,170,170,170,170,170,160,160,160,160,160,150,150,,,LDPE(HMI)
4693,GA2595E,26-Jan-24,Suarez metaplas,,86.44,28.81,0672AK-0675AK, STD ,8,8,200,40/40,220,220,220,220,220,220,220,220,220,220,220,220,,,90-100 ppg / PET
4694,VA4086E,26-Jan-24,EASTERN,,246.72,82.24,0662AK-0671AK,STD,8,14,300,40/40,180,180,170,170,160,160,160,160,160,160,180,180,,,VACUUM ON/LDPE(HMI)
4695,DA9936E,26-Jan-24,TRADESPHERE(corr),,40.36,80.72,0758AK,STD,8,9,250,40/40,170,170,160,160,150,150,150,150,150,150,150,150,,,LDPE HMI
4696,WA12282E,20-Jan-24,PACKAGEWORLD,,5592,62.11,9894AJ-9916AJ,STD,5,12,400,60/60,150,160,160,160,150,150,150,150,150,150,150,,,,Rubber / NO BLENDER (ext #5 only)
4697,WA12282E,26-Jan-24,PACKAGEWORLD,,4727.39,63.74,9916AJ-9932AJ,STD,5,12,400,60/60,150,160,160,160,150,150,150,150,150,150,150,,,,Rubber / NO BLENDER (ext #5 only)
4698,KA2871E,27-Jan-24,EVEREST,,1264.2,90.84,0732AK-0757AK,STD,8,12,300,40/40,170,170,170,170,160,160,160,160,160,160,150,150,,,LDPE HMI
4699,OA16199E,27-Jan-24,INCON,,62.11,14.61,0769AK-0770AK,STD,8,20,250,40/40,170,170,170,170,170,170,160,160,160,150,150,150,,,LDPE(HMI)
4700,RA12739E,26-Jan-24,SMYPC,,2200,66.84,0560AK-0603AK,STD,3,10,30,40/40,150,150,140,140,140,150,150,,,,,,,,LDPE HMI
4701,DA9936E,27-Jan-24,TRADESPHERE(corr),,40.32,60.48,0761AK,STD,8,9,250,40/40,170,170,160,160,150,150,150,150,150,150,150,150,,,LDPE HMI
4702,RA12739E,29-Jan-24,SMYPC,,1835,64.76,0624AK-0661AK,STD,3,10,30,40/40,160,150,130,130,150,160,160,,,,,,,,LDPE HMI
4703,KA9045E,29-Jan-24,EVEREST,,2256.32,68.55,0676AK-0721AK,STD,8,12.6,350,40/40,180,180,170,170,170,160,160,160,160,160,150,150,,,LDPE HMI
4704,BA9159E,30-Jan-24,EVEREST,,1000,91.6,0514AK-0533AK,STD,8,11,380,40/40,170,170,170,170,170,160,160,160,160,160,150,150,,,LDPE(HMI)
4705,RA5277E,30-Jan-24,EVERGOOD,,496.96,63.71,0722AK-0731AK,STD,3,6.5,20,40/40,160,150,150,130,130,140,140,,,,,,,,VACUUM ON / LDPE(HMI)
4706,WA13000E,30-Jan-24,PREMIER,,500,81.08,0606AK-0610AK,STD,5,10,230,40/40,170,90,90,110,170,170,160,160,160,160,160,,,,LDPE(HMI)
4707,WA1400E,29-Jan-24,ALLIED(tmblr),,102.1,68.07,0763AK,STD,5,12,380,60/60,170,170,170,170,160,160,160,150,150,150,150,,,,LDPE(HMI)
4708,RA7886E,30-Jan-24,EASTERN,,498.8,53.44,0808AK-0818AK,STD,3,6.5,40,40/40,150,130,130,140,140,150,150,,,,,,,,LDPE HMI
4709,WA14068E,31-Jan-24,Zeller,,495.44,69.94,0544AK-0548AK,STD,8,7,280,40/40,200,200,180,180,180,180,170,170,170,170,180,180,,,HDPE(HMI)
4710,WA15190E,31-Jan-24,NMH,,8864.4,82.82,0188AK-0276AK,STD,5,12,400,60/60,200,200,180,180,180,180,180,180,180,200,200,,,,(52-62 PPG) / PP
4711,YA5993E,31-Jan-24,EVERGOOD,,511.74,55.32,0796AK-0806AK,STD,3,12,36,40/40,150,150,150,140,140,150,150,,,,,,,,LDPE(HMI)
4712,IA7720E,31-Jan-24,PSP,,27.3,32.76,0764AK,STD,3,10,28,60/60,150,150,150,150,140,140,140,,,,,,,,VACUUM ON/LDPE(HMI)
4713,CA2912E,31-Jan-24,ELLESTREQUE,,53.8,48.18,0604AK-0605AK,STD,3,8.5,28,60/60,150,150,150,150,150,130,130,,,,,,,,LDPE(HMI)
4714,TA15569E,31-Jan-24,PHIL-TOP,,259.6,49.45,0618AK-0623AK,STD,8,10,350,40/40,170,170,170,160,160,160,150,150,150,150,160,160,,,LDPE(HMI)
4715,DA15568E,31-Jan-24,PHIL-TOP,,257.43,79.21,0612AK-0617AK,STD,8,12,380,40/40,170,170,170,170,160,160,160,160,160,160,150,150,,,LDPE(HMI)
4716,BA9159E,31-Jan-24,EVEREST,,250,67.87,0534AK-0538AK,STD,8,11,380,40/40,170,170,170,170,170,160,160,160,160,160,150,150,,,LDPE(HMI)
4717,BA9159E,31-Jan-24,EVEREST,,239.6,93.35,0539AK-0543AK,STD,8,11,380,40/40,170,170,170,170,170,160,160,160,160,160,150,150,,,LDPE(HMI)
4718,YA16634E,1-Feb-24,METRO CONTAINER,,50.14,60,0819AK,STD,3,8.3,28,40/40,150,150,150,150,150,130,130,,,,,,,,LDPE HMI
4719,YA12128E,1-Feb-24,21st Century,,1008.43,30.28,0771AK-0791AK,STD,3,3.1,9,40,160,140,90,90,90,110,125,,,,,,,,LDPE(HMI)
4720,WA3827E,1-Feb-24,IN-HOUSE,,544.7,70.28,0826AK-0836AK,STD,8,8,300,40/40,200,200,200,180,180,180,170,170,170,170,180,180,,,HDPE(HMI)
4721,BA4701E,1-Feb-24,INCON,,103.55,51.78,0792AK-0795AK,STD,8,8,300,40/40,180,200,180,180,180,180,180,180,180,180,180,180,,,PP
4722,BA4701E,2-Feb-24,INCON,,102.2,51.1,0841AK-0844AK,STD,8,8,300,40/40,180,200,180,180,180,180,180,180,180,180,180,180,,,PP
4723,BA16204E,1-Feb-24,INCON(corr),,183.95,51.33,0820AK-0823AK,STD,8,10,250,40/40,170,170,170,170,170,160,160,160,160,160,150,150,,,LDPE(HMI)
4724,CA16070E,2-Feb-24,SMYPC,,1512.02,24.8,0891AK-0951AK,STD,3,5.5,9,40,180,170,160,150,150,150,180,,,,,,,,RUBBER / VACUUM ON
4725,KA5796E,2-Feb-24,INCON,,35.7,47.6,0845AK,STD,8,9,250,40/40,180,200,180,180,180,180,180,180,180,180,180,180,,,PP
4726,BA16168E,2-Feb-24,PREMIER,,156.8,38.4,0837AK-0840AK,STD,8,8,300,40/40,170,170,170,170,160,160,160,160,160,180,180,180,,,LDPE HMI
4727,KA4595E,2-Feb-24,EVERGOOD,,156.11,81.45,0990AK-0993AK,STD,8,12,300,40/40,170,170,170,170,160,160,160,160,160,160,150,150,,,LDPE(HMI)
4728,YA5917E,2-Feb-24,EVERGOOD,,257.96,67.29,0996AK-1001AK,STD,8,6.2,400,40/40,170,170,170,170,160,160,160,160,160,160,150,150,,,LDPE(HMI)
4729,GA8074E,2-Feb-24,GLOBAL KONTEINER,,206.15,85.3,0886AK-0890AK,STD,8,12,400,40/40,170,170,170,170,160,160,160,160,160,150,150,150,,,LDPE HMI
4730,BA3925E,3-Feb-24,Evergood,,259.53,69.21,0984AK-0989AK,STD,8,10,300,40/40,180,180,180,170,170,170,170,160,160,160,170,170,,,LDPE(HMI)
4731,RA12739E,2-Feb-24,SMYPC,,1517.25,69.49,0953AK-0983AK,STD,8,15,340,40/40,170,170,170,170,160,160,160,160,150,150,150,150,,,LDPE HMI
4732,GA4921E,5-Feb-24,Everest,,500.57,66.74,1004AK-1014AK,STD,8,120,350,40/40,180,180,180,170,170,170,170,160,160,160,170,170,,,LDPE(HMI)
4733,GA8012E,5-Feb-24,TRADESPHERE,,32.15,64.3,1003AK,STD,8,8,380,40/40,170,170,170,170,170,170,160,160,160,150,150,150,,,LDPE HMI
4734,DA9936E,5-Feb-24,TRADESPHERE,,30.77,46.16,1002AK,STD,8,8,250,40/40,170,170,160,160,150,150,150,150,150,150,150,150,,,LDPE HMI
4735,WA11678E,6-Feb-24,INCON,,203.33,71.76,0994AK-0995AK,STD,5,10,300,40/40,170,110,110,170,160,160,160,160,160,170,170,,,,LDPE(HMI)
4736,WA15856E,6-Feb-24,I-TUNG,,110.21,90.58,0853AK,STD,5,12,380,40/40,170,170,170,170,160,160,160,160,160,150,150,,,,LDPE(HMI)
4737,KA4595E,6-Feb-24,EVERGOOD,,155.37,82.5,2792AK-2795AK,STD,8,12,300,40/40,170,170,170,170,160,160,160,160,160,160,150,150,,,LDPE(HMI)
4738,BA4521E,6-Feb-24,ZELLER,,55.15,47.27,0849AK-0850AK,STD,8,8,250,40/40,180,200,180,180,180,180,180,180,180,180,180,180,,,PP
4739,VA4537E,6-Feb-24,ZELLER,,54.83,41.12,0851AK-0852AK,STD,8,10,250,40/40,180,200,180,180,180,180,180,180,180,180,180,,,,PP
4740,WA12282E,8-Feb-24,PACKAGEWORLD,,963.6,24.52,0860AK-0863AK,STD,1,90,380,60/60,140,170,170,170,160,160,150,150,150,150,,,,,RUBBER
4741,BA9159E,12-Feb-24,Evergood(corr),,150,100,0846AK-0848AK,STD,8,11,380,40/40,170,170,170,170,170,160,160,160,160,160,150,150,,,LDPE(HMI)
4742,BA9159E,13-Feb-24,EVEREST,,198.21,88.09,1016AK-1019AK,STD,8,11,380,40/40,170,170,170,170,170,160,160,160,160,160,150,150,,,LDPE(HMI)
4743,BA9159E,8-Feb-24,EVEREST,,2057.62,87.74,1020AK-1061AK,STD,8,11,380,40/40,170,170,170,170,170,160,160,160,160,160,150,150,,,LDPE(HMI)
4744,MA11346E,12-Feb-24,GILVAN,,54.05,44.42,0854AK-0855AK,STD,3,6.5,22,40/40,150,140,140,130,130,130,150,,,,,,,,LDPE(HMI)
4745,YA8107E,12-Feb-24,GILVAN,,47.55,50.95,0867AK,STD,3,8.3,28,40/40,160,150,140,140,140,150,150,,,,,,,,LDPE HMI
4746,OA4303E,8-Feb-24,HYATT PLASTIC,,77.85,47.66,0880AK-0881AK,STD,3,10,28,100/100,160,150,150,140,140,150,150,,,,,,,,VACUUM ON 
4747,OA7922E,8-Feb-24,GILVAN,,52.7,48.65,0858AK-0859AK,STD,3,12,32,40/40,180,170,160,150,150,150,160,,,,,,,,HDPE(HMI)
4748,VA12837E,8-Feb-24,GILVAN,,55.55,51.28,0865AK-0866AK,STD,3,8.3,30,40/40,160,150,130,140,140,150,150,,,,,,,,LDPE(HMI)
4749,RA15449E,8-Feb-24,GILVAN,,55.31,23.7,0856AK-0857AK,STD,3,8.3,12,40/40,150,130,130,90,90,100,130,,,,,,,,LDPE(HMI)
4750,DA9936E,13-Feb-24,TRADESPHERE(corr),,50,75,0882AK,STD,8,25,250,40/40,170,170,160,160,160,160,150,150,150,150,150,150,,,LDPE HMI
4751,BA3925E,12-Feb-24,Evergood,,272.26,71.02,1066AK-1071AK,STD,8,8,250,40/40,180,180,170,170,170,170,160,160,160,160,170,170,,,LDPE(HMI)
4752,GA3933E,12-Feb-24,MOLDEX,,208.28,51.01,0872AK-0879AK,STD,3,7.5,20,40/40,180,200,180,180,180,180,180,,,,,,,,PP
4753,GA16706E,12-Feb-24,EVEREST,,104.38,50.92,0869AK-0871AK,STD,3,8.3,28,40/40,150,140,140,140,150,150,150,,,,,,,,LDPE HMI
4754,GA13429E,14-Feb-24,CEBU HI Q,,52.25,50.56,0885AK,STD,3,30,40,40/40,150,150,150,150,150,130,130,,,,,,,,LDPE HMI
4755,GA4952E,13-Feb-24,IN-HOUSE,,503.4,55.93,1072AK-1077AK; 1083AK-1087AK, STD ,3,10,34,40/40,150,150,140,130,130,140,150,,,,,,,,VACUUM ON / LDPE(HMI)
4756,KA5796E,14-Feb-24,INCON,,35.38,47.17,1284AK,STD,8,9,250,40/40,180,200,180,180,180,180,180,180,180,180,180,180,,,PP
4757,DA15568E,14-Feb-24,PHIL-TOP,,102.32,81.86,0883AK-0884AK,STD,8,10,320,40/40,170,170,170,170,160,160,160,160,160,160,150,150,,,LDPE(HMI)
4758,BA4521E,14-Feb-24,ZELLER(corr),,55.6,51.32,1223AK-1224AK,STD,8,7,250,40/40,180,200,180,180,180,180,180,180,180,180,185,185,,,PP
4759,VA4537E,14-Feb-24,ZELLER (corr.),,54.76,46.94,1221AK-1222AK,STD,8,8,250,40/40,180,200,180,180,180,180,180,180,180,185,185,,,,PP
4760,VA4086E,14-Feb-24,EASTERN,,223.33,53.6,1130AK-1138AK,STD,3,8.3,28,40/40,150,150,140,140,140,150,150,,,,,,,,VACUUM ON/LDPE(HMI)
4761,VA4086E,14-Feb-24,ALPHATECH,,53.62,60.7,1206AK-1207AK,STD,3,8.3,28,40/40,150,150,140,140,140,150,150,,,,,,,,VACUUM ON/LDPE(HMI)
4762,WA16299E,14-Feb-24,SANICON,,103.85,69.23,0864AK,STD,5,10,380,40/40,180,180,170,170,170,170,160,160,160,180,180,,,,LDPE HMI
4763,WA2127E,14-Feb-24,CEBU HI Q,,203.59,76.35,1062AK-1063AK,STD,5,10,350,60/60,170,170,170,170,160,160,160,160,160,150,150,,,,VACUUM ON / LDPE(HMI)
4764,RA12739E,13-Feb-24,SMYPC,,1000,78.43,1088AK-1107AK,STD,8,15,350,40/40,170,170,170,170,160,160,160,160,150,150,150,150,,,LDPE HMI
4765,RA12739E,13-Feb-24,SMYPC,,1041.25,67.02,1108AK-1129AK,STD,3,9.7,28,40/40,150,100,100,150,150,160,160,,,,,,,,LDPE HMI
4766,KA15913E,14-Feb-24,EVEREST,,258.3,63.52,1192AK-1201AK,STD,8,9,300,40/40,180,200,180,180,180,180,180,180,180,180,180,180,,,PP
4767,KA15913E,15-Feb-24,EVEREST,,100,64.52,1202AK-1205AK,STD,8,9,300,40/40,180,200,180,180,180,180,180,180,180,180,180,180,,,PP
4768,KA16132E,15-Feb-24,PHIL-TOP,,129.77,72.09,1218AK-1220AK,STD,8,9,350,40/40,170,170,170,170,160,160,160,160,160,160,160,160,,,LDPE(HMI)
4769,GA16127E,15-Feb-24,PHIL-TOP,,130.7,78.42,1261AK-1263AK,STD,8,12,350,40/40,170,170,170,170,170,160,160,160,160,160,150,150,,,LDPE(HMI)
4770,GA15496E,15-Feb-24,PHIL-TOP,,80.47,87.79,1253AK-1254AK,STD,8,10,300,40/40,170,170,170,170,160,160,160,160,160,160,150,150,,,LDPE(HMI)
4771,BA9159E,15-Feb-24,EVEREST(corr),,2057,99.53,1404AK-1444AK,STD,8,11,350,40/40,170,170,170,170,170,160,160,160,160,160,150,150,,,LDPE(HMI)
4772,VA16737E,14-Feb-24,EVEREST,,204.57,45.46,1208AK-1212AK,STD,3,30,40,40/40,150,130,130,150,150,130,130,,,,,,,,LDPE HMI
4773,CA1578E,15-Feb-24,EVEREST,,244.36,57.5,1078AK-1082AK,STD,3,8.3,25,40/40,150,130,130,140,140,150,160,,,,,,,,LDPE(HMI)
4774,BA12013E,15-Feb-24,CEBU HI Q,,102.7,62.88,1064AK-1065AK,STD,3,8.3,28,40/40,150,150,140,140,130,130,150,,,,,,,,LDPE(HMI)
4775,BA6822E,15-Feb-24,Cebu Hi Q,,128.53,71.41,1139AK-1141AK,STD,3,8.3,28,40/40,150,140,140,130,130,150,150,,,,,,,,LDPE(HMI)
4776,BA16130E,15-Feb-24,PHIL-TOP,,128.07,60.51,1264AK-1266AK,STD,3,30,40,40/40,150,130,130,100,100,150,150,,,,,,,,LDPE HMI
4777,BA15494E,15-Feb-24,PHIL-TOP,,100.47,52.11,1216AK-1217AK,STD,3,8.3,22,40/40,150,130,130,140,140,150,150,,,,,,,,LDPE(HMI)
4778,BA9550E,17-Jan-24,H&E,,40.56,51.78,9985AJ,STD,3,8.3,28,40/40,180,200,180,180,180,180,180,,,,,,,,PP
4779,KA8595E,16-Jan-24,INCON,,77.95,45.85,9890AJ-9892AJ,STD,3,8,28,40/40,180,200,180,180,180,180,180,,,,,,,,PP
4780,KA8595E,16-Jan-24,INCON(tmblr/xtrd),,23.77,47.54,9893AJ,STD,3,8,28,40/40,180,200,180,180,180,180,180,,,,,,,,PP
4781,MA7758E,13-Jan-24,CYBERMANN,,52.65,37.16,9834AJ-9835AJ,STD,3,5.5,25,40/40,180,200,180,180,180,180,180,,,,,,,,PP
4782,MA13810E,17-Feb-24,INCON,,57.21,49.04,1291AK-1292AK,STD,8,7,250,40/40,180,200,180,180,180,180,180,180,180,180,180,180,,,PP
4783,GA3933E,17-Feb-24,MOLDEX,,600,63.72,1380AK-1403AK,STD,8,9,300,40/40,200,200,180,180,180,180,180,180,180,180,180,180,,,PP
4784,GA14271E,17-Feb-24,PHIL-TOP,,255.52,78.62,1278AK-1283AK,STD,8,10,350,40/40,180,180,180,170,170,170,170,160,160,160,160,160,,,LDPE(HMI)
4785,GA15221E,16-Feb-24,PHIL-TOP,,130.6,71.24,1255AK-1257AK,STD,8,10,400,40/40,170,170,170,170,160,160,160,160,160,160,180,180,,,LDPE HMI
4786,BA4521E,16-Feb-24,ZELLER(corr),,54.52,50.33,1544AK-1545AK,STD,8,8,250,40/40,180,200,180,180,180,180,180,180,180,180,185,185,,,PP
4787,BA9159E,16-Feb-24,EVEREST(corr),,197,90.92,1445AK-1448AK,STD,8,11,350,40/40,170,170,170,170,160,160,160,150,150,150,160,160,,,LDPE(HMI)
4788,BA9159E,16-Feb-24,EVEREST(corr),,149.3,94.29,1449AK-1451AK,STD,8,11,350,40/40,170,170,170,170,160,160,160,150,150,150,160,160,,,LDPE(HMI)
4789,RA12739E,16-Feb-24,SMYPC,,3463.5,68.81,1472AK-1541AK,STD,3,9.7,28,40/40,160,150,150,140,140,140,150,,,,,,,,LDPE HMI
4790,BA14304E,16-Feb-24,PHIL-TOP,,498.75,55.93,1267AK-1277AK,STD,3,9,8.5,40/40,150,110,110,130,130,140,140,,,,,,,,LDPE(HMI)
4791,BA12618E,16-Feb-24,PHIL-TOP,,98.5,39.4,1213AK-1214AK,STD,3,8.5,20,40/40,150,150,130,130,140,140,150,,,,,,,,LDPE HMI
4792,WA15123E,14-Feb-24,GILVAN,,2965,88.95,1162AK-1191AK,STD,5,10,350,60/60,170,170,170,170,160,160,160,150,150,160,160,,,,LDPE(HMI)
4793,WA13000E,16-Feb-24,PREMIER,,999.57,83.88,1227AK-1236AK,STD,5,10,230,40/40,170,90,90,110,170,170,160,160,160,160,160,,,,LDPE(HMI)
4794,WA15151E,17-Feb-24,PACKAGEWORLD,,4910,62.95,1142AK-1161AK,STD,5,15,280,40/40,140,160,160,160,160,150,150,150,140,140,,,,,RUBBER
4795,TA16124E,19-Feb-24,PHIL-TOP,,131.44,78.08,1258AK-1260AK,STD,8,10,350,40/40,170,170,170,170,170,170,160,160,160,150,150,150,,,LDPE HMI
4796,DA15568E,19-Feb-24,PHIL-TOP,,763.09,71.54,1237AK-1252AK,STD,8,10,350,40/40,170,170,170,170,160,160,160,160,160,160,150,150,,,LDPE(HMI)
4797,DA15568E,19-Feb-24,PHIL-TOP(corr),,102.5,77.85,1542AK-1543AK,STD,8,10,350,40/40,170,170,170,170,160,160,160,160,160,160,150,150,,,LDPE(HMI)
4798,VA4537E,17-Feb-24,ZELLER (corr.),,53.6,49.48,1620AK-1621AK,STD,8,8,250,40/40,180,200,180,180,180,180,180,180,180,185,185,,,,PP
4799,CA16070E,23-Feb-24,SMYPC,,1000,23.81,1829AK-1864AK,STD,3,4,9,40,160,150,150,140,140,150,150,,,,,,,,RUBBER / VACUUM ON
4800,CA16070E,27-Feb-24,SMYPC,,2009.2,23.79,1935AK-2016AK,STD,3,5.5,9,40,180,170,160,150,150,150,180,,,,,,,,RUBBER / VACUUM ON
4801,BA5327E,27-Feb-24,EVEREST,,299.25,55.25,2021AK-2026AK, STD ,3,6.5,40,40/40,170,170,160,160,150,150,150,,,,,,,,LDPE(HMI)
4802,BA5327E,27-Feb-24,EVEREST,,31,53.14,2027AK, STD ,3,6.5,40,40/40,170,170,160,160,150,150,150,,,,,,,,LDPE(HMI)
4803,GA3383E,27-Feb-24,EVEREST,,383.4,86.81,2028AK-2035AK,STD,8,15,350,40/40,170,170,170,170,170,170,170,160,160,150,150,150,,,VACUUM ON / LDPE(HMI)
4804,WA1815E,20-Feb-24,NPPET GLOBAL,,58.53,21.95,1583AK-1584AK,STD,1,90,400,60/60,120,140,150,150,150,150,150,150,150,150,,,,,LDPE(HMI)
4805,WA1400E,20-Feb-24,ALLIED,,507.18,25.57,1705AK-1709AK,STD,1,100,350,60/60,140,150,160,160,160,160,160,160,150,150,,,,,LDPE(HMI)
4806,WA1400E,22-Feb-24,ALLIED,,503.14,23.96,1761AK-1765AK,STD,1,100,400,60/60,120,150,160,160,160,160,160,160,150,150,,,,,LDPE(HMI)
4807,WA6051E,26-Feb-24,CEBU JUNTRADE,,132.2,24.79,1865AK-1867AK,STD,1,90,350,60/60,120,140,150,150,150,150,150,150,150,150,150,,,,LDPE(HMI)
4808,YA14431E,27-Feb-24,TERUMO,,932.64,24.98,2036AK-2073AK,STD,1,85,250,40/40,180,200,180,180,180,180,180,180,180,180,,,,,3mmx3mm Pellet size
4809,BA9159E,28-Feb-24,EVEREST,,248.5,85.2,1887AK-1891AK,STD,8,11,350,40/40,170,170,170,170,160,160,160,150,150,150,160,160,,,LDPE(HMI)
4810,BA9159E,28-Feb-24,EVEREST,,1784.5,82.05,1892AK-1927AK,STD,8,11,350,40/40,170,170,170,170,160,160,160,150,150,150,160,160,,,LDPE(HMI)
4811,BA9159E,28-Feb-24,EVEREST,,199,85.29,2017AK-2020AK,STD,8,11,350,40/40,170,170,170,170,160,160,160,150,150,150,160,160,,,LDPE(HMI)
4812,GA4952E,27-Feb-24,EVEREST,,99.2,74.4,1881AK-1882AK,STD,8,13,380,40/40,170,170,170,170,160,160,160,160,160,160,150,150,,,LDPE HMI
4813,GA4952E,27-Feb-24,EVEREST,,157.68,75.69,1883AK-1886AK,STD,8,13,380,40/40,170,170,170,170,160,160,160,160,160,160,150,150,,,LDPE HMI
4814,BA12556E,20-Feb-24,PACKAGEWORLD,,4830.4,63.28,1734AK-1753AK,STD,5,12,300,60/60,140,150,160,160,160,160,160,160,160,160,150,,,,RUBBER
4815,WA15190E,24-Feb-24,NMH,,5800,81.65,1305AK-1362AK,STD,5,10,380,60/60,180,200,180,180,180,180,180,180,180,200,200,,,,(52-62 PPG) / PP
4816,WA1815E,28-Feb-24,NPPET GLOBAL,,51.92,49.45,1778AK,STD,5,8,280,60/60,170,170,170,170,160,160,160,160,160,160,160,,,,LDPE(HMI)
4817,GA15496E,22-Feb-24,PHIL-TOP(corr),,79.03,79.03,1769AK-1770AK,STD,8,10,300,40/40,170,170,170,170,160,160,160,160,160,160,150,150,,,LDPE(HMI)
4818,GA15496E,29-Feb-24,PHIL-TOP(corr),,77.76,77.76,2244AK-2245AK,STD,8,10,300,40/40,170,170,170,170,160,160,160,160,160,160,150,150,,,LDPE(HMI)
4819,OA11689E,26-Feb-24,EVEREST,,20.7,62.1,1701AK,STD,8,30,300,40/40,180,200,180,180,180,180,180,180,180,180,180,,,,PP
4820,OA11689E,29-Feb-24,EVEREST(corr),,38.05,41.15,2239AK,STD,8,8,300,40/40,180,200,180,180,180,180,180,180,180,180,180,,,,PP
4821,OA11689E,29-Feb-24,EVEREST,,21.8,48.44,2238AK,STD,8,8,300,40/40,180,200,180,180,180,180,180,180,180,180,180,,,,PP
4822,BA14304E,22-Feb-24,PHIL-TOP,,48.27,96.54,1766AK,STD,3,9.7,15,40/40,150,150,150,140,140,130,130,,,,,,,,LDPE(HMI)
4823,BA14304E,22-Feb-24,PHIL-TOP,,95.33,35.75,1771AK-1772AK,STD,3,8.3,12,40/40,150,150,150,140,140,130,130,,,,,,,,LDPE(HMI)
4824,BA14304E,24-Feb-24,PHIL-TOP,,104,69.33,1773AK-1774AK,STD,8,10,380,40/40,180,180,180,170,170,170,160,160,160,160,160,160,,,LDPE(HMI)
4825,BA14304E,24-Feb-24,PHIL-TOP,,100,70.59,1780AK-1781AK,STD,8,10,380,40/40,180,180,180,170,170,170,160,160,160,160,160,160,,,LDPE(HMI)
4826,BA14304E,29-Feb-24,PHIL-TOP,,190.9,84.84,2233AK-2236AK,STD,8,10,380,40/40,180,180,180,170,170,170,160,160,160,160,160,160,,,LDPE(HMI)
4827,WA6947E,29-Feb-24,ATLANTA,,1008.75,74.72,2108AK-2117AK,STD,5,12,380,40/40,180,200,200,200,180,180,180,180,180,180,180,,,,PP
4828,WA15151E,29-Feb-24,PACKAGEWORLD,,10133.77,65,2124AK-2164AK,STD,5,15,280,40/40,140,160,160,160,160,150,150,140,140,140,,,,,RUBBER
4829,BA5327E,2-Mar-24,EVEREST,,330,71.48,2294AK-2300AK,STD,8,11,300,40/40,170,170,170,170,160,160,160,160,160,160,150,150,,,LDPE(HMI)
4830,OA14302E,26-Feb-24,INCON,,104.95,69.97,1932AK-1934AK,STD,8,8,300,40/40,160,160,160,160,150,150,150,150,150,150,150,150,,,LDPE(HMI)
4831,OA14302E,1-Mar-24,INCON,,104.5,69.67,2292AK-2293AK,STD,8,8,300,40/40,160,160,160,160,150,150,150,150,150,150,150,150,,,LDPE(HMI)
4832,YA16164E,24-Feb-24,EVEREST,,231.14,46.47,1651AK-1655AK,STD,8,9,350,40/40,180,180,180,170,170,170,170,160,160,160,150,150,,,LDPE HMI
4833,YA16164E,26-Feb-24,EVEREST,,99.38,64.12,1703AK-1704AK,STD,8,12,300,40/40,170,170,170,160,160,160,160,160,150,150,150,150,,,LDPE HMI
4834,YA16164E,26-Feb-24,EVEREST(corr),,1056.5,62.33,2085AK-2107AK,STD,8,12,300,40/40,170,170,170,160,160,160,160,160,150,150,150,150,,,LDPE HMI
4835,YA16164E,1-Mar-24,EVEREST(corr),,171.5,70.97,2266AK-2270AK,STD,8,11,280,40/40,170,170,170,160,160,160,150,150,150,150,150,150,,,LDPE HMI
4836,YA16164E,1-Mar-24,EVEREST,,100,66.67,2277AK-2278AK,STD,8,11,280,40/40,170,170,170,160,160,160,150,150,150,150,150,150,,,LDPE HMI
4837,DA15568E,25-Feb-24,PHIL-TOP(corr),,201.85,81.83,1685AK-1686AK,STD,8,10,320,40/40,170,170,170,170,160,160,160,160,160,160,150,150,,,LDPE(HMI)
4838,DA15568E,25-Feb-24,PHIL-TOP(corr),,663.9,76.31,1687AK-1700AK,STD,8,10,320,40/40,170,170,170,170,160,160,160,160,160,160,150,150,,,LDPE(HMI)
4839,DA15568E,1-Mar-24,PHIL-TOP(corr),,844.95,81.77,2246AK-2262AK,STD,8,10,300,40/40,170,170,170,160,160,160,160,160,150,150,150,150,,,LDPE(HMI)
4840,GA14271E,1-Mar-24,PHIL-TOP(corr),,166.92,75.87,2240AK-2243AK,STD,8,10,350,40/40,180,180,180,170,170,170,160,160,160,160,160,160,,,LDPE(HMI)
4841,YA13953E,21-Feb-24,AG CANPRINT,,129.13,61.98,1656AK-1658AK,STD,8,15,350,40/40,170,170,170,170,160,160,160,160,160,160,150,150,,,LDPE HMI
4842,YA13953E,1-Mar-24,AG CANPRINT,,102.66,18.39,2168AK-2169AK,STD,1,100,300,40/40,180,180,160,160,150,150,150,150,150,150,150,,,,LDPE HMI
4843,IA12374E,20-Feb-24,SPI,,255.22,71.22,1285AK-1290AK,STD,8,10,350,60/60,170,170,170,170,170,160,160,160,160,160,150,160,,,LDPE HMI
4844,VA4086E,19-Feb-24,EASTERN,,887.47,73.45,1293AK-1302AK; 1452AK-1471AK; 1677AK-1682AK,STD,8,15,330,40/40,180,180,170,170,170,170,160,160,160,160,170,170,,,VACUUM ON/LDPE(HMI)
4845,GA4921E,22-Feb-24,EVERGOOD,,255.45,80.67,1550AK-1555AK,STD,8,15,380,40/40,180,180,170,170,170,160,160,160,160,160,160,160,,,LDPE(HMI)
4846,GA14271E,22-Feb-24,PHILTOP(corr),,124.12,82.75,1782AK-1784AK,STD,8,10,350,40/40,170,170,170,170,170,170,170,160,160,160,160,160,,,LDPE(HMI)
4847,DA5176E,22-Feb-24,EVERGOOD,,151.44,64.9,1546AK-1549AK,STD,8,12,320,40/40,170,170,170,170,160,160,150,150,150,150,150,150,,,LDPE(HMI)
4848,YA16164E,21-Feb-24,EVERGOOD,,500,66.67,1625AK-1634AK,STD,8,12,270,40/40,170,170,170,170,160,160,160,150,150,150,150,150,,,LDPE(HMI)
4849,RA2508E,21-Feb-24,Evergood,,506.95,51.55,1572AK-1582AK,STD,3,8.5,40,60/60,160,150,150,140,140,150,150,,,,,,,,LDPE(HMI)
4850,KA3144E,22-Feb-24,H & E,,55.16,50.92,1712AK-1713AK,STD,8,10,300,40/40,180,200,180,180,180,180,180,180,180,180,180,180,,,PP
4851,GA16127E,22-Feb-24,PHIL-TOP(corr),,98.2,78.56,1767AK-1768AK,STD,8,12,350,40/40,170,170,170,170,170,160,160,160,160,160,150,150,,,LDPE(HMI)
4852,YA5124E,20-Feb-24,IN-HOUSE,,1397.7,74.21,1561AK-1571AK; 1659AK-1676AK,STD,8,10,380,40/40,180,170,170,170,170,160,160,160,150,150,160,160,,,LDPE(HMI)
4853,BA4140E,22-Feb-24,EVERBRIGHT,,210,70,1596AK-1603AK,STD,3,13,28,60/60,160,150,150,140,140,150,150,,,,,,,,VACUUM ON/LDPE(HMI)
4854,BA4140E,23-Feb-24,EVERBRIGHT,,390.68,69.35,1604AK-1619AK,STD,3,13,28,60/60,160,150,150,140,140,150,150,,,,,,,,VACUUM ON/LDPE(HMI)
4855,RA7886E,19-Feb-24,EASTERN,,494.75,39.53,1585AK-1595AK,STD,3,7.5,38,40/40,150,150,150,150,150,150,150,,,,,,,,LDPE HMI
4856,YA5917E,24-Feb-24,EVERGOOD,,379.9,58.15,1821AK-1828AK,STD,8,14.5,380,40/40,170,170,170,170,160,160,160,160,160,160,150,150,,,LDPE(HMI)
4857,TA15557E,24-Feb-24,I TUNG,,205.67,77.13,1806AK-1810AK,STD,8,10,280,40/40,170,170,170,170,160,160,160,160,160,160,160,160,,,LDPE(HMI)
4858,IA15764E,25-Feb-24,I-TUNG,,206.16,45.81,1811AK-1815AK,STD,8,10,280,40/40,170,170,170,170,160,160,160,160,160,160,150,150,,,LDPE(HMI)
4859,BA15002E,24-Feb-24,MCBRIDE,,48.33,29,1710AK-1711AK,STD,8,9,200,40/40,210,220,220,220,220,220,220,220,220,220,225,225,,,90-100 ppg (PET)
4860,BA4701E,24-Feb-24,INCON,,105.28,46.79,1754AK-1757AK,STD,8,12,280,40/40,180,200,180,180,180,180,180,180,180,180,190,190,,,PP
4861,GA12411E,23-Feb-24,GENSTAR,,507.06,59.07,1714AK-1733AK,STD,8,18,350,40/40,200,200,180,180,180,180,180,180,180,180,180,180,,,PP
4862,BA4756E,23-Feb-24,Evergood,,95.42,76.34,1556AK-1557AK,STD,3,8.3,25,40/40,150,150,140,140,130,130,150,,,,,,,,LDPE HMI
4863,BA4756E,23-Feb-24,Evergood,,121,69.14,1558AK-1560AK,STD,3,8.3,25,40/40,150,150,140,140,130,130,150,,,,,,,,LDPE HMI
4864,BA15494E,23-Feb-24,PHIL-TOP(corr),,107.22,54.48,1775AK-1776AK,STD,3,8.3,25,40/40,150,150,130,130,140,140,150,,,,,,,,LDPE(HMI)
4865,BA16130E,23-Feb-24,PHIL-TOP,,126.35,56.16,1758AK-1760AK,STD,3,8.5,22,40/40,150,150,140,140,140,150,150,,,,,,,,LDPE HMI
4866,MA4737E,26-Feb-24,GENSTAR,,126.59,34.52,1785AK-1789AK,STD,8,6,380,40/40,180,180,180,180,170,170,170,170,160,160,160,160,,,LDPE(HMI)
4867,BA13023E,26-Feb-24,GENSTAR,,749.2,42.09,1790AK-1805AK,STD,3,10,40,40/40,150,150,150,140,140,150,150,,,,,,,,LDPE(HMI)
4868,BA12615E,25-Feb-24,PLEXCO,,203.55,67.85,1816AK-1820AK,STD,3,10,35,40/40,150,150,140,140,140,150,150,,,,,,,,LDPE HMI
4869,SA7726E,2-Mar-24,EASTERN,,130.87,59.49,2263AK-2265AK,STD,8,8,300,40/40,170,170,170,170,170,170,160,160,160,160,150,150,,,LDPE HMI
4870,BA16204E,2-Mar-24,INCON,,102.56,68.37,2279AK-2281AK,STD,8,10,250,40/40,170,170,170,170,170,170,160,160,160,160,150,150,,,LDPE(HMI)
4871,GA13854E,2-Mar-24,REIMAGINE,,103.6,22.2,2165AK-2167AK,STD,1,100,350,40/40,150,160,160,150,150,150,150,150,140,140,,,,,LDPE(HMI)
4872,RA12739E,2-Mar-24,SMYPC,,2572.95,67,2181AK-2232AK,STD,3,9.7,28,40/40,160,150,150,140,140,140,150,,,,,,,,LDPE HMI
4873,VA16737E,2-Mar-24,EVEREST,,483.4,82.18,2282AK-2291AK,STD,8,10,380,40/40,170,170,170,170,170,170,160,160,160,150,150,150,,,LDPE HMI
4874,OA8984E,3-Mar-24,EVEREST,,506.8,72.4,2170AK-2180AK,STD,8,9,300,40/40,170,170,170,170,160,160,160,160,160,160,150,150,,,LDPE(HMI)
4875,OA16199E,3-Mar-24,INCON,,204.47,76.5,2272AK-2276AK,STD,8,20,250,40/40,170,170,170,170,170,170,160,160,160,150,150,150,,,LDPE(HMI)
4876,OA11689E,3-Mar-24,EVEREST(tmblr),,53.27,66.16,2463AK,STD,8,7,300,40/40,180,200,180,180,180,180,180,180,180,180,180,,,,PP
4877,GA14433E,3-Mar-24,TERUMO,,169.29,25.08,2074AK-2080AK,STD,1,85,250,40/40,180,200,180,180,180,180,180,180,180,180,,,,,3mmx3mm Pellet size
4878,GA14433E,4-Mar-24,TERUMO(corr),,97.72,25.49,2081AK-2084AK,STD,1,85,250,40/40,180,200,180,180,180,180,180,180,180,180,,,,,3mmx3mm Pellet size
4879,YA16192E,4-Mar-24,ARC,,1021.85,86.97,2541AK-2561AK,STD,8,10,400,40/40,170,170,170,170,170,170,160,160,160,160,150,150,,,LDPE HMI
4880,DA5176E,4-Mar-24,EVERGOOD,,150,50,2627AK-2629AK,STD,8,12,270,40/40,170,170,170,170,160,160,160,150,150,150,150,150,,,LDPE(HMI)
4881,VA4869E,4-Mar-24,EVEREST,,258.73,70.56,2118AK-2123AK,STD,8,9,300,40/40,180,170,170,170,170,160,160,160,160,160,180,180,,,LDPE(HMI)
4882,RA12372E,4-Mar-24,SPI,,506.7,65.38,1870AK-1880AK,STD,3,8.3,20,60/60,150,150,140,140,150,150,150,,,,,,,,LDPE(HMI)
4883,BA14432E,4-Mar-24,TERUMO,,981.28,25,2301AK-2340AK,STD,1,80,250,40/40,180,200,180,180,180,180,180,180,180,180,,,,,3mmx3mm Pellet size
4884,BA4140E,5-Mar-24,EVERBRIGHT,,475,53.47,2602AK-2620AK,STD,3,12,32,60/60,160,150,150,140,140,150,150,,,,,,,,VACUUM ON/LDPE(HMI)
4885,BA4140E,5-Mar-24,EVERBRIGHT,,150,66.67,2621AK-2625AK,STD,3,12,32,60/60,160,150,150,140,140,150,150,,,,,,,,VACUUM ON/LDPE(HMI)
4886,IA1770E,5-Mar-24,EVERBRIGHT,,806.62,50.41,2562AK-2594AK,STD,3,14,32,60/60,160,150,150,140,140,150,160,,,,,,,,VACUUM ON/LDPE(HMI)
4887,YA5917E,13-Sep-24,EVERGOOD,,307,68,0775AL-0781AL,STD,8,14.5,380,40/40,170,170,170,170,160,160,160,160,160,160,150,150,,,LDPE(HMI)
4888,WA14068E,5-Mar-24,Zeller,,525,75.9,2595AK-2599AK,STD,8,7,280,40/40,200,200,180,180,180,180,170,170,170,170,180,180,,,HDPE(HMI)
4889,WA3827E,5-Mar-24,IN-HOUSE,,295.87,73.05,1928AK-1930AK,STD,8,8,300,40/40,200,200,200,180,180,180,170,170,170,170,180,180,,,HDPE(HMI)
4890,BA9159E,5-Mar-24,EVEREST,,400,80,2632AK-2639AK,STD,8,12,350,40/40,170,170,170,170,160,160,160,150,150,150,160,160,,,LDPE(HMI)
4891,IA8813E,5-Mar-24,EVERGOOD,,153.3,57.49,2771AK-2774AK,STD,3,9.7,30,40/40,170,150,150,140,140,160,160,,,,,,,,
4892,CA16070E,6-Mar-24,SMYPC,,1000,21.28,2341AK-2380AK,STD,3,5.5,8.5,40,180,170,160,150,150,150,180,,,,,,,,RUBBER / VACUUM ON
4893,YA14431E,6-Mar-24,TERUMO(corr),,84.8,25.06,2674AK-2676AK,STD,1,85,250,40/40,180,200,180,180,180,180,180,180,180,180,,,,,3mmx3mm Pellet size
4894,KA16608E,6-Mar-24,CDC,,254,62.98,2738AK-2743AK,STD,8,25,400,40/40,170,170,170,170,170,170,160,160,160,150,150,150,,,LDPE HMI
4895,KA3541E,6-Mar-24,ZELLER,,57.4,49.2,2600AK-2601AK,STD,8,8,300,40/40,180,200,180,180,180,180,180,180,180,180,180,180,,,PP
4896,OA14302E,6-Mar-24,INCON(corr),,104.6,50.61,2775AK-2776AK,STD,8,8,300,40/40,160,160,160,160,150,150,150,150,150,150,150,150,,,LDPE(HMI)
4897,OA11689E,6-Mar-24,EVEREST,,46.12,55.34,2685AK-2686AK,STD,8,8,300,40/40,180,200,180,180,180,180,180,180,180,180,180,200,,,PP
4898,BA14304E,6-Mar-24,PHIL-TOP(corr),,41.12,25.97,2791AK,STD,1,80,200,40/40,120,140,150,150,150,150,150,150,140,140,,,,,LDPE(HMI)
4899,DA5176E,7-Mar-24,EVERGOOD,,155.12,21.4,2796AK-2799AK,STD,1,100,350,40/40,140,150,150,150,150,150,150,150,150,150,,,,,LDPE(HMI)
4900,WA13000E,7-Mar-24,PREMIER,,1013.18,86.84,2511AK-2520AK,STD,5,12,230,40/40,170,90,90,110,170,170,160,160,160,160,160,,,,LDPE(HMI)
4901,GA3383E,7-Mar-24,EVEREST,,381.4,19.73,2782AK-2789AK,STD,1,100,200,40/40,120,140,150,150,150,150,150,150,140,140,,,,,LDPE(HMI)
4902,YA5993E,7-Mar-24,EVERGOOD,,506.15,55.22,2744AK-2754AK,STD,8,6,38,40/40,190,190,170,170,170,160,160,150,150,150,160,160,,,LDPE(HMI)
4903,YA16164E,7-Mar-24,EVEREST(corr),,350,67.09,2678AK-2684AK,STD,8,12,280,40/40,170,170,170,160,160,160,150,150,150,150,150,150,,,LDPE HMI
4904,YA16164E,7-Mar-24,EVEREST,,100,66.67,2780AK-2781AK,STD,8,12,280,40/40,170,170,170,160,160,160,150,150,150,150,150,150,,,LDPE HMI
4905,MA7758E,7-Mar-24,CYBERMANN,,407.4,50.93,2524AK-2540AK,STD,8,11,300,40/40,180,200,180,180,180,180,180,180,180,180,180,180,,,PP
4906,VA4086E,8-Mar-24,EASTERN,,418.6,59.8,2717AK-2733AK,STD,3,9.5,25,40/40,150,150,140,140,140,150,150,,,,,,,,VACUUM ON/LDPE(HMI)
4907,RA7487E,8-Mar-24,GENSTAR,,124.78,57.59,2777AK-2779AK,STD,3,9,40,40/40,150,150,140,140,140,180,180,,,,,,,,LDPE HMI
4908,WA15192E,8-Mar-24,KPC,,1320,83.81,2481AK-2493AK,STD,5,10,400,60/60,180,200,180,180,180,180,180,180,180,200,200,,,,PP
4909,YA14414E,8-Mar-24,BEVPACK,,1000,69.84,2801AK-2840AK,STD,8,10,350,40/40,200,200,200,180,180,180,180,180,180,180,200,200,,,PP
4910,YA14414E,8-Mar-24,BEVPACK,,225,65.22,2841AK-2849AK,STD,8,10,350,40/40,200,200,200,180,180,180,180,180,180,180,200,200,,,PP
4911,YA14414E,8-Mar-24,BEVPACK,,12.98,77.88,2850AK,STD,8,10,350,40/40,200,200,200,180,180,180,180,180,180,180,200,200,,,PP
4912,YA5124E,8-Mar-24,EVERGOOD,,754.68,67.08,2755AK-2770AK,STD,8,10,380,40/40,180,170,170,170,170,160,160,150,150,150,160,160,,,LDPE(HMI)
4913,GA13854E,8-Mar-24,REIMAGINE(corr),,54.58,27.29,2790AK,STD,1,80,400,40/40,120,140,160,150,150,150,150,150,140,140,,,,,LDPE(HMI)
4914,YA16192E,9-Mar-24,ARC,,3006.75,93.47,2852AK-2912AK,STD,8,12,400,40/40,170,170,170,170,170,170,160,160,160,160,150,150,,,LDPE HMI
4915,WA15123E,9-Mar-24,GILVAN,,3020.12,87.54,2687AK-2716AK,STD,5,10,350,60/60,170,170,170,170,160,160,160,150,150,160,160,,,,LDPE(HMI)
4916,CA16070E,9-Mar-24,SMYPC,,1469.5,23.99,2381AK-2441AK,STD,3,5.5,9,40,180,170,160,150,150,150,180,,,,,,,,RUBBER / VACUUM ON
4917,WA15192E,11-Mar-24,KPC,,1610.16,85.12,2494AK-2510AK,STD,5,10,400,60/60,180,200,180,180,180,180,180,180,180,200,200,,,,PP
4918,WA13183E,12-Mar-24,STAR PLASTIC,,208.82,75.93,2974AK-2975AK,STD,5,8,280,40/40,180,100,110,110,170,160,160,160,160,180,180,,,,LDPE(HMI)
4919,BA16204E,8-Mar-24,INCON(corr),,103.15,28.13,2933AK-2934AK,STD,1,80,400,40/40,120,140,150,150,150,150,150,150,140,140,,,,,LDPE(HMI)
4920,BA9159E,8-Mar-24,EVEREST(corr),,632.09,25.8,2913AK-2925AK,STD,1,80,400,40/40,120,140,150,150,150,150,150,150,140,140,,,,,LDPE(HMI)
4921,YA14431E,12-Mar-24,TERUMO(corr),,84.65,25.02,2976AK-2979AK,STD,1,85,250,40/40,180,200,180,180,180,180,180,180,180,180,,,,,3mmx3mm Pellet size
4922,OA2469E,12-Mar-24,H & E,,305.7,76.43,2926AK-2932AK,STD,8,12,350,40/40,180,180,170,170,160,160,160,160,160,160,170,170,,,LDPE(HMI)
4923,YA5124E,12-Mar-24,EVERGOOD,,511.83,73.12,2935AK-2945AK,STD,8,10,380,40/40,180,170,170,170,170,160,160,160,150,150,160,160,,,LDPE(HMI)
4924,WA3827E,12-Mar-24,IN-HOUSE,,638.76,70.32,2967AK-2973AK,STD,8,8,300,40/40,200,200,200,180,180,180,170,170,170,170,180,180,,,HDPE(HMI)
4925,WA15151E,13-Mar-24,PACKAGEWORLD,,4980,65.1,2442AK-2461AK,STD,5,15,280,40/40,140,160,160,160,160,150,150,140,140,140,140,,,,RUBBER
4926,YA14414E,13-Mar-24,BEVPACK,,16.85,25.28,2851AK,STD,1,100,280,40/40,180,200,180,180,180,180,180,180,180,180,,,,,PP
4927,YA5993E,13-Mar-24,EVERGOOD,,756.05,69.58,2996AK-3011AK,STD,8,10.9,420,40/40,190,190,170,170,170,160,160,150,150,150,160,160,,,LDPE(HMI)
4928,YA3050E,13-Mar-24,SMYPC,,990.45,71.6,3012AK-3031AK,STD,8,15,350,40/40,170,170,170,170,170,160,160,160,160,160,160,160,,,LDPE(HMI)
4929,RA12739E,13-Mar-24,SMYPC,,1984.4,64.71,3053AK-3092AK,STD,3,10.3,28,40/40,150,110,110,150,150,150,150,,,,,,,,LDPE HMI
4930,RA15101E,13-Mar-24,21st Century,,1002.53,68.59,2946AK-2966AK,STD,3,10,28,40/40,150,130,140,140,140,150,150,,,,,,,,LDPE(HMI)
4931,VA4875E,13-Mar-24,EVEREST,,186.11,57.27,3033AK-3036AK,STD,3,7.5,13,40/40,130,120,120,110,110,110,120,,,,,,,,VACUUM ON / LDPE(HMI)
4932,DA5176E,13-Mar-24,EVERGOOD(corr),,150,100,3037AK-3040AK,STD,8,12,270,40/40,170,170,170,170,160,160,160,150,150,150,150,150,,,LDPE(HMI)
4933,YA5124E,14-Mar-24,EVERGOOD,,754.73,67.09,2980AK-2995AK,STD,8,10,380,40/40,180,170,170,170,170,160,160,160,160,160,150,150,,,LDPE(HMI)
4934,KA9732E,15-Mar-24,Alphatech,,55.55,47.61,3041AK-3042AK,STD,3,8.3,28,40/40,160,150,150,140,140,150,150,,,,,,,,LDPE HMI
4935,IA12399E,15-Mar-24,SUMMIT,,206.67,37.58,3045AK-3052AK,STD,3,7,18,60/60,180,200,180,180,180,180,,,,,,,,,79-105 PPG
4936,OA8984E,15-Mar-24,EVEREST,,77.6,45.65,3104AK-3105AK,STD,3,8.5,32,40/40,150,150,150,150,140,140,150,,,,,,,,LDPE(HMI)
4937,GA4921E,15-Mar-24,Everest,,513.2,81.03,3107AK-3117AK,STD,3,12,400,40/40,170,170,170,170,160,160,160,160,150,150,150,150,,,LDPE(HMI)
4938,YA16164E,15-Mar-24,EVEREST,,506.47,67.53,3093AK-3103AK,STD,8,12,300,40/40,170,170,170,160,160,160,150,150,150,150,150,150,,,LDPE HMI
4939,OA11689E,15-Mar-24,EVEREST(re-ext),,29.6,29.6,3166AK,STD,8,8,300,40/40,170,190,170,170,170,170,170,170,170,170,170,190,,,PP/ screen and temp as per Lab (wip)
4940,CA8905E,16-Mar-24,SMYPC,,5047.92,42.48,3167AK-3370AK,STD,3,3.8,9,40,150,150,150,150,95,95,125,,,,,,,,LDPE(HMI)
4941,RA16830E,16-Mar-24,GILVAN,,53.54,64.25,3122AK-3123AK,STD,8,15,400,40/40,170,170,170,170,170,160,160,160,160,160,160,150,150,,LDPE(HMI)
4942,YA3050E,16-Mar-24,SMYPC,,320.67,80.17,3371AK-3377AK,STD,8,15,380,40/40,170,170,170,170,170,160,160,160,160,160,150,150,,,LDPE(HMI)
4943,SA7726E,16-Mar-24,EASTERN,,77.3,51.53,3043AK-3044AK,STD,3,6.5,26,40/40,150,140,140,120,120,130,130,,,,,,,,LDPE HMI
4944,VA4875E,16-Mar-24,EVEREST(corr),,185.74,74.3,3118AK-3121AK,STD,8,10,330,40/40,170,170,170,170,170,170,160,160,160,160,150,150,,,LDPE HMI
4945,WA15151E,16-Mar-24,PACKAGEWORLD,,446,64.79,2462AK,STD,5,15,280,40/40,140,160,160,160,160,150,150,140,140,140,,,,,RUBBER
4946,RA16830E,16-Mar-24,GILVAN(tmblr/xtrd),,53.5,64.2,3297AK,STD,8,10,350,40/40,170,170,170,170,170,160,160,160,160,160,160,150,150,,LDPE(HMI)
4947,RA16826E,16-Mar-24,SMYPC,,2012.89,78.68,3124AK-3164AK,STD,8,22,380,40/40,170,170,170,170,170,170,160,160,160,150,150,150,,,LDPE HMI
4948,BA12556E,18-Mar-24,PACKAGEWORLD,,4175,64.74,2464AK-2480AK,STD,5,12,300,60/60,140,150,160,160,160,160,160,160,160,160,150,,,,RUBBER
4949,RA2508E,18-Mar-24,Evergood,,510.64,53.28,3378AK-3388AK,STD,8,9.5,420,60/60,170,170,170,170,170,160,160,160,160,160,160,160,,,LDPE(HMI)
4950,OA8984E,19-Mar-24,EVEREST(corr),,77.63,77.63,3295AK-3296AK,STD,8,10,350,40/40,170,170,170,170,160,160,160,160,160,160,150,150,,,LDPE(HMI)
4951,YA3050E,19-Mar-24,SMYPC(corr),,84.33,60,3465AK-3466AK,STD,8,15,300,40/40,170,170,170,170,170,160,160,160,160,160,160,160,,,LDPE(HMI)
4952,YA15776E,19-Mar-24,SANICON,,52.54,57.32,3292AK,STD,8,10,350,40/40,170,170,170,170,160,160,160,160,160,160,150,150,,,LDPE HMI
4953,YA14414E,19-Mar-24,BEVPACK(corr),,22.84,45.68,3269AK,STD,8,7,300,40/40,200,200,200,180,180,180,180,180,180,180,180,180,,,PP
4954,KA9732E,19-Mar-24,Alphatech,,55.15,50.91,3294AK,STD,8,10,250,40/40,170,170,170,170,160,160,160,160,160,160,160,160,,,LDPE HMI
4955,BA15050E,20-Mar-24,PACKAGEWORLD,,297.08,49.51,3298AK-3303AK,STD,8,9,380,40/40,170,170,170,170,160,160,160,160,160,150,150,150,,,LL38
4956,DA5176E,20-Mar-24,EVERGOOD,,1014.5,80.09,3271AK-3291AK,STD,8,12,380,40/40,170,170,170,170,160,160,160,150,150,150,150,150,,,LDPE(HMI)
4957,WA15135E,20-Mar-24,HERITAGE,,107.5,80.63,3328AK,STD,5,20,380,60/60,170,170,170,170,160,160,160,160,150,150,160,,,,LDPE(HMI)
4958,WA16299E,20-Mar-24,SANICON,,100,75,3293AK,STD,5,10,380,40/40,180,180,170,170,170,170,160,160,160,180,180,,,,LDPE HMI
4959,RA11649E,21-Mar-24,MILLERS,,54.9,38.75,3341AK-3342AK,STD,8,10,300,60/60,175,195,175,175,175,175,175,175,175,175,175,175,,,VACUUM ON/LESS 5°C/PP
4960,BA14304E,21-Mar-24,PHIL-TOP,,226.95,80.1,3336AK-3340AK,STD,8,10,380,40/40,180,180,180,170,170,170,160,160,160,160,160,160,,,LDPE(HMI)
4961,GA14271E,21-Mar-24,PHIL-TOP,,204.53,74.37,3330AK-3334AK,STD,8,10,350,40/40,170,170,170,170,170,170,170,160,160,160,160,160,,,LDPE(HMI)
4962,GA2595E,21-Mar-24,alcos global,,85,22.17,3304AK-3307AK, STD ,8,8,200,40/40,220,220,220,220,220,220,220,220,220,220,220,220,,,90-100 ppg / PET
4963,VA4086E,21-Mar-24,EASTERN,,400.9,67.76,3312AK-3327AK,STD,8,15,330,40/40,180,180,180,170,170,170,160,160,160,160,170,170,,,VACUUM ON/LDPE(HMI)
4964,VA4086E,21-Mar-24,EASTERN,,18,72,3329AK,STD,8,15,330,40/40,180,180,170,170,170,170,160,160,160,160,170,170,,,VACUUM ON/LDPE(HMI)
4965,WA15190E,21-Mar-24,NMH,,1555,84.43,1363AK-1379AK,STD,5,10,400,60/60,180,200,180,180,180,180,180,180,180,200,200,,,,(52-62 PPG) / PP
4966,RA16830E,21-Mar-24,GILVAN,,9.25,55.5,3354AK,STD,8,10,350,40/40,170,170,170,170,170,160,160,160,160,160,160,150,150,,LDPE(HMI)
4967,RA16830E,21-Mar-24,GILVAN(corr),,53.6,58.47,3353AK,STD,8,10,350,40/40,170,170,170,170,170,160,160,160,160,160,160,150,150,,LDPE(HMI)
4968,YA14414E,22-Mar-24,BEVPACK(corr),,22.58,45.16,3369AK,STD,8,7,300,40/40,180,200,180,180,180,180,180,180,180,180,E,180,,,PP
4969,YA3050E,22-Mar-24,SMYPC,,698.51,77.61,3469AK-3482AK,STD,8,15,350,40/40,170,170,170,170,170,160,160,160,160,160,160,160,,,LDPE(HMI)
4970,KA14303E,22-Mar-24,PHIL-TOP,,309.64,70.07,3343AK-3349AK,STD,8,15,330,40/40,170,170,170,160,160,160,160,160,150,150,150,150,,,LDPE(HMI)
4971,RA5277E,22-Mar-24,EVERGOOD,,508.99,67.12,3358AK-3368AK,STD,3,6.5,20,40/40,160,150,150,130,130,140,140,,,,,,,,VACUUM ON / LDPE(HMI)
4972,WA15190E,22-Mar-24,NMH,,5300,81.96,3391AK-3443AK,STD,5,10,380,60/60,180,200,180,180,180,180,180,180,180,200,200,,,,(52-62 PPG) / PP
4973,WA15190E,22-Mar-24,NMH(trial),,50,80,3464AK,STD,5,9,380,60/60,180,200,180,180,180,180,180,180,180,200,200,,,,(52-62 PPG) / PP
4974,WA15190E,22-Mar-24,NMH(trial),,192.5,13.59,3467AK-3468AK,STD,5,10,380,60/60,180,200,180,180,180,180,180,180,180,200,200,,,,(52-62 PPG) / PP
4975,TA11397E,23-Mar-24,EVERGOOD,,106.5,68.71,3602AK-3604AK,STD,3,9,32,40/40,150,150,140,130,130,150,150,,,,,,,,LDPE HMI
4976,BA4701E,23-Mar-24,EVEREST,,81.35,44.37,3355AK-3357AK,STD,3,7,30,40/40,180,200,180,180,180,180,180,,,,,,,,PP
4977,KA2871E,22-Mar-24,EVEREST,,1256.91,67.94,3555AK-3580AK,STD,3,9,28,40/40,150,140,140,130,130,150,150,,,,,,,,VACUUM ON/LDPE(HMI)
4978,YA16164E,23-Mar-24,EVEREST,,2499.6,62.49,3504AK-3554AK,STD,8,12,300,40/40,170,170,170,160,160,160,150,150,150,150,150,150,,,LDPE HMI
4979,RA12739E,25-Mar-24,SMYPC,,987.92,65.5,3581AK-3600AK,STD,3,10,28,40/40,150,150,140,140,140,150,150,,,,,,,,LDPE HMI
4980,DA5176E,25-Mar-24,EVERGOOD,,999.65,81.49,3483AK-3503AK,STD,8,12,380,40/40,180,180,170,170,170,160,160,160,160,160,160,160,,,LDPE(HMI)
4981,BA14304E,25-Mar-24,PHIL-TOP(corr),,238,84.5,3700AK-3704AK,STD,8,10,350,40/40,170,170,170,170,170,170,160,160,160,160,160,160,,,LDPE(HMI)
4982,GA16415E,26-Mar-24,METRO CONT.,,636.11,82.79,3682AK-3694AK,STD,8,13,350,40/40,170,170,170,170,160,160,160,160,160,150,150,150,,,LDPE HMI
4983,WA3827E,27-Mar-24,IN-HOUSE,,743.87,64.22,3761AK-3768AK,STD,8,8,350,40/40,200,200,200,180,180,180,180,180,180,180,180,180,,,HDPE(HMI)
4984,BA7924E,27-Mar-24,AMAZON,,605.7,79.87,3725AK-3737AK,STD,8,8,270,40/40,200,200,200,200,180,180,180,180,180,180,190,190,,,HDPE(HMI)
4985,BA9738E,27-Mar-24,UNA,,131,74.86,3758AK-3760AK,STD,8,16,380,60/60,170,170,170,170,170,170,160,160,160,150,150,150,,,VACUUM ON/LDPE(HMI)
4986,BA15002E,26-Mar-24,MCBRIDE,,88.28,24.75,3695AK-3698AK,STD,8,9,200,40/40,200,220,220,220,220,220,220,220,220,220,230,230,,,90-100 ppg (PET)
4987,BA15002E,26-Mar-24,MCBRIDE,,63,23.63,3605AK-3606AK; 3699AK,STD,8,9,200,40/40,200,220,220,220,220,220,220,220,220,220,230,230,,,90-100 ppg (PET)
4988,BA12556E,27-Mar-24,PACKAGEWORLD,,4888.2,64.1,3705AK-3724AK,STD,5,12,300,60/60,140,150,160,160,160,160,160,160,160,160,150,,,,RUBBER
4989,WA16543E,27-Mar-24,METRO CONTAINER,,257.5,68.67,3679AK-3681AK,STD,5,20,380,40/40,170,170,170,170,170,170,160,160,160,150,150,,,,LDPE HMI
4990,WA15190E,25-Mar-24,NMH,,1888.92,74.78,3444AK-3463AK,STD,5,10,400,60/60,180,200,180,180,180,180,180,180,180,200,200,,,,(52-62 PPG) / PP
4991,WA15190E,27-Mar-24,NMH(trial),,195,86.67,3807AK-3808AK,STD,5,9,380,60/60,180,200,180,180,180,180,180,180,180,200,200,,,,(52-62 PPG) / PP
4992,GA3933E,28-Mar-24,MOLDEX,,204.06,64.44,3798AK-3805AK,STD,8,9,300,40/40,200,200,180,180,180,180,180,180,180,180,180,180,,,PP
4993,RA16826E,25-Mar-24,SMYPC,,3542,65.65,3607AK-3678AK,STD,3,150,28,40/40,150,140,130,130,130,140,150,,,,,,,,LDPE HMI
4994,RA16826E,28-Mar-24,SMYPC,,1402.75,63.52,3769AK-3797AK,STD,3,150,28,40/40,150,140,130,130,130,140,150,,,,,,,,LDPE HMI
4995,GA16014E,29-Mar-24,CANLINE,,970.3,64.67,3870AK-3889AK,STD,8,12,400,40/40,200,200,200,180,180,180,180,180,180,180,160,160,,,LDPE(HMI)
4996,IA1770E,29-Mar-24,EVERBRIGHT,,795.24,66.73,3913AK-3944AK,STD,8,20,400,60/60,180,180,170,170,170,170,160,160,160,160,160,160,,,VACUUM ON/LDPE(HMI)
4997,VA4086E,29-Mar-24,EASTERN,,394.9,59.53,3742AK-3757AK,STD,3,9.5,25,40/40,150,150,140,140,140,150,150,,,,,,,,VACUUM ON/LDPE(HMI)
4998,BA4140E,1-Apr-24,EVERBRIGHT,,554.34,59.39,3891AK-3912AK,STD,8,20,380,60/60,180,180,180,170,170,160,160,160,160,160,180,180,,,VACUUM ON/LDPE(HMI)
4999,CA8905E,29-Mar-24,SMYPC,,1675,43.79,3809AK-3841AK,STD,3,4.5,9,40,150,150,150,150,95,95,125,,,,,,,,LDPE(HMI)
5000,BA9159E,2-Apr-24,EVEREST,,198,88,3946AK-3949AK,STD,8,12,350,40/40,170,170,170,170,160,160,160,150,150,150,160,160,,,LDPE(HMI)
5001,BA9159E,2-Apr-24,EVEREST,,2076.3,85.33,3950AK-3991AK,STD,8,12,380,40/40,170,170,170,170,160,160,160,150,150,150,160,160,,,LDPE(HMI)
5002,BA1832E,2-Apr-24,POLYWELL,,54.19,65.03,3992AK,STD,8,15,380,60/60,180,180,180,170,170,170,160,160,160,160,180,180,,,LDPE(HMI)
5003,WA11678E,2-Apr-24,INCON,,156.27,81.53,4069AK-4070AK,STD,5,10,300,40/40,170,110,110,170,160,160,160,160,160,170,170,,,,LDPE(HMI)
5004,WA15190E,2-Apr-24,NMH,,7401.78,78.81,3993AK-4067AK,STD,5,10,400,60/60,180,200,180,180,180,180,180,180,180,200,200,,,,(52-62 PPG) / PP
5005,GA5520E,3-Apr-24,H & E,,179.25,56.61,4085AK-4088AK,STD,8,9,350,40/40,170,170,170,170,160,160,160,150,150,150,160,160,,,LDPE(HMI)
5006,GA2595E,3-Apr-24,alcos global,,23.65,23.65,4084AK, STD ,8,9,200,40/40,210,220,220,220,220,220,220,220,220,220,225,225,,,90-100 ppg / PET
5007,BA3435E,3-Apr-24,ZELLER,,56.7,48.6,4071AK-4072AK,STD,8,9,270,40/40,180,200,180,180,180,180,180,180,180,180,180,180,,,PP
5008,SA11780E,3-Apr-24,SMYPC,,306,71.34,4077AK-4083AK,STD,3,9.7,22,40/40,150,110,110,140,140,150,150,,,,,,,,LDPE(HMI)
5009,SA11780E,3-Apr-24,SMYPC,,100,70.59,4073AK-4074AK,STD,3,9.7,22,40/40,150,110,110,140,140,150,150,,,,,,,,LDPE(HMI)
5010,SA11780E,3-Apr-24,SMYPC,,100,70.59,4075AK-4076AK,STD,3,9.7,22,40/40,150,110,110,140,140,150,150,,,,,,,,LDPE(HMI)
5011,KA16608E,4-Apr-24,CDC,,133.55,60.25,4089AK-4091AK,STD,8,12,350,40/40,170,170,170,170,170,160,160,160,160,150,150,150,,,LDPE HMI
5012,DA15568E,4-Apr-24,PHIL-TOP,,472.84,81.06,4094AK-4103AK,STD,8,10,300,40/40,170,170,170,160,160,160,160,150,150,150,150,150,,,LDPE(HMI)
5013,MA13810E,5-Apr-24,INCON,,55.72,53.92,4131AK-4132AK,STD,8,80,280,40/40,180,200,180,180,180,180,180,180,180,180,180,180,,,PP
5014,VA4086E,5-Apr-24,ALPHATECH,,511.8,56.73,4104AK-4124AK,STD,3,9.5,25,40/40,150,150,140,140,140,150,150,,,,,,,,VACUUM ON/LDPE(HMI)
5015,BA12556E,6-Apr-24,PACKAGEWORLD,,1575,65.09,4125AK-4130AK,STD,5,12,300,60/60,140,150,160,160,160,160,160,160,160,160,150,,,,RUBBER
5016,DA15568E,6-Apr-24,PHIL-TOP,,100,80,4157AK-4158AK,STD,8,10,300,40/40,170,170,170,160,160,160,160,150,150,150,160,160,,,LDPE(HMI)
5017,DA15568E,6-Apr-24,PHIL-TOP,,400.35,80.07,4159AK-4166AK,STD,8,10,300,40/40,170,170,170,160,160,160,160,160,150,150,150,150,,,LDPE(HMI)
5018,DA5176E,6-Apr-24,EVERGOOD,,251.1,118.63,4194AK-4198AK,STD,8,12,380,40/40,180,180,170,170,170,160,160,160,160,160,160,160,,,LDPE(HMI)
5019,GA8074E,5-Apr-24,EASTERN,,260.33,85.35,4141AK-4146AK,STD,8,12,400,40/40,170,170,170,170,160,160,160,160,160,150,150,150,,,LDPE HMI
5020,GA15961E,5-Apr-24,CDC,,105.7,60.98,4133AK-4135AK,STD,8,12,300,40/40,180,180,170,170,170,170,170,160,160,160,160,160,,,LDPE(HMI)
5021,RA5277E,6-Apr-24,EVERGOOD,,376.78,65.91,4186AK-4193AK,STD,3,8.5,28,40/40,160,150,140,130,130,150,150,,,,,,,,VACUUM ON / LDPE(HMI)
5022,RA16826E,6-Apr-24,SMYPC,,49.75,57.4,4093AK,STD,3,12,25,40/40,150,150,130,130,140,140,150,,,,,,,,LDPE HMI
5023,RA15101E,8-Apr-24,21st Century,,1003.8,63.73,4214AK-4234AK,STD,3,10.2,29,40/40,150,150,140,140,150,150,150,,,,,,,,LDPE(HMI)
5024,RA13616E,6-Apr-24,STAR PLASTIC,,127.39,72.39,4235AK-4237AK,STD,3,9.2,25,40/40,150,110,110,150,150,150,150,,,,,,,,LDPE(HMI)
5025,BA9094E,8-Apr-24,ZELLER,,52.7,48.65,4167AK-4168AK,STD,8,8,300,40/40,180,200,180,180,180,180,180,180,180,180,180,180,,,PP
5026,SA14369E,8-Apr-24,RBV,,131.52,36.7,4211AK-4213AK,STD,8,6.5,420,40/40,200,200,200,160,160,160,150,150,150,150,160,160,,,LDPE(HMI)
5027,YA5993E,6-Apr-24,EVERGOOD,,505.25,57.45,4175AK-4185AK,STD,8,10.9,420,40/40,190,190,170,170,170,160,160,160,150,150,160,160,,,LDPE(HMI)
5028,WA3827E,8-Apr-24,IN-HOUSE,,539,64.04,4169AK-4174AK,STD,5,6.5,280,40/40,200,200,200,180,180,180,180,180,180,200,200,,,,VACUUM ON/HDPE(HMI)
5029,WA3827E,29-Apr-24,IN-HOUSE,,491.7,56.52,4657AK-4661AK,STD,5,80,300,40/40,200,200,200,200,180,180,180,180,180,200,200,,,,VACUUM ON/HDPE(HMI)
5030,IA16827E,8-Apr-24,GREENPACK,,125.04,65.52,4282AK-4284AK,STD,3,8.3,15,40/40,150,110,110,140,150,150,,,,,,,,,LDPE HMI
5031,BA16905E,8-Apr-24,GREENPACK,,126.8,80.08,4238AK-4240AK,STD,8,12,370,40/40,170,170,170,170,170,170,160,160,160,150,150,150,,,LDPE HMI
5032,BA16708E,10-Apr-24,GREENPACK,,510.21,80.14,4259AK-4269AK,STD,8,12,380,40/40,190,200,200,180,180,160,160,160,160,160,150,150,,,LDPE HMI
5033,GA4178E,9-Apr-24,PSP,,258.22,61.48,4300AK-4309AK,STD,3,8.3,28,60/60,150,150,140,140,150,150,150,,,,,,,,LDPE(HMI) / VACUUM ON
5034,IA7845E,9-Apr-24,TOPRITE,,175.63,50.18,4363AK-4366AK,STD,3,15,20,40/40,150,150,140,140,150,150,150,,,,,,,,LDPE(HMI)
5035,IA7720E,9-Apr-24,PSP,,255.5,63.35,4290AK-4299AK,STD,3,10,30,60/60,150,150,150,150,140,140,140,,,,,,,,VACUUM ON/LDPE(HMI)
5036,WA14068E,9-Apr-24,Zeller,,495.27,63.23,4152AK-4156AK,STD,5,6.5,280,40/40,250,200,180,180,180,180,180,180,180,200,200,,,,HDPE(HMI)
5037,VA16720E,10-Apr-24,GREENPACK,,508.19,61.85,4270AK-4280AK,STD,8,70,400,40/40,220,250,200,170,170,150,150,150,150,150,150,150,,,LDPE HMI
5038,VA16908E,10-Apr-24,GREENPACK,,129.35,64.68,4241AK-4243AK,STD,8,70,400,40/40,170,200,170,170,170,160,160,160,160,150,150,150,,,LDPE HMI
5039,DA5173E,12-Apr-24,EVEREST,,510.75,78.18,4333AK-4343AK,STD,8,80,320,40/40,170,170,160,160,150,150,150,140,140,140,140,150,,,VACUUM ON / LDPE(HMI)
5040,DA16710E,11-Apr-24,GREENPACK,,508,80.21,4248AK-4258AK,STD,8,70,370,40/40,170,170,170,170,170,160,160,160,160,150,150,150,,,LDPE HMI
5041,BA9159E,10-Apr-24,EVEREST(corr),,294.7,53.58,4205AK-4210AK,STD,3,8.3,25,40/40,150,140,100,100,140,150,150,,,,,,,,VACUUM ON/LDPE(HMI)
5042,BA9159E,11-Apr-24,EVEREST,,2224.3,73.86,4310AK-4332AK,STD,3,8.3,18,40/40,150,150,-,140,140,150,150,,,,,,,,VACUUM ON/LDPE(HMI)
5043,BA4662E,10-Apr-24,TOPRITE,,54.81,65.77,4373AK-4374AK,STD,3,18,35,100/100,150,150,150,150,150,130,130,,,,,,,,LDPE HMI
5044,BA12068E,10-Apr-24,EVEREST,,131.5,63.12,4350AK-4352AK,STD,6,8.3,40,40/40,150,150,-,140,140,140,140,,,,,,,,LDPE(HMI)
5045,BA15002E,13-Apr-24,MCBRIDE,,255,25.16,4353AK-4362AK,STD,8,9,200,40/40,220,220,220,220,220,220,220,220,220,220,230,230,,,90-100 ppg (PET)
5046,OA5352E,13-Apr-24,EVEREST,,256.76,60.41,4344AK-4349AK,STD,8,8,320,40/40,170,170,170,170,170,170,170,160,160,160,150,150,,,LDPE HMI
5047,CA8905E,3-Apr-24,SMYPC,,1382.25,41.32,3842AK-3869AK,STD,3,3.4,9,40,150,150,150,150,150,95,125,,,,,,,,LDPE(HMI)
5048,WA12277E,5-Apr-24,SPI,,518.18,81.39,4136AK-4140AK,STD,8,20,380,40/40,170,170,170,170,170,170,160,160,160,150,150,150,,,LDPE HMI
5049,DA15568E,12-Apr-24,PHIL-TOP(corr),,619.65,64.1,4380AK-4387AK; 4439AK-4440AK; 4451AK-4453AK,STD,8,50,400,40/40,150,140,140,130,130,130,130,130,130,130,120,120,,,LDPE(HMI)
5050,BA16905E,13-Apr-24,GREENPACK(corr),,126.09,56.04,4454AK-4456AK,STD,5,20,380,40/40,170,170,170,170,170,170,160,160,160,150,150,,,,LDPE HMI
5051,GA8074E,13-Apr-24,EASTERN(corr),,159.47,76.55,4376AK-4379AK,STD,3,7,25,40/40,150,150,130,130,130,120,140,,,,,,,,LDPE HMI
5052,BA7883E,13-Apr-24,EASTERN,,296.05,68.85,4367AK-4372AK,STD,3,7.6,28,60/60,180,130,130,170,150,150,180,,,,,,,,VACUUM ON / HDPE HMI
5053,WA8512E,15-Apr-24,AMAZON,,2000,93.02,4388AK-4407AK,STD,5,9,350,40,160,160,160,160,150,150,150,150,150,150,150,,,,VACUUM ON / LDPE(HMI)
5054,VA4086E,15-Apr-24,ALPHATECH,,491.8,56.11,4485AK-4504AK,STD,3,9.5,25,40/40,150,150,130,130,140,150,150,,,,,,,,VACUUM ON/LDPE(HMI)
5055,TA15557E,13-Apr-24,I-TUNG,,205.78,56.12,4285AK-4289AK,STD,3,6,15,40/40,150,140,130,130,130,140,150,,,,,,,,LDPE(HMI)
5056,GA6607E,13-Apr-24,H&E,,55.96,44.77,4457AK-4458AK,STD,3,8.5,28,40/40,180,200,180,180,180,180,180,,,,,,,,PP
5057,BA15002E,15-Apr-24,MCBRIDE,,75,25,4199AK-4201AK,STD,5,110,200,40/40,220,220,220,220,220,220,220,220,220,220,220,220,,,90-100 ppg (PET)
5058,BA9159E,16-Apr-24,Evergood,,246.35,79.9,4534AK-4538AK,STD,8,12,380,40/40,170,170,170,170,160,160,160,150,150,150,160,160,,,LDPE(HMI)
5059,BA12615E,16-Apr-24,PLEXCO,,255.43,56.76,4542AK-4547AK,STD,8,7,420,40/40,180,180,170,170,170,160,160,160,150,150,150,150,,,LDPE HMI
5060,GA8074E,16-Apr-24,GLOBAL KONTEINER,,209.14,83.66,4529AK-4533AK,STD,8,12,350,40/40,170,170,170,170,160,160,160,160,160,150,150,150,,,LDPE HMI
5061,IA6500E,16-Apr-24,SMYPC,,300,72,4506AK-4511AK,STD,3,20,40,40/40,150,150,130,130,140,150,150,,,,,,,,LDPE(HMI)
5062,IA6500E,16-Apr-24,SMYPC,,814.07,72.36,4512AK-4528AK,STD,3,20,40,40/40,150,150,130,130,140,150,150,,,,,,,,LDPE(HMI)
5063,VA4869E,16-Apr-24,EVERGOOD,,105.73,63.44,4539AK-4541AK,STD,3,20,6.7,40/40,150,150,130,130,140,150,150,,,,,,,,LDPE(HMI)
5064,BA5516E,17-Apr-24,SMYPC,,985.85,54.87,4608AK-4627AK,STD,3,6,12,40,150,150,140,110,110,120,120,,,,,,,,VACUUM ON/LDPE(HMI)
5065,BA7883E,17-Apr-24,IN-HOUSE,,296.84,69.84,4561AK-4566AK,STD,8,8,350,60/60,200,200,180,180,180,180,180,180,180,180,180,180,,,VACUUM ON / HDPE HMI
5066,WA3028E,17-Apr-24,H & E,,57.7,69.24,4548AK-4549AK,STD,8,8,320,40/40,170,170,170,170,170,160,160,160,160,150,150,150,,,LDPE HMI
5067,WA13000E,17-Apr-24,PREMIER,,1008.58,79.94,4441AK-4450AK,STD,5,9,350,40/40,170,170,170,170,160,160,160,160,150,150,150,,,,LDPE(HMI)
5068,DA16710E,17-Apr-24,GREENPACK(corr),,517.62,83.94,4550AK-4560AK,STD,8,10,400,40/40,170,170,170,170,170,160,160,160,160,150,150,150,,,LDPE HMI
5069,OA7922E,18-Apr-24,GILVAN,,612.15,72.73,4629AK-4641AK,STD,8,13,350,40/40,180,180,180,180,170,170,170,170,170,170,170,170,,,HDPE(HMI)
5070,WA15190E,17-Apr-24,NMH,,2557.9,82.07,4459AK-4484AK,STD,5,10,400,60/60,200,200,200,180,180,180,180,180,180,200,200,,,,(52-62 PPG) / PP
5071,WA15123E,19-Apr-24,GILVAN,,3069.5,69.51,4577AK-4607AK,STD,5,10,350,60/60,170,170,170,170,160,160,160,150,150,160,160,,,,LDPE(HMI)
5072,BA2091E,19-Apr-24,CEBU HI Q,,200,74.07,4643AK-4646AK,STD,8,8,380,60/60,200,200,200,200,170,170,170,160,160,160,170,170,,,LDPE(HMI)
5073,BA2091E,19-Apr-24,CEBU HI Q,,200,73.62,4647AK-4650AK,STD,8,8,380,60/60,200,200,200,200,170,170,170,160,160,160,170,170,,,LDPE(HMI)
5074,BA2091E,19-Apr-24,CEBU HI Q,,363.08,70.27,4699AK-4706AK,STD,8,9,380,60/60,200,200,200,200,170,170,170,160,160,160,170,170,,,LDPE(HMI)
5075,GA13527E,19-Apr-24,CEBU HI Q,,255.6,78.77,4651AK-4656AK,STD,8,12,300,40/40,170,170,170,170,160,160,160,160,160,160,150,150,,,LDPE(HMI)
5076,BA7883E,20-Apr-24,EASTERN(corr),,325.5,71.02,4707AK-4713AK,STD,8,8,300,60/60,190,190,180,180,180,180,180,180,180,180,180,180,,,VACUUM ON / HDPE HMI
5077,BA9159E,20-Apr-24,EVEREST(corr),,742.4,85.66,4567AK-4576AK; 4859AK-4863AK,STD,8,12,380,40/40,170,170,170,170,160,160,160,150,150,150,160,160,,,LDPE(HMI)
5078,WA8512E,21-Apr-24,AMAZON,,2992.83,82.37,4408AK-4438AK,STD,3,11,25,40,150,130,120,120,150,130,130,,,,,,,,LDPE(HMI)
5079,WA12282E,20-Apr-24,PACKAGEWORLD,,4144.2,64.75,4678AK-4694AK,STD,5,12,400,60/60,150,160,160,160,160,160,160,160,160,150,150,,,,Rubber / NO BLENDER (ext #5 only)
5080,KA2871E,22-Apr-24,EVEREST,,2514.76,86.47,4725AK-4775AK,STD,8,12,280,40/40,170,170,170,170,160,160,160,160,160,160,160,160,,,LDPE HMI
5081,KA3541E,22-Apr-24,ZELLER,,55.87,51.57,4695AK-4696AK,STD,8,8,300,40/40,180,200,180,180,180,180,180,180,180,180,180,180,,,PP
5082,VA4869E,22-Apr-24,EVERGOOD(corr),,105,74.12,4875AK-4876AK,STD,8,9,300,40/40,180,170,170,170,170,160,160,160,160,160,180,180,,,LDPE(HMI)
5083,BA12556E,23-Apr-24,PACKAGEWORLD,,3674.35,64.43,4663AK-4677AK,STD,5,12,300,60/60,140,150,160,160,160,160,160,160,160,160,150,,,,RUBBER
5084,WA13000E,24-Apr-24,PREMIER,,1109.29,82.33,4714AK-4724AK,STD,3,8.3,23,40/40,150,150,150,140,140,150,150,,,,,,,,LDPE(HMI)
5085,DA15568E,24-Apr-24,PHIL-TOP,,249.03,53.36,4776AK-4780AK,STD,8,9,270,40/40,160,160,160,150,150,150,150,150,150,150,140,140,,,LDPE(HMI)
5086,KA5796E,23-Apr-24,INCON,,48.89,48.89,4881AK-4882AK,STD,8,9,250,40/40,180,200,180,180,180,180,180,180,180,180,180,180,,,PP
5087,GA4952E,24-Apr-24,EVEREST,,50,55.56,4853AK, STD ,3,10,34,40/40,150,130,130,140,140,150,150,,,,,,,,VACUUM ON / LDPE(HMI)
5088,GA4952E,24-Apr-24,EVEREST,,202.73,60.82,4854AK-4858AK, STD ,3,10,34,40/40,150,130,130,140,140,150,150,,,,,,,,VACUUM ON / LDPE(HMI)
5089,WA11678E,24-Apr-24,INCON,,207.97,58.04,4915AK-4916AK,STD,3,10.5,22,40/40,150,150,150,150,150,140,140,,,,,,,,LDPE(HMI)
5090,WA16299E,24-Apr-24,SANICON,,104.65,62.17,4903AK,STD,3,9.4,40,40/40,150,150,150,140,140,150,150,,,,,,,,LDPE HMI
5091,WA16543E,24-Apr-24,METRO CONTAINER,,258.9,73.97,4697AK-4698AK,STD,3,30,40,40/40,150,130,130,140,140,150,150,,,,,,,,LDPE HMI
5092,YA6053E,24-Apr-24,EVEREST,,1013.19,73.24,4781AK-4801AK,STD,8,11,390,40/40,180,180,170,170,170,160,160,160,160,160,160,160,,,LDPE(HMI)
5093,OA16199E,25-Apr-24,INCON,,201.95,75.73,4910AK-4914AK,STD,8,20,250,40/40,170,170,170,170,170,170,160,160,160,150,150,150,,,LDPE(HMI)
5094,OA14302E,25-Apr-24,INCON,,106.38,67.19,4868AK-4870AK,STD,8,8,300,40/40,160,160,160,160,150,150,150,150,150,150,150,150,,,LDPE(HMI)
5095,YA16164E,25-Apr-24,EVEREST,,991.82,63.11,4802AK-4821AK,STD,8,12,300,40/40,170,170,170,160,160,160,150,150,150,150,150,150,,,LDPE HMI
5096,BA9159E,25-Apr-24,EVEREST(corr),,1697,43.5,4949AK-4982AK,STD,3,8.3,18,40/40,150,140,140,130,130,150,150,,,,,,,,VACUUM ON/LDPE(HMI)
5097,BA2091E,25-Apr-24,CEBU HI Q(corr),,311.13,73.21,4930AK-4936AK,STD,3,9,28,60/60,150,150,140,140,140,150,150,,,,,,,,Pelletizer RPM 1400 / LDPE HMI
5098,BA15050E,27-Apr-24,PACKAGE WORLD,,97,44.09,4905AK-4906AK,STD,8,10,350,40/40,170,170,170,170,160,160,160,160,160,150,150,150,,,LL38
5099,BA16765E,25-Apr-24,EVEREST,,28.75,61.61,4904AK,STD,3,30,40,40/40,150,150,150,150,150,130,130,,,,,,,,LDPE HMI
5100,BA9094E,25-Apr-24,ZELLER,,104,44.57,4871AK-4874AK,STD,3,8,25,40/40,180,200,180,180,180,180,180,,,,,,,,PP
5101,IA9912E,25-Apr-24,Evergood,,157.02,70.84,4877AK-4880AK,STD,3,8.3,30,40/40,150,150,150,140,140,150,150,,,,,,,,LDPE(HMI)
5102,GA4440E,24-Apr-24,ZELLER,,105.86,48.86,4864AK-4867AK,STD,3,13,40,40/40,180,200,180,180,180,180,180,,,,,,,,PP
5103,VA4086E,26-Apr-24,EASTERN,,690.21,73.3,4883AK-4898AK; 4937AK-4948AK,STD,8,15,330,40/40,180,180,170,170,170,170,160,160,160,160,170,170,,,VACUUM ON/LDPE(HMI)
5104,VA4086E,26-Apr-24,IN-HOUSE(trial),,198.2,74.33,4917AK-4924AK,STD,8,15,330,40/40,180,180,170,170,170,170,160,160,160,160,170,170,,,VACUUM ON/LDPE(HMI)
5105,GA7505E,26-Apr-24,TRADESPHERE,,14.73,51.99,4983AK,STD,8,7,300,40/40,170,170,170,170,160,160,160,160,160,160,150,150,,,LDPE HMI
5106,OA11689E,25-Apr-24,EVEREST,,128.88,49.89,4925AK-4929AK,STD,8,8,300,40/40,180,200,180,180,180,180,180,180,180,180,180,200,,,PP
5107,BA9159E,26-Apr-24,EVEREST(corr),,800,53.75,4991AK-5006AK,STD,3,8.3,18,40/40,150,150,130,130,140,150,150,,,,,,,,VACUUM ON/LDPE(HMI)
5108,BA12861E,27-Apr-24,AG CANPRINT,,129.83,57.7,5079AK-5083AK,STD,8,6.5,330,40/40,200,200,190,190,180,180,180,180,180,180,190,190,,,PP
5109,BA4756E,27-Apr-24,Evergood,,258.13,73.75,4985AK-4990AK,STD,8,10,350,40/40,170,170,170,170,170,170,160,160,160,160,150,150,,,LDPE HMI
5110,BA3925E,27-Apr-24,Evergood,,198,72,5023AK-5026AK,STD,8,8,250,40/40,180,180,170,170,170,170,160,160,160,160,170,170,,,LDPE(HMI)
5111,BA15002E,27-Apr-24,MCBRIDE,,74.7,24.9,4202AK-4204AK,STD,8,9,200,40/40,220,220,220,220,220,220,220,220,220,220,230,230,,,90-100 ppg (PET)
5112,VA3291E,27-Apr-24,Evergood,,154.49,71.3,5028AK-5031AK,STD,8,10,350,40/40,180,180,170,170,170,160,160,160,160,160,170,170,,,LDPE(HMI)
5113,DA15568E,27-Apr-24,PHIL-TOP,,748.5,79.63,5007AK-5022AK,STD,3,8.5,26,40/40,150,150,140,140,140,150,150,,,,,,,,LDPE(HMI)
5114,WA15071E,27-Apr-24,PACKAGEWORLD,,608.88,57.53,5084AK-5088AK,STD,5,13,300,40/40,170,170,170,170,160,160,160,150,150,160,160,,,,LL38
5115,WA15135E,27-Apr-24,HERITAGE,,129.91,58.61,5032AK,STD,5,20,380,60/60,170,170,170,170,160,160,160,160,150,150,160,,,,LDPE(HMI)
5116,RA12739E,29-Apr-24,SMYPC,,1870.75,81.34,5033AK-5034AK,STD,8,15,270,40/40,170,170,170,170,160,160,160,160,150,150,150,150,,,LDPE HMI
5117,GA4440E,29-Apr-24,ZELLER,,100,25.53,5204AK-5207AK,STD,3,5.6,25,40/40,180,200,180,180,180,180,180,,,,,,,,PP
5118,GA4440E,29-Apr-24,ZELLER,,22.6,27.12,5208AK,STD,3,5.6,25,40/40,180,200,180,180,180,180,180,,,,,,,,PP
5119,MA4737E,29-Apr-24,EVEREST,,127.89,28.42,5163AK-5167AK,STD,3,5.6,40,40/40,150,150,140,140,150,150,150,,,,,,,,VACUUM ON / LDPE(HMI)
5120,WA8512E,29-Apr-24,AMAZON,,100,80,5089AK,STD,5,9,350,40,160,160,160,160,160,160,160,150,150,150,150,,,,VACUUM ON / LDPE(HMI)
5121,TA15557E,30-Apr-24,I TUNG,,206.1,77.29,5249AK-5253AK,STD,8,10,280,40/40,170,170,170,170,160,160,160,160,160,160,160,160,,,LDPE(HMI)
5122,RA2508E,30-Apr-24,Evergood,,397.61,70.17,5211AK-5219AK,STD,8,9.5,420,60/60,170,170,170,170,170,160,160,160,160,160,160,160,,,LDPE(HMI)
5123,RA2508E,30-Apr-24,Evergood,,100,75,5209AK-5210AK,STD,8,9.5,420,60/60,170,170,170,170,170,160,160,160,160,160,160,160,,,LDPE(HMI)
5124,RA7487E,30-Apr-24,GENSTAR,,50,75,5129AK,STD,8,7.3,35,40/40,180,170,170,170,170,170,170,170,170,170,160,160,,,
5125,RA7487E,30-Apr-24,GENSTAR,,79.88,35.5,5130AK-5131AK,STD,8,7.3,35,40/40,180,170,170,170,170,170,170,170,170,170,160,160,,,
5126,CA8905E,30-Apr-24,SMYPC,,94.17,35.31,5090AK-5091AK,STD,3,3.4,9,40,150,150,150,150,130,130,130,,,,,,,,LDPE(HMI)
5127,CA8905E,30-Apr-24,SMYPC,,1831.72,34.13,5092AK-5128AK,STD,3,3.5,9,40,150,150,150,150,130,130,130,,,,,,,,LDPE(HMI)
5128,BA2091E,30-Apr-24,CEBU HI Q(corr),,314.24,71.15,5220AK-5225AK,STD,3,9.3,25,60/60,160,150,140,140,140,150,150,,,,,,,,Pelletizer RPM 1400 / LDPE HMI
5129,BA4140E,30-Apr-24,EVERBRIGHT,,596.85,59.19,5133AK-5156AK,STD,3,12,32,60/60,150,150,140,140,140,150,150,,,,,,,,VACUUM ON/LDPE(HMI)
5130,BA4140E,30-Apr-24,EVERBRIGHT,,102.12,68.08,5157AK-5160AK,STD,3,12,32,60/60,150,150,140,140,140,150,150,,,,,,,,VACUUM ON/LDPE(HMI)
5131,WA15192E,30-Apr-24,KPC,,3149.1,82.69,5168AK-5199AK,STD,5,10,400,60/60,200,200,180,180,180,180,180,180,180,200,200,,,,PP
5132,WA15856E,30-Apr-24,I-TUNG,,106,74.82,5227AK,STD,5,12,380,40/40,170,170,170,170,160,160,160,160,160,150,150,,,,LDPE(HMI)
5133,YA16164E,2-May-24,EVEREST,,1506.59,68.48,4822AK-4852AK,STD,8,12,300,40/40,170,170,170,160,160,160,150,150,150,150,150,150,,,LDPE HMI
5134,YA12128E,2-May-24,21st Century,,974.45,48.72,5228AK-5248AK,STD,8,4,130,40,150,150,140,140,130,130,130,130,130,130,130,130,,,LDPE(HMI)
5135,WA1400E,2-May-24,INCON,,202.52,86.79,5338AK-5339AK,STD,5,12,380,60/60,170,170,170,170,160,160,160,150,150,150,150,,,,LDPE(HMI)
5136,WA11678E,2-May-24,INCON,,206.75,85.55,5336AK-5337AK,STD,5,10,300,40/40,170,110,110,170,160,160,160,160,160,170,170,,,,LDPE(HMI)
5137,RA12739E,27-Apr-24,SMYPC,,100,66.67,5033AK-5034AK,STD,8,15,350,40/40,170,170,170,170,160,160,160,160,150,150,150,150,,,LDPE HMI
5138,BA3925E,27-Apr-24,Evergood,,48.2,64.27,5027AK,STD,8,8,250,40/40,180,180,170,170,170,170,160,160,160,160,170,170,,,LDPE(HMI)
5139,YA13953E,28-Apr-24,AG CANPRINT,,132.28,44.09,5073AK-5075AK,STD,3,6.5,30,40/40,150,130,130,140,140,150,150,,,,,,,,LDPE HMI
5140,YA12705E,27-Apr-24,AG CANPRINT,,129.18,64.59,5076AK-5078AK,STD,3,8.5,25,40/40,150,130,130,140,140,150,150,,,,,,,,LDPE(HMI)
5141,GA2595E,4-May-24,alcos global,,97.67,21.7,5298AK-5301AK,STD,1,65,320,40/40,200,220,220,220,220,220,220,220,220,220,,,,,VACUUM ON/COIL SCREW/NO AGITATOR/ 90-100 PPG / PET
5142,GA7505E,3-May-24,TRADESPHERE(corr),,16.11,24.17,5361AK,STD,1,80,400,40/40,120,140,150,150,150,150,150,150,140,140,,,,,LDPE HMI
5143,BA4701E,29-Apr-24,INCON,,103.12,46.52,5200AK-5203AK,STD,3,7,28,40/40,180,200,180,180,180,180,180,,,,,,,,PP
5144,BA4701E,3-May-24,EVEREST,,78.4,24.76,5328AK-5330AK,STD,1,80,400,40/40,180,200,180,180,180,180,180,180,180,,,,,,PP
5145,BA13023E,3-May-24,GENSTAR,,253.66,52.48,5340AK-5345AK,STD,8,15,420,40/40,180,180,170,150,150,160,160,160,160,160,150,150,,,LDPE HMI
5146,YA5124E,3-May-24,EVEREST,,402.66,67.11,5352AK-5359AK,STD,8,10,380,40/40,180,170,170,170,170,160,160,160,160,160,150,150,,,LDPE(HMI)
5147,CA1578E,3-May-24,EVEREST,,254.1,60.26,5346AK-5351AK,STD,3,8.3,22,40/40,150,140,140,150,150,150,150,,,,,,,,LDPE(HMI)
5148,WA12282E,3-May-24,PACKAGEWORLD,,4924,64.93,5277AK-5296AK,STD,5,12,400,60/60,150,160,160,160,160,160,160,160,160,150,150,,,,Rubber / NO BLENDER (ext #5 only)
5149,KA2871E,4-May-24,EVEREST,,100,75,5302AK-5303AK,STD,3,9,28,40/40,150,150,150,130,130,150,150,,,,,,,,VACUUM ON/LDPE(HMI)
5150,KA2871E,4-May-24,EVEREST,,1163.35,65.23,5304AK-5327AK,STD,3,9,28,40/40,150,150,150,130,130,150,150,,,,,,,,VACUUM ON/LDPE(HMI)
5151,GA5520E,4-May-24,H & E,,55.2,27.6,5516AK-5517AK,STD,1,80,400,40/40,120,140,150,150,150,150,150,150,140,140,,,,,LDPE(HMI)
5152,WA3827E,4-May-24,IN-HOUSE,,750,68.18,5254AK-5256AK; 5331AK-5335AK,STD,8,8,350,40/40,200,200,200,180,180,180,180,180,180,180,180,180,,,HDPE(HMI)
5153,BA3925E,4-May-24,Evergood,,97.55,78.04,5362AK-5363AK,STD,8,8,250,40/40,180,180,170,170,170,170,160,160,160,160,170,170,,,LDPE(HMI)
5154,IA1770E,6-May-24,EVERBRIGHT,,800,50,5422AK-5454AK,STD,3,14,32,60/60,160,150,150,140,140,150,160,,,,,,,,VACUUM ON/LDPE(HMI)
5155,VA4086E,6-May-24,EASTERN,,162.12,54.04,5412AK-5418AK,STD,3,9.5,25,40/40,150,150,130,130,140,150,150,,,,,,,,VACUUM ON/LDPE(HMI)
5156,IA0760E,6-May-24,PLACEL,,56,26.88,5528AK-5529AK,STD,1,100,350,40/40,120,140,150,150,150,150,150,150,150,150,,,,,LDPE HMI
5157,IA1696E,6-May-24,PLACEL,,54.65,26.23,5530AK,STD,1,100,350,40/40,120,140,150,150,150,150,150,150,150,150,,,,,LDPE HMI
5158,KA9045E,7-May-24,EVEREST,,2232,81.41,5364AK-5409AK,STD,8,12.6,350,40/40,180,180,170,170,170,160,160,160,160,160,150,150,,,LDPE HMI
5159,GA2595E,7-May-24,H&E,,100,21.05,5531AK-5534AK,STD,1,80,200,40/40,210,220,220,220,220,220,220,220,220,220,,,,,VACUUM ON/COIL SCREW/NO AGITATOR/ 90-100 PPG / PET
5160,OA3552E,7-May-24,ZELLER,,51.3,25.65,5649AK-5650AK,STD,1,80,400,40/40,180,200,180,180,180,180,180,180,180,180,,,,,PP
5161,GA13854E,7-May-24,REIMAGINE,,106.75,21.71,5419AK-5421AK,STD,1,100,300,40/40,150,160,160,150,150,150,150,150,150,150,,,,,LDPE(HMI)
5162,GA1225E,7-May-24,SMYPC,,2985.7,68.37,5588AK-5648AK,STD,3,8,24,40/40,160,120,120,150,150,150,160,,,,,,,,LDPE(HMI)
5163,BA5516E,7-May-24,SMYPC,,1000,38.71,5455AK-5474AK,STD,3,3.8,15,40,150,140,120,110,110,110,110,,,,,,,,VACUUM ON/LDPE(HMI)
5164,BA12556E,7-May-24,PACKAGEWORLD,,4936.4,64.95,5257AK-5276AK,STD,5,12,300,60/60,140,150,160,160,160,160,160,160,160,160,150,,,,RUBBER
5165,GA2595E,7-May-24,H&E,,28.82,23.06,5535AK,STD,1,80,200,40/40,210,220,220,220,220,220,220,220,220,220,,,,,VACUUM ON/COIL SCREW/NO AGITATOR/ 90-100 PPG / PET
5166,BA3435E,8-May-24,ZELLER,,156.4,25.36,5522AK-5527AK,STD,1,80,280,40/40,180,200,180,180,180,180,180,180,180,180,,,,,PP
5167,BA3431E,8-May-24,ZELLER,,104.29,24.07,5518AK-5521AK,STD,1,80,300,40/40,180,200,180,180,180,180,180,180,180,180,,,,,PP
5168,WA11278E,10-May-24,FORTUNE DARUMA,,484.98,31.31,5673AK-5677AK,STD,5,30,370,40/40,160,160,160,160,160,150,150,150,150,160,160,,,,RUBBER
5169,GA3933E,10-May-24,MOLDEX,,428,65.85,5654AK-5670AK,STD,3,8,28,40/40,180,200,180,180,180,180,180,,,,,,,,PP
5170,BA5516E,9-May-24,SMYPC(corr),,2970.02,52.11,5748AK-5808AK,STD,8,6,110,40,150,150,130,130,130,130,130,130,130,130,130,130,,,LDPE(HMI)
5171,MA13810E,10-May-24,INCON,,57.64,18.2,5671AK-5672AK,STD,1,70,400,40/40,180,200,180,180,180,180,180,180,180,180,,,,,PP
5172,YA12128E,10-May-24,21st Century,,26.95,21.56,5651AK,STD,1,80,400,40,120,140,150,150,150,150,150,150,140,140,,,,,LDPE(HMI)
5173,YA5124E,10-May-24,EVEREST(corr),,49.9,26.03,5653AK,STD,1,90,380,40/40,120,140,160,160,160,150,150,150,150,150,,,,,LDPE(HMI)
5174,GA1225E,10-May-24,SMYPC,,2006.17,67.25,5707AK-5747AK,STD,3,8.5,28,40/40,180,120,120,170,160,150,150,,,,,,,,LDPE(HMI)
5175,WA12282E,11-May-24,PACKAGEWORLD,,5122.55,64.98,5684AK-5704AK,STD,5,12,400,60/60,150,160,160,160,160,160,160,160,160,150,150,,,,Rubber / NO BLENDER (ext #5 only)
5176,WA14429E,11-May-24,TERUMO,,105.56,24.99,5826AK,STD,1,75,280,40/40,180,200,180,180,180,180,180,180,180,180,180,,,,3mmx3mm Pellet size w/ attachments
5177,WA3827E,13-May-24,IN-HOUSE,,1746.11,71.03,5678AK-5683AK; 5815AK-5829AK,STD,8,8,350,40/40,200,200,200,180,180,180,180,180,180,180,180,180,,,HDPE(HMI)
5178,GA2595E,11-May-24,In-house,,98.23,21.83,5809AK-5812AK,STD,1,80,200,40/40,210,220,220,220,220,220,220,220,220,220,,,,,VACUUM ON/COIL SCREW/NO AGITATOR/ 90-100 PPG / PET
5179,GA13854E,11-May-24,REIMAGINE(corr),,104.6,27.89,5705AK-5706AK,STD,1,90,400,40/40,120,140,150,150,150,150,150,150,150,150,,,,,LDPE(HMI)
5180,YA6053E,14-May-24,EVEREST,,1018.11,73.6,5874AK-5894AK,STD,8,11,350,40/40,180,180,170,170,170,160,160,160,160,160,160,160,,,LDPE(HMI)
5181,MA5180E,15-May-24,EVEREST,,208.64,62.59,5914AK-5921AK,STD,8,12,350,40/40,170,170,170,170,160,160,160,160,160,160,150,150,,,LDPE(HMI)
5182,OA8984E,15-May-24,EVEREST,,131.38,63.06,5871AK-5873AK,STD,8,10,350,40/40,170,170,170,170,160,160,160,160,160,160,150,150,,,LDPE(HMI)
5183,OA14302E,14-May-24,INCON,,152.59,21.76,5836AK-5838AK,STD,8,8,300,40/40,160,160,160,160,150,150,150,150,150,150,150,150,,,LDPE(HMI)
5184,RA7886E,14-May-24,EASTERN,,274.6,63.86,5830AK-5835AK,STD,3,7.5,38,40/40,150,140,140,150,150,150,150,,,,,,,,LDPE HMI
5185,TA16900E,14-May-24,INCON,,53.4,40.05,5839AK-5840AK,STD,3,30,40,40/40,180,200,180,180,180,180,180,,,,,,,,PP
5186,BA3435E,14-May-24,ZELLER (Corr.),,171.05,50.06,5841AK-5847AK,STD,3,6.7,20,40/40,180,200,180,180,180,180,180,,,,,,,,PP
5187,VA3010E,14-May-24,EVEREST,,55,47.14,5813AK-5814AK,STD,3,8.3,25,40/40,150,130,130,150,150,150,150,,,,,,,,LDPE HMI
5188,BA5327E,15-May-24,EVEREST,,326.52,81.63,5924AK-5930AK, STD ,3,6.5,40,40/40,170,170,160,160,160,150,150,,,,,,,,LDPE(HMI)
5189,RA5277E,15-May-24,EVEREST,,501.7,69.2,5849AK-5859AK,STD,3,8.5,28,40/40,150,130,130,140,140,150,150,,,,,,,,VACUUM ON / LDPE(HMI)
5190,WA13183E,6-Jul-24,STAR PLASTIC,,186.9,84,7742AK-7743AK,STD,5,8,280,40/40,180,100,110,110,170,160,160,160,160,180,180,,,,LDPE(HMI)
5191,GA4921E,16-May-24,Everest,,505.79,79.86,5860AK-5870AK,STD,8,150,350,40/40,180,180,170,170,170,160,160,160,160,160,160,160,,,LDPE(HMI)
5192,IA5758E,16-May-24,EVEREST,,622,72.47,5896AK-5908AK,STD,3,28,9,60/60,150,110,110,140,140,150,150,,,,,,,,VACUUM ON / LDPE(HMI)
5193,IA5758E,16-May-24,EVEREST,,206.35,72.83,5909AK-5913AK,STD,3,28,9,60/60,150,110,110,140,140,150,150,,,,,,,,VACUUM ON / LDPE(HMI)
5194,WA15190E,16-May-24,NMH,,4936.1,82.04,5536AK-5585AK,STD,5,10,400,60/60,200,200,200,180,180,180,180,180,180,200,200,,,,(52-62 PPG) / PP
5195,GA8074E,17-May-24,GLOBAL KONTEINER,,206.15,79.8,5935AK-5939AK,STD,8,12,400,40/40,170,170,170,170,160,160,160,160,160,150,150,150,,,LDPE HMI
5196,GA2595E,11-May-24,In-house,,23.21,21.83,5848AK,STD,1,80,200,40/40,210,220,220,220,220,220,220,220,220,220,,,,,VACUUM ON/COIL SCREW/NO AGITATOR/ 90-100 PPG / PET
5197,GA2595E,17-May-24,alcos global,,22.4,17.82,5932AK, STD ,8,9,200,40/40,210,220,220,220,220,220,220,220,220,220,225,225,,,90-100 ppg / PET
5198,KA8595E,17-May-24,INCON,,56.03,44.82,5933AK-5934AK,STD,8,8,180,40/40,170,170,170,170,170,170,170,170,170,170,170,170,,,PP
5199,GA2595E,17-May-24,alcos global,,23.65,25.8,6000AK, STD ,8,9,200,40/40,210,220,220,220,220,220,220,220,220,220,225,225,,,90-100 ppg / PET
5200,MA4737E,17-May-24,EVEREST,,1023.24,26.61,5944AK-5984AK,STD,3,5.6,40,40/40,150,140,140,150,150,150,150,,,,,,,,VACUUM ON / LDPE(HMI)
5201,YA5993E,20-May-24,EVERGOOD,,506.9,73.29,5985AK-5995AK,STD,8,20,425,40/40,170,170,170,170,160,160,160,160,160,160,170,170,,,LDPE(HMI)
5202,KA9732E,21-May-24,Alphatech,,56.7,52.34,6001AK-6002AK,STD,8,10,250,40/40,170,170,170,170,160,160,160,160,160,160,160,160,,,LDPE HMI
5203,GA5520E,21-May-24,H & E,,53.83,53.83,6016AK-6017AK,STD,8,9,350,40/40,170,170,170,170,160,160,160,150,150,150,160,160,,,LDPE(HMI)
5204,GA2595E,21-May-24,alcos global,,23.5,35.25,6015AK, STD ,8,8.6,200,40/40,210,220,220,220,220,220,220,220,220,220,230,225,,,90-100 ppg / PET
5205,BA16168E,21-May-24,PREMIER,,48.23,72.35,5999AK,STD,8,9,300,40/40,170,170,170,170,160,160,160,160,160,180,180,180,,,LDPE HMI
5206,BA16168E,21-May-24,PREMIER,,150,69.23,5996AK-5998AK,STD,8,9,300,40/40,170,170,170,170,160,160,160,160,160,180,180,180,,,LDPE HMI
5207,MA5180E,21-May-24,EVEREST,,47.45,59.31,6013AK-6014AK,STD,3,30,40,40/40,150,140,140,140,140,140,140,,,,,,,,LDPE(HMI)
5208,OA4303E,22-May-24,HYATT PLASTIC,,55.6,41.7,6018AK-6019AK,STD,8,8,400,100/100,180,180,180,180,170,170,170,160,160,150,150,150,,,LDPE HMI / VACUUM ON
5209,DA7892E,22-May-24,Evergood,,260.5,89.14,6020AK-6025AK,STD,8,10,300,40/40,170,170,170,170,160,160,160,160,160,160,150,150,,,LDPE HMI
5210,KA8595E,22-May-24,INCON(corr),,54.62,50.42,6029AK-6030AK,STD,8,8,200,40/40,170,170,170,170,170,170,170,170,170,170,175,175,,,PP
5211,WA1400E,22-May-24,ALLIED,,1018.12,85.44,6003AK-6012AK,STD,5,10,400,60/60,170,170,170,170,160,160,160,150,150,150,150,,,,LDPE(HMI)
5212,BA16168E,24-May-24,PREMIER(corr),,198.27,72.1,6034AK-6037AK,STD,8,8,300,40/40,170,170,170,170,160,160,160,160,160,180,180,180,,,LDPE HMI
5213,BA16168E,24-May-24,PREMIER,,100,70.59,6038AK-6039AK,STD,8,8,300,40/40,170,170,170,170,160,160,160,160,160,180,180,180,,,LDPE HMI
5214,BA16168E,24-May-24,PREMIER,,59,70.8,6040AK-6041AK,STD,8,8,300,40/40,170,170,170,170,160,160,160,160,160,180,180,180,,,LDPE HMI
5215,SA16982E,22-May-24,ULTRAPLAS,,129.46,59.75,6026AK-6028AK,STD,8,9,300,40/40,170,170,170,170,170,170,160,160,160,150,150,150,,,LDPE HMI
5216,CA16070E,23-May-24,SMYPC,,1432.58,23.91,6054AK-6111AK,STD,3,3.8,9,40,180,170,150,150,150,180,180,,,,,,,,RUBBER / VACUUM ON
5217,WA13000E,24-May-24,PREMIER,,986.3,84.54,6043AK-6052AK,STD,5,10,350,40/40,170,170,170,170,160,160,160,160,150,150,150,,,,LDPE(HMI)
5218,WA15856E,23-May-24,I-TUNG,,109.23,72.82,6042AK,STD,5,120,380,40/40,170,170,170,170,160,160,160,160,160,150,150,,,,LDPE(HMI)
5219,MA4737E,24-May-24,EVEREST(corr),,77.55,51.7,6031AK-6033AK,STD,8,8,280,40/40,160,160,160,160,160,160,160,160,150,150,150,150,,,LDPE(HMI)
5220,WA2127E,25-May-24,CEBU HI Q,,153.7,90,6166AK-6167AK,STD,5,10,350,60/60,170,170,170,170,160,160,160,160,160,150,150,,,,VACUUM ON / LDPE(HMI)
5221,BA6822E,25-May-24,GREENPACK,,132.18,68.96,6177AK-6179AK,STD,8,12,380,40/40,180,180,180,170,170,170,160,160,160,160,180,180,,,LDPE(HMI)
5222,BA12013E,25-May-24,CEBU HI Q,,131.38,78.83,6174AK-6176AK,STD,8,12,350,40/40,170,170,170,170,170,170,160,160,160,150,150,150,,,LDPE(HMI)
5223,BA4140E,25-May-24,EVERBRIGHT,,710.4,67.63,6113AK-6141AK,STD,8,18,380,60/60,180,180,180,170,170,160,160,160,160,160,180,180,,,VACUUM ON/LDPE(HMI)
5224,KA4595E,27-May-24,EVERGOOD,,159.77,24.58,6162AK-6165AK,STD,1,80,350,40/40,120,140,150,150,150,150,150,150,150,150,,,,,LDPE(HMI)
5225,KA8595E,25-May-24,INCON,,53.45,25.66,6169AK-6170AK,STD,1,60,290,40/40,160,170,170,170,170,170,170,170,170,170,,,,,PP
5226,KA8595E,25-May-24,INCON(corr),,60.5,26.89,6171AK-6173AK,STD,1,85,250,40/40,160,170,170,170,170,170,170,170,170,170,,,,,PP
5227,DA7892E,28-May-24,Evergood(corr),,218.4,24.72,6270AK-6273AK,STD,1,70,180,40/40,120,140,140,140,140,140,140,140,140,140,,,,,LDPE HMI
5228,GA8074E,27-May-24,EASTERN,,49.44,24.72,6168AK,STD,1,80,380,40/40,120,140,150,150,150,150,150,150,140,140,,,,,LDPE HMI
5229,IA5758E,27-May-24,EVEREST,,5.9,17.7,6112AK,STD,1,80,400,60/60,120,140,150,150,150,150,150,150,140,140,,,,,LDPE(HMI)
5230,DA10063E,27-May-24,EVERGOOD,,258.6,92.31,6216AK-6221AK,STD,8,12,380,40/40,170,170,170,170,170,160,160,160,160,150,150,,,,LDPE(HMI)
5231,DA5176E,27-May-24,EVERGOOD,,258.5,86.17,6186AK-6191AK,STD,8,12,380,40/40,180,180,170,170,170,160,160,160,160,160,160,160,,,LDPE(HMI)
5232,DA16760E,27-May-24,PHIL-TOP,,205.8,83.43,6247AK-6251AK,STD,8,20,380,40/40,170,170,170,170,170,170,160,160,160,150,150,150,,,LDPE(HMI)
5233,TA16761E,27-May-24,PHIL-TOP,,203.6,76.35,6242AK-6246AK,STD,8,20,380,40/40,170,170,170,170,170,170,160,160,160,150,150,150,,,LDPE(HMI)
5234,RA5277E,27-May-24,EVEREST,,504.94,70.46,6192AK-6202AK,STD,3,9,30,40/40,150,150,140,140,140,150,150,,,,,,,,VACUUM ON / LDPE(HMI)
5235,IA16887E,27-May-24,PHIL-TOP,,206.6,68.87,6252AK-6256AK,STD,3,9,35,40/40,160,150,150,140,140,150,150,,,,,,,,LDPE HMI
5236,VA4086E,25-May-24,EASTERN,,392,47.54,6142AK-6157AK,STD,3,9.5,25,40/40,150,150,130,140,140,150,150,,,,,,,,VACUUM ON/LDPE(HMI)
5237,KA8595E,28-May-24,INCON(tmblr/xtrd),,52.8,24.37,6294AK,STD,1,7.5,260,40/40,160,180,160,160,160,160,160,160,160,160,,,,,PP - temp less 10°
5238,GA16415E,28-May-24,METRO CONT.,,630.1,80.44,6203AK-6215AK,STD,8,13,380,40/40,170,170,170,170,160,160,160,160,160,150,150,150,,,LDPE HMI
5239,GA4952E,28-May-24,EVERGOOD,,259.9,77.7,6180AK-6185AK,STD,8,13,380,40/40,170,170,170,170,160,160,160,160,160,160,150,150,,,LDPE HMI
5240,YA13837E,29-May-24,GENSTAR,,256.6,52.47,6263AK-6268AK,STD,3,20,38,40/40,160,150,150,140,140,150,150,,,,,,,,LDPE HMI
5241,RA4665E,28-May-24,EVEREST,,884.91,69.4,6224AK-6241AK,STD,3,12,35,40/40,150,130,130,140,140,150,150,,,,,,,,LDPE(HMI)
5242,RA4665E,28-May-24,EVEREST,,100,70.59,6222AK-6223AK,STD,3,12,35,40/40,150,130,130,140,140,150,150,,,,,,,,LDPE(HMI)
5243,MA4088E,29-May-24,STARKSON,,253.4,50.68,6295AK-6304AK,STD,3,8.3,16,40/40,130,120,110,110,110,110,120,,,,,,,,VACUUM ON / LDPE(HMI)
5244,WA3827E,29-May-24,IN-HOUSE,,392.63,70.32,6259AK-6262AK,STD,8,8,350,40/40,200,200,200,180,180,180,180,180,180,180,180,180,,,HDPE(HMI)
5245,GA12411E,29-May-24,GENSTAR,,260,52.53,6284AK-6293AK,STD,8,18,350,40/40,200,200,180,180,180,180,180,180,180,180,180,180,,,PP
5246,GA12411E,29-May-24,GENSTAR,,241.3,46.7,6274AK-6283AK,STD,8,18,350,40/40,200,200,180,180,180,180,180,180,180,180,180,180,,,PP
5247,GA14271E,31-May-24,PHIL-TOP,,256.69,69.28,6329AK-6334AK,STD,3,12,25,40/40,160,130,130,150,150,150,150,,,,,,,,LDPE(HMI)
5248,GA16706E,31-May-24,EVEREST,,104.62,56.05,6391AK-6393AK,STD,3,8.3,28,40/40,150,140,140,130,130,150,150,,,,,,,,LDPE HMI
5249,RA12706E,31-May-24,PLEXCO,,205.44,64.88,6366AK-6370AK,STD,3,67,40,40/40,150,150,150,150,150,140,140,,,,,,,,LDPE HMI
5250,IA16887E,31-May-24,PHIL-TOP(corr),,220,69.47,6409AK-6413AK,STD,8,20,380,40/40,170,170,170,170,170,170,160,160,160,150,150,150,,,LDPE HMI
5251,BA9738E,31-May-24,UNA,,330.4,68.83,6355AK-6367AK,STD,8,16,350,60/60,170,170,170,170,170,170,160,160,160,150,150,150,,,VACUUM ON/LDPE(HMI)
5252,BA12618E,30-May-24,PHIL-TOP,,254,76.2,6323AK-6328AK,STD,8,8,350,40/40,170,170,170,170,160,160,160,160,160,150,150,150,,,LDPE HMI
5253,RA7310E,30-May-24,Phil-top,,253.41,30.41,6341AK-6350AK,STD,3,8.5,8,40/40,150,150,140,140,140,150,150,,,,,,,,LDPE HMI / VACUUM ON
5254,OA2860E,30-May-24,UNA,,120.74,32.93,9396AI-9398AI,STD,3,8.5,25,60/60,150,150,140,140,140,150,150,,,,,,,,LDPE(HMI)
5255,TA15569E,31-May-24,PHIL-TOP,,306.9,70.92,6310AK-6316AK,STD,8,10,350,40/40,170,170,170,160,160,160,150,150,150,150,160,160,,,LDPE(HMI)
5256,BA14304E,30-May-24,PHIL-TOP,,233,82.24,6305A-6309AK,STD,8,10,380,40/40,180,180,180,170,170,170,160,160,160,160,160,160,,,LDPE(HMI)
5257,BA16168E,30-May-24,PREMIER(corr),,153.99,76.21,6363AK-6365AK,STD,8,8,300,40/40,170,170,170,170,160,160,160,160,160,180,180,180,,,LDPE HMI
5258,KA14303E,30-May-24,PHIL-TOP,,255.76,21.77,6335AK-6340AK,STD,1,100,350,40/40,120,140,150,150,150,150,150,150,150,150,,,,,LDPE(HMI)
5259,GA3538E,31-May-24,ZELLER,,9.4,18.8,6376AK,STD,1,90,300,40/40,180,200,180,180,180,180,180,180,180,180,180,,,,PP
5260,GA2595E,31-May-24,alcos global,,28.4,21.3,6395AK-6397AK,STD,1,80,200,40/40,210,220,220,220,220,220,220,220,220,220,,,,,VACUUM ON/COIL SCREW/NO AGITATOR/ 90-100 PPG / PET
5261,YA15776E,31-May-24,SANICON,,56.4,25.44,6351AK-6352AK,STD,1,100,350,40/40,120,140,150,150,150,150,150,150,140,140,,,,,LDPE HMI
5262,TA16761E,1-Jun-24,PHIL-TOP(corr),,53.36,26.68,6408AK,STD,1,80,400,40/40,120,140,150,150,150,150,150,150,140,140,,,,,LDPE(HMI)
5263,DA16760E,1-Jun-24,PHIL-TOP(corr),,205.54,82.22,6421AK-6424AK,STD,8,10,390,40/40,170,170,170,170,160,160,160,160,150,150,150,150,,,LDPE(HMI)
5264,DA10063E,1-Jun-24,Evergood(corr),,284.8,94.93,6425AK-6430AK,STD,8,12,380,40/40,170,170,170,170,170,160,160,160,160,150,150,,,,LDPE(HMI)
5265,BA16765E,1-Jun-24,EVEREST,,83.75,28.35,6433AK-6434AK,STD,1,80,400,40/40,120,140,150,150,150,150,150,150,140,140,,,,,LDPE HMI
5266,DA5176E,1-Jun-24,EVERGOOD(corr),,67.34,26.07,6431AK-6432AK,STD,1,100,350,40/40,140,150,150,150,150,150,150,150,150,150,,,,,LDPE(HMI)
5267,GA4352E,1-Jun-24,ZELLER,,178.81,51.09,6377AK-6383AK,STD,3,7.5,30,40/40,180,200,180,180,180,180,180,,,,,,,,PP
5268,GA15221E,1-Jun-24,PHIL-TOP,,253.6,70.77,6317AK-6322AK,STD,3,9.6,25,40/40,150,140,140,150,150,150,150,,,,,,,,LDPE HMI
5269,WA14068E,1-Jun-24,Zeller,,250,65.22,6374AK-6375AK,STD,5,6.5,300,40/40,250,200,180,180,180,180,180,180,180,200,200,,,,HDPE(HMI)
5270,WA1815E,1-Jun-24,NPPET GLOBAL,,60.28,65.76,6390AK,STD,5,8,280,60/60,170,170,170,170,160,160,160,160,160,160,160,,,,LDPE(HMI)
5271,WA16299E,1-Jun-24,SANICON,,57.96,77.28,6353AK-6354AK,STD,5,10,380,40/40,180,180,170,170,170,170,160,160,160,180,180,,,,LDPE HMI
5272,VA16737E,3-Jun-24,EVEREST,,334.56,77.21,6455AK-6461AK,STD,8,10,380,40/40,170,170,170,170,160,160,160,160,160,160,150,150,,,LDPE HMI
5273,KA15913E,3-Jun-24,EVEREST,,256.34,64.09,6465AK-6474AK,STD,8,9,250,40/40,180,200,180,180,180,180,180,180,180,180,180,180,,,PP
5274,KA15913E,3-Jun-24,EVEREST,,50,66.67,6463AK-6464AK,STD,8,9,250,40/40,180,200,180,180,180,180,180,180,180,180,180,180,,,PP
5275,OA2469E,3-Jun-24,H & E,,254.6,63.65,6384AK-6389AK,STD,8,12,280,40/40,180,180,170,170,160,160,160,160,160,160,170,170,,,LDPE(HMI)
5276,MA4088E,1-Jun-24,STARKSON(corr),,123.7,67.47,6449AK-6453AK,STD,8,10,350,40/40,170,170,170,170,160,160,160,160,160,160,150,150,,,LDPE HMI
5277,RA2508E,3-Jun-24,Evergood,,502.15,67.71,6397AK-6407AK,STD,3,9,38,60/60,160,150,150,140,140,150,150,,,,,,,,LDPE(HMI)
5278,GA16415E,3-Jun-24,METRO CONT.,,628,82.8,6436AK-6448AK,STD,3,9,32,40/40,150,150,140,140,140,150,150,,,,,,,,LDPE HMI
5279,GA4952E,3-Jun-24,Evergood(corr),,257,74.49,6415AK-6420AK, STD ,3,9.5,36,40/40,150,130,130,140,140,150,150,,,,,,,,VACUUM ON / LDPE(HMI)
5280,GA8074E,3-Jun-24,GLOBAL KONTEINER,,79.1,79.1,6476AK-6477AK,STD,3,7,25,40/40,150,150,130,130,130,120,140,,,,,,,,LDPE HMI
5281,BA16168E,4-Jun-24,PREMIER(corr),,151,72.48,6490AK-6492AK,STD,8,8,280,40/40,170,170,170,170,160,160,160,160,160,160,170,170,,,LDPE HMI
5282,BA16168E,5-Jun-24,PREMIER,,48.78,58.54,6494AK-6495AK,STD,8,8,280,40/40,170,170,170,170,160,160,160,160,160,160,170,170,,,LDPE HMI
5283,IA1770E,5-Jun-24,EVERBRIGHT,,478.33,58.57,6497AK-6516AK,STD,8,25,400,60/60,180,180,170,170,170,170,160,160,160,160,170,170,,,VACUUM ON/LDPE(HMI)
5284,IA1770E,5-Jun-24,EVERBRIGHT,,325,34.33,6517AK-6529AK,STD,3,14,32,60/60,160,150,150,140,140,150,160,,,,,,,,VACUUM ON/LDPE(HMI)
5285,GA3538E,5-Jun-24,ZELLER(corr),,18.6,9.3,6493AK; 6496AK,STD,1,90,300,40/40,180,200,180,180,180,180,180,180,180,180,180,,,,PP
5286,DA5176E,5-Jun-24,EVERGOOD(corr),,67.91,101.87,6480AK-6481AK,STD,8,12,380,40/40,180,180,170,170,170,160,160,160,160,160,160,160,,,LDPE(HMI)
5287,RA13616E,5-Jun-24,STAR PLASTIC,,178.12,61.78,6482AK-6485AK,STD,3,8.3,28,40/40,150,110,110,150,150,150,150,,,,,,,,LDPE(HMI)
5288,DA15377E,6-Jun-24,CDC,,108.95,93.39,6536AK-6538AK,STD,8,10,280,40/40,170,170,170,170,170,170,160,160,160,150,150,150,,,LDPE(HMI)
5289,VA3010E,6-Jun-24,EVEREST,,128,64,6533AK-6535AK,STD,3,8.3,25,40/40,150,130,130,150,150,150,150,,,,,,,,LDPE HMI
5290,IA15368E,6-Jun-24,CDC,,103.77,59.3,6530AK-6532AK,STD,3,8.5,25,40/40,150,130,130,140,140,150,150,,,,,,,,LDPE(HMI)
5291,WA15229E,7-Jun-24,DYNAMICCAPS,,1300,63.88,6540AK-6552AK,STD,9,150,380,40/40,160,160,160,160,160,160,160,150,150,150,180,180,,,RUBBER
5292,BA12068E,7-Jun-24,EVEREST,,131.79,41.18,6572AK-6574AK,STD,3,6,43,40/40,170,160,160,140,140,140,160,,,,,,,,LDPE(HMI)
5293,DA5176E,8-Jun-24,EVERGOOD,,154.05,88.03,6576AK-6578AK,STD,8,9,350,40/40,180,170,170,170,170,160,160,160,160,160,160,160,,,LDPE(HMI)
5294,DA15568E,8-Jun-24,PHIL-TOP,,605.26,69.84,6611AK-6622AK,STD,8,9,270,40/40,170,170,170,170,170,160,160,160,160,160,180,180,,,LDPE(HMI)
5295,OA7922E,10-Jun-24,GILVAN,,54.28,54.28,6625AK-6626AK,STD,8,10,350,40/40,180,180,180,180,180,170,170,170,170,170,170,170,,,HDPE(HMI)
5296,MA11346E,10-Jun-24,GILVAN,,55.09,47.22,6623AK-6624AK,STD,8,7.9,400,40/40,180,180,170,170,170,170,160,160,160,160,160,160,,,LDPE(HMI)
5297,YA8107E,10-Jun-24,GILVAN,,48.76,58.51,6627AK,STD,8,12,300,40/40,170,170,170,170,170,170,160,160,160,150,150,150,,,LDPE HMI
5298,RA15449E,10-Jun-24,GILVAN,,54.45,59.4,6628AK-6629AK,STD,3,8.3,12,40/40,150,130,130,90,90,100,130,,,,,,,,LDPE(HMI)
5299,BA2688E,10-Jun-24,GILVAN,,54.78,65.74,6630AK-6631AK,STD,3,8.6,16,40/40,150,150,150,150,150,130,130,,,,,,,,VACUUM ON / LDPE HMI
5300,WA15123E,10-Jun-24,GILVAN,,3013.67,93.21,6580AK-6610AK,STD,5,10,350,60/60,170,170,170,170,160,160,160,150,150,160,160,,,,LDPE(HMI)
5301,BA4701E,11-Jun-24,INCON,,53.34,45.72,6633AK-6634AK,STD,8,10,280,40/40,180,200,180,180,180,180,180,180,180,180,190,190,,,PP
5302,YA13953E,11-Jun-24,AG CANPRINT,,131,62.88,6635AK-6637AK,STD,8,15,350,40/40,170,170,170,170,160,160,160,160,160,160,150,150,,,LDPE HMI
5303,WA15229E,11-Jun-24,DYNAMICCAPS,,1660,66.65,6553AK-6571AK,STD,9,20,380,40/40,-,160,160,160,160,160,150,150,150,150,180,180,,,RUBBER
5304,GA15181E,11-Jun-24,MCBRIDE,,54.5,54.5,6638AK,STD,8,13,350,40/40,170,170,170,170,170,170,160,160,160,150,150,150,,,LDPE(HMI)
5305,GA1225E,13-Jun-24,SMYPC,,2000,68.97,6639AK-6678AK,STD,8,6.7,420,40/40,200,200,200,200,170,170,170,170,170,170,180,180,,,LDPE(HMI)
5306,WA3827E,13-Jun-24,IN-HOUSE,,294.5,64.25,6791AK-6793AK,STD,5,80,300,40/40,200,200,200,200,180,180,180,180,180,200,200,,,,VACUUM ON/HDPE(HMI)
5307,RA12372E,14-Jun-24,SPI,,505.8,66.7,6699AK-6709AK,STD,3,8.3,20,60/60,150,150,140,140,150,150,150,,,,,,,,LDPE(HMI)
5308,BA4756E,18-Jun-24,Evergood,,258.13,70,6860AK-6865AK,STD,3,8.3,25,40/40,150,150,140,140,130,130,150,,,,,,,,LDPE HMI
5309,RA5277E,18-Jun-24,EVEREST,,260,64,6854AK-6859AK,STD,3,9,30,40/40,150,150,140,140,140,150,150,,,,,,,,VACUUM ON / LDPE(HMI)
5310,KA9732E,18-Jun-24,Alphatech,,79.7,60,6846AK-6847AK,STD,3,8.3,28,40/40,160,150,150,140,140,150,150,,,,,,,,LDPE HMI
5311,DA15568E,18-Jun-24,PHIL-TOP(corr),,273.68,70,6848AK-6853AK,STD,3,8.5,26,40/40,150,150,140,140,140,150,150,,,,,,,,LDPE(HMI)
5312,GA1225E,14-Jun-24,SMYPC,,967,65.93,6679AK-6698AK,STD,3,7.5,30,40/40,170,120,120,160,150,150,160,,,,,,,,LDPE(HMI)
5313,GA14271E,24-Jun-24,PHIL-TOP,,257,79,7060AK-7065AK,STD,8,10,350,40/40,170,170,170,170,170,170,170,160,160,160,160,160,,,LDPE(HMI)
5314,GA15496E,24-Jun-24,PHIL-TOP,,257.76,81,7048AK-7053AK,STD,8,10,300,40/40,170,170,170,170,160,160,160,160,160,160,150,150,,,LDPE(HMI)
5315,GA16127E,25-Jun-24,PHIL-TOP,,257.9,78.56,7030AK-7035AK,STD,8,12,350,40/40,170,170,170,170,170,160,160,160,160,160,150,150,,,LDPE(HMI)
5316,GA8074E,25-Jun-24,GLOBAL KONTEINER,,55,91,7195AK,STD,8,12,400,40/40,170,170,170,170,160,160,160,160,160,150,150,150,,,LDPE HMI
5317,KA15486E,25-Jun-24,PHIL-TOP,,211.33,92,7054AK-7058AK,STD,8,9,300,40/40,170,170,170,170,170,160,160,160,160,160,150,150,,,LDPE(HMI)
5318,BA15494E,24-Jun-24,PHIL-TOP,,250,58,7189AK-7193AK,STD,3,8.3,25,40/40,150,150,130,130,140,140,150,,,,,,,,LDPE(HMI)
5319,BA14304E,25-Jun-24,PHIL-TOP,,257,75,7066AK-7071AK,STD,3,8.3,12,40/40,150,150,150,140,140,130,130,,,,,,,,LDPE(HMI)
5320,BA16130E,25-Jun-24,PHIL-TOP,,256.35,73,7024AK-7029AK,STD,3,8.5,22,40/40,150,150,140,140,140,150,150,,,,,,,,LDPE HMI
5321,KA14303E,25-Jun-24,PHIL-TOP,,257,71,7072AK-7077AK,STD,8,15,330,40/40,170,170,170,160,160,160,160,160,150,150,150,150,,,LDPE(HMI)
5322,KA16132E,25-Jun-24,PHIL-TOP,,257.77,76,7042AK-7045AK,STD,8,9,350,40/40,170,170,170,170,160,160,160,160,160,160,160,160,,,LDPE(HMI)
5323,IA7845E,25-Jun-24,TOPRITE,,130.63,72,7036AK-7038AK,STD,8,15,350,40/40,170,170,170,170,170,170,160,160,160,150,150,150,,,LDPE(HMI)
5324,RA7886E,25-Jun-24,EASTERN,,105,80,7198AK-7199AK,STD,8,9.2,350,40/40,170,170,170,170,160,160,160,160,160,160,150,150,,,LDPE HMI
5325,RA2508E,25-Jun-24,Evergood,,515,78,7089AK-7099AK,STD,8,9.5,420,60/60,170,170,170,170,170,160,160,160,160,160,160,160,,,LDPE(HMI)
5326,BA3925E,25-Jun-24,Evergood,,317.51,65,7181AK-7188AK,STD,3,30,40,40/40,150,140,130,130,130,140,140,,,,,,,,LDPE(HMI)
5327,CA5402E,25-Jun-24,SMYPC,,2300,34,7135AK-7180AK,STD,3,3.8,10,40,150,150,140,105,105,115,115,,,,,,,,LDPE(HMI)
5328,WA15135E,25-Jun-24,HERITAGE,,184.91,81,7019AK-7020AK,STD,5,20,380,60/60,170,170,170,170,160,160,160,160,150,150,160,,,,LDPE(HMI)
5329,WA1815E,25-Jun-24,NPPET GLOBAL,,107,80,7194AK,STD,5,8,280,60/60,170,170,170,170,160,160,160,160,160,160,160,,,,LDPE(HMI)
5330,WA12841E,25-Jun-24,PHIL-TOP,,260.33,67,7039AK-7041AK,STD,5,10,380,60/60,170,170,170,170,160,160,160,150,150,150,150,,,,LDPE(HMI)
5331,WA15123E,25-Jun-24,GILVAN,,3100,67,7102AK-7132AK,STD,5,10,350,60/60,170,170,170,170,160,160,160,150,150,160,160,,,,LDPE(HMI)
5332,GA3693E,26-Jun-24,ZELLER,,57.5,50,7196AK-7197AK,STD,8,9,300,40/40,180,200,180,180,180,180,180,180,180,180,180,180,,,PP
5333,BA9094E,26-Jun-24,ZELLER,,59.92,50,4167AK-4168AK,STD,8,8,300,40/40,180,200,180,180,180,180,180,180,180,180,180,180,,,PP
5334,BA4701E,26-Jun-24,INCON,,107,53,7205AK-7208AK,STD,8,10,280,40/40,180,200,180,180,180,180,180,180,180,180,190,190,,,PP
5335,WA16299E,26-Jun-24,SANICON,,107,85,7202AK,STD,5,10,380,40/40,180,180,170,170,170,170,160,160,160,180,180,,,,LDPE HMI
5336,WA17031E,26-Jun-24,METRO CONTAINER,,57,80,7219AK,STD,5,15,300,40/40,220,220,220,210,210,200,200,200,200,180,180,,,,PP
5337,YA15776E,27-Jun-24,SANICON,,57,74,7203AK-7204AK,STD,8,10,350,40/40,170,170,170,170,160,160,160,160,160,160,150,150,,,LDPE HMI
5338,YA17054E,27-Jun-24,METRO CONTAINER,,57,70,7220AK-7221AK,,,,,,,,,,,,,,,,,,,,
5339,YA5188E,27-Jun-24,Evergood,,385.29,79,7209AK-7216AK,STD,8,180,400,40/40,180,180,170,170,170,160,160,160,160,160,150,150,,,LDPE HMI
5340,KA9732E,27-Jun-24,Alphatech,,60,86,7217AK-7218AK,STD,8,10,250,40/40,170,170,170,170,160,160,160,160,160,160,160,160,,,LDPE HMI
5341,WA15190E,27-Jun-24,NMH,,5100,85,6884AK-6934AK,STD,5,10,400,60/60,200,200,200,180,180,180,180,180,180,200,200,,,,(52-62 PPG) / PP
5342,BA14304E,29-Jun-24,PHIL-TOP,,335.34,80,7403AK-7409AK,STD,3,8.3,12,40/40,150,150,150,140,140,130,130,,,,,,,,LDPE(HMI)
5343,KA9045E,29-Jun-24,EVEREST,,2298.77,82,7222AK-7268AK,STD,8,12.6,350,40/40,180,180,170,170,170,160,160,160,160,160,150,150,,,LDPE HMI
5344,BA9159E,29-Jun-24,EVEREST,,2050,74,7325AK-7365AK,STD,3,8.3,18,40/40,150,150,130,130,140,150,150,,,,,,,,VACUUM ON/LDPE(HMI)
5345,VA4086E,26-Apr-24,IN-HOUSE,,675,75,7518AK-7544AK,STD,8,15,330,40/40,180,180,170,170,170,170,160,160,160,160,170,170,,,VACUUM ON/LDPE(HMI)
5346,CA5402E,2-Jul-24,SMYPC,,4569.35,34,7421AK-7512AK,STD,3,3.8,10,40,150,150,140,105,105,115,115,,,,,,,,LDPE(HMI)
5347,WA15190E,2-Jul-24,NMH,,5500,85,7269AK-7323AK,STD,5,10,400,60/60,200,200,200,180,180,180,180,180,180,200,200,,,,(52-62 PPG) / PP
5348,BA15494E,3-Jul-24,PHIL-TOP(corr),,244.69,70,7548AK-7552AK,STD,8,10,280,40/40,170,170,160,160,160,150,150,150,150,150,150,150,,,LDPE(HMI)
5349,GA15496E,3-Jul-24,PHIL-TOP(corr),,302.2,81,7553AK-7558AK,STD,8,10,300,40/40,170,170,170,170,160,160,160,160,160,160,150,150,,,LDPE(HMI)
5350,GA4254E,3-Jul-24,INCON,,107.68,60,7559AK-7562AK,STD,8,8,300,40/40,180,200,180,180,180,180,180,180,180,180,180,180,,,VACUUM ON / PP
5351,GA4921E,4-Jul-24,IN HOUSE,,780.79,81,7563AK-7578AK,STD,8,150,350,40/40,180,180,170,170,170,160,160,160,160,160,160,160,,,LDPE(HMI)
5352,GA1225E,4-Jul-24,SMYPC,,25,90,7517AK,STD,8,6.7,420,40/40,200,200,200,200,170,170,170,170,170,170,180,180,,,LDPE(HMI)
5353,IA15764E,4-Jul-24,I-TUNG,,56.16,84,7618AK-7619AK,STD,8,10,280,40/40,170,170,170,170,160,160,160,160,160,160,150,150,,,LDPE(HMI)
5354,TA15557E,4-Jul-24,I TUNG,,211.82,78,7620AK-7624AK,STD,8,10,280,40/40,170,170,170,170,160,160,160,160,160,160,160,160,,,LDPE(HMI)
5355,YA5124E,5-Jul-24,EVEREST,,385,74,7610AK-7617AK,STD,8,10,380,40/40,180,170,170,170,170,160,160,160,160,160,150,150,,,LDPE(HMI)
5356,YA16192E,5-Jul-24,ARC,,1550,84,7579AK-7609AK,STD,8,12,400,40/40,170,170,170,170,170,170,160,160,160,160,150,150,,,LDPE HMI
5357,WA15190E,5-Jul-24,NMH,,100,85,7627AK,STD,5,10,400,60/60,200,200,200,180,180,180,180,180,180,200,200,,,,(52-62 PPG) / PP
5358,MA13810E,6-Jul-24,INCON,,57.64,54,7632AK-7633AK,STD,8,80,280,40/40,180,200,180,180,180,180,180,180,180,180,180,180,,,PP
5359,BA14304E,6-Jul-24,PHIL-TOP(corr),,300,80,7766AK-7771AK,STD,8,10,380,40/40,180,180,180,170,170,170,160,160,160,160,160,160,,,LDPE(HMI)
5360,RA9068E,6-Jul-24,ZELLER,,56.77,50,7634AK-7635AK,STD,8,8,200,40/40,200,200,180,180,180,180,180,180,180,200,200,,,,PP
5361,RA15449E,6-Jul-24,GILVAN,,59.45,89,7630AK-7631AK,STD,8,10,300,40/40,170,170,170,170,160,160,160,160,160,160,150,150,,,LDPE(HMI)
5362,OA7922E,6-Jul-24,GILVAN,,59.92,70,7628AK-72629AK,STD,8,10,350,40/40,180,180,180,180,180,170,170,170,170,170,170,170,,,HDPE(HMI)
5363,WA13000E,6-Jul-24,PREMIER,,1500,84,7726AK-7740AK,STD,5,10,350,40/40,170,170,170,170,160,160,160,160,150,150,150,,,,LDPE(HMI)
5364,OA8984E,8-Jul-24,EVEREST,,134.38,70,7719AK-7721AK,STD,8,10,350,40/40,170,170,170,170,160,160,160,160,160,160,150,150,,,LDPE(HMI)
5365,GA6607E,8-Jul-24,H&E,,57.96,50,7717AK-7718AK,STD,8,150,280,40/40,180,200,180,180,180,180,180,180,180,180,180,,,,PP
5366,KA8595E,8-Jul-24,INCON,,108.77,50,7777AK-7780AK,STD,8,8,200,40/40,170,170,170,170,170,170,170,170,170,170,175,175,,,PP
5367,KA5796E,8-Jul-24,INCON,,50.66,50,7852AK-7853AK,STD,8,9,250,40/40,180,200,180,180,180,180,180,180,180,180,180,180,,,PP
5368,BA9159E,8-Jul-24,EVEREST(corr),,80,80,7772AK-7773AK,STD,8,12,380,40/40,170,170,170,170,160,160,160,150,150,150,160,160,,,LDPE(HMI)
5369,YA12128E,9-Jul-24,21st Century,,1030,56,7744AK-7764AK,STD,8,4,130,40,150,150,140,140,130,130,130,130,130,130,130,130,,,LDPE(HMI)
5370,RA7886E,9-Jul-24,EASTERN,,775,78,7781AK-7796AK,STD,8,9.2,350,40/40,170,170,170,170,160,160,160,160,160,160,150,150,,,LDPE HMI
5371,CA8905E,9-Jul-24,SMYPC,,2700,43,7899AK-7952AK,STD,3,3.5,9,40,150,150,150,150,130,130,130,,,,,,,,LDPE(HMI)
5372,GA14433E,10-Jul-24,TERUMO,,110.97,25,7722AK-7725AK,STD,1,85,250,40/40,180,200,180,180,180,180,180,180,180,```,,,,,3mmx3mm Pellet size
5373,BA14432E,10-Jul-24,TERUMO,,1000,25,7636AK-7675AK,STD,1,80,250,40/40,180,200,180,180,180,180,180,180,180,180,,,,,3mmx3mm Pellet size
5374,BA4140E,10-Jul-24,EVERBRIGHT,,710,67,7865AK-7892AK,STD,8,18,380,60/60,180,180,180,170,170,160,160,160,160,160,180,180,,,VACUUM ON/LDPE(HMI)
5375,BA12861E,11-Jul-24,AG CANPRINT,,134.02,64,8001AK-8005AK,STD,8,6.5,330,40/40,200,200,190,190,180,180,180,180,180,180,190,190,,,PP
5376,WA3827E,11-Jul-24,IN-HOUSE,,2925,73,7797AK-7801AK;7854AK-7863AK;7991AK-8000AK;8006AK-8009AK,STD,8,8,350,40/40,200,200,200,180,180,180,180,180,180,180,180,180,,,HDPE(HMI)
5377,BA9550E,12-Jul-24,PLASTIMER,,14,22,7895AK,STD,1,80,400,40/40,180,200,180,180,180,180,180,180,180,180,,,,,PP
5378,BA3925E,12-Jul-24,EVERGOOD,,3,22,7893AK,STD,1,80,400,40/40,180,200,180,180,180,180,180,180,180,180,,,,,LDPE(HMI)
5379,GA6607E,13-Jul-24,H&E,,55,22,8010AK-8011AK,STD,1,80,400,40/40,180,200,180,180,180,180,180,180,180,180,,,,,PP
5380,GA9050E,13-Jul-24,PCPC,,236.7,22,8177AK-8181AK,STD,1,80,400,40/40,120,140,150,150,150,150,150,150,140,140,,,,,LDPE(HMI)
5381,YA16164E,13-Jul-24,EVEREST,,2539.23,69,8073AK-8123AK,STD,8,12,300,40/40,170,170,170,160,160,160,150,150,150,150,150,150,,,LDPE HMI
5382,RA2508E,13-Jul-24,Evergood,,509.2,68,8041AK-8051AK,STD,3,9,38,60/60,160,150,150,140,140,150,150,,,,,,,,LDPE(HMI)
5383,GA13854E,15-Jul-24,REIMAGINE,,109.6,22,8169AK-8171AK,STD,1,90,400,40/40,120,140,150,150,150,150,150,150,150,150,,,,,LDPE(HMI)
5384,BA14432E,10-Jul-24,TERUMO,,1026.15,25,7676AK-7716AK,STD,1,80,250,40/40,180,200,180,180,180,180,180,180,180,180,,,,,3mmx3mm Pellet size
5385,RA7886E,15-Jul-24,EASTERN,,500,69,7981AK-7990AK,STD,3,7.5,38,40/40,150,140,140,150,150,150,150,,,,,,,,LDPE HMI
5386,WA11678E,15-Jul-24,INCON,,516.21,86,8172AK-8176AK,STD,5,10,300,40/40,170,110,110,170,160,160,160,160,160,170,170,,,,LDPE(HMI)
5387,YA15176E,16-Jul-24,MCBRIDE,,62.34,22,8228AK-8229AK,STD,1,80,400,40/40,120,140,150,150,150,150,150,150,140,140,,,,,LDPE(HMI)
5388,GA15181E,16-Jul-24,MCBRIDE,,57.5,22,8231AK-8232AK,STD,1,80,400,40/40,120,140,150,150,150,150,150,150,140,140,,,,,LDPE(HMI)
5389,MA4737E,16-Jul-24,EVEREST,,1000.75,35,8052AK-8072AK;8243AK-8261AK,STD,8,8,280,40/40,160,160,160,160,160,160,160,160,150,150,150,150,,,LDPE(HMI)
5390,WA16938E,16-Jul-24,PHIL-TOP,,32,86,7545AK,STD,15,300,300,40/40,220,220,220,210,210,200,200,200,200,180,180,,,,PP
5391,WA6051E,16-Jul-24,CEBU JUNTRADE,,262.2,80,8215AK-8217AK,STD,15,300,300,40/40,220,220,220,210,210,200,200,200,200,180,180,,,,
5392,WA15190E,16-Jul-24,NMH,,5000,85,7802AK-7851AK,STD,5,10,400,60/60,200,200,200,180,180,180,180,180,180,200,200,,,,(52-62 PPG) / PP
5393,BA9550E,17-Jul-24,PLASTIMER,,13.71,22,8294AK,STD,1,80,400,40/40,180,200,180,180,180,180,180,180,180,180,,,,,PP
5394,BA3925E,17-Jul-24,EVERGOOD,,3,22,7893AK,STD,1,80,400,40/40,180,200,180,180,180,180,180,180,180,180,,,,,LDPE(HMI)
5395,YA12128E,17-Jul-24,21st Century,,50,56,8325AK,STD,8,4,130,40,150,150,140,140,130,130,130,130,130,130,130,130,,,LDPE(HMI)
5396,YA13953E,17-Jul-24,AG CANPRINT,,133.28,64,8188AK-8190AK,STD,8,15,350,40/40,170,170,170,170,160,160,160,160,160,160,150,150,,,LDPE HMI
5397,YA5188E,17-Jul-24,EVEREST,,465,90,8019AK-8028AK,STD,8,180,400,40/40,180,180,170,170,170,160,160,160,160, ,150,150,,,LDPE HMI
5398,VA4086E,17-Jul-24,EASTERN,,300,56,8029AK-8040AK,STD,3,9.5,25,40/40,150,150,130,140,140,150,150,,,,,,,,VACUUM ON/LDPE(HMI)
5399,GA16014E,18-Jul-24,CANLINE,,500,65,8233AK-8242AK,STD,8,12,400,40/40,200,200,200,180,180,180,180,180,180,180,160,160,,,LDPE(HMI)
5400,GA8074E,18-Jul-24,GLOBAL KONTEINER,,410,91,8316AK-8324AK,STD,8,12,400,40/40,170,170,170,170,160,160,160,160,160,150,150,150,,,LDPE HMI
5401,GA2595E,18-Jul-24,alcos global,,175,36,8291AK-8293AK; 8326AK-8329AK, STD ,8,8.6,200,40/40,210,220,220,220,220,220,220,220,220,220,230,225,,,90-100 ppg / PET
5402,SA7726E,18-Jul-24,EASTERN,,56.83,60,8296AK-8297AK,STD,8,8,300,40/40,170,170,170,170,170,170,160,160,160,160,150,150,,,LDPE HMI
5403,IA7845E,18-Jul-24,TOPRITE,,260.52,51,8262AK-8267AK,STD,3,15,20,40/40,150,150,140,140,150,150,150,,,,,,,,LDPE(HMI)
5404,CA8905E,23-Jul-24,SMYPC,,2321,128.94,8372AK-8399AK,STD,3,3.8,9,40,180,170,160,110,140,130,135,,,,,,,,LDPE(HMI)
5405,CA8905E,23-Jul-24,SMYPC,,1605.17,77.05,8399AK-8451AK,STD,3,3.8,9,40,180,170,160,110,110,120,135,,,,,,,,LDPE(HMI)
5406,CA8905E,19-Jul-24,SMYPC,,1450,43,8453AK-8481AK,STD,3,6,9,40,150,150,150,110,110,120,130,,,,,,,,LDPE(HMI)
5407,CA5402E,19-Jul-24,SMYPC,,2009,34,8268AK-8290AK;8298AK-8315AK,STD,3,3.8,10,40,150,150,140,105,105,115,115,,,,,,,,LDPE(HMI)
5408,CA16070E,19-Jul-24,SMYPC,,1025,30,8330AK-8370AK,STD,8,6,100,40,170,170,170,170,160,160,160,160,160,160,160,160,,,RUBBER
5409,WA17031E,19-Jul-24,METRO CONTAINER,,386.24,80,8182AK-8185AK,STD,5,15,300,40/40,220,220,220,210,210,200,200,200,200,180,180,,,,PP
5410,OA3552E,26-Jul-24,ZELLER,,61.3,22,8704AK-8706AK,STD,1,80,400,40/40,180,200,180,180,180,180,180,180,180,180,,,,,PP
5411,GA4440E,26-Jul-24,ZELLER,,60,22,8646AK-8647AK,STD,1,80,400,40/40,180,200,180,180,180,180,180,180,180,180,,,,,
5412,BA7924E,26-Jul-24,AMAZON,,250,80,8651AK-8655AK,STD,8,8,270,40/40,200,200,200,200,180,180,180,180,180,180,190,190,,,HDPE(HMI)
5413,IA1770E,26-Jul-24,EVERBRIGHT,,820,60,8723AK-8755AK,STD,3,14,32,60/60,160,150,150,140,140,150,160,,,,,,,,VACUUM ON/LDPE(HMI)
5414,BA7883E,20-Apr-24,ALPHATECH(corr),,221.75,72,8717AK-8721AK,STD,8,8,300,60/60,190,190,180,180,180,180,180,180,180,180,180,180,,,VACUUM ON / HDPE HMI
5415,WA14068E,27-Jul-24,Zeller,,760,76,8638AK-8645AK,STD,8,7,280,40/40,200,200,180,180,180,180,170,170,170,170,180,180,,,HDPE(HMI)
5416,WA2123E,27-Jul-24,GLOBAL COMPAK,,28.93,50,8484AK,STD,5,10,28,60/60,180,200,180,180,180,180,180,180,180,180,180,,,,PP
5417,DA16760E,29-Jul-24,PHIL-TOP,,208.54,84,8707AK-8711AK,STD,8,10,390,40/40,170,170,170,170,160,160,160,160,150,150,150,150,,,LDPE(HMI)
5418,YA15776E,31-Jul-24,SANICON,,56.52,74,8756AK-8757AK,STD,8,10,350,40/40,170,170,170,170,160,160,160,160,160,160,150,150,,,LDPE HMI
5419,GA16968E,29-Jul-24,PHIL-TOP,,55,70,8791AK,STD,8,20,380,40/40,170,170,170,170,170,170,160,160,160,160,150,150,,,LDPE HMI
5420,BA17051E,29-Jul-24,PHIL-TOP,,55,70,8792AK,STD,8,20,380,40/40,170,170,170,170,170,170,160,160,160,160,150,150,,,LDPE HMI
5421,RA11649E,29-Jul-24,MILLERS,,57.9,70,8679AK-8680AK,STD,8,10,300,60/60,175,195,175,175,175,175,175,175,175,175,175,175,,,VACUUM ON/LESS 5°C/PP
5422,KA2871E,22-Apr-24,EVERGOOD(corr),,24.56,80,8793AK,STD,8,12,280,40/40,170,170,170,170,160,160,160,160,160,160,160,160,,,LDPE HMI
5423,RA15101E,29-Jul-24,21st Century,,1123.8,69,8681AK-8703AK,STD,3,10.2,29,40/40,150,150, ,140,150,150,150,,,,,,,,LDPE(HMI)
5424,WA16299E,29-Jul-24,SANICON,,110.12,80,8781AK,STD,5,10,380,40/40,180,180,170,170,170,170,160,160,160,180,180,,,,LDPE HMI
5425,TA15569E,30-Jul-24,PHIL-TOP,,50,70,8780AK,STD,8,10,350,40/40,170,170,170,160,160,160,150,150,150,150,160,160,,,LDPE(HMI)
5426,TA16761E,30-Jul-24,PHIL-TOP,,206.83,75.21,8712AK-8716AK,STD,8,10,300,40/40,170,170,170,170,170,170,160,160,160,150,150,150,,,LDPE(HMI)
5427,IA16887E,30-Jul-24,PHIL-TOP,,209.87,70,8758AK-8762AK,STD,8,20,380,40/40,170,170,170,170,170,170,160,160,160,150,150,150,,,LDPE HMI
5428,GA8074E,30-Jul-24,EASTERN,,255,84,8775AK-8779AK,STD,8,12,400,40/40,170,170,170,170,160,160,160,160,160,150,150,150,,,LDPE HMI
5429,GA14397E,30-Jul-24,PREMIER,,100,52,8836AK-8837AK,STD,8,16,360,40/40,170,170,170,170,170,170,160,160,160,160,150,150,,,LDPE(HMI)
5430,GA14271E,30-Jul-24,PHIL-TOP,,311.57,79,8219AK-8225AK,STD,8,10,350,40/40,170,170,170,170,170,170,170,160,160,160,160,160,,,LDPE(HMI)
5431,OA2469E,30-Jul-24,H & E,,561.6,80,8763AK-8774AK,STD,3,25,40,40/40,150,150,150,150,150,150,150,,,,,,,,LDPE(HMI)
5432,GA8074E,31-Jul-24,EASTERN,,105,84,8843AK-8844AK,STD,8,12,400,40/40,170,170,170,170,160,160,160,160,160,150,150,150,,,LDPE HMI
5433,WA2123E,31-Jul-24,GLOBAL COMPAK,,30,80,8849AK,STD,5,10,28,60/60,180,200,180,180,180,180,180,180,180,180,180,,,,PP
5434,BA12068E,31-Jul-24,EVEREST,,1, -   ,8783AK,STD,6,8.3,40,40/40,150,150,-,140,140,140,140,,,,,,,,LDPE(HMI)
5435,YA5188E,31-Jul-24,EVEREST,,50.78,80,8794AK,STD,8,180,400,40/40,180,180,170,170,170,160,160,160,160, ,150,150,,,LDPE HMI
5436,OA3552E,31-Jul-24,ZELLER(corr),,59,48.49,8839AK-8841AK,STD,8,9,300,40/40,180,200,180,180,180,180,180,180,180,180,180,180,,,PP
5437,GA8613E,1-Aug-24,ZELLER(corr),,52.8,48.74,8847AK-8848AK,STD,8,9,300,40/40,180,200,180,180,180,180,180,180,180,180,180,180,,,PP
5438,SA7726E,31-Jul-24,EASTERN,,335,60,8784AK-8790AK,STD,3,6.5,26,40/40,150,140,140,120,120,130,130,,,,,,,,LDPE HMI
5439,GA6246E,1-Aug-24,PLASTIMER,,34.22,51.33,8757AK,STD,8,8,280,40/40,180,200,180,180,180,180,180,180,180,180,180,180,,,PP
5440,GA4440E,31-Jul-24,zeller(corr),,58.52,50,8842AK-8843AK,STD,8,7,240,40/40,180,200,180,180,180,180,180,180,180,180,180,180,,,PP
5441,GA4440E,31-Jul-24,zeller,,25,50,8923AK,STD,8,7,240,40/40,180,200,180,180,180,180,180,180,180,180,180,180,,,PP
5442,BA7924E,31-Jul-24,AMAZON,,365,87,8850AK-8857AK,STD,3,8.5,32,40/40,150,140,140,130,130,140,140,,,,,,,,HDPE(HMI)
5443,BA7924E,31-Jul-24,AMAZON(corr),,365,87,8858AK-8863AK,STD,3,8.5,32,40/40,150,140,140,130,130,140,140,,,,,,,,HDPE(HMI)
5444,GA8074E,1-Aug-24,IN HOUSE,,357.42,84,8929AK-8936AK,STD,8,12,400,40/40,170,170,170,170,160,160,160,160,160,150,150,150,,,LDPE HMI
5445,OA2469E,2-Aug-24,H & E,,567.07,80,8937AK-8948AK,STD,8,12,280,40/40,180,180,170,170,160,160,160,160,160,160,170,170,,,LDPE(HMI)
5446,GA4352E,2-Aug-24,ZELLER,,210,80,8823AK-8830AK,STD,8,10,220,40/40,180,200,180,180,180,180,180,180,180,180,180,180,,,PP
5447,GA2595E,2-Aug-24,IN HOUSE,,125,30,8924AK-8928AK, STD ,8,8.6,200,40/40,210,220,220,220,220,220,220,220,220,220,230,225,,,90-100 ppg / PET
5448,IA16062E,2-Aug-24,EIGHT CUBE,,53,63,8195AK-8196AK,STD,8,7,200,60/60,220,220,220,220,220,220,220,220,230,230,230,230,,,PET / 90-100 PPG
5449,GA4440E,7-Aug-24,zeller(corr),,56.7,48.6,9019AK-9020AK,STD,8,7,240,40/40,180,200,180,180,180,180,180,180,180,180,180,180,,,PP
5450,MA7758E,7-Aug-24,CYBERMANN(trial),,98.15,58.89,9063AK-9066AK,STD,8,11,300,40/40,180,200,180,180,180,180,180,180,180,180,180,180,,,PP
5451,MA7758E,7-Aug-24,CYBERMANN,,555,57.41,9041AK-9062AK,STD,8,11,300,40/40,180,200,180,180,180,180,180,180,180,180,180,180,,,PP
5452,IA16062E,3-Aug-24,EIGHT CUBE,,50.15,25.08,8195AK-8196AK,STD,8,7,200,60/60,220,220,220,220,220,220,220,220,230,230,230,230,,,PET / 90-100 PPG/VACUUM ON
5453,VA4086E,7-Aug-24,EASTERN,,493.2,73.98,9021AK-9040AK,STD,3,9.5,25,40/40,150,150,130,140,140,150,150,,,,,,,,VACUUM ON/LDPE(HMI)
5454,GA17168E,8-Aug-24,CDC MFG CORP,,329.15,79,9069AK-9075AK,STD,8,15,400,40/40,170,170,170,170,170,170,160,160,160,160,150,150,,,LDPE(HMI)
5455,IA16062E,7-Aug-24,EIGHT CUBE,,51.47,25.74,9067AK-9068AK,STD,8,7,200,60/60,220,220,220,220,220,220,220,220,220,220,230,230,,,PET/90-100 PPG
5456,IA16062E,9-Aug-24,EIGHT CUBE,,2.68,10.72,9327AK,STD,8,10,200,60/60,210,220,220,220,220,220,220,220,220,220,230,230,,,PET/90-100 PPG
5457,GA6246E,9-Aug-24,H & E,,52,48,9104AK-9105AK,STD,8,12,300,40/40,180,200,180,180,180,180,180,180,180,180,180,180,,,PP
5458,GA16968E,9-Aug-24,PHIL-TOP(corr),,43.57,52.28,9107AK,STD,8,20,380,40/40,170,170,170,170,170,170,160,160,160,160,150,150,,,LDPE(HMI)
5459,OA8984E,9-Aug-24,EVEREST,,128.5,73.43,9208AK-9210AK,STD,8,10,300,40/40,170,170,170,170,160,160,160,160,160,160,150,150,,,LDPE(HMI)
5460,OA8984E,9-Aug-24,EVEREST(Trial),,24,72,9103AK,STD,8,10,350,40/40,170,170,170,170,160,160,160,160,160,160,150,150,,,LDPE(HMI)
5461,BA13023E,9-Aug-24,GENSTAR,,50.4,59.76,9106AK,STD,8,9,280,40/40,170,170,170,170,160,160,160,150,150,150,160,160,,,LDPE HMI
5462,GA4952E,9-Aug-24,EVEREST,,250.59,62.65,9321AK-9325AK,STD,8,13,380,40/40,170,170,170,170,160,160,160,160,160,160,150,150,,,LDPE HMI
5463,RA12739E,9-Aug-24,SMYPC,,5300,69,9211AK-9316AK,STD,3,10,28,40/40,150,150,140,140,140,150,150,,,,,,,,LDPE HMI
5464,WA11278E,12-Aug-24,FORTUNE DARUMA,,513.79,35.23,9093AK-9097AK,STD,5,40,130,40/40,160,160,160,160,160,150,150,150,150,170,170,,,,RUBBER
5465,GA4952E,9-Aug-24,IN HOUSE(tumbler),,102.08,51.04,9326AK,STD,8,13,380,40/40,170,170,170,170,160,160,160,160,160,160,150,150,,,LDPE HMI
5466,KA14303E,25-Jun-24,PHIL-TOP,,257,71,7072AK-7077AK,STD,8,15,330,40/40,170,170,170,160,160,160,160,160,150,150,150,150,,,LDPE(HMI)
5467,KA14303E,9-Aug-24,PHIL-TOP,,253.22,54.65,9098AK-9102AK,STD,3,9,16,40/40,150,150,150,150,150,140,140,,,,,,,,LDPE(HMI)
5468,KA4595E,10-Aug-24,EVERGOOD,,247.42,64.54,8200AK-8204AK,STD,3,8,25,40/40,150,130,130,140,140,150,150,,,,,,,,VACUUM ON / LDPE(HMI)
5469,IA16062E,10-Aug-24,EIGHT CUBE,,45.6,22.7,9382AK-9383AK,STD,8,10,200,60/60,210,220,220,220,220,220,220,220,220,220,230,230,,,PET/90-100 PPG
5470,YA16164E,10-Aug-24,EVEREST,,2311.2,69,9330AK-9376AK,STD,8,12,300,40/40,170,170,170,160,160,160,150,150,150,150,150,150,,,LDPE HMI
5471,YA16164E,10-Aug-24,EVEREST(corr),,188.79,69,9377AK-9380AK,STD,8,12,300,40/40,170,170,170,160,160,160,150,150,150,150,150,150,,,LDPE HMI
5472,TA11397E,12-Aug-24,EVERGOOD,,100,75,9393AK-9394AK,STD,8,20,380,40/40,170,170,170,170,170,170,160,160,160,160,150,150,,,LDPE HMI
5473,GA4136E,12-Aug-24,H & E,,,50,,STD,8,20,380,40/40,170,170,170,170,170,170,160,160,160,160,150,150,,,LDPE(HMI)
5474,BA17070E,13-Aug-24,ROWELL ,,535.94,59.55,9381AK,STD,5,10,300,60/60,160,170,170,160,160,160,160,150,150,150,160,160,,,RUBBER
5475,MA7758E,13-Aug-24,CYBERMANN(corr),,50.69,58,9391AK-9392AK,STD,8,11,300,40/40,180,200,180,180,180,180,180,180,180,180,180,180,,,PP
5476,WA13400E,9-Aug-24,GLOBAL COMPAK(corr),,197.06,63.91,9328AK-9329AK,STD,5,20,380,40/40,170,170,170,170,170,180,180,180,150,160,160,,,,LDPE HMI
5477,WA13400E,13-Aug-24,GLOBAL COMPAK(corr),,177.38,68.66,9487AK-9488AK,STD,5,20,380,40/40,170,170,170,170,170,170,160,160,160,150,150,,,,LDPE HMI
5478,MA4737E,13-Aug-24,EVEREST(cut),,500,35,9445AK-9464AK,STD,8,8,280,40/40,160,160,160,160,160,160,160,160,150,150,150,150,,,LDPE(HMI)
5479,BA4140E,15-Aug-24,EVERBRIGHT,,710,70,9513AK-9540AK,STD,3,12,32,60/60,150,150,140,140,140,150,150,,,,,,,,VACUUM ON/LDPE(HMI)
5480,GA17168E,15-Aug-24,CDC MFG CORP(corr),,131.41,80,9570AK-9572AK,STD,8,15,400,40/40,170,170,170,170,170,170,160,160,160,160,150,150,,,LDPE(HMI)
5481,GA16968E,15-Aug-24,PHIL-TOP(trial),,10,50,9585AK,STD,8,20,380,40/40,170,170,170,170,170,170,160,160,160,160,150,150,,,LDPE(HMI)
5482,BA17051E,15-Aug-24,PHIL-TOP(trial),,10,50,9584AK,STD,8,20,380,40/40,170,170,170,170,170,170,160,160,160,160,150,150,,,LDPE HMI
5483,GA16968E,15-Aug-24,PHIL-TOP(corr),,47.91,50,9585AK,STD,8,20,380,40/40,170,170,170,170,170,170,160,160,160,160,150,150,,,LDPE(HMI)
5484,OA8984E,15-Aug-24,EVEREST(corr),,160.03,75,9593AK-9595AK,STD,8,10,350,40/40,170,170,170,170,160,160,160,160,160,160,150,150,,,LDPE(HMI)
5485,GA17119E,15-Aug-24,METRO CONTAINER,,385.54,80,9575AK-9582AK,STD,8,20,380,40/40,170,170,170,170,160,160,160,160,160,160,150,150,,,LDPE(HMI)
5486,RA5277E,15-Aug-24,EVERGOOD,,500,79,9545AK-9554AK,STD,8,15,400,40/40,180,180,170,170,170,170,170,170,170,170,160,160,,,LDPE(HMI)
5487,RA12739E,9-Aug-24,SMYPC(trial),,200,69,9505AK-9508AK,STD,3,10,28,40/40,150,150,140,140,140,150,150,,,,,,,,LDPE HMI
5488,CA8905E,15-Aug-24,SMYPC,,4949.6,37,9108AK-9207AK,STD,3,3.8,9,40,150,150,150,140,110,120,130,,,,,,,,LDPE(HMI)
5489,WA2677E,15-Aug-24,ALLIED,,96.1,39.77,9586AK,STD,5,5,200,60/60,230,230,230,230,230,230,230,230,220,220,220,220,,,PET / 90-100 PPG
5490,GA4921E,7-Aug-24,Everest,,496,80.43,8998AK-9007AK,STD,8,15,350,40/40,180,180,170,170,170,160,160,160,160,160,160,160,,,LDPE(HMI)
5491,BA17051E,15-Aug-24,PHIL-TOP(trial),,55,50,9584AK,STD,8,20,380,40/40,170,170,170,170,170,170,160,160,160,160,150,150,,,LDPE HMI
5492,RA4665E,16-Aug-24,EVEREST(corr),,225,80,8527AK,STD,8,13,250,80/80,170,170,160,160,160,160,160,150,150,150,150,150,,,LDPE(HMI)
5493,RA2508E,16-Aug-24,Evergood,,500,78,9555AK-9564AK,STD,8,9.5,420,60/60,170,170,170,170,170,160,160,160,160,160,160,160,,,LDPE(HMI)
5494,RA2508E,16-Aug-24,Evergood(tumbler),,55.66,80,7383AK,STD,8,9.5,420,60/60,170,170,170,170,170,160,160,160,160,160,160,160,,,LDPE(HMI)
5495,YA5124E,17-Aug-24,EVERGOOD,,705.05,75,9596AK-9609AK,STD,8,10,380,40/40,180,170,170,170,170,160,160,160,160,160,150,150,,,LDPE(HMI)
5496,YA5124E,17-Aug-24,EVERGOOD(corr),,50.3,75,9610AK,STD,8,10,380,40/40,180,170,170,170,170,160,160,160,160,160,150,150,,,LDPE(HMI)
5497,DA5176E,15-Aug-24,EVERGOOD,,159.05,90,9588AK-9591AK,STD,8,9,350,40/40,180,170,170,170,170,160,160,160,160,160,160,160,,,LDPE(HMI)
5498,WA2127E,19-Aug-24,CEBU HI Q,,153.2,91.92,9676AK-9677AK,STD,5,10,300,60/60,170,172,169,173,161,161,159,159,162,153,152,,,,VACUUM ON / LDPE(HMI)
5499,MA7758E,17-Aug-24,CYBERMANN(corr),,69.81,58,9611AK-9612AK,STD,5,90,400,40/40,200,200,180,180,180,180,180,180,180,180,180,,,,PP
5500,BA9094E,19-Aug-24,ZELLER,,210,54,9613AK-9621AK,STD,8,8,300,40/40,180,200,180,180,180,180,180,180,180,180,180,180,,,PP
5501,BA6822E,19-Aug-24,Cebu Hi Q,,107.18,72,9674AK-9675AK,STD,8,12,380,40/40,180,180,180,170,170,170,160,160,160,160,180,180,,,LDPE(HMI)
5502,BA2091E,19-Aug-24,CEBU HI Q,,250,94,9712AK-9716AK,STD,3,9.3,25,60/60,160,150,140,140,140,150,150,,,,,,,,LDPE HMI
5503,RA5277E,19-Aug-24,EVEREST,,515,79,9623AK-9633AK,STD,8,15,400,40/40,180,180,170,170,170,170,170,170,170,170,160,160,,,LDPE(HMI)
5504,MA4737E,19-Aug-24,EVEREST(continuation),,500.2,35,9465AK-9485AK,STD,5,65,400,40/40,160,160,160,160,160,160,150,150,150,150,150,150,,,VACUUM ON / LDPE(HMI)
5505,MA4737E,20-Aug-24,EVEREST(tumbler),,297.6,44.09,9669AK-9670AK,STD,5,65,320,40/40,160,160,160,160,160,160,150,150,150,150,150,,,,VACUUM ON
5506,IA1770E,20-Aug-24,EVERBRIGHT,,810,64,9678AK-9710AK,STD,3,14,32,60/60,160,150,150,140,140,150,160,,,,,,,,VACUUM ON/LDPE(HMI)
5507,YA5124E,20-Aug-24,EVERGOOD,,750,75,9654AK-9668AK,STD,8,10,380,40/40,180,170,170,170,170,160,160,160,160,160,150,150,,,LDPE(HMI)
5508,GA17168E,20-Aug-24,CDC MFG CORP(corr),,196.67,67.43,9744AK-9748AK,STD,5,20,380,40/40,170,170,170,170,170,170,160,160,160,160,150,150,,,LDPE(HMI)
5509,GA17119E,20-Aug-24,METRO CONTAINER(corr),,416,59.43,9761AK-9769AK,STD,5,20,380,40/40,170,170,170,170,170,170,160,160,160,160,150,,,,LDPE(HMI)
5510,GA8074E,21-Aug-24,EASTERN(corr),,100,75,9717AK-9718AK,STD,5,10,380,40/40,169,173,172,170,159,162,160,152,150,150,152,,,,LDPE HMI
5511,GA8074E,20-Aug-24,EASTERN,,49,84,9719AK,STD,5,10,380,40/40,169,173,172,170,159,162,160,152,150,150,152,,,,LDPE HMI
5512,GA14271E,21-Aug-24,PHIL-TOP,,351.95,67.04,9723AK-9729AK,STD,5,20,380,40/40,170,170,170,170,170,170,160,160,160,150,150,,,,LDPE(HMI)
5513,BA7861E,22-Aug-24,SMYPC(trial),,96.2,57.72,9808AK-9809AK,STD,5,20,380,40/40,170,170,170,170,170,170,160,160,160,150,150,,,,LDPE(HMI)
5514,BA7861E,22-Aug-24,SMYPC,,2950,75,9834AK-9892AK,STD,3,10.3,40,40/40,150,150,150,150,150,150,150,,,,,,,,LDPE(HMI)
5515,BA2091E,22-Aug-24,CEBU HI Q,,257.6,73.6,9790AK-9795AK,STD,5,250,400,60/60,170,170,150,130,160,160,160,150,150,150,150,150,,,LDPE HMI
5516,BA16168E,22-Aug-24,PREMIER,,134.58,89.72,9741AK-9743AK,STD,5,25,400,40/40,170,170,170,170,170,170,160,160,161,160,150,150,,,LDPE HMI
5517,BA14304E,24-Aug-24,PHIL-TOP,,295.7,70.97,9735AK-9740AK,STD,5,20,380,40/40,170,170,170,160,160,160,160,160,150,150,150,,,,LDPE(HMI)
5518,BA17051E,24-Aug-24,PHIL-TOP,,610.38,71.81,9770AK-9781AK,STD,5,20,380,40/40,170,170,170,170,170,170,160,160,160,160,150,150,,,LDPE HMI
5519,YA5188E,27-Aug-24,EVERGOOD,,125,90,9798AK-9800AK,STD,8,180,400,40/40,180,180,170,170,170,160,160,160,160, ,150,150,,,LDPE HMI
5520,BA7861E,27-Aug-24,SMYPC,,3000,75,9897AK-9956AK,STD,3,10.3,40,40/40,150,150,150,150,150,150,150,,,,,,,,LDPE(HMI)
5521, ,27-Aug-24,PLEXCO,,207,58,9826AK-9833AK,STD,8,10,400,40/40,170,170,170,160,160,160,160,160,160,160,180,180,,,LDPE HMI
5522,MA4737E,27-Aug-24,EVEREST(corr),,386.05,58,9810AK-9824AK,STD,8,8,280,40/40,160,160,160,160,160,160,160,160,150,150,150,150,,,LDPE(HMI)
5523,BA16168E,27-Aug-24,PREMIER,,71.4,61.2,9968AK-9969AK,STD,5,8,350,40/40,170,170,170,170,160,160,160,150,150,160,160,,,,LDPE HMI
5524,DA5176E,27-Aug-24,EVERGOOD(corr),,160.41,90,9893AK-9896AK,STD,8,9,350,40/40,180,170,170,170,170,160,160,160,160,160,160,160,,,LDPE(HMI)
5525,BA15197E,22-Aug-24,MAXEY,,247,82.33,9749AK-9753AK,STD,5,20,340,60/60,170,170,170,170,170,170,160,160,160,150,150,,,,LDPE HMI
5526,BA15197E,28-Aug-24,MAXEY(corr),,299,61.86,9957AK-9962AK,STD,5,10,350,60/60,170,170,170,170,170,170,160,160,160,150,150,,,,LDPE HMI
5527,BA15197E,27-Aug-24,MAXEY,,248.15,74.45,9963AK-9967AK,STD,5,10,350,60/60,170,170,170,170,170,170,160,160,160,150,150,,,,LDPE HMI
5528,WA15229E,27-Aug-24,DYNAMICCAPS,,3500,100,9086AK-9092AK,STD,9,20,380,40/40,-,160,160,160,160,160,150,150,150,150,180,180,,,RUBBER
5529,DA5173E,27-Aug-24,EVEREST,,500,87,,STD,8,80,320,40/40,170,170,160,160,150,150,150,140,140,140,140,150,,,VACUUM ON / LDPE(HMI)
5530,WA3827E,9-Aug-24,IN-HOUSE,,1427,61.6,9008AK-9017AK;9076AK-9085AK,STD,5,80,300,40/40,200,200,200,200,180,180,180,180,180,200,200,,,,VACUUM ON/HDPE(HMI)
5531,WA3827E,28-Aug-24,IN-HOUSE,,300,65,9755AK-9760AK,STD,8,8,350,40/40,200,200,200,180,180,180,180,180,180,180,180,180,,,HDPE(HMI)
5532,BA9159E,28-Aug-24,EVEREST,,2140,91,0013AL-0055AL,STD,8,12,380,40/40,170,170,170,170,160,160,160,150,150,150,160,160,,,LDPE(HMI)
5533,BA9159E,29-Aug-24,EVEREST(corr),,134.38,91,0076AL-0077AL; 0110AL,STD,8,12,380,40/40,170,170,170,170,160,160,160,150,150,150,160,160,,,LDPE(HMI)
5534,GA16968E,29-Aug-24,PHIL-TOP,,335,70,0078AL-0084AL,STD,8,20,380,40/40,170,170,170,170,170,170,160,160,160,160,150,150,,,LDPE(HMI)
5535,GA3383E,29-Aug-24,EVEREST,,377.36,93,0068AL-0075AL,STD,8,15,350,40/40,170,170,170,170,170,170,170,160,160,150,150,150,,,VACUUM ON / LDPE(HMI)
5536,SA7726E,29-Aug-24,EASTERN,,56.51,60,0066AL-0067AL,STD,3,6.5,26,40/40,150,140,140,120,120,130,130,,,,,,,,LDPE HMI
5537,SA16982E,29-Aug-24,ULTRAPLAS,,80,60,9720AK-9721AK,STD,3,30,40,40/40,150,150,150,150,150,130,130,,,,,,,,LDPE HMI
5538,SA11780E,29-Aug-24,SMYPC,,500,74,0056AL-0065AL,STD,3,9.7,22,40/40,150,110,110,140,140,150,150,,,,,,,,LDPE(HMI)
5539,BA15002E,29-Aug-24,MCBRIDE,,43.65,26.19,9801AK-9802AK,STD,5,15,280,40/40,220,220,220,220,220,220,220,220,220,220,220,220,,,90-100 ppg (PET)
5540,BA9094E,30-Aug-24,ZELLER,,193.75,50.54,9991AK-9998AK,STD,5,8,200,40/40,180,200,180,180,180,180,180,180,180,180,180,,,,PP
5541,BA15050E,30-Aug-24,PACKAGEWORLD,,303.4,42.43,0001AL-0012AL,STD,5,17,380,40/40,160,160,160,160,150,150,150,150,150,150,150,,,,LL38
5542,GA4921E,7-Aug-24,EVEREST(corr),,46.04,81,9983AK,STD,8,15,350,40/40,180,180,170,170,170,160,160,160,160,160,160,160,,,LDPE(HMI)
5543,OA16199E,30-Aug-24,INCON,,100,77,9970AK-9971AK,STD,8,20,250,40/40,170,170,170,170,170,170,160,160,160,150,150,150,,,LDPE(HMI)
5544,DA15377E,6-Jun-24,CDC(corr),,209.37,80,0170AL-0173AL;0180AL,STD,8,10,280,40/40,170,170,170,170,170,170,160,160,160,150,150,150,,,LDPE(HMI)
5545,DA16760E,30-Aug-24,PHIL-TOP,,287,84,0114AL-0119AL,STD,8,10,390,40/40,170,170,170,170,160,160,160,160,150,150,150,150,,,LDPE(HMI)
5546,KA5796E,30-Aug-24,Incon(corr),,49.8,50,8226AK-8227AK,STD,8,9,250,40/40,180,200,180,180,180,180,180,180,180,180,180,180,,,PP
5547,KA16603E,30-Aug-24,CDC,,107.35,80,0156AL-0158AL,STD,8,10,350,40/40,170,170,170,160,160,160,160,160,150,150,150,150,,,LDPE HMI
5548,KA9045E,30-Aug-24,EVEREST(TRIAL),,250,84,0195AL-0199AL,STD,8,12.6,350,40/40,180,180,170,170,170,160,160,160,160,160,150,150,,,LDPE HMI
5549,KA9045E,30-Aug-24,EVEREST,,2000,84,0200AL-0239AL,STD,8,12.6,350,40/40,180,180,170,170,170,160,160,160,160,160,150,150,,,LDPE HMI
5550,TA16761E,30-Aug-24,PHIL-TOP,,106.64,70,0111AL-0113AL,STD,3,30,40,40/40,150,150,150,150,150,130,130,,,,,,,,LDPE(HMI)
5551,TA15569E,30-Aug-24,PHIL-TOP,,50,70,9320AK,STD,3,30,40,40/40,150,150,150,130,130,140,140,,,,,,,,LDPE(HMI)
5552,TA16900E,30-Aug-24,INCON(corr),,54.25,70,9988AK,STD,3,30,40,40/40,180,200,180,180,180,180,180,,,,,,,,PP
5553,TA16900E,30-Aug-24,INCON(trial),,10,70,9989AK,STD,3,30,40,40/40,180,200,180,180,180,180,180,,,,,,,,PP
5554,VA4086E,30-Aug-24,ALPHATECH,,500,73,9634AK-9653AK,STD,3,9.5,25,40/40,150,150,130,140,140,150,150,,,,,,,,VACUUM ON/LDPE(HMI)
5555,BA15197E,30-Aug-24,MAXEY,,452.97,74.46,0251AL-0260AL,STD,5,17,280,60/60,170,170,170,170,170,170,160,160,150,160,150,150,,,LDPE HMI
5556,KA4595E,31-Aug-24,EVERGOOD,,107.97,83,0263AL-0265AL,STD,8,12,300,40/40,170,170,170,170,160,160,160,160,160,160,150,150,,,LDPE(HMI)
5557,RA5277E,31-Aug-24,EVEREST,,510,70,0159AL-0169AL,STD,3,9,30,40/40,150,150,140,140,140,150,150,,,,,,,,VACUUM ON / LDPE(HMI)
5558,RA4665E,31-Aug-24,EVEREST(corr),,1011.68,71,0136AL-0155AL,STD,3,12,35,80/80,150,130,130,140,140,150,150,,,,,,,,LDPE(HMI)
5559,BA12615E,31-Aug-24,PLEXCO,,256.25,55.91,0130AL-0135AL,STD,5,12,320,40/40,170,170,170,170,170,170,160,160,160,160,160,150,,,LDPE HMI
5560,GA16968E,2-Sep-24,PHIL-TOP,,725,70,0270AL-0284AL,STD,8,20,380,40/40,170,170,170,170,170,170,160,160,160,160,150,150,,,LDPE(HMI)
5561,YA7822E,2-Sep-24,EASTERN,,258.79,75,0189AL-0194AL,STD,8,12,400,40/40,170,170,170,170,160,160,160,160,160,160,150,150,,,LDPE(HMI)
5562,BA4756E,2-Sep-24,Evergood,,261.6,60,0183AL-0188AL,STD,3,8.3,25,40/40,150,150,140,140,130,130,150,,,,,,,,LDPE HMI
5563,WA6365E,2-Sep-24,PHILPLAST,,383.78,65,0174AL-0177AL,STD,3,9,24,60/60,150,150,150,140,140,150,150,,,,,,,,VACUUM ON / LDPE(HMI)
5564,WA6837E,15-Aug-24,TRADESPHERE,,45.8,36.64,9583AK,STD,5,20,380,40/40,180,180,180,180,180,180,180,180,160,160,140,,,,HDPE HMI
5565,WA13000E,2-Sep-24,PREMIER,,970.54,87,0120AL-0129AL,STD,5,10,350,40/40,170,170,170,170,160,160,160,160,150,150,150,,,,LDPE(HMI)
5566,GA6246E,2-Sep-24,PLASTIMER,,50.51,50,0261AL-0262AL,STD,8,12,300,40/40,180,200,180,180,180,180,180,180,180,180,180,180,,,PP
5567,MA12627E,2-Sep-24,PLEXCO,,80.52,50,0266AL-0268AL,STD,8,10,400,40/40,170,170,170,160,160,160,160,160,160,160,180,180,,,LDPE HMI
5568,BA12556E,2-Sep-24,PACKAGEWORLD,,4845,100,0285AL;0329AL-0360AL,STD,9,22,380,60/60,,170,170,170,170,160,160,160,160,150,150,,,,RUBBER
5569,GA8074E,5-Sep-24,PCPC,,50,50,0438AL,STD,8,12,400,40/40,170,170,170,170,160,160,160,160,160,150,150,150,,,LDPE HMI
5570,DA5173E,5-Sep-24,EVEREST(corr),,394.03,90.93,0294AL-0301AL,STD,8,9,250,40/40,170,170,160,160,150,150,150,140,140,140,150,150,,,VACUUM ON / LDPE(HMI)
5571,BA7861E,5-Sep-24,SMYPC,,2018.85,65,0361AL-0401AL,STD,3,10.3,40,40/40,150,150,150,150,150,150,150,,,,,,,,LDPE(HMI)
5572,WA15856E,5-Sep-24,I-TUNG,,108.23,70,9999AK,STD,5,120,380,40/40,170,170,170,170,160,160,160,160,160,150,150,,,,LDPE(HMI)
5573,WA15135E,5-Sep-24,HERITAGE,,107.84,87,0302AL-0304AL,STD,5,20,380,60/60,170,170,170,170,160,160,160,160,150,150,160,,,,LDPE(HMI)
5574,WA6195E,6-Sep-24,HERITAGE,,106.78,70,0306AL-0308AL,STD,5,20,380,60/60,170,170,170,170,170,170,160,160,160,150,150,,,,LDPE(HMI)
5575,YA7418E,6-Sep-24,EVEREST,,50,73,0490AL,STD,8,10,230,40/40,170,170,170,170,160,160,160,160,160,160,150,150,,,LDPE(HMI)
5576,YA7418E,6-Sep-24,EVEREST(corr),,274.22,73,0491AL-0496AL,STD,8,10,230,40/40,170,170,170,170,160,160,160,160,160,160,150,150,,,LDPE(HMI)
5577,OA14302E,6-Sep-24,INCON,,101.77,76.33,0423AL-0424AL,STD,8,8,300,40/40,170,170,160,160,160,150,150,150,150,150,150,150,,,LDPE(HMI)
5578,IA16887E,6-Sep-24,PHIL-TOP,,491.6,80,0439AL-0447AL,STD,3,9,35,40/40,160,150,150,140,140,150,150,,,,,,,,LDPE HMI
5579,BA17051E,27-Aug-24,PHIL-TOP(corr),,54.6,81.9,9782AK,STD,5,20,380,40/40,170,170,170,170,170,170,160,160,160,160,150,150,,,LDPE HMI
5580,IA9912E,27-Aug-24,Evergood,,250,65.22,9803AK-9807AK,STD,5,6.5,400,40/40,170,170,170,170,170,170,160,160,160,150,150,,,,LDPE(HMI)
5581,OA8984E,7-Sep-24,EVERGOOD,,153.25,68.11,0497AL-0500AL;0528AL,STD,8,10,350,40/40,170,170,170,170,160,160,160,160,160,160,150,150,,,LDPE(HMI)
5582,OA16199E,7-Sep-24,INCON(corr),,97.7,78.16,0617AL-0618AL,STD,8,20,250,40/40,170,170,170,170,170,170,160,160,160,150,150,150,,,LDPE(HMI) / OPEN VACUUM PORT
5583,GA6246E,7-Sep-24,PLASTIMER(corr),,52.2,52.2,0501AL-0502AL,STD,8,12,300,40/40,180,200,180,180,180,180,180,180,180,180,180,180,,,PP
5584,GA2595E,7-Sep-24,Suarez metaplas,,50,25,0488AL-0489AL, STD ,8,8.6,200,40/40,210,220,220,220,220,220,220,220,220,220,230,225,,,90-100 ppg / PET
5585,RA12739E,7-Sep-24,SMYPC,,2000,82,0448AL-0487AL,STD,8,15,350,40/40,170,170,170,170,160,160,160,160,150,150,150,150,,,LDPE HMI
5586,BA4756E,7-Sep-24,EVERGOOD(corr),,259.89,75,0511AL-0515AL,STD,3,8.3,25,40/40,150,150,140,140,130,130,150,,,,,,,,LDPE HMI
5587,BA17051E,31-Aug-24,PHIL-TOP,,716,71.6,0095AL-0109AL,STD,5,70,240,40/40,170,170,170,170,170,170,160,160,160,160,150,150,,,LDPE HMI
5588,BA17051E,7-Sep-24,PHIL-TOP(corr),,395.88,70,0503AL-0510AL,STD,3,30,40,40/40,170,170,170,170,170,170,160,160,160,160,150,150,,,LDPE HMI
5589,YA7418E,9-Sep-24,EVEREST,,250,73,0612AL-0616AL,STD,8,10,230,40/40,170,170,170,170,160,160,160,160,160,160,150,150,,,LDPE(HMI)
5590,KA4595E,9-Sep-24,EVERGOOD,,260,83,0652AL-0657AL,STD,8,8,25,40/40,150,130,130,140,140,150,150,,,,,,,,VACUUM ON / LDPE(HMI)
5591,RA7886E,9-Sep-24,EASTERN,,185,80,0658AL-0661AL,STD,8,9.2,350,40/40,170,170,170,170,160,160,160,160,160,160,150,150,,,LDPE HMI
5592,KA15913E,9-Sep-24,EVEREST(trial),,200,65,0619AL-0626AL,STD,3,30,40,40/40,180,200,180,180,180,180,180,,,,,,,,PP
5593,KA15913E,9-Sep-24,EVEREST(trial),,215,65,0627AL-0635AL,STD,3,30,40,40/40,180,200,180,180,180,180,180,,,,,,,,PP
5594,YA7418E,9-Sep-24,EVEREST(corr),,330,70,0646AL-0651AL,STD,3,10,28,40/40,150,100,100,130,130,150,150,,,,,,,,VACUUM ON/LDPE(HMI)
5595,BA12556E,10-Sep-24,PACKAGEWORLD,,4942,98.84,0529AL-0538AL,STD,9,22,380,60/60,,170,170,170,170,160,160,160,160,150,150,,,,RUBBER
5596,GA8074E,10-Sep-24,GLOBAL KONTEINER,,153.54,85,0545AL-0547AL,STD,8,12,400,40/40,170,170,170,170,160,160,160,160,160,150,150,150,,,LDPE HMI
5597,GA4254E,10-Sep-24,INCON,,54.83,50,0669AL-0670AL,STD,8,8,300,40/40,180,200,180,180,180,180,180,180,180,180,180,180,,,VACUUM ON / PP
5598,TA15569E,10-Sep-24,PHIL-TOP,,258,70,0540AL-0543AL;0672AL-0673AL,STD,8,10,350,40/40,170,170,170,160,160,160,150,150,150,150,160,160,,,LDPE(HMI)
5599,VA16737E,10-Sep-24,EVEREST(trial),,250,60,0523AL-0527AL,STD,3,30,40,40/40,150,130,130,150,150,130,130,,,,,,,,LDPE HMI
5600,VA4086E,10-Sep-24,IN HOUSE,,300,57,0426AL-0437AL,STD,3,9.5,25,40/40,150,150,130,140,140,150,150,,,,,,,,VACUUM ON/LDPE(HMI)
5601,WA12841E,10-Sep-24,PHIL-TOP,,514.34,87,0664AL-0668AL,STD,5,10,380,60/60,170,170,170,170,160,160,160,150,150,150,150,,,,LDPE(HMI)
5602,KA8595E,12-Sep-24,INCON,,109.44,50,0685AL-0688AL,STD,8,8,200,40/40,170,170,170,170,170,170,170,170,170,170,175,175,,,PP
5603,GA16014E,12-Sep-24,CANLINE(trial),,250,65,0740AL-0744AL,STD,8,12,400,40/40,200,200,200,180,180,180,180,180,180,180,160,160,,,LDPE(HMI)
5604,GA16014E,12-Sep-24,CANLINE(trial),,250,65,0745AL-0749AL,STD,8,12,400,40/40,200,200,200,180,180,180,180,180,180,180,160,160,,,LDPE(HMI)
5605,GA16014E,12-Sep-24,CANLINE,,500,65,0750AL-0759AL,STD,8,12,400,40/40,200,200,200,180,180,180,180,180,180,180,160,160,,,LDPE(HMI)
5606,BA16168E,12-Sep-24,PREMIER,,310,70,0762AL-0768AL,STD,3,6,20,40/40,150,150,130,130,130,150,150,,,,,,,,LDPE HMI
5607,RA7886E,12-Sep-24,EASTERN,,305,60,0769AL-0774AL,STD,3,7.5,38,40/40,150,140,140,150,150,150,150,,,,,,,,LDPE HMI
5608,BA9159E,12-Sep-24,EVERGOOD,,150.3,74,0782AL-0784AL,STD,3,8.3,18,40/40,150,150,130,130,140,150,150,,,,,,,,VACUUM ON/LDPE(HMI)
5609,WA15190E,12-Sep-24,NMH,,2000,85,0549AL-0568AL,STD,5,10,400,60/60,200,200,200,180,180,180,180,180,180,200,200,,,,(52-62 PPG) / PP
5610,GA8074E,12-Sep-24,GLOBAL KONTEINER(corr),,153.94,85,0809AL-0811AL,STD,8,12,400,40/40,170,170,170,170,160,160,160,160,160,150,150,150,,,LDPE HMI
5611,VA16737E,13-Sep-24,EVEREST,,250,60,0785AL-0790AL,STD,3,30,40,40/40,150,130,130,150,150,130,130,,,,,,,,LDPE HMI
5612,YA15776E,13-Sep-24,SANICON,,55.88,74,0807AL,STD,8,10,350,40/40,170,170,170,170,160,160,160,160,160,160,150,150,,,LDPE HMI
5613,KA15913E,13-Sep-24,EVEREST(corr),,45.12,70,0803AL,STD,8,9,250,40/40,180,200,180,180,180,180,180,180,180,180,180,180,,,PP
5614,BA4701E,13-Sep-24,INCON(trial),,300,50,0815AL-0826AL,STD,8,10,280,40/40,180,200,180,180,180,180,180,180,180,180,190,190,,,PP
5615,IA16887E,13-Sep-24,PHIL-TOP(corr),,483.55,80,0793AL-0802AL,STD,3,9,35,40/40,160,150,150,140,140,150,150,,,,,,,,LDPE HMI
5616,IA9154E,13-Sep-24,UNA,,625,54,,STD,3,16,36,60/60,150,150,140,140,140,150,150,,,,,,,,LDPE(HMI)
5617,WA15190E,13-Sep-24,NMH,,4250,85,0569AL-0611AL,STD,5,10,400,60/60,200,200,200,180,180,180,180,180,180,200,200,,,,(52-62 PPG) / PP
5618,WA2123E,14-Sep-24,KPC,,60,80,0955AL,STD,5,10,28,60/60,180,200,180,180,180,180,180,180,180,180,180,,,,PP
5619,CA16070E,16-Sep-24,SMYPC,,500,25,0831AL-0870AL,STD,3,3.8,9,40,180,170,150,150,150,180,180,,,,,,,,RUBBER / VACUUM ON
5620,CA16070E,17-Sep-24,SMYPC,,2600,25,0871AL-0954AL,STD,3,3.8,9,40,180,170,150,150,150,180,180,,,,,,,,RUBBER / VACUUM ON
5621,BA12013E,17-Sep-24,CEBU HI Q,,155,78,1024AL-1027AL,STD,8,12,350,40/40,170,170,170,170,170,170,160,160,160,150,150,150,,,LDPE(HMI)
5622,GA13429E,17-Sep-24,CEBU HI Q,,57.25,54,1028AL-1029AL,STD,8,10,380,40/40,170,170,170,170,170,170,160,160,160,160,150,150,,,
5623,GA3933E,17-Sep-24,MOLDEX,,310,65,1030AL-1041AL,STD,8,9,300,40/40,200,200,180,180,180,180,180,180,180,180,180,180,,,PP
5624,YA5993E,17-Sep-24,EVERGOOD,,515,74,0965AL-0975AL,STD,8,20,425,40/40,170,170,170,170,160,160,160,160,160,160,170,170,,,LDPE(HMI)
5625,WA16973E,17-Sep-24,PHIL-TOP,,265,80,0956AL-0958AL,STD,5,20,380,40/40,170,170,170,170,170,170,160,160,160,150,150,,,,LDPE(HMI)
5626,WA2123E,17-Sep-24,KPC,,2025,85,1108AL-1127AL,STD,5,10,28,60/60,180,,180,180,180,180,180,180,180,180,180,,,,PP
5627,GA1225E,20-Sep-24,SMYPC(trial),,500,97,1203AL-1212AL,STD,8,6.7,420,40/40,200,200,200,200,170,170,170,170,170,170,180,180,,,LDPE(HMI)
5628,GA1225E,20-Sep-24,SMYPC,,1506.42,97,1172AL-1202AL,STD,8,6.7,420,40/40,200,200,200,200,170,170,170,170,170,170,180,180,,,LDPE(HMI)
5629,WA8512E,20-Sep-24,AMAZON,,5100,93,0689AL-0739AL,STD,5,9,350,40,160,160,160,160,160,160,160,150,150,150,150,,,,VACUUM ON / LDPE(HMI)
5630,GA4352E,21-Sep-24,ZELLER,,209.91,50,1162AL-1169AL,STD,8,10,220,40/40,180,200,180,180,180,180,180,180,180,180,180,180,,,PP
5631,GA13429E,21-Sep-24,CEBU HI Q(corr),,56.55,60,1213AL-1214AL,STD,8,10,380,40/40,170,170,170,170,170,170,160,160,160,160,150,150,,,
5632,BA9080E,21-Sep-24,ZELLER,,55,50,1170AL-1171AL,STD,8,150,300,40/40,180,200,180,180,180,180,180,180,180,180,180,,,,PP
5633,WA3827E,21-Sep-24,IN-HOUSE,,200,73,1216AL-1217AL,STD,8,8,350,40/40,200,200,200,180,180,180,180,180,180,180,180,180,,,HDPE(HMI)
5634,RA16016E,23-Sep-24,I-TUNG,,106.9,81,1335AL-1337AL,STD,3,8.3,20,40/40,150,150,120,120,130,150,150,,,,,,,,LDPE(HMI)
5635,RA12372E,23-Sep-24,SPI,,515.8,66,1220AL-1230AL,STD,3,8.3,20,60/60,150,150,140,140,150,150,150,,,,,,,,LDPE(HMI)
5636,YA7418E,23-Sep-24,EVEREST,,105,77,1218AL-1219AL,STD,8,10,230,40/40,170,170,170,170,160,160,160,160,160,160,150,150,,,LDPE(HMI)
5637,GA1225E,23-Sep-24,SMYPC,,2025,97,1231AL-1271AL,STD,8,6.7,420,40/40,200,200,200,200,170,170,170,170,170,170,180,180,,,LDPE(HMI)
5638,WA16245E,23-Sep-24,ALLIED,,511.3,95,0355AK,STD,5,10,380,40/40,170,170,170,170,170,170,160,160,160,150,150,,,,LDPE HMI
5639,WA15190E,23-Sep-24,NMH,,6250,85,1272AL-1334AL,STD,5,10,400,60/60,200,200,200,180,180,180,180,180,180,200,200,,,,(52-62 PPG) / PP
5640,BA2688E,9-Sep-24,GILVAN(corr),,48.43,6.66,6632AK,STD,6,8.6,16,40/40,150,150,150,150,150,130,130,,,,,,,,VACUUM ON / LDPE HMI
5641,GA8074E,24-Sep-24,GLOBAL KONTEINER,,53,85,1348AL,STD,8,12,400,40/40,170,170,170,170,160,160,160,160,160,150,150,150,,,LDPE HMI
5642,YA16164E,24-Sep-24,EVEREST,,25,70,1023AL,STD,8,12,300,40/40,170,170,170,160,160,160,150,150,150,150,150,150,,,LDPE HMI
5643,YA16164E,24-Sep-24,EVEREST(corr),,3.17,70,1347AL,STD,8,12,300,40/40,170,170,170,160,160,160,150,150,150,150,150,150,,,LDPE HMI
5644,YA5124E,24-Sep-24,EVERGOOD,,475,75,1349AL-1358AL,STD,8,10,380,40/40,180,170,170,170,170,160,160,160,160,160,150,150,,,LDPE(HMI)
5645,YA5124E,26-Sep-24,EVEREST(trial),,100,75,1529AL-1530AL,STD,8,10,380,40/40,180,170,170,170,170,160,160,160,160,160,150,150,,,LDPE(HMI)
5646,YA5124E,11-Oct-24,EVERGOOD,,500,74,2232AL-2241AL,STD,8,10,380,40/40,180,170,170,170,170,160,160,160,160,160,150,150,,,LDPE(HMI)
5647,RA12739E,24-Sep-24,SMYPC,,6550,69,1362AL-1492AL,STD,3,10,28,40/40,150,150,140,140,140,150,150,,,,,,,,LDPE HMI
5648,MA7758E,19-Aug-24,CYBERMANN(corr),,69.5,52.13,9611AK-9612AK,STD,5,90,400,40/40,200,201,180,182,180,179,180,180,182,200,179,,,,PP
5649,MA7758E,26-Sep-24,CYBERMANN,,500,58,1540AL-1559AL,STD,8,11,300,40/40,180,200,180,180,180,180,180,180,180,180,180,180,,,PP
5650,OA8984E,26-Sep-24,IN HOUSE,,132,70,1496AL-1498AL,STD,8,10,350,40/40,170,170,170,170,160,160,160,160,160,160,150,150,,,LDPE(HMI)
5651,OA4303E,26-Sep-24,HYATT PLASTIC,,60,31,1631AL-1632AL,STD,8,8,400,100/100,180,180,180,180,170,170,170,160,160,150,150,150,,,LDPE HMI / VACUUM ON
5652,GA16706E,26-Sep-24,EVEREST,,131.62,70,1519AL-1521AL,STD,8,20,380,40/40,170,170,170,170,170,170,160,160,160,160,150,150,,,LDPE HMI
5653,WA17031E,15-Aug-24,METRO CONTAINER,,377.74,69.74,9565AK-9568AK,STD,5,10,300,40/40,220,220,220,210,210,200,200,200,200,180,180,,,,PP
5654,WA17031E,26-Sep-24,METRO CONTAINER,,382.74,85,1626AL-1629AL,STD,5,15,300,40/40,220,220,220,210,210,200,200,200,200,180,180,,,,PP
5655,GA4921E,27-Sep-24,EVEREST,,500,81,1611AL-1619AL,STD,8,15,350,40/40,180,180,170,170,170,160,160,160,160,160,160,160,,,LDPE(HMI)
5656,GA8074E,27-Sep-24,IN HOUSE,,128,85,1622AL; 1680AL-1681AL,STD,8,12,400,40/40,170,170,170,170,160,160,160,160,160,150,150,150,,,LDPE HMI
5657,BA15002E,27-Sep-24,MCBRIDE,,60,31,1494AL-1495AL,STD,5,110,200,40/40,220,220,220,220,220,220,220,220,220,220,220,220,,,90-100 ppg (PET)
5658,GA12411E,27-Sep-24,GENSTAR,,533.07,60,1643AL-1663AL,STD,8,18,350,40/40,200,200,180,180,180,180,180,180,180,180,180,180,,,PP
5659,BA12861E,28-Sep-24,AG CANPRINT,,133,64,1560AL-1564AL,STD,8,6.5,330,40/40,200,200,190,190,180,180,180,180,180,180,190,190,,,PP
5660,BA17296E,28-Sep-24,EVEREST,,132,70,1623AL-1625AL,STD,9,20,380,,,,,,,,,,,,,,,,
5661,BA5327E,28-Sep-24,EVEREST,,333.5,75,1522AL-1527AL;1665AL,STD,8,11,300,40/40,170,170,170,170,160,160,160,160,160,160,150,150,,,LDPE(HMI)
5662,BA9159E,30-Sep-24,EVEREST,,1000,90.91,1565AL-1584AL,STD,8,12,380,40/40,170,170,170,170,160,160,160,150,150,150,160,160,,,LDPE(HMI)
5663,RA4665E,28-Sep-24,EVEREST,,80,72,1620AL-1621AL,STD,3,12,35,80/80,150,130,130,140,140,150,150,,,,,,,,LDPE(HMI)
5664,RA2508E,28-Sep-24,Evergood,,510,68,1704AL-1714AL,STD,3,9,38,60/60,160,150,150,140,140,150,150,,,,,,,,LDPE(HMI)
5665,RA2508E,30-Sep-24,Evergood(corr),,105.55,68,1702AL-1703AL,STD,3,9,38,60/60,160,150,150,140,140,150,150,,,,,,,,LDPE(HMI)
5666,DA15377E,30-Sep-24,CDC,,200,93,1674AL-1677AL,STD,8,10,280,40/40,170,170,170,170,170,170,160,160,160,150,150,150,,,LDPE(HMI)
5667,MA11346E,1-Oct-24,GILVAN,,57.14,50,1723AL-1724AL,STD,8,7.9,400,40/40,180,180,170,170,170,170,160,160,160,160,160,160,,,LDPE(HMI)
5668,GA16706E,30-Sep-24,EVEREST(corr),,142.38,70,1746AL-1748AL,STD,8,20,380,40/40,170,170,170,170,170,170,160,160,160,160,150,150,,,LDPE HMI
5669,OA7922E,30-Sep-24,GILVAN,,56.62,62,1715AL-1716AL,STD,3,12,32,40/40,180,170,160,150,150,150,160,,,,,,,,HDPE(HMI)
5670,OA8984E,30-Sep-24,IN HOUSE,,725,91,1682AL-1696AL,STD,3,8.5,32,40/40,150,150,150,150,140,140,150,,,,,,,,LDPE(HMI)
5671,OA4303E,30-Sep-24,HYATT PLASTIC(corr),,58.32,31,1745AL,STD,3,10,28,100/100,160,150,150,140,140,150,150,,,,,,,,VACUUM ON 
5672,GA8074E,30-Sep-24,EASTERN,,370,72,1736AL-1743AL,STD,3,7,25,40/40,150,150,130,130,130,120,140,,,,,,,,LDPE HMI
5673,GA16706E,30-Sep-24,EVEREST(corr),,142.38,70,1746AL-1748AL,STD,8,20,380,40/40,170,170,170,170,170,170,160,160,160,160,150,150,,,LDPE HMI
5674,WA3827E,1-Oct-24,IN-HOUSE,,800,73,1697AL-1701AL;1791AL-1793AL,STD,8,8,350,40/40,200,200,200,180,180,180,180,180,180,180,180,180,,,HDPE(HMI)
5675,GA8074E,1-Oct-24,ALPHATECH,,52.04,72,1744AL,STD,3,7,25,40/40,150,150,130,130,130,120,140,,,,,,,,LDPE HMI
5676,GA17119E,2-Oct-24,METRO CONTAINER(trial),,220.17,55.04,1638AL-1642AL,STD,3,8.2,40,40/40,150,130,130,150,150,150,150,,,,,,,,LDPE(HMI)
5677,GA17119E,2-Oct-24,METRO CONTAINER(trial),,245.95,54.66,1633AL-1637AL,STD,3,8.2,40,40/40,150,130,130,150,150,150,150,,,,,,,,LDPE(HMI)
5678,GA4921E,1-Oct-24,EVEREST(corr),,450.6,81,1749AL-1757AL,STD,3,12,400,40/40,170,170,170,170,160,160,160,160,150,150,150,150,,,LDPE(HMI)
5679,BA12615E,1-Oct-24,PLEXCO,,205,60,1763AL-1767AL,STD,3,10,35,40/40,150,150,140,140,140,150,150,,,,,,,,LDPE HMI
5680,BA9159E,2-Oct-24,EVEREST,,995,82.92,1585AL-1604AL,STD,8,12,380,40/40,170,170,170,170,160,160,150,150,150,160,160,160,,,LDPE(HMI)
5681,BA9159E,2-Oct-24,EVEREST(trial),,243.96,91.49,1605AL-1610AL,STD,8,12,380,40/40,170,170,170,170,160,160,160,150,150,150,160,160,,,LDPE(HMI)
5682,MA7758E,3-Oct-24,CYBERMANN(corr),,525,58,1768AL-1787AL,STD,8,11,300,40/40,180,200,180,180,180,180,180,180,180,180,180,180,,,PP
5683,RA13616E,3-Oct-24,STAR PLASTIC,,183.12,73,1670AL-1673AL,STD,3,8.3,28,40/40,150,110,110,150,150,150,150,,,,,,,,LDPE(HMI)
5684,RA12739E,3-Oct-24,SMYPC,,17,72,1669AL,STD,3,10,28,40/40,150,150,140,140,140,150,150,,,,,,,,LDPE HMI
5685,GA1225E,3-Oct-24,SMYPC,,17,83,1666AL,STD,3,7.5,30,40/40,170,120,120,160,150,150,160,,,,,,,,LDPE(HMI)
5686,GA14252E,3-Oct-24,EVEREST,,58.7,56,1826AL-1827AL,STD,3,30,40,40/40,150,150,150,150,150,130,130,,,,,,,,
5687,GA16968E,3-Oct-24,PHIL-TOP(trial),,247.78,65.31,1821AL-1825AL,STD,3,9,28,40/40,150,150,140,140,140,130,130,,,,,,,,LDPE(HMI)
5688,GA16968E,3-Oct-24,PHIL-TOP(trial),,246.12,64.21,1828AL-1832AL,STD,3,8.2,28,40/40,150,130,130,150,150,150,150,,,,,,,,LDPE(HMI)
5689,GA16968E,3-Oct-24,PHIL-TOP,,223,60.82,1816AL-1820AL,STD,3,9,28,40/40,150,150,140,140,140,130,130,,,,,,,,LDPE(HMI)
5690,GA3933E,4-Oct-24,MOLDEX,,300,65,1858AL-1869AL,STD,8,9,300,40/40,200,200,180,180,180,180,180,180,180,180,180,180,,,PP
5691,GA3933E,4-Oct-24,MOLDEX(trial),,310,65,1870AL-1881AL,STD,8,9,300,40/40,200,200,180,180,180,180,180,180,180,180,180,180,,,PP
5692,YA12128E,4-Oct-24,21st Century(Trial),,250,56,1943AL-1947AL,STD,8,4,130,40,150,150,140,140,130,130,130,130,130,130,130,130,,,LDPE(HMI)
5693,YA12128E,4-Oct-24,21st Century,,800,56,1948AL-1963AL,STD,8,4,130,40,150,150,140,140,130,130,130,130,130,130,130,130,,,LDPE(HMI)
5694,OA5866E,4-Oct-24,SMYPC,,108.3,70,2047AL-2049AL,STD,8,20,380,40/40,170,170,170,170,170,170,160,160,160,160,150,150,,,LDPE(HMI)
5695,GA17119E,5-Oct-24,METRO CONTAINER(corr),,500.7,60.08,2009AL-2018AL,STD,3,9,32,40/40,150,150,140,130,130,150,150,,,,,,,,LDPE(HMI)
5696,DA15377E,5-Oct-24,CDC(corr),,202.16,93,2019AL-2022AL,STD,8,10,280,40/40,170,170, ,170,170,170,160,160,160,150,150,150,,,LDPE(HMI)
5697,OA8984E,5-Oct-24,IN HOUSE,,718.97,70,1814AL-1815AL;2026AL-2038AL,STD,8,10,350,40/40,170,170,170,170,160,160,160,160,160,160,150,150,,,LDPE(HMI)
5698,GA8074E,5-Oct-24,EASTERN,,367.8,72,2039AL-2046AL,STD,3,7,25,40/40,150,150,130,130,130,120,140,,,,,,,,LDPE HMI
5699,GA4921E,5-Oct-24,EVEREST(corr),,477.11,81,2050AL-2059AL,STD,3,12,400,40/40,170,170,170,170,160,160,160,160,150,150,150,150,,,LDPE(HMI)
5700,GA4921E,5-Oct-24,EVEREST,,25,81,2060AL,STD,3,12,400,40/40,170,170,170,170,160,160,160,160,150,150,150,150,,,LDPE(HMI)
5701,GA14433E,7-Oct-24,TERUMO,,106.8,25.13,1717AL-1720AL,STD,1,85,250,40/40,180,200,180,180,180,180,180,180,180,180,180,,,,3mmx3mm Pellet size
5702,GA4952E,7-Oct-24,EVEREST,,259.59,61,2066AL-2071AL, STD ,3,9.5,36,40/40,150,130,130,140,140,150,150,,,,,,,,VACUUM ON / LDPE(HMI)
5703,GA4952E,7-Oct-24,EVEREST(tumbler),,103.2,61,2072AL, STD ,3,9.5,36,40/40,150,130,130,140,140,150,150,,,,,,,,VACUUM ON / LDPE(HMI)
5704,BA6822E,7-Oct-24,GREENPACK,,511.07,65,1975AL-1985AL,STD,3,8.3,28,40/40,150,140,140,130,130,150,150,,,,,,,,LDPE(HMI)
5705,YA14431E,3-Oct-24,TERUMO,,1020.03,25,1882AL-1922AL,STD,1,85,250,40/40,180,200,180,180,180,180,180,180,180,180,,,,,3mmx3mm Pellet size
5706,KA6414E,8-Oct-24,ZELLER,,55.62,50,1678AL-1679AL,STD,8,150,300,40/40,180,200,180,180,180,180,180,180,180,180,180,,,,PP
5707,BA4549E,8-Oct-24,ZELLER,,56.56,50,1721AL-1722AL,STD,8,7.9,300,40/40,180,200,180,180,180,180,180,180,180,180,180,180,,,PP
5708,BA4521E,8-Oct-24,ZELLER,,61.35,50,1986AL-1987AL,STD,8,8,250,40/40,180,200,180,180,180,180,180,180,180,180,185,185,,,PP
5709,WA14068E,8-Oct-24,Zeller,,500.34,76,2061AL-2065AL,STD,8,7,280,40/40,200,200,180,180,180,180,170,170,170,170,180,180,,,HDPE(HMI)
5710,YA6053E,8-Oct-24,EVEREST,,1050,74,1927AL-1942AL;2159AL-2164AL,STD,8,11,350,40/40,180,180,170,170,170,160,160,160,160,160,160,160,,,LDPE(HMI)
5711,BA2091E,8-Oct-24,GREENPACK,,500.74,61.95,1964AL-1974AL,STD,3,9.5,28,60/60,150,150,140,140,150,150,150,,,,,,,,LDPE HMI
5712,BA3925E,8-Oct-24,Evergood,,165.61,65,2073AL-2076AL,STD,3,30,40,40/40,150,140,130,130,130,140,140,,,,,,,,LDPE(HMI)
5713,BA4756E,9-Oct-24,EVERGOOD,,200,82,2081AL-2084AL,STD,3,8.3,25,40/40,150,150,140,140,130,130,150,,,,,,,,LDPE HMI
5714,BA4756E,9-Oct-24,EVERGOOD(trial),,59.13,82,2079AL-2080AL,STD,3,8.3,25,40/40,150,150,140,140,130,130,150,,,,,,,,LDPE HMI
5715,GA17119E,9-Oct-24,METRO CONTAINER(corr),,522.18,58.02,2275AL-2285AL,STD,3,8.6,25,40/40,150,140,140,150,150,150,150,,,,,,,,LDPE(HMI)
5716,OA2469E,9-Oct-24,H & E,,258.59,80,1835AL-1840AL,STD,8,12,280,40/40,180,180,170,170,160,160,160,160,160,160,170,170,,,LDPE(HMI)
5717,OA14302E,9-Oct-24,INCON,,207.88,65,1841AL-1845AL,STD,8,8,300,40/40,170,170,160,160,160,150,150,150,150,150,150,150,,,LDPE(HMI)
5718,GA3933E,4-Oct-24,MOLDEX(corr),,325,65,2258AL-2264AL,STD,8,9,300,40/40,200,200,180,180,180,180,180,180,180,180,180,180,,,PP
5719,BA7688E,11-Oct-24,EVEREST,,650,60,1988AL-2000AL,STD,3,7.5,43,40/40,150,150,150,150,140,140,130,,,,,,,,VACUUM ON
5720,BA9159E,9-Oct-24,EVEREST(tumbler/extrude),,197.5,75,2023AL,STD,3,8.3,25,40/40,150,130,130,140,140,150,150,,,,,,,,VACUUM ON/LDPE(HMI)
5721,BA9159E,9-Oct-24,EVEREST(corr),,98,74,2024AL-2025AL,STD,3,8.3,25,40/40,150,130,130,140,140,150,150,,,,,,,,VACUUM ON/LDPE(HMI)
5722,BA9159E,10-Oct-24,EVEREST,,2264.68,72.28,2113AL-2158AL,STD,3,8.3,28,40/40,150,150,130,130,130,140,150,,,,,,,,VACUUM ON/LDPE(HMI)
5723,GA16968E,10-Oct-24,PHIL-TOP(corr),,714.85,66.5,2286AL-2299AL,STD,8,9,300,40/40,170,170,170,170,170,170,160,160,160,160,150,150,,,LDPE(HMI)
5724,GA2595E,10-Oct-24,IN HOUSE(re-extrude),,10,25,1794AL, STD ,8,8.6,200,40/40,210,220,220,220,220,220,220,220,220,220,230,225,,,90-100 ppg / PET
5725,GA2595E,10-Oct-24,IN HOUSE,,200,25,2265AL-2272AL, STD ,8,8.6,200,40/40,210,220,220,220,220,220,220,220,220,220,230,225,,,90-100 ppg / PET
5726,WA13183E,7-Aug-24,STAR PLASTIC,,171.52,76.23,8834AK-8835AK,STD,5,8,280,40/40,180,100,110,110,170,160,160,160,160,180,180,,,,LDPE(HMI)
5727,WA6837E,2-Sep-24,TRADESPHERE,,7,50,9722AK,STD,5,20,380,40/40,170,170,170,170,170,170,160,160,160,150,150,,,,HDPE HMI
5728,RA12860E,11-Oct-24,AG CANPRINT,,131.89,62,2251AL-2255AL,STD,8,8,300,40/40,180,200,180,180,180,180,180,180,180,180,180,,,,PP
5729,IA15764E,11-Oct-24,I-TUNG,,107.3,84,1850AL-1852AL,STD,8,10,280,40/40,170,170,170,170,160,160,160,160,160,160,150,150,,,LDPE(HMI)
5730,TA15557E,11-Oct-24,I TUNG,,105,78,2256AL-2257AL,STD,8,10,280,40/40,170,170,170,170,160,160,160,160,160,160,160,160,,,LDPE(HMI)
5731,BA17051E,11-Oct-24,PHIL-TOP(Tumbler/extrude),,95,70,1847AL,STD,3,30,40,40/40,170,170,170,170,170,170,160,160,160,160,150,150,,,LDPE HMI
5732,BA7688E,11-Oct-24,EVEREST(trial),,362.49,60,2001AL-2006AL;,STD,3,7.5,43,40/40,150,150,150,150,140,140,130,,,,,,,,VACUUM ON
5733,BA4140E,11-Oct-24,EVERBRIGHT,,710,69,2085AL-2112AL,STD,3,12,32,60/60,150,150,140,140,140,150,150,,,,,,,,VACUUM ON/LDPE(HMI)
5734,KA14303E,21-Aug-24,PHIL-TOP,,244.25,30.66,9730AK-9734AK,STD,5,20,380,40/40,172,171,170,172,170,159,163,162,160,149,150,,,,LDPE(HMI)
5735,YA13953E,12-Oct-24,GENSTAR,,106.63,74,3000AL-3002AL,STD,8,15,350,40/40,170,170,170,170,160,160,160,160,160,160,150,150,,,LDPE HMI
5736,OA8984E,12-Oct-24,EVERGOOD,,200,75,3003AL-3006AL,STD,8,10,350,40/40,170,170,170,170,160,160,160,160,160,160,150,150,,,LDPE(HMI)
5737,OA8984E,12-Oct-24,EVERGOOD(trial),,175,75,3007AL-3010AL,STD,8,10,350,40/40,170,170,170,170,160,160,160,160,160,160,150,150,,,LDPE(HMI)
5738,GA3933E,12-Oct-24,MOLDEX(corr),,300,65,2242AL-2247AL,STD,8,9,300,40/40,200,200,180,180,180,180,180,180,180,180,180,180,,,PP
5739,GA4952E,12-Oct-24,EVEREST(corr),,150.11,70,2323AL-2325AL,STD,8,13,380,40/40,170,170,170,170,160,160,160,160,160,160,150,150,,,LDPE HMI
5740,GA8074E,12-Oct-24,GLOBAL KONTEINER,,300,85,3011AL-3016AL,STD,8,12,400,40/40,170,170,170,170,160,160,160,160,160,150,150,150,,,LDPE HMI
5741,BA12068E,12-Oct-24,EVEREST,,127.98,37.46,2248AL-2250AL,STD,3,6.7,40,40/40,170,160,160,140,140,150,160,,,,,,,,LDPE(HMI)
5742,BA15965E,12-Oct-24,SMYPC,,250,70,2310AL-2314AL,STD,3,30,40,40/40,160,180,180,180,180,180,160,,,,,,,,HDPE HMI
5743,BA15965E,12-Oct-24,SMYPC(trial),,260,70,2304AL-2309AL,STD,3,30,40,40/40,160,180,180,180,180,180,160,,,,,,,,HDPE HMI
5744,BA3925E,12-Oct-24,Evergood(corr),,256.7,70,2347AL-2351AL,STD,3,30,40,40/40,150,140,130,130,130,140,140,,,,,,,,LDPE(HMI)
5745,WA13183E,12-Oct-24,STAR PLASTIC,,183.23,84,2273AL-2274AL,STD,5,8,280,40/40,180,100,110,110,170,160,160,160,160,180,180,,,,LDPE(HMI)
5746,WA15190E,12-Oct-24,NMH,,6255,85,2169AL-2231AL,STD,5,10,400,60/60,200,200,200,180,180,180,180,180,180,200,200,,,,(52-62 PPG) / PP
5747,OA14302E,14-Oct-24,INCON(corr),,204.85,91,1853AL-1856AL,STD,8,8,300,40/40,170,170,160,160,160,150,150,150,150,150,150,150,,,LDPE(HMI)
5748,OA2860E,14-Oct-24,UNA,,257.72,54,2366AL-2371AL,STD,8,20,380,60/60,170,170,170,170,170,160,160,160,150,150,160,160,,,LDPE(HMI) /VACUUM ON
5749,YA11110E,14-Oct-24,EVEREST,,207.71,70,2355AL-2359AL,STD,8,15,380,40/40,170,170,170,170,170,170,160,160,160,150,150,150,,,LDPE HMI
5750,YA5993E,10-Oct-02,EVERGOOD,,510,74,2327AL-2337AL,STD,8,20,425,40/40,170,170,170,170,160,160,160,160,160,160,170,170,,,LDPE(HMI)
5751,RA16846E,14-Oct-24,SMYPC,,107,70,2301AL-2303AL,STD,3,30,40,40/40,160,180,180,180,180,180,160,,,,,,,,HDPE HMI
5752,RA12739E,14-Oct-24,SMYPC,,5550,67,2382AL-2492AL,STD,3,10,28,40/40,150,150,140,140,140,150,150,,,,,,,,LDPE HMI
5753,OA11689E,25-Apr-24,EVEREST,,172.64,50,2504AL-2509AL,STD,8,8,300,40/40,180,200,180,180,180,180,180,180,180,180,180,200,,,PP
5754,KA4595E,15-Oct-24,EVERGOOD,,257,83,2316AL-2321AL,STD,8,8,25,40/40,150,130,130,140,140,150,150,,,,,,,,VACUUM ON / LDPE(HMI)
5755,GA13854E,30-Nov-23,REIMAGINE,,107.21,60.64,2344AL-2346AL,STD,8,10,350,40/40,170,170,170,170,160,160,160,160,160,160,150,150,,,LDPE(HMI)
5756,GA3693E,15-Oct-24,ZELLER,,57.4,50,2165AL-2166AL,STD,8,9,300,40/40,180,200,180,180,180,180,180,180,180,180,180,180,,,PP
5757,GA6607E,16-Oct-24,H&E,,101.47,50,2521AL;2570AL-2571AL,STD,8,150,280,40/40,180,200,180,180,180,180,180,180,180,180,180,,,,PP
5758,GA6607E,16-Oct-24,H&E(trial),,10,50,2522AL,STD,8,150,280,40/40,180,200,180,180,180,180,180,180,180,180,180,,,,PP
5759,GA2595E,16-Oct-24,IN HOUSE(corr),,50,25,2515AL-2516AL, STD ,8,8.6,200,40/40,210,220,220,220,220,220,220,220,220,220,230,225,,,90-100 ppg / PET
5760,BA4756E,16-Oct-24,EVERGOOD(corr),,255.01,74,2360AL-2364AL,STD,8,10,350,40/40,170,170,170,170,170,170,160,160,160,160,150,150,,,LDPE HMI
5761,BA9159E,16-Oct-24,EVEREST(corr),,200,91,2511AL-2514AL,STD,8,12,380,40/40,170,170,170,170,160,160,160,150,150,150,160,160,,,LDPE(HMI)
5762,WA14068E,16-Oct-24,Zeller,,515,76,2338AL-2343AL,STD,8,7,280,40/40,200,200,180,180,180,180,170,170,170,170,180,180,,,HDPE(HMI)
5763,GA14433E,16-Oct-24,TERUMO(corr),,75.51,25,2352AL-2354AL,STD,1,85,250,40/40,180,200,180,180,180,180,180,180,180,```,,,,,3mmx3mm Pellet size
5764,WA3827E,17-Oct-24,IN-HOUSE,,750,76,2167AL-2168AL;2564AL-2568AL,STD,8,8,350,40/40,200,200,200,180,180,180,180,180,180,180,180,180,,,HDPE(HMI)
5765,YA13953E,12-Oct-24,GENSTAR(corr),,102.44,74,3017AL,STD,8,15,350,40/40,170,170,170,170,160,160,160,160,160,160,150,150,,,LDPE HMI
5766,YA12705E,17-Oct-24,AG CANPRINT,,131.18,79,2518AL-2520AL,STD,8,10,300,40/40,170,170,170,160,160,160,150,150,150,150,150,,,,LDPE(HMI)
5767,GA6246E,17-Oct-24,PLASTIMER,,57.14,50,2590AL-2591AL,STD,8,12,300,40/40,180,200,180,180,180,180,180,180,180,180,180,180,,,PP
5768,GA3933E,18-Oct-24,MOLDEX(corr),,330.85,65,2577AL-2583AL,STD,8,9,300,40/40,200,200,180,180,180,180,180,180,180,180,180,180,,,PP
5769,GA4952E,18-Oct-24,EVEREST(corr),,177.62,70,2628AL-2631AL,STD,8,13,380,40/40,170,170,170,170,160,160,160,160,160,160,150,150,,,LDPE HMI
5770,GA16415E,18-Oct-24,METRO CONT.,,650,82,2593AL-2605AL,STD,8,13,380,40/40,170,170,170,170,160,160,160,160,160,150,150,150,,,LDPE HMI
5771,CA17279E,18-Oct-24,EVEGOOD,,57.3,70,2501AL-2502AL,STD,8,15,300,40/40,180,200,180,180,180,180,180,180,180,180,180,180,,,PP
5772,WA16299E,18-Oct-24,SANICON,,105,85,2493AL,STD,5,10,380,40/40,180,180,170,170,170,170,160,160,160,180,180,,,,LDPE HMI
5773,WA13000E,18-Oct-24,PREMIER,,1527.83,87,2372AL-2381AL;2496AL-2500AL,STD,5,10,350,40/40,170,170,170,170,160,160,160,160,150,150,150,,,,LDPE(HMI)
5774,RA15449E,19-Oct-24,GILVAN,,59.21,60,2588AL-2589AL,STD,3,8.3,12,40/40,150,130,130,90,90,100,130,,,,,,,,LDPE(HMI)
5775,OA2860E,14-Oct-24,UNA(corr),,279.7,54,2632AL-2637AL,STD,8,20,380,60/60,170,170,170,170,170,160,160,160,150,150,160,160,,,LDPE(HMI) /VACUUM ON
5776,OA7922E,19-Oct-24,GILVAN,,52,71,2586AL-2857AL,STD,8,10,350,40/40,180,180,180,180,180,170,170,170,170,170,170,170,,,HDPE(HMI)
5777,MA11346E,19-Oct-24,GILVAN,,52,53,2584AL-2585AL,STD,8,7.9,400,40/40,180,180,170,170,170,170,160,160,160,160,160,160,,,LDPE(HMI)
5778,MA4737E,19-Oct-24,EVEREST,,1005.38,58,2648AL-2687AL,STD,8,8,280,40/40,160,160,160,160,160,160,160,160,150,150,150,150,,,LDPE(HMI)
5779,RA7886E,19-Oct-24,EASTERN,,305,74,2527AL-2533AL,STD,3,7.5,38,40/40,150,140,140,150,150,150,150,,,,,,,,LDPE HMI
5780,RA2508E,19-Oct-24,Evergood,,516,72,2617AL-2627AL,STD,3,9,38,60/60,160,150,150,140,140,150,150,,,,,,,,LDPE(HMI)
5781,UA8910E,19-Oct-24,STARKSON,,207.11,86,2494AL-2495AL,STD,5,6.5,250,60/60,170,170,170,170,160,160,160,160,160,150,150,,,,RUBBER
5782,WA11678E,19-Oct-24,INCON,,504.44,86,2612AL-2616AL,STD,5,10,300,40/40,170,110,110,170,160,160,160,160,160,170,170,,,,LDPE(HMI)
5783,WA15123E,19-Oct-24,GILVAN,,3000,85,2534AL-2563AL,STD,5,10,350,60/60,170,170,170,170,160,160,160,150,150,160,160,,,,LDPE(HMI)
5784,GA13854E,22-Oct-24,REIMAGINE,,112.13,61,2608AL-2610AL,STD,8,10,350,40/40,170,170,170,170,160,160,160,160,160,160,150,150,,,LDPE(HMI)
5785,GA13703E,22-Oct-24,PRESTIGE,,132.8,70,2833AL-2837AL,STD,8,15,300,40/40,180,200,180,180,180,180,180,180,180,180,180,,,,PP
5786,VA4869E,22-Oct-24,EVERGOOD,,107.69,74,2838AL-2840AL,STD,8,9,300,40/40,180,170,170,170,170,160,160,160,160,160,180,180,,,LDPE(HMI)
5787,KA15913E,22-Oct-24,EVEREST,,257.2,71,2799AL-2808AL,STD,8,9,250,40/40,180,200,180,180,180,180,180,180,180,180,180,180,,,PP
5788,KA2871E,22-Oct-24,EVERGOOD,,24.56,80,8793AK,STD,8,12,280,40/40,170,170,170,170,160,160,160,160,160,160,160,160,,,LDPE HMI
5789,UA8910E,22-Oct-24,STARKSON,,515,86,2817AL-2821AL,STD,5,6.5,250,60/60,170,170,170,170,160,160,160,160,160,150,150,,,,RUBBER
5790,WA15190E,22-Oct-24,NMH,,6250,85,2737AL-2798AL,STD,5,10,400,60/60,200,200,200,180,180,180,180,180,180,200,200,,,,(52-62 PPG) / PP
5791,BA4756E,23-Oct-24,EVERGOOD(corr),,24.4,74,2647AL,STD,8,10,350,40/40,170,170,170,170,170,170,160,160,160,160,150,150,,,LDPE HMI
5792,BA4701E,23-Oct-24,EVERGOOD,,109,50,2822AL-2825AL,STD,8,10,280,40/40,180,200,180,180,180,180,180,180,180,180,190,190,,,PP
5793,GA6246E,23-Oct-24,PLASTIMER(corr),,54.51,50,2865AL,STD,8,12,300,40/40,180,200,180,180,180,180,180,180,180,180,180,180,,,PP
5794,GA16415E,23-Oct-24,METRO CONT.(corr),,648.26,82,2866AL-2878AL,STD,8,13,380,40/40,170,170,170,170,160,160,160,160,160,150,150,150,,,LDPE HMI
5795,RA13698E,23-Oct-24,Prestige,,132.87,51,2828AL-2832AL, STD ,3,30,40,40/40,180,200,180,180,180,180,180,,,,,,,,PP
5796,VA16737E,24-Oct-24,EVEREST,,262.07,82,2809AL-2814AL,STD,8,10,380,40/40,170,170,170,170,160,160,160,160,160,160,150,150,,,LDPE HMI
5797,MA4737E,24-Oct-24,GENSTAR,,135,32,2572AL-2576AL,STD,8,8,280,40/40,160,160,160,160,160,160,160,160,150,150,150,150,,,LDPE(HMI)
5798,MA4737E,24-Oct-24,IN HOUSE,,50,32,2879AL-2880AL,STD,8,8,280,40/40,160,160,160,160,160,160,160,160,150,150,150,150,,,LDPE(HMI)
5799,BA15002E,24-Oct-24,MCBRIDE,,55,24.9,2815AL-2816AL,STD,8,9,200,40/40,220,220,220,220,220,220,220,220,220,220,230,230,,,90-100 ppg (PET)
5800,BA13023E,24-Oct-24,GENSTAR,,308.05,60,2841AL-2847AL,STD,8,9,280,40/40,170,170,170,170,160,160,160,150,150,150,160,160,,,LDPE HMI
5801,BA16130E,25-Oct-24,PHIL-TOP,,210,79,2911AL-2915AL,STD,8,10,380,40/40,170,170,170,170,170,170,160,160,160,150,150,150,,,LDPE HMI
5802,OA16199E,25-Oct-24,INCON,,211.07,77,2860AL-2864AL,STD,8,20,250,40/40,170,170,170,170,170,170,160,160,160,150,150,150,,,LDPE(HMI) / OPEN VACUUM PORT
5803,RA15101E,25-Oct-24,21st Century,,925,69,2892AL-2910AL,STD,3,10.2,29,40/40,150,150, ,140,150,150,150,,,,,,,,LDPE(HMI)
5804,IA15368E,26-Oct-24,CDC,,82.23,67.79,2916AL-2917AL,STD,3,8.5,25,40/40,150,130,130,140,140,150,150,,,,,,,,LDPE(HMI)
5805,DA15377E,26-Oct-24,CDC,,411.72,77,2919AL-2927AL,STD,3,9.2,35,40/40,150,130,130,140,140,150,150,,,,,,,,LDPE(HMI)
5806,GA1225E,26-Oct-24,SMYPC,,7500,87,3018AL-3167AL,STD,3,7.5,30,40/40,170,120,120,160,150,150,160,,,,,,,,LDPE(HMI)
5807,RA4665E,26-Oct-24,EVEREST(corr),,509.31,71,3261AL-3270AL,STD,3,12,35,80/80,150,130,130,140,140,150,150,,,,,,,,LDPE(HMI)
5808,WA5835E,28-Oct-24,CEBU JUNTRADE,,1029.71,99,2882AL-2891AL,STD,5,12,350,60/60,170,170,170,170,170,160,160,160,150,150,,,,,LDPE(HMI)
5809,WA1815E,26-Oct-24,NPPET GLOBAL,,110.94,80,2918AL,STD,5,8,280,60/60,170,170,170,170,160,160,160,160,160,160,160,,,,LDPE(HMI)
5810,WA15135E,26-Oct-24,TOPRITE,,131.4,87,2930AL-2931AL,STD,5,20,380,60/60,170,170,170,170,160,160,160,160,150,150,160,,,,LDPE(HMI)
5811,BA12556E,26-Oct-24,PACKAGEWORLD,,4000,100,2638AL-2645AL,STD,9,22,380,60/60,,170,170,170,170,160,160,160,160,150,150,,,,RUBBER
5812,GA1225E,26-Oct-24,SMYPC,,7500,97,3018AL-3167AL,STD,3,7.5,30,40/40,170,120,120,160,150,150,160,,,,,,,,LDPE(HMI)
5813,GA1225E,31-Oct-24,SMYPC,,4610.72,91,3168AL-3260AL;,STD,8,6.7,420,40/40,200,200,200,200,170,170,170,170,170,170,180,180,,,LDPE(HMI)
5814,DA15377E,26-Oct-24,CDC(tumbler/extrude),,407.57,30,2981AL-2982AL,STD,1,80,400,40/40,150,130,130,140,140,150,150,,,,,,,,LDPE(HMI)
5815,YA5917E,31-Oct-24,EVERGOOD,,205.63,25,2972AL-2976AL,STD,1,45,400,40/40,120,140,150,150,150,150,150,150,140,140,,,,,LDPE(HMI)
5816,KA4595E,31-Oct-24,EVERGOOD,,257,65,2983AL-2988AL,STD,3,8,25,40/40,150,130,130,140,140,150,150,,,,,,,,VACUUM ON / LDPE(HMI)
5817,YA5124E,4-Nov-24,EVERGOOD,,500,25,5653AK,STD,1,90,380,40/40,120,140,160,160,160,150,150,150,150,150,,,,,LDPE(HMI)
5818,RA7886E,28-Oct-24,EASTERN,,300,74,2932AL-2937AL,STD,3,7.5,38,40/40,150,140,140,150,150,150,150,,,,,,,,LDPE HMI
5819,RA7886E,31-Oct-24,PHILTOP,,258.56,39,2989AL-2998AL,STD,3,7.5,38,40/40,150,140,140,150,150,150,150,,,,,,,,LDPE HMI
5820,WA3827E,4-Nov-24,IN-HOUSE,,305.85,65,2938AL-2940AL,STD,5,80,300,40/40,200,200,200,200,180,180,180,180,180,200,200,,,,VACUUM ON/HDPE(HMI)
5821,CA16070E,7-Nov-24,SMYPC,,2537.99,25,3340AL-3440AL,STD,3,3.8,9,40,180,170,150,150,150,180,180,,,,,,,,RUBBER / VACUUM ON
5822,BA14432E,7-Nov-24,TERUMO,,1040.2,25,3460AL-3501AL,STD,1,80,250,40/40,180,200,180,180,180,180,180,180,180,180,,,,,3mmx3mm Pellet size
5823,WA6837E,7-Nov-24,TRADESPHERE,,108.9,70,3575AL-3577AL,STD,5,20,380,40/40,170,170,170,170,170,170,160,160,160,150,150,,,,HDPE HMI
5824,RA2508E,7-Nov-24,Evergood,,515,78,3578AL-3588AL,STD,8,9.5,420,60/60,170,170,170,170,170,160,160,160,160,160,160,160,,,LDPE(HMI)
5825,GA1225E,8-Nov-24,SMYPC(tumb/ext),,100,77,3510AL,STD,8,6.7,420,40/40,200,200,200,200,170,170,170,170,170,170,180,180,,,LDPE(HMI)
5826,YA5124E,9-Nov-24,EVERGOOD(corr),,498.34,76,3738AL-3747AL,STD,5,300,430,80/80,180,180,170,170,170,170,160,160,160,160,160,,,,LDPE(HMI)
5827,YA5917E,9-Nov-24,Evergood(corr),,254.26,68,3589AL-3593AL,STD,5,320,400,40/40,180,180,170,160,160,160,160,140,140,140,140,,,,
5828,BA14304E,6-Nov-24,PHIL-TOP,,260,75,3603AL-3608AL,STD,3,30,40,40/40,150,150,150,150,150,130,130,,,,,,,,LDPE(HMI)
5829,DA15568E,7-Nov-24,PHIL-TOP,,290,80,3714AL-3719AL,STD,5,20,380,40/40,170,170,170,160,160,160,160,160,150,150,150,,,,LDPE(HMI)
5830,BA7688E,11-Nov-24,EVEREST,,2010,64,3978AL-4018AL,STD,3,7.5,43,40/40,150,150,150,150,140,140,130,,,,,,,,VACUUM ON
5831,DA5176E,7-Nov-24,EVEREST,,885,80,3655AL-3672AL,STD,5,20,380,40/40,170,170,170,170,170,170,160,160,160,150,150,,,,LDPE(HMI)
5832,WA3827E,7-Nov-24,IN-HOUSE,,1000,65,3642AL-3651AL,STD,5,80,300,40/40,200,200,200,200,180,180,180,180,180,200,200,,,,VACUUM ON/HDPE(HMI)
5833,BA4140E,7-Nov-24,EVERBRIGHT,,725,69,3748AL-3776AL,STD,3,12,32,60/60,150,150,140,140,140,150,150,,,,,,,,VACUUM ON/LDPE(HMI)
5834,GA16706E,9-Nov-24,EVEREST,,250,58,3972AL-3976AL,STD,5,20,380,40/40,170,170,170,170,170,170,160,160,160,150,150,,,,LDPE HMI
5835,GA4921E,13-Nov-24,EVEREST(corr),,150.37,22,4225AL-4227AL,STD,8,15,350,40/40,180,180,170,170,170,160,160,160,160,160,160,160,,,LDPE(HMI)
5836,GA4440E,12-Nov-24,ZELLER,,61,25,4150AL-4152AL,STD,1,80,400,40/40,180,200,180,180,180,180,180,180,180,180,,,,,PP
5837,RA15449E,12-Nov-24,GILVAN,,55,22,4058AL,STD,1,100,250,40/40,120,140,150,150,150,150,150,150,140,140,,,,,LDPE(HMI)
5838,BA2091E,12-Nov-24,GREENPACK,,250,89,4133AL-4137AL,STD,3,9.5,28,60/60,150,150,140,140,150,150,150,,,,,,,,LDPE HMI
5839,BA4701E,11-Nov-24,INCON,,520,50,4080AL-4100AL,STD,3,30,40,40/40,180,200,180,180,180,180,180,,,,,,,,PP
5840,GA17119E,11-Nov-24,METRO CONTAINER(corr),,400,70,4242AL-4249AL,STD,5,20,380,40/40,170,170,170,170,170,170,160,160,160,160,150,,,,LDPE(HMI)
5841,RA9825E,12-Nov-24,SMYPC,,2600,80,4153AL-4204AL,STD,8,20,380,40/40,170,170,170,170,170,170,160,160,160,160,150,150,,,LDPE(HMI)
5842,GA2595E,12-Nov-24,In House,,125,25,4207AL-4211AL, STD ,5,200,250,40/40,200,220,220,220,220,220,220,220,220,220,220,,,,VACUUM ON/COIL SCREW
5843,IA1770E,11-Nov-24,EVERBRIGHT,,826.13,55,4021AL-4039AL/3895AL-3908AL,STD,5,140,340,60/60,160,160,160,160,160,160,160,160,160,150,150,,,,VACUUM ON/LDPE(HMI)
5844,MA4737E,13-Nov-24,EVEREST(tumbler),,750,50,4250AL-4252AL,STD,5,65,320,40/40,160,160,160,160,160,160,150,150,150,150,150,,,,VACUUM ON
5845,BA9094E,12-Nov-24,ZELLER,,58.17,50,4205AL-4206AL,STD,3,8,25,40/40,180,200,180,180,180,180,180,,,,,,,,PP
5846,WA11678E,12-Nov-24,INCON,,210,100,4148AL-4149AL,STD,9,,,40/40,,,,,,,,,,,,,,,LDPE(HMI)
5847,WA2127E,13-Nov-24,CEBU HI Q,,133.45,100,4253AL,STD,9,,,60/60,,,,,,,,,,,,,,,VACUUM ON / LDPE(HMI)
5848,BA14304E,12-Nov-24,PHIL-TOP,,50,75,4101AL,STD,3,30,40,40/40,150,150,150,150,150,130,130,,,,,,,,LDPE(HMI)
5849,WA15123E,12-Nov-24,GILVAN,,3060.34,100,4102AL-4132AL,STD,9,,,60/60,,,,,,,,,,,,,,,LDPE(HMI)
5850,VA4086E,8-Nov-24,IN HOUSE,,1000.7,57,3855AL-3894AL,STD,3,9.5,25,40/40,150,150,130,140,140,150,150,,,,,,,,VACUUM ON/LDPE(HMI)
5851,MA4737E,15-Nov-24,EVEREST(corr),,206.68,28,4389AL-4390AL/4475AL,STD,5,65,400,40/40,160,160,160,160,160,150,150,150,150,150,150,,,,VACUUM ON
5852,BA15965E,13-Nov-24,SMYPC,,515,69,4231AL-4241AL,STD,3,30,40,40/40,160,180,180,180,180,180,160,,,,,,,,HDPE HMI
5853,RA16846E,13-Nov-24,SMYPC,,515,70,4214AL-4224AL,STD,8,20,380,40/40,180,180,180,180,180,180,180,180,180,160,140,140,,,HDPE HMI
5854,RA15449E,12-Nov-24,GILVAN,,55,70,4058AL,STD,8,10,300,40/40,170,170,170,170,160,160,160,160,160,160,150,150,,,LDPE(HMI)
5855,YA5124E,11-Nov-24,EVEREST,,890,76,4040AL-4057AL,STD,5,160,400,40/40,180,180,170,160,160,160,160,140,140,140,140,,,,LDPE(HMI)
5856,KA8595E,13-Nov-24,INCON,,100,50,4138AL-4141AL,STD,8,8,200,40/40,170,170,170,170,170,170,170,170,170,170,175,175,,,PP
5857,YA7418E,11-Nov-24,EVEREST,,1020,73,4059AL-4079AL,STD,5,20,380,40/40,170,170,170,170,170,160,160,160,160,160,160,160,,,LDPE(HMI)
5858,BA0830E,15-Nov-24,UNA,,386.76,89,4477AL-4484AL,STD,3,30,40,60/60,150,150,150,150,150,130,130,,,,,,,,LDPE(HMI) / VACUUM ON
5859,OA8984E,15-Nov-24,EVEREST(corr),,133.56,60,4466AL-4468AL,STD,5,20,380,40/40,170,170,170,170,170,170,160,160,160,150,150,,,,LDPE(HMI)
5860,DA15377E,14-Nov-24,CDC(corr),,225.4,90,4381AL-4385AL,STD,8,10,280,40/40,170,170,170,170,170,170,160,160,160,150,150,150,,,LDPE(HMI)
5861,GA4921E,14-Nov-24,EVERGOOD,,260,81,4254AL-4259AL,STD,8,15,380,40/40,180,180,170,170,170,160,160,160,160,160,160,160,,,LDPE(HMI)
5862,GA13527E,14-Nov-24,CEBU HI Q,,260.6,70,4375AL-4380AL,STD,8,12,300,40/40,170,170,170,170,160,160,160,160,160,160,150,150,,,LDPE(HMI)
5863,GA8074E,31-Jul-24,EASTERN,,105,84,8843AK-8844AK,STD,8,12,400,40/40,170,170,170,170,160,160,160,160,160,150,150,150,,,LDPE HMI
5864,GA8074E,16-Nov-24,EASTERN(corr),,29.15,70,4475,STD,8,12,400,40/40,170,170,170,170,160,160,160,160,160,150,150,150,,,LDPE HMI
5865,GA17119E,15-Nov-24,METRO CONTAINER(corr),,361,70,4391AL-4396AL,STD,8,20,380,40/40,170,170,170,170,160,160,160,160,160,160,150,150,,,LDPE(HMI)
5866,VA4086E,12-Nov-24,IN-HOUSE(trial),,50,57,4212AL-4213AL,STD,3,9.5,25,40/40,150,150,130,140,140,150,150,,,,,,,,VACUUM ON/LDPE(HMI)
5867,BA2091E,18-Nov-24,GREENPACK,,1400,89,4496AL-4523AL,STD,3,9.5,28,60/60,150,150,140,140,150,150,150,,,,,,,,LDPE HMI
5868,TA16970E,18-Nov-24,PHIL-TOP,,260,70,4550AL-4555AL,STD,5,50,380,40/40,170,170,170,170,170,170,160,160,160,150,150,,,,LDPE HMI
5869,OA8984E,18-Nov-24,EVEREST,,133.56,60,4466AL-4468AL,STD,8,10,350,40/40,170,170,170,170,160,160,160,160,160,160,150,150,,,LDPE(HMI)
5870,VA17300E,18-Nov-24,INCON,,30,70,4476AL,STD,8,15,300,40/40,180,200,180,180,180,180,180,180,180,180,180,180,,,PP
5871,RA12739E,9-May-32,SMYPC,,5100,95,4266AL-4367AL,STD,8,15,350,40/40,170,170,170,170,160,160,160,160,150,150,150,150,,,LDPE HMI
5872,WA15190E,16-Nov-24,NMH,,6300,90,4403AL-4465AL,STD,9,,,60/60,,,,,,,,,,,,,,,(52-62 PPG) / PP
5873,GA17119E,18-Nov-24,METRO CONTAINER(corr),,405.39,70,4542AL-4549AL,STD,5,20,380,40/40,170,170,170,170,170,170,160,160,160,160,150,,,,LDPE(HMI)
5874,RA12739E,20-Nov-24,SMYPC,,4900,90,4266AL-4363AL,STD,5,20,380,40/40,150,170,170,170,170,170,160,160,160,150,150,,,,LDPE HMI
5875,BA6822E,14-Nov-24,Cebu Hi Q,,262.13,60,4260AL-4265AL,STD,3,8.3,28,40/40,150,140,140,130,130,150,150,,,,,,,,LDPE(HMI)
5876,DA5176E,15-Nov-24,INHOUSE,,250,80,4471AL,STD,5,20,380,40/40,170,170,170,170,170,170,160,160,160,150,150,,,,LDPE(HMI)
5877,YA7418E,21-Nov-24,EVEREST,,250,73,4615AL4619AL,STD,5,20,380,40/40,170,170,170,170,170,170,160,160,160,150,150,,,,LDPE(HMI)
5878,DA5176E,13-Nov-24,INHOUSE,,265.7,80,4142AL-4147AL,STD,5,20,380,40/40,170,170,170,170,170,170,160,160,160,150,150,,,,LDPE(HMI)
5879,YA15776E,14-Nov-24,SANICON,,56.5,50,4370AL-4371AL,STD,5,20,380,40/40,170,170,170,170,170,170,160,160,160,150,150,,,,LDPE(HMI)
5880,YA7418E,21-Nov-24,EVEREST(corr),,50,73,4648AL,STD,5,20,380,40/40,170,170,170,170,170,170,160,160,160,150,150,,,,LDPE(HMI)
5881,GA4440E,16-Nov-24,ZELLER,,25,50,4477AL,STD,5,15,300,40/40,180,200,180,180,180,180,180,180,180,180,180,,,,PP
5882,GA4136E,19-Nov-24,ZELLER,,50,75,4556AL-4557AL,STD,5,20,380,40/40,170,170,170,170,170,170,160,160,160,150,150,,,,LDPE(HMI)
5883,GA8074E,20-Nov-24,GLOBAL KONTEINER,,110.65,81,4481AL-4483AL,STD,5,20,380,40/40,170,170,170,170,170,170,160,160,160,150,150,,,,LDPE(HMI)
5884,GA1225E,5-Nov-24,SMYPC,,100,90,3510AL,STD,5,20,380,40/40,170,170,170,170,170,170,160,160,160,150,150,,,,LDPE(HMI)
5885,YA5124E,20-Nov-24,EVEREST(corr),,884.39,76,4589AL-4606AL,STD,5,20,380,40/40,170,170,170,170,170,170,160,160,160,150,150,,,,LDPE(HMI)
5886,BA12855E,19-May-24,CEBU HI Q,,140.2,60,0740AJ-0742AJ,STD,3,40,30,40/40,180,200,180,180,180,180,180,,,,,,,,PP
5887,VA4086E,20-Nov-24,IN-HOUSE(tumbler),,225,73,4609AL-4611AL,STD,3,9.5,25,40/40,150,150,130,140,140,150,150,,,,,,,,VACUUM ON/LDPE(HMI)
5888,CA17279E,20-Nov-24,EVERGOOD,,56.53,60,4364AL-4365AL,STD,3,30,40,40/40,180,200,180,180,180,180,180,,,,,,,,PP
5889,TA16970E,18-Nov-24,PHIL-TOP,,260,70,4550AL-4555AL,STD,3,30,40,40/40,150,150,150,150,150,130,130,,,,,,,,LDPE HMI
5890,TA16972E,16-Nov-24,PHIL-TOP,,257.33,70,4490AL-4495AL,STD,3,30,40,40/40,150,150,150,150,150,130,130,,,,,,,,LDPE HMI
5891,WA16299E,20-Nov-24,SANICON,,109.62,100,4366AL,STD,9,,,40/40,,,,,,,,,,,,,,,LDPE HMI
5892,WA13183E,20-Nov-24,STAR PLASTIC,,185.68,100,4581AL-4582AL,STD,9,,,40/40,,,,,,,,,,,,,,,LDPE(HMI)
5893,WA15071E,21-Nov-24,PACKAGEWORLD,,600,100,4649AL-4654AL,STD,9,,,40/40,,,,,,,,,,,,,,,LL38
5894,BA3925E,20-Nov-24,Evergood,,260.31,65,4583AL-4588AL,STD,5,20,380,40/40,170,170,170,170,170,170,160,160,160,150,150,,,,LDPE(HMI)
5895,RA13616E,20-Nov-24,STAR PLASTIC,,181.59,73,4577AL-4580AL,STD,3,8.3,28,40/40,150,110,110,150,150,150,150,,,,,,,,LDPE(HMI)
5896,RA7487E,20-Nov-24,GENSTAR,,127.52,65,4558AL-4560AL,STD,3,7.5,36,40/40,150,150,140,140,140,150,150,,,,,,,,LDPE HMI
5897,RA2508E,20-Nov-24,Evergood,,510,68,4561AL-4571AL,STD,3,9,45,60/60,160,150,150,140,140,150,150,,,,,,,,LDPE(HMI)
5898,KA8595E,21-Nov-24,INCON,,94.45,50,4572AL-4575AL,STD,8,8,200,40/40,180,200,180,180,180,180,180,180,180,180,180,180,,,PP
5899,KA8595E,21-Nov-24,INCON,,160,50,4620AL-4625AL,STD,8,8,200,40/40,180,200,180,180,180,180,180,180,180,180,180,180,,,PP
5900,VA17300E,21-Nov-24,INCON,,28.73,50,4655AL,STD,3,30,40,40/40,180,200,180,180,180,180,180,,,,,,,,PP
5901,IA1770E,21-Nov-24,EVERBRIGHT,,590.48,65,4626AL-4647AL,STD,8,22,400,60/60,180,180,170,170,170,160,160,160,160,160,180,180,,,VACUUM ON/LDPE(HMI)
5902,IA1770E,22-Nov-24,EVERBRIGHT,,175,65,4692AL,STD,8,22,400,60/60,180,180,170,170,170,160,160,160,160,160,180,180,,,VACUUM ON/LDPE(HMI)
5903,RA12739E,20-Nov-24,SMYPC(cont'n),,2900,75,4306AL-4363AL,STD,3,30,40,40/40,150,150,150,150,150,130,130,,,,,,,,LDPE HMI
5904,GA6050E,21-Nov-24,H&E,,56.2,50,4656AL-4657AL,STD,8,15,300,40/40,180,200,180,180,180,180,180,180,180,180,180,180,,,PP
5905,GA1956E,21-Nov-24,AMAZON,,300,105,4661AL-4666AL,STD,8,20,380,40/40,170,170,170,170,170,170,160,160,160,160,150,150,,,LDPE(HMI)
5906,DA16710E,22-Nov-24,GREENPACK,,500,83,4667AL-4676AL,STD,8,20,380,40/40,170,170,170,170,170,170,160,160,160,160,150,150,,,LDPE HMI
5907,VA16720E,22-Nov-24,GREENPACK,,200,83,4677AL-4680AL,STD,3,30,40,40/40,150,150,150,150,150,130,130,,,,,,,,LDPE HMI
5908,GA8074E,23-Nov-24,GLOBAL KONTEINER,,112.25,81,4710AL-4712AL,STD,8,12,300,40/40,170,170,170,170,160,160,160,160,150,150,150,150,,,LDPE(HMI)
5909,VA4086E,20-Nov-24,IN-HOUSE(reext),,350,60,4608AL-4611AL,STD,3,9.5,25,40/40,150,150,130,140,140,150,150,,,,,,,,VACUUM ON/LDPE(HMI)
5910,VA4086E,23-Nov-24,IN-HOUSE(corr),,200,60,4700AL-4704AL;4707AL-4709AL,STD,3,9.5,25,40/40,150,150,130,140,140,150,150,,,,,,,,VACUUM ON/LDPE(HMI)
5911,TA16970E,23-Nov-24,PHIL-TOP,,255.21,70,4713AL-4717AL,STD,8,20,380,40/40,170,170,170,170,170,170,160,160,160,160,150,150,,,LDPE HMI
5912,BA16708E,22-Nov-24,GREENPACK,,400,69,4681AL-4688AL,STD,5,20,380,40/40,170,170,170,170,170,170,160,160,160,150,150,,,,LDPE HMI
5913,WA12282E,11/15&16/2024,PACKAGEWORLD,,1600,100,4401AL;4397AL-4399AL,STD,9,25,380,60/60,,160,160,160,160,150,150,150,150,150,160,160,,,LDPE (HMI)
5914,WA12282E,21-Nov-24,PACKAGEWORLD,,1400,100,4658AL-4660AL,STD,9,25,380,60/60,,160,160,160,160,150,150,150,150,150,160,160,,,LDPE (HMI)
5915,YA7418E,23-Nov-24,EVEREST(corr),,750,77,4718AL-4732AL,STD,8,10,230,40/40,170,170,170,170,160,160,160,160,160,160,150,150,,,LDPE(HMI)
5916,YA7418E,26-Nov-24,EVEREST(trial),,50,77,4877AL,STD,8,10,230,40/40,170,170,170,170,160,160,160,160,160,160,150,150,,,LDPE(HMI)
5917,YA7822E,25-Nov-24,EASTERN,,208.91,77,4872AL-4876AL,STD,8,12,400,40/40,170,170,170,170,160,160,160,160,160,160,150,150,,,LDPE(HMI)
5918,RA11649E,25-Nov-24,MILLERS,,57.28,50,4870AL-4871AL,STD,5,15,300,60/60,175,195,175,175,175,175,175,175,175,175,175,,,,VACUUM ON/LESS 5°C/PP
5919,WA12282E,25-Nov-24,PACKAGEWORLD,,5500,100,4796AL-4806AL,STD,9,25,380,60/60,,160,160,160,160,150,150,150,150,150,160,160,,,LDPE (HMI)
5920,IA1770E,26-Nov-24,EVERBRIGHT,,200,55,4891AL-4898AL,STD,3,16,35,60/60,150,150,140,140,140,150,150,,,,,,,,VACUUM ON/LDPE(HMI)
5921,GA13925E,14-Nov-24,CEBU HI Q,,109.83,64,4372AL-4374AL,STD,3,30,40,40/40,150,150,150,150,150,130,130,,,,,,,,LDPE HMI
5922,GA17168E,23-Nov-24,CDC MFG CORP,,5,80,4705AL,STD,8,15,400,40/40,170,170,170,170,170,170,160,160,160,160,150,150,,,LDPE(HMI)
5923,YA7418E,26-Nov-24,EVEREST(reext),,50,77,4976AL,STD,8,10,180,40/40,180,180,180,180,170,170,170,170,170,170,160,160,,,LDPE(HMI) / ADD 10°C
5924,IA1770E,26-Nov-24,EVERBRIGHT(corr),,394.31,55,4981AL-4996AL,STD,3,16,35,60/60,150,150,140,140,140,150,150,,,,,,,,VACUUM ON/LDPE(HMI)
5925,BA15002E,23-Nov-24,MCBRIDE,,150,25,4733AL-4738AL,STD,5,15,280,40/40,220,220,220,220,220,220,220,220,220,220,220,220,,,90-100 ppg (PET)
5926,IA1770E,26-Nov-24,EVERBRIGHT(corr),,688.42,55,4879AL-4890AL/4981AL-4996AL,STD,3,16,35,60/60,150,150,140,140,140,150,150,,,,,,,,VACUUM ON/LDPE(HMI)
5927,GA4352E,26-Nov-24,ZELLER,,825,50,4900AL-4932AL,STD,8,9,250,40/40,180,200,180,180,180,180,180,180,180,180,180,180,,,PP
5928,GA4440E,27-Nov-24,ZELLER,,50,50,5035AL-5036AL,STD,8,7,240,40/40,180,200,180,180,180,180,180,180,180,180,180,180,,,PP
5929,GA1956E,26-Nov-24,AMAZON(cut),,1728.58,105,4941AL-4975AL,STD,8,20,380,40/40,170,170,170,170,170,170,160,160,160,160,150,150,,,LDPE(HMI)
5930,KA8595E,26-Nov-24,INCON,,105,50,4977AL-4980AL,STD,3,8,28,40/40,180,200,180,180,180,180,180,,,,,,,,PP
5931,KA9077E,28-Nov-24,H & E,,56.17,50,5040AL-5041AL,STD,3,30,40,40/40,180,200,180,180,180,180,180,,,,,,,,
5932,WA1815E,25-Nov-24,NPPET GLOBAL,,105,90,4692AL,STD,5,8,280,60/60,170,170,170,170,160,160,160,160,160,160,160,,,,LDPE(HMI)
5933,WA15123E,23-Nov-24,GILVAN,,3100,96,4739AL-4769AL,STD,5,10,380,60/60,170,170,170,170,160,160,160,150,150,160,160,,,,LDPE(HMI)
5934,YA13953E,27-Nov-24,AG CANPRINT,,107.4,55,5037AL-5039AL,STD,8,15,350,40/40,170,170,170,170,160,160,160,160,160,160,150,150,,,LDPE HMI
5935,BA12615E,27-Nov-24,PLEXCO,,258.54,55,5014AL-5019AL,STD,3,10,35,40/40,150,150,140,140,140,150,150,,,,,,,,LDPE HMI
5936,GA17119E,28-Nov-24,METRO CONTAINER,,400,80,5092AL-5099AL,STD,8,20,380,40/40,170,170,170,170,160,160,160,160,160,160,150,150,,,LDPE(HMI)
5937,GA8074E,28-Nov-24,GLOBAL KONTEINER,,125,81,5111AL-5113AL,STD,8,12,300,40/40,170,170,170,170,160,160,160,160,150,150,150,150,,,LDPE(HMI)
5938,YA5993E,27-Nov-24,EVERGOOD,,523.32,75,5020AL-5030AL,STD,8,20,425,40/40,170,170,170,170,160,160,160,160,160,160,170,170,,,LDPE(HMI)
5939,TA16970E,28-Nov-24,PHIL-TOP(corr),,252.69,80,5106AL-5110AL,STD,3,30,40,40/40,150,150,150,150,150,130,130,,,,,,,,LDPE HMI
5940,VA17300E,26-Nov-24,INCON,,30,50,4997AL,STD,3,30,40,40/40,180,200,180,180,180,180,180,,,,,,,,PP
5941,BA4756E,27-Nov-24,EVERGOOD,,242.92,70,5042AL-5046AL,STD,3,8.3,25,40/40,150,150,140,140,130,130,150,,,,,,,,LDPE HMI
5942,BA17296E,28-Nov-24,EVEREST,,125,60,5118AL-5120AL,STD,3,30,40,40/40,150,150,150,150,150,130,130,,,,,,,,LDPE (HMI)
5943,IA9912E,27-Nov-24,Evergood,,157.44,63,5031AL-5034AL,STD,3,30,40,40/40,150,150,150,150,150,130,130,,,,,,,,LDPE(HMI)
5944,RA2508E,28-Nov-24,Evergood,,659.8,67,4998AL-5011AL,STD,3,9,40,60/60,160,150,150,140,140,150,150,,,,,,,,LDPE(HMI)
5945,BA16708E,29-Nov-24,GREENPACK,,360,69,5131AL-5138AL,STD,3,30,40,40/40,150,150,150,150,150,130,130,,,,,,,,LDPE HMI
5946,WA17031E,26-Nov-24,METRO CONTAINER,,762.49,80,4933AL-4940AL,STD,5,15,300,40/40,180,200,180,180,180,180,180,180,180,180,180,,,,PP
5947,WA11295E,25-Nov-24,BEVPACK,,2540,64,4771AL-4795AL,STD,5,20,380,40/40,170,170,170,170,170,160,160,160,150,150,,,,,LDPE(HMI)
5948,YA16192E,28-Nov-24,ARC,,1994.44,95,5158AL-5197AL,STD,8,12,350,40/40,170,170,170,170,170,170,160,160,160,160,150,150,,,LDPE HMI
5949,VA16720E,29-Nov-24,GREENPACK,,207.64,83,5139AL-5142AL,STD,3,30,40,40/40,150,150,150,150,150,130,130,,,,,,,,LDPE HMI
5950,BA7688E,28-Nov-24,EVEREST,,50,65,4705AL,STD,3,7.5,43,40/40,150,150,150,150,140,140,130,,,,,,,,LDPE (HMI)/VACUUM ON
5951,GA14433E,28-Nov-24,TERUMO,,112,25,5088AL-5091AL,STD,1,85,250,40/40,180,200,180,180,180,180,180,180,180,180,180,,,,PP / 3mmx3mm Pellet size
5952,WA14068E,28-Nov-24,Zeller,,525,69,5100AL-5104AL,STD,5,6.5,280,40/40,200,200,180,180,180,180,180,180,180,180,180,,,,HDPE(HMI)
5953,YA14431E,28-Nov-24,TERUMO,,1005,25,5048AL-5087AL,STD,1,85,250,40/40,180,200,180,180,180,180,180,180,180,180,,,,,3mmx3mm Pellet size
5954,GA4952E,29-Nov-24,EVEREST,,250,69,5152AL-5156AL, STD ,8,10,300,40/40,170,170,170,170,160,160,160,160,160,160,150,150,,, LDPE(HMI)
5955,VA3291E,2-Dec-24,Evergood,,107.18,65,5256AL-5258AL,STD,3,30,40,40/40,150,150,150,150,150,130,130,,,,,,,,LDPE(HMI)
5956,SA11780E,29-Nov-24,SMYPC,,208.84,74,5231AL-5235AL,STD,8,10,350,40/40,170,170,170,170,170,170,160,160,160,160,150,150,,,LDPE(HMI)
5957,WA13183E,12-Oct-24,STAR PLASTIC,,183.23,84,2273AL-2274AL,STD,5,8,280,40/40,180,100,110,110,170,160,160,160,160,180,180,,,,LDPE(HMI)
5958,VA16720E,29-Nov-24,GREENPACK,,505,83,5121AL-5130AL,STD,3,30,40,40/40,150,150,150,150,150,130,130,,,,,,,,LDPE HMI
5959,GA1956E,26-Nov-24,AMAZON(cont'n),,1728.58,105,4941AL-4975AL,STD,8,20,380,40/40,170,170,170,170,170,170,160,160,160,160,150,150,,,LDPE(HMI)
5960,WA16973E,29-Nov-24,PHIL-TOP,,133.65,83,5230AL,STD,5,20,380,40/40,170,170,170,170,170,170,170,160,160,150,150,,,,LDPE(HMI)
5961,WA11678E,29-Nov-24,INCON,,300,86,5245AL-5247AL,STD,5,10,300,40/40,170,110,110,170,160,160,160,160,160,170,170,,,,LDPE(HMI)
5962,WA13183E,29-Nov-24,STAR PLASTIC,,35,78,5099AL,STD,5,8,280,40/40,180,100,110,110,170,160,160,160,160,180,180,,,,LDPE(HMI)
5963,OA14430E,28-Nov-24,TERUMO,,57.8,25,5012AL-5013AL,STD,1,80,250,40/40,180,200,180,180,180,180,180,180,180,180,180,,,,3mmx3mm Pellet size
5964,YA16164E,29-Nov-24,EVEREST(trial),,559.23,68,5218AL-5229AL,STD,8,12,300,40/40,170,170,170,160,160,160,150,150,150,150,150,150,,,LDPE HMI
5965,BA16708E,2-Dec-24,GREENPACK(corr),,50.13,69,5251AL,STD,3,30,40,40/40,150,150,150,150,150,130,130,,,,,,,,LDPE HMI
5966,BA4662E,2-Dec-24,TOPRITE,,136.31,65,5266AL-5268AL,STD,3,18,35,100/100,150,150,150,150,150,130,130,,,,,,,,LDPE HMI
5967,RA16846E,3-Dec-24,SMYPC,,515,70,5352AL-5362AL,STD,3,30,40,40/40,160,180,180,180,180,180,160,,,,,,,,HDPE HMI
5968,RA12739E,3-Dec-24,SMYPC,,150,69,5339AL-5341AL,STD,3,10,28,40/40,150,130,130,150,150,150,150,,,,,,,,LDPE HMI
5969,MA13810E,3-Dec-24,INCON,,53,18,5379AL-5380AL,STD,1,70,400,40/40,180,200,180,180,180,180,180,180,180,180,,,,,PP
5970,TA11781E,3-Dec-24,SMYPC(trial),,150,66,5261AL-5237AL,STD,8,20,380,40/40,170,170,170,170,170,170,160,160,160,160,150,150,,,LDPE HMI
5971,TA16972E,29-Nov-24,PHIL-TOP,,125,70,5248AL-5250AL,STD,8,20,380,40/40,170,170,170,170,170,170,160,160,160,160,150,150,,,LDPE HMI
5972,YA12705E,2-Dec-24,PLEXCO,,205.41,79,5252AL-5255AL,STD,8,20,380,40/40,170,170,170,170,170,170,160,160,160,160,150,150,,,LDPE(HMI)
5973,YA13953E,3-Dec-24,AG CANPRINT(corr),,150,70,5372AL-5374AL,STD,8,15,350,40/40,170,170,170,170,160,160,160,160,160,160,150,150,,,LDPE HMI
5974,OA14302E,3-Dec-24,INCON,,106,76,5369AL-5371AL,STD,8,10,350,40/40,170,170,160,160,160,160,150,150,150,150,150,150,,,LDPE(HMI)
5975,BA15050E,2-Dec-24,PACKAGE WORLD,,100,42,5259AL-5260AL,STD,3,30,40,40/40,150,150,150,150,150,130,130,,,,,,,,LL38
5976,TA11781E,29-Nov-24,SMYPC,,210.1,66,5238AL-5242AL,STD,8,20,380,40/40,170,170,170,170,170,170,160,160,160,160,150,150,,,LDPE HMI
5977,WA15190E,3-Dec-24,NMH,,3800,85,5270AL-5307AL,STD,5,10,400,60/60,200,200,200,180,180,180,180,180,180,200,200,,,,(52-62 PPG) / PP
5978,RA7886E,3-Dec-24,EASTERN,,305,69,5333AL-5338AL,STD,3,5.5,45,40/40,150,140,140,150,150,150,150,,,,,,,,LDPE HMI
5979,BA17296E,3-Dec-24,EVEREST,,263.48,69,5316AL-5321AL,STD,3,30,40,40/40,150,150,150,150,150,130,130,,,,,,,,LDPE (HMI)
5980,IA9912E,3-Dec-24,Evergood,,6,25,5263AL,STD,1,80,400,40/40,120,140,150,150,150,150,150,150,140,140,,,,,LDPE(HMI)
5981,VA17300E,3-Dec-24,INCON,,25,25,5262AL,STD,1,80,400,40/40,180,200,180,180,180,180,180,180,180,180,,,,,PP
5982,OA8984E,3-Dec-24,EVERGOOD,,517.04,63,5322AL-5332AL,STD,8,10,350,40/40,170,170,170,170,160,160,160,160,160,160,150,150,,,LDPE(HMI)
5983,GA17119E,11/29/2024 & 12/02/2024,METRO CONTAINER(trial),,670,61,5144AL-5151AL;5363AL-5368AL,STD,3,8.6,25,40/40,150,140,140,150,150,150,150,,,,,,,,LDPE(HMI)
5984,BA4756E,4-Dec-24,EVERGOOD,,25,25,5372AL,STD,1,80,400,40/40,120,140,150,150,150,150,150,150,140,140,,,,,LDPE HMI
5985,YA16164E,4-Dec-24,EVEREST,,1740,68,5198AL-5217AL;5390AL-5404AL,STD,8,12,300,40/40,170,170,170,160,160,160,150,150,150,150,150,150,,,LDPE HMI
5986,WA15190E,2-Dec-24,NMH(trial),,50,85,5269AL,STD,5,10,400,60/60,200,200,200,180,180,180,180,180,180,200,200,,,,(52-62 PPG) / PP
5987,GA16014E,3-Dec-24,CANLINE,,400,60,5308AL-5315AL,STD,3,8,40,40/40,150,150,150,150,160,160,160,,,,,,,,LDPE(HMI)
5988,CA17279E,3-Dec-24,EVERGOOD,,105,50,5375AL-5378AL,STD,3,30,40,40/40,180,200,180,180,180,180,180,,,,,,,,PP
5989,BA17070E,3-Dec-24,ROWELL ,,4600,100,5342AL-5351AL,STD,9,22,380,60/60,,170,170,170,170,160,160,160,160,150,150,,,,RUBBER
5990,WA14068E,3-Dec-24,Zeller,,100,69,5381AL-5382AL,STD,8,7.6,280,40/40,200,200,180,180,180,180,170,170,170,170,180,180,,,HDPE(HMI)
5991,GA4952E,5-Dec-24,EVEREST(corr),,247.89,78,5457AL-5461AL, STD ,8,10,350,40/40,170,170,170,170,160,160,160,160,160,160,150,150,,, LDPE(HMI)
5992,GA17465E,6-Dec-24,SMYPC,,2000,70,5475AL-5514AL(cut), STD ,8,20,380,40/40,170,170,170,170,170,170,160,160,160,160,150,150,,, LDPE(HMI)
5993,WA15190E,25-Nov-24,NMH,,6300,85,4807AL-4869AL,STD,5,10,400,60/60,200,200,200,180,180,180,180,180,180,200,200,,,,(52-62 PPG) / PP
5994,WA8512E,5-Dec-24,AMAZON,,5050,86,5405AL-5455AL,STD,5,10,380,40/40,160,160,160,160,160,160,160,150,150,150,150,,,,VACUUM ON / LDPE(HMI)
5995,GA6246E,7-Dec-24,PLASTIMER,,133.93,54,5590AL-5594AL,STD,8,8,250,40/40,180,200,180,180,180,180,180,180,180,180,185,185,,,PP
5996,YA13953E,7-Dec-24,AG CANPRINT(corr),,104.35,72,5462AL-5463AL,STD,8,10,300,40/40,170,170,170,170,160,160,160,160,150,150,150,150,,,LDPE HMI
5997,BA17070E,3-Dec-24,ROWELL ,,4400,100,5342AK-5350AK,STD,9,25,380,60/60,,160,160,160,160,150,150,150,150,150,160,160,,,RUBBER
5998,VA4537E,7-Dec-24,H & E,,57.6,50,5586AL-5587AL,STD,8,8,250,40/40,180,200,180,180,180,180,180,180,180,185,185,,,,PP
5999,BA4520E,7-Dec-24,H & E,,57.18,50,5588AL-5589AL,STD,8,8,260,40/40,200,200,180,180,180,180,180,180,180,180,200,200,,,PP
6000,BA9080E,12/7&9/2024,H & E,,57.96,57.96,5595AL-5596AL,STD,8,8,200,40/40,180,200,180,180,180,180,180,180,180,185,185,,,,PP
6001,BA15965E,7-Dec-24,SMYPC,,515,60,5556AL-5566AL,STD,8,10,250,40/40,170,170,170,160,160,160,150,150,150,150,150,150,,,LDPE HMI
6002,BA12556E,6-Dec-24,PACKAGEWORLD,,4100,100,5466AL-5474AL,STD,9,25,380,60/60,,160,160,160,160,150,150,150,150,150,160,160,,,RUBBER
6003,BA4756E,6-Dec-24,EVERGOOD(corr),,24.47,74,5373AL,STD,8,10,350,40/40,170,170,170,170,170,170,160,160,160,160,150,150,,,LDPE HMI
6004,GA17119E,9-Dec-24,METRO CONTAINER(corr),,660.25,61,5607AL-5619AL,STD,3,8.6,25,40/40,150,140,140,150,150,150,150,,,,,,,,LDPE(HMI)
6005,BA17296E,9-Dec-24,EVEREST,,200,69,5621AL-5624AL,STD,8,20,380,40/40,170,170,170,170,170,170,160,160,160,160,150,150,,,LDPE (HMI)
6006,GA17119E,9-Dec-24,METRO CONTAINER(trial),,25,61,5620AL,STD,3,8.6,25,40/40,150,140,140,150,150,150,150,,,,,,,,LDPE(HMI)
6007,KA4607E,9-Dec-24,EVERGOOD,,56.13,60,5625AL-5626AL,STD,8,15,300,40/40,180,200,180,180,180,180,180,180,180,180,180,180,,,PP
6008,VA3291E,9-Dec-24,Evergood,,56,80,5646AL-5647AL,STD,1,80,400,40/40,120,140,150,150,150,150,150,150,140,140,,,,,LDPE(HMI)
6009,BA4701E,9-Dec-24,EVERGOOD,,50,22,5674AL-5675AL,STD,1,100,250,40/40,180,200,180,180,180,180,180,180,180,180,,,,,PP
6010,BA9159E,9-Dec-24,Evergood,,109,22,5643AL-5645AL,STD,1,80,400,40/40,120,140,150,150,150,150,150,150,140,140,,,,,LDPE(HMI)
6011,MA13810E,7-Dec-24,INCON,,53,50,5605AL-5606AL,STD,8,15,300,40/40,180,200,180,180,180,180,180,180,180,180,180,180,,,PP
6012,YA5993E,9-Dec-24,EVERGOOD,,778,60,5627AL-5642AL,STD,8,20,425,40/40,170,170,170,170,160,160,160,160,160,160,170,170,,,LDPE(HMI)
6013,OA17379E,11-Dec-24,SAMPAGUITA,,720,80,5744AL-5758AL,STD,8,20,380,40/40,170,170,170,170,170,170,160,160,160,160,150,150,,,LDPE(HMI)
6014,WA15071E,27-Apr-24,PACKAGEWORLD,,150,58,5684AL-5685AL,STD,5,13,300,40/40,170,170,170,170,160,160,160,150,150,160,160,,,,LL38
6015,GA6246E,10-Dec-24,PLASTIMER(corr),,131.12,52,5741AL-5743AL,STD,3,30,40,40/40,180,200,180,180,180,180,180,,,,,,,,PP
6016,GA16014E,7-Dec-24,CANLINE(corr),,393.85,65,5597AL-5604AL,STD,3,8,40,40/40,150,150,150,150,160,160,160,,,,,,,,LDPE(HMI)
6017,GA16014E,9-Dec-24,CANLINE,,625,60,5723AL-5735AL,STD,3,8,40,40/40,150,150,150,150,160,160,160,,,,,,,,LDPE(HMI)
6018,KA2871E,9-Dec-24,EVEREST,,1263.61,89,5648AL-5673AL,STD,8,12,280,40/40,170,170,170,170,160,160,160,160,160,160,160,160,,,LDPE HMI
6019,KA9045E,9-Dec-24,EVEREST(trial),,500,82,5686AL-5695,STD,8,13,400,40/40,180,180,170,170,170,160,160,160,160,160,150,150,,,LDPE HMI
6020,BA4756E,11-Dec-24,EVERGOOD,,48.92,22,5759AL-5760AL,STD,1,80,400,40/40,120,140,150,150,150,150,150,150,140,140,,,,,LDPE HMI
6021,GA4952E,10-Dec-24,EVEREST(corr),,260,70,5736AL-5740AL, STD ,3,9.5,36,40/40,150,130,130,140,140,150,150,,,,,,,,VACUUM ON / LDPE(HMI)
6022,GA13854E,9-Dec-24,REIMAGINE,,100,70,5721AL-5722AL,STD,3,30,40,40/40,150,150,150,150,150,130,130,,,,,,,,LDPE(HMI)
6023,GA17465E,6-Dec-24,SMYPC,,2050,70,5515AL-5555AL, STD ,3,30,40,40/40,150,150,150,150,150,130,130,,,,,,,, LDPE(HMI)
6024,VA4869E,11-Dec-24,EVERGOOD,,261.79,22,5803AL-5808AL,STD,1,80,400,40/40,120,140,150,150,150,150,150,150,140,140,,,,,LDPE(HMI)
6025,KA9045E,12/9&12/2024,EVEREST,,1270,82,5696AL-5720AL;5852AL,STD,8,13,400,40/40,180,180,170,170,170,160,160,160,160,160,150,150,,,LDPE HMI
6026,MA11346E,12-Dec-24,GILVAN,,57.23,22,5874AL-5875AL,STD,1,80,400,40/40,120,140,150,150,150,150,150,150,140,140,,,,,LDPE(HMI)
6027,YA8107E,14-Dec-24,GILVAN(corr),,36.75,22,5877AL,STD,1,80,400,40/40,120,140,150,150,150,150,150,150,140,140,,,,,LDPE HMI
6028,OA7922E,12-Dec-24,GILVAN,,55.3,22,5876AL,STD,1,80,400,40/40,160,180,180,180,180,180,180,180,160,160,,,,,HDPE(HMI)
6029,GA12411E,11-Dec-24,GENSTAR,,250,53,5780AL-5789AL,STD,3,30,40,40/40,180,200,180,180,180,180,180,,,,,,,,PP
6030,WA15123E,12-Dec-24,GILVAN,,3100,95,5821AL-5851AL,STD,5,10,380,60/60,170,170,170,170,160,160,160,150,150,160,160,,,,LDPE(HMI)
6031,RA12706E,11-Dec-24,PLEXCO,,261.22,80,5761AL-5766AL,STD,8,10,300,40/40,170,170,170,170,160,160,160,160,160,160,150,150,,,LDPE HMI
6032,YA8107E,14-Dec-24,GILVAN(trial),,14,22,6020AL,STD,1,80,400,40/40,120,140,150,150,150,150,150,150,140,140,,,,,LDPE HMI
6033,GA17119E,14-Dec-24,METRO CONTAINER(corr),,750,61,6020AL-6034AL,STD,3,8.6,25,40/40,150,140,140,150,150,150,150,,,,,,,,LDPE(HMI)
6034,RA9825E,13-Dec-24,SMYPC,,4050,78,5917AL-5997AL,STD,8,20,380,40/40,170,170,170,170,170,170,160,160,160,160,150,150,,,LDPE(HMI)
6035,BA12861E,11-Dec-24,AG CANPRINT,,260.09,62,5790AL-5799AL,STD,3,30,40,40/40,180,200,180,180,180,180,180,,,,,,,,PP
6036,GA16014E,14-Dec-24,CANLINE(corr),,250,70,5907AL-5911AL,STD,3,8,40,40/40,150,150,150,150,160,160,160,,,,,,,,LDPE(HMI)
6037,GA16014E,14-Dec-24,CANLINE(corr),,250,70,5912AL-5916AL,STD,3,8,40,40/40,150,150,150,150,160,160,160,,,,,,,,LDPE(HMI)
6038,MA13810E,13-Dec-24,INCON,,48.52,22,5889AL,STD,1,70,400,40/40,180,200,180,180,180,180,180,180,180,180,,,,,PP
6039,YA15681E,14-Dec-24,CDC,,82,22,5903AL-5904AL,STD,1,80,800,40/40,120,140,150,150,150,150,150,150,140,140,,,,,LDPE(HMI)
6040,WA16245E,13-Dec-24,ALLIED,,1024,98,5998AL-6007AL,STD,5,10,380,40/40,170,170,170,170,170,170,160,160,160,150,150,,,,LDPE HMI
6041,GA13854E,16-Dec-24,REIMAGINE,,102.14,70,6043AL-6044AL,STD,3,30,40,40/40,150,150,150,150,150,130,130,,,,,,,,LDPE(HMI)
6042,BA3925E,11-Dec-24,Evergood,,257,83,5809AL-5814AL,STD,3,8.6,25,40/40,150,130,130,140,140,150,150,,,,,,,,LDPE(HMI)
6043,BA13023E,11-Dec-24,GENSTAR,,260.22,55,5767AL-5772AL,STD,3,8,28,40/40,150,150,150,140,140,150,150,,,,,,,,LDPE(HMI)
6044,BA12068E,11-Dec-24,EVEREST,,132.98,42,5800AL-5802AL,STD,3,6.7,40,40/40,170,160,160,140,140,150,150,,,,,,,,LDPE(HMI)
6045,BA17296E,11-Dec-24,EVEREST,,260,60,5773AL-5778AL,STD,3,30,40,40/40,150,150,150,150,150,130,130,,,,,,,,LDPE (HMI)
6046,YA16074E,13-Dec-24,GENSTAR,,132,22,6008AL-6010AL,STD,1,80,400,40/40,120,140,150,150,150,150,150,150,140,140,,,,,LDPE (HMI)
6047,YA15176E,13-Dec-24,MCBRIDE,,56.68,22,6013AL-6014AL,STD,1,90,300,40/40,120,140,150,150,150,150,150,150,140,140,,,,,LDPE(HMI)
6048,KA16155E,16-Dec-24,I TUNG,,30,22,6041AL,,1,80,400,40/40,120,140,150,150,150,150,150,150,140,140,,,,,LDPE(HMI)
6049,GA6246E,13-Dec-24,PLASTIMER,,55,22,6011AL-6012AL,STD,1,80,400,40/40,180,200,180,180,180,180,180,180,180,180,,,,,PP
6050,RA17422E,16-Dec-24,PREMIER,,107,75,6038AL-6040AL,STD,8,20,380,40/40,170,170,170,170,170,170,160,160,160,160,150,150,,,LDPE(HMI)
6051,RA5277E,13-Dec-24,EVERGOOD,,260.31,77,5897AL-5902AL,STD,8,15,400,40/40,180,180,180,170,170,170,170,160,160,160,160,150,,,LDPE(HMI)
6052,DA10063E,13-Dec-24,Evergood,,225,119,6015AL-6019AL,STD,8,12,380,40/40,170,170,170,170,170,160,160,160,160,150,150,,,,LDPE(HMI)
6053,RA17423E,16-Dec-24,PREMIER,,107,70,6035AL-6037AL,STD,8,20,380,40/40,170,170,170,170,170,170,160,160,160,160,150,150,,,LDPE(HMI)
6054,WA15190E,14-Dec-24,NMH(trial),,100,85,5905AL,STD,5,10,400,60/60,200,200,200,180,180,180,180,180,180,200,200,,,,(52-62 PPG) / PP
6055,WA3827E,14-Dec-24,IN-HOUSE,,1000,65,5879AL-5888AL,STD,5,80,300,40/40,200,200,200,200,180,180,180,180,180,200,200,,,,VACUUM ON/HDPE(HMI)
6056,GA16014E,18-Dec-24,CANLINE(tumb),,952,70,6134AL-6137AL,STD,8,12,400,40/40,200,200,200,180,180,180,180,180,180,180,160,160,,,LDPE(HMI)
6057,GA16706E,17-Dec-24,EVEREST,,134.02,65,6087AL-6089AL,STD,8,20,380,40/40,170,170,170,170,170,170,160,160,160,160,150,150,,,LDPE HMI
6058,BA15050E,9-Dec-24,PACKAGE WORLD,,100,42,5676AL-5683AL,STD,3,30,40,40/40,150,150,150,150,150,130,130,,,,,,,,LL38
6059,WA15190E,25-Nov-24,NMH,,4057,85,4829AL-4869AL(cont'n),STD,5,10,400,60/60,200,200,200,180,180,180,180,180,180,200,200,,,,(52-62 PPG) / PP
6060,GA16014E,18-Dec-24,CANLINE(tumb),,952,70,6134AL-6137AL,STD,8,20,380,40/40,170,170,170,170,170,170,160,160,160,160,150,150,,,LDPE(HMI)
6061,GA16014E,19-Dec-24,CANLINE(tumb),,500,70,6140AL-6149AL,STD,8,20,380,40/40,170,170,170,170,170,170,160,160,160,160,150,150,,,LDPE(HMI)
6062,RA12372E,17-Dec-24,SPI,,516.52,71,6092AL-6102AL,STD,3,8.3,20,60/60,150,150,140,140,150,150,150,,,,,,,,LDPE(HMI)
6063,RA7487E,18-Dec-24,GENSTAR,,207.58,60,6129AL-6133AL,STD,3,7.5,36,40/40,150,150,140,140,140,150,150,,,,,,,,LDPE HMI
6064,GA16014E,19-Dec-24,CANLINE(tumb),,450,70,6151AL-6152AL,STD,8,20,380,40/40,170,170,170,170,170,170,160,160,160,160,150,150,,,LDPE(HMI)
6065,GA16014E,18-Dec-24,CANLINE(corr),,100,70,6138AL-6139AL,STD,8,20,380,40/40,170,170,170,170,170,170,160,160,160,160,150,150,,,LDPE(HMI)
6066,GA3383E,19-Dec-24,EVEREST,,390.44,85,6169AL-6176AL,STD,8,15,350,40/40,170,170,170,170,170,170,170,160,160,150,150,150,,,VACUUM ON / LDPE(HMI)
6067,GA17465E,19-Dec-24,SMYPC,,7,22,6150AL, STD ,1,80,400,40/40,120,140,150,150,150,150,150,150,140,140,,,,, LDPE(HMI)
6068,GA8074E,19-Dec-24,ALPATECH,,55,22,6168AL,STD,1,80,380,40/40,120,140,150,150,150,150,150,150,140,140,,,,,LDPE HMI
6069,KA16155E,20-Dec-24,I TUNG(corr),,29.14,22,6181AL,,1,80,400,40/40,120,140,150,150,150,150,150,150,140,140,,,,,LDPE(HMI)
6070,OA2469E,11-Dec-24,H & E,,259.56,65,5815AL-5820AL,STD,3,12,28,40/40,150,130,130,150,150,150,150,,,,,,,,LDPE(HMI)
6071,WA11295E,17-Dec-24,BEVPACK,,1250,65,6103AL-6115AL(cut),STD,5,20,380,40/40,170,170,170,170,170,160,160,160,150,150,,,,,LDPE(HMI)
6072,WA12282E,12-Dec-24,PACKAGEWORLD,,5250,100,5853AL-5863AL(cut),STD,9,25,380,60/60,,160,160,160,160,150,150,150,150,150,160,160,,,LDPE (HMI)
6073,GA12411E,19-Dec-24,GENSTAR,,264.12,61,6157AL-6167AL,STD,8,18,350,40/40,200,200,180,180,180,180,180,180,180,180,180,180,,,PP
6074,GA6246E,20-Dec-24,PLASTIMER,,52,22,6179AL,STD,8,8,250,40/40,180,200,180,180,180,180,180,180,180,180,185,185,,,PP
6075,WA11295E,2-Jan-25,BEVPACK,"2,575.00",2447.78,63.58,6103AL-6128AL,STD,5,20,380,40/40,170,170,170,170,170,160,160,160,160,160,150,150,,LDPE  HMI,CHANGE SCREEN ( 1-4-25)
6076,WA12282E,2-Jan-25,PACKAGE WORLD,"10,500.00",10337.8,103.2,5853AL5873AL,STD,9,25,380,60/60,,160,160,160,160,150,150,150,150,150,150,160,160,LDPE  HMI,
6077,GA17465E,2-Jan-25,SMYPC,7,6.7,20.1,6150AL,STD,1,80,400,40/40,120,140,150,150,150,150,150,150,150,140,140,,,,
6078,GA8074E,2-Jan-25,ALPHA TECH,55,53.64,23.44,6168AL,STD,1,80,380,40/40,120,140,150,150,150,150,150,150,150,140,140,,,LDPE  HMI,
6079,GA16014E,2-Jan-25,CANLINE(TUMB),275,269.5,66,6180AL-6186AL,STD,8,20,380,40/40,170,170,170,170,170,170,160,160,160,160,160,150,150,LDPE  HMI,1500 SHUT OFF
6080,KA16155E,2-Jan-25,I TUNG,29.14,28.43,24.37,6181AL,STD,1,80,400,40/40,120,140,150,150,150,150,150,150,140,140,,,,LDPE  HMI,
6081,GA6246E,2-Jan-25,PLASTIMER(corr),64.97,63.73,50.98,6184AL-6185AL,STD,8,8,250,40/40,180,200,180,180,180,180,180,180,180,180,180,185,185,PP,
6082,GA16014E,3-Jan-25,CANLINE(CORR),370.88,370,65.29,6187AL-6194AL,STD,8,10,250,40/40,170,170,170,170,170,160,160,160,160,160,160,150,150,LDPE  HMI,
6083,GA5520E,3-Jan-25,H & E,84.23,81.55,46.6,6196AL-6197AL,STD,8,9,270,40/40,170,170,170,170,160,160,160,150,150,150,150,160,160,LDPE  HMI,VACCUM ON/ CHANGE RPM
6084,GA3381E,3-Jan-25,EVEREST (TUMB/EXTRUDE),100,99.27,79.42,6261AL,STD,8,10,300,40/40,170,170,170,170,170,170,170,160,160,160,150,150,150,LDPE  HMI,VACUUM ON
6085,GA16706E,3-Jan-25,EVEREST,82.03,81.32,65.06,6262AL,STD,8,10,350,40/40,170,170,170,170,170,170,160,160,160,160,160,150,150,LDPE  HMI,
6086,BA16119E,4-Jan-25,GLOBE PACK,57,54.89,43.91,6264AL-6265AL,STD,8,7,400,60/60,200,200,180,180,170,170,170,160,160,160,160,150,150,LDPE  HMI,SHUT OFF(19:30)
6087,BA15002E,4-Jan-25,MCBRIDE,175,171.35,25.7,5890AL-5896AL,STD,8,8,200,40/40,220,220,200,220,220,220,220,220,220,220,225,225,,PET,90-100PPG/PPG 91
6088,GA17168E,4-Jan-25,CDC,56.37,54.64,46.83,6266AL-6267AL,STD,8,10,300,40/40,170,170,170,170,170,170,170,160,160,160,160,150,150,LDPE  HMI,
6089,WA15135E,5-Jan-25,TOPRITE,110,106.3,38.65,8007AL,STD,3,6,15,60/60,150,140,120,120,130,130,150,,,,,,,LDPE  HMI,VACUUM&VENT OVERFLOW
6090,WA15190E,6-Jan-25,NMH,"6,305.00",6219,85.86,6198AL-6260AL,STD,5,10,400,60/60,200,200,200,180,180,180,180,180,180,180,200,200,,PP,52-62 PPG/54 PPG
6091,KA14303E,6-Jan-25,PHILTOP,260,255.3,48.63,6274AL-6279AL,STD,3,10,25,40/40,150,150,140,140,140,140,140,,,,,,,LDPE  HMI,OVERFLOW ON F-DER
6092,SA11780E,6-Jan-25,SMYPC,515,507.93,61.2,6291AL-6313AL,STD,3,6.7,20,40/40,150,140,140,150,150,150,150,,,,,,,LDPE  HMI,CHANGE F.RATE/OVERFLOW
6093,KA16132E,7-Jan-25,PHILTOP,260.6,256.4,56.98,6295AL-6300AL,STD,3,7.5,22,40/40,150,150,140,140,140,130,130,,,,,,,LDPE  HMI,VACUUM&VENT PORT OVERFLOW
6094,BA15494E,7-Jan-25,PHILTOP,259.18,249.95,53.56,6280AL-6285AL,STD,3,9,22,40/40,150,150,130,130,140,140,150,,,,,,,LDPE  HMI,VACUUM&VENT PORT OVERFLOW
6095,GA15496E,7-Jan-25,PHILTOP,210,201.2,64.56,6286AL-6290AL,STD,3,7.5,22,40/40,150,150,140,140,140,130,130,,,,,,,LDPE  HMI,VACUUM&VENT PORT OVERFLOW
6096,GA16127E,7-Jan-25,PHILTOP,259.5,255.93,62.68,6301AL-6306AL,STD,3,7.5,35,40/40,150,120,120,140,140,150,150,,,,,,,LDPE  HMI,CHANGE F.RATE/OVERFLOW
6097,KA16155E,7-Jan-25,I TUNG ( COR ),28.43,27.22,81.66,6314AL,STD,3,8.3,20,40/40,150,140,140,150,150,140,140,,,,,,,LDPE  HMI,WAITING FOR COMPOUNDED
6098,GA4440E,7-Jan-25,ZELLER ,52,51.5,44.14,6315AL-6316AL,STD,3,7.3,20,40/40,180,200,180,180,180,180,180,,,,,,,PP,
6099,BA14304E,8-Jan-25,PHILTOP,260,254.61,61.11,6268AL-6273AL,STD,3,8.3,20,40/40,150,120,120,140,140,150,150,,,,,,,LDPE  HMI,CHANGE F.RATE/OVERFLOW
6100,GA5520E,9-Jan-25,H & E (COR),85.84,80.53,54.91,6366AL-6367AL,STD,3,7.5,18,40/40,150,140,130,130,130,150,150,,,,,,,LDPE  HMI,VACUUM ON
6101,OA8984E,9-Jan-25,EVEREST,136,134.27,59.68,6404AL-6406AL,STD,3,8.6,35,40/40,150,130,130,150,150,150,150,,,,,,,LDPE  HMI,
6102,GA8074E,9-Jan-25,GLOBAL KONTEINER,260,256.14,62.73,6328AL-6343AL,STD,3,8,25,40/40,150,120,120,150,150,150,160,,,,,,,LDPE  HMI,F.RATE-8.0/RPM-25 OVERFLOW
6103,GA4921E,9-Jan-25,EVEREST,261.65,254.7,67.92,6407AL-6412AL,STD,3,8.9,28,40/40,150,130,130,140,140,150,150,,,,,,,LDPE  HMI,
6104,GA6246E,9-Jan-25,PLASTIMER (TRIAL),55,54.29,21.72,6486AL-6487AL,STD,1,80,400,40/40,180,200,180,180,160,150,150,150,150,180,,,,PP,
6105,GA6246E,9-Jan-25,PLASTIMER(TUMB),153.88,153.1,24.17,6641AL,STD,1,80,400,40/40,180,200,180,180,180,180,180,180,180,180,,,,PP,KUMUKULAY SA TUBIG
6106,IA17363E,9-Jan-25,URC(TRIAL),250,246.5,49.3,6370AL-6379AL,STD,3,8.5,36,60/60,180,200,180,180,180,180,180,,,,,,,PP,CHANGE SETTING /FEEDER OVERFLOW
6107,IA17363E,10-Jan-25,URC (TRIAL),100,97.05,52.92,6380AL-6383AL,STD,3,8.5,36,60/60,180,200,180,180,180,180,180,,,,,,,PP,
6108,RA9825E,10-Jan-25,SMYPC,"1,000.00",984.13,69.63,6384AL-6403AL,STD,3,10,35,40/40,150,130,130,150,150,150,150,,,,,,,LDPE  HMI,
6109,UA8910E,10-Jan-25,STARKSON,666.54,645.6,64.56,6414AL-6420AL,STD,5,6.5,250,60/60,170,170,170,170,160,160,160,160,160,160,150,150,,RUBBER,
6110,WA3827E,10-Jan-25,IN HOUSE,400,396.9,63.5,6478AL-6481AL,STD,5,8,280,40/40,200,200,200,200,180,180,180,180,180,200,200,,,HDPE HMI,VACUUM ON
6111,RA12739E,10-Jan-25,SMYPC,"5,200.00",5145.16,68.2,6503AL-6606AL,STD,3,9,40,40/40,150,140,130,130,130,140,150,,,,,,,LDPE  HMI,COMPOUNDED-POWDER W/ PEL.RESIN
6112,TA11781E,11-Jan-25,SMYPC(trial),100,93.85,56.31,6421AL-6422AL,STD,5,15,250,40/40,170,170,170,170,160,160,160,160,160,150,150,,,LDPE  HMI,
6113,TA11781E,11-Jan-25,SMYPC,360,356.6,66.75,6423AL-6430AL,STD,5,6,380,40/40,170,170,170,170,160,160,160,160,160,150,150,,,LDPE  HMI,CHANGE FEEDRATE/RPM OVERFLOW FEEDER
6114,SA14369E,11-Jan-25,RBV,156.38,151.5,17.65,6625AL-6628AL,STD,5,3.6,420,40/40,170,170,170,170,170,170,160,160,160,150,150,,,LDPE  HMI,CHANGE FEEDRATE 2.5 OVERFLOW
6115,GA4440E,11-Jan-25,ZELLER(CORR),51.5,51.1,22.71,6646AL,STD,1,80,400,40/40,180,200,180,180,180,180,180,180,180,180,,,,PP,
6116,GA8074E,11-Jan-25,EASTERN,310,306.7,22.44,6607AL-6613AL,STD,1,80,400,40/40,120,140,150,150,150,150,150,150,140,140,,,,LDPE  HMI,KUMUKULAY PO SA TUBIG
6117,GA17516E,12-Jan-25,JALBY,515,508.87,78.29,6614AL-6624AL,STD,5,6.8,420,40/40,170,170,170,170,160,160,160,160,150,150,,,,LDPE  HMI,OVERFLOW ON F-DER/RPM 400-420
6118,YA5124E,13-Jan-25,EVERGOOD,750,743.1,67.55,6488AL-6502AL,STD,5,10,380,40/40,170,170,170,170,170,160,160,160,150,150,,,,LDPE  HMI,FEEDER OVERFLOW
6119,GA2595E,13-Jan-25,IN HOUSE,225,220,16.92,"6369AL,6476AL-6477AL,6652AL-6657AL",STD,1,80,200,40/40,210,220,200,220,220,220,220,220,220,220,,,,PET,VACUUM ON/COIL SCREEN NO AGITATOR/90-100 PPG
6120,BA15494E,13-Jan-25,PHILTOP(CORR.),249.98,246,72,6647AL-6651AL,STD,5,8,250,40/40,170,170,170,170,170,170,160,160,160,150,150,,,LDPE  HMI,
6121,IA1770E,14-Jan-25,EVERBRIGHT,550.3,534.76,45.84,6431AL-6645AL,STD,5,12.5,360,60/60,160,160,160,160,60,1601,160,160,160,150,150,,,LDPE  HMI,VACUUM ON/CHANGE RPM/F.RATE W/ DIESEL
6122,KA2871E,14-Jan-25,EVEREST,"1,275.00",1257,88.21,6694AL-6719AL,STD,5,20,350,40/40,160,160,160,160,150,150,150,150,150,150,150,,,LDPE  HMI,VACUUM ON
6123,BA12556E,14-Jan-25,PACKAGE WORLD,"4,500.00",4417,100.2,6333AL-6341AL,STD,9,25,380,60/60,160,160,160,160,160,150,150,150,150,150,160,160,,RUBBER,CHANGE SCREEN/ NAGBAGSAK PA NG LDPE 5 KG
6124,IA17363E,14-Jan-25,URC(CORR.),308.1,176.6,25.23,6726AL-6737AL,STD,1,70,400,60/60,180,200,180,180,180,180,180,180,180,180,,,,PP,CHANGE SETTINGS/ SHUT OFF UNDER MAINTENANCE
6125,VA4086E,15-Jan-25,IN HOUSE(TRIAL),50,48.75,58.5,6344AL-6345AL,STD,3,9,26,40/40,150,150,130,140,140,150,150,,,,,,,LDPE  HMI,VACUUM ON
6126,VA4086E,15-Jan-25,IN HOUSE,575,568.14,56.81,"6346AL-6364AL,6482AL-6485AL",STD,3,9.5,25,40/40,150,150,130,140,140,150,150,,,,,,,LDPE  HMI,VACUUM ON
6127,BA4140E,15-Jan-25,EVERBRIGHT,710,696.42,57.24,6448AL-6475AL,STD,3,12.5,35,60/60,150,140,140,150,150,150,150,,,,,,,LDPE  HMI,VACUUM ON
6128,WA3827E,15-Jan-25,IN HOUSE,"1,150.00",1125.7,66.22,6629AL-6640AL,STD,5,80,300,40/40,200,200,200,200,180,180,180,180,180,200,200,,,HDPE HMI,VACUUM ON
6129,GA4921E,15-Jan-25,EVERGOOD,155,153.14,23.56,6691AL-6693AL,STD,1,100,320,40/40,120,140,150,150,150,150,150,150,140,140,,,,LDPE  HMI,
6130,GA8074E,15-Jan-25,EASTERN(corr),329.17,327.2,27.65,6820AL-6826AL,STD,1,80,380,40/40,120,140,150,150,150,150,150,150,150,150,150,,,LDPE  HMI,
6131,YA5124E,15-Jan-25,EVERGOOD(corr),745.7,743.89,68.58,6836AL-6850AL,STD,5,100,350,40/40,170,170,170,170,160,160,160,150,150,150,150,,,LDPE  HMI,NAPUPUTOL ANG STRAND SA DIE HEAD MALUTONGG..
6132,IA15764E,16-Jan-25,ITUNG,106.56,105.16,22.14,6668AL-6670AL,STD,1,80,400,40/40,120,140,150,150,150,150,150,150,150,150,150,,,LDPE  HMI,
6133,TA1557E,16-Jan-25,ITUNG,159.25,156.64,22.92,6671AL-6674AL,STD,1,85,380,40/40,120,140,150,150,150,150,150,150,140,140,,,,LDPE  HMI,
6134,BA2688E,16-Jan-25,EVEREST,259.78,253.78,66.2,6720AL-6725AL,STD,3,8.6,18,40/40,150,150,140,130,130,150,150,,,,,,,LDPE  HMI,VACUUM ON
6135,KA3144E,16-Jan-25,H & E,59.64,59.13,22.17,6834AL-6835AL,STD,1,80,400,40/40,180,200,180,180,180,180,180,180,180,180,,,,LDPE  HMI,0300 SHUT OFF FOR B-TIME/RELIEVER 3-5
6136,BA15494E,16-Jan-25,PHILTOP (CORR.),246.78,240.43,62.72,6866AL-6870AL,STD,3,8.6,25,40/40,150,130,130,150,150,150,150,,,,,,,LDPE  HMI,
6137,RA15449E,16-Jan-25,GILVAN,57.5,55.55,17.09,7018AL-7019AL,STD,1,90,180,40/40,120,140,150,150,150,150,150,150,140,140,,,,LDPE  HMI,
6138,GA3933E,17-Jan-25,MOLDEX (TRIAL),250,244.9,63.89,6658AL-6667ALO,STD,5,10,320,40/40,180,200,180,180,180,180,180,180,180,180,180,,,PP,
6139,GA3933E,17-Jan-25,MOLDEX (CORR.),175,175,65.63,6744AL-6750AL,STD,5,15,300,40/40,180,200,180,180,180,180,180,180,180,180,180,,,PP,UNDER MAINTENANCE 1345-1430
6140,BA9094E,17-Jan-25,ZELLER,161.25,158.63,22.39,6851AL-6856AL,STD,1,85,380,40/40,180,200,180,180,180,180,180,180,180,180,180,,,PP,
6141,GA4440E,17-Jan-25,ZELLER,107.39,106.22,19.92,6857AL-6860AL,STD,1,80,400,40/40,180,200,180,180,180,180,180,180,180,180,180,,,PP,
6142,KA3541E,17-Jan-25,ZELLER,57.87,57.07,22.83,6863AL-6864AL,STD,1,80,400,40/40,180,200,180,180,180,180,180,180,180,180,,,,PP,
6143,IA17363E,17-Jan-25,URC (CORR.),435.06,425,49.71,687AL-6887AL,STD,5,80,250,60/60,180,200,180,180,180,180,180,180,180,180,180,,,PP,VACUUM ON-BASA ANG PELLET PAG MABILIS ANG SPEED/PROD.CUT
6144,DA5176E,17-Jan-25,EVERGOOD (TRIAL),150,148.27,24.17,6987AL-6990AL,STD,1,100,400,40/40,140,150,150,150,150,150,150,150,150,150,,,,LDPE HMI,
6145,IA17363E,17-Jan-25,URC (TRIAL),400,390.21,59.9,6999AL-7014AL,STD,5,60,250,60/60,180,200,180,180,180,180,180,180,180,180,,,,PP,
6146,RA12739E,17-Jan-25,SMYPC,"3,000.00",2966.23,68.45,6751AL-6810AL,STD,3,10.6,35,40/40,150,130,130,130,150,150,150,,,,,,,LDPE HMI,
6147,YA5993E,18-Jan-25,EVERGOOD,524.52,515.66,49.27,6317AL-6327AL,STD,3,8.3,28,40/40,150,140,140,150,150,150,150,,,,,,,LDPE HMI,CHANGE F.RATE/RPM
6148,OA4303E,18-Jan-25,HYATT PLASTIC(trial),32.02,30.53,19.28,6861AL,STD,1,80,400,100/100,150,170,170,150,150,150,150,150,140,140,,,,LDPE HMI,VACUUM ON
6149,RA9825E,18-Jan-25,SMYPC,"1,025.00",1008.68,70.78,6888AL-6908AL,STD,3,10.6,40,40/40,150,130,130,150,150,150,150,,,,,,,LDPE HMI,F.RATE/RPM OVERFLOW ON VENT PORT
6150,GA8074E,18-Jan-25,GLOBAL KONTEINER,525,519.5,70.84,6909AL-6919AL,STD,5,20,380,40/40,170,170,170,170,170,170,160,160,160,150,150,,,LDPE HMI,VACCUM ON
6151,KA2871E,18-Jan-25,EVEREST,"1,260.00",1243.46,89.35,6920AL-69458AL,STD,5,20,350,40/40,160,160,160,160,150,150,150,150,150,150,,,,LDPE HMI,VACCUM ON
6152,GA2595E,18-Jan-25,IN HIOUSE,100,97.37,16.69,6983AL-6986AL,STD,1,80,230,40/40,220,220,220,220,220,220,220,220,220,220,220,,,PET,VACUUM ON/ COILSCREW/ NO AGIGATOR/90-100PPG
6153,IA1770E,20-Jan-25,EVERBRIGHT(corr),201.22,197.6,59.28,6678AL-6685AL,STD,5,14,340,60/60,160,160,160,160,160,160,160,160,160,150,150,,,LDPE HMI,VACUUM ON
6154,IA5758E,20-Jan-25,EVEREST(trial),250,243.65,68,6686AL-66990AL,STD,5,10,420,60/60,170,170,170,170,170,170,160,160,160,150,150,,,LDPE HMI,VACUUM ON
6155,KA2871E,20-Jan-25,EVEREST(corr),50,50,66.67,6831AL,STD,5,20,350,40/40,160,160,160,160,150,150,150,150,150,150,150,,,LDPE HMI,VACUUM ON
6156,RA2508E,20-Jan-25,EVERGOOD,400,395.46,55.18,6991AL-6998AL,STD,3,8.2,35,60/60,160,150,150,140,140,150,150,,,,,,,LDPE HMI,"COVERFLOW ON F.DER/CHANGE RPM/F,RATE"
6157,VA4086E,20-Jan-25,IN HOUSE,550,58.6,46.7,7020AL-7041AL,STD,3,9,12,40/40,150,150,130,140,140,150,150,,,,,,,LDPE HMI,VACUUM ON/PRODUCTION CUT
6158,WA11295E,21-Jan-25,BEVPACK,75,69.17,56.85,6827AL,STD,3,9,24,40/40,150,140,140,130,130,150,150,,,,,,,LDPE HMI,RPM/F.RATE
6159,WA11678E,21-Jan-25,INCON,300,292.94,67.6,688AL-6830AL,STD,3,10,26,40/40,150,1440,140,130,130,150,150,,,,,,,LDPE HMI,
6160,UA8910E,21-Jan-25,STARKSON,15,8.65,20.76,6833AL,STD,3,6.5,18,60/60,150,150,150,150,150,150,150,,,,,,,RUBBER,F.RATE- 6.0/RPM  18-16
6161,OA7922E,21-Jan-25,GILVAN,55,50,11.54,7042AL,STD,1,100,400,40/40,160,180,180,180,180,180,180,180,160,160,,,,HDPE HMI,OVERFLOW ON F-DER
6162,IA17363E,21-Jan-25,URC(CORR.),125.92,123.5,25.12,7052AL-7056AL,STD,1,80,400,60/60,180,200,1840,180,180,180,180,180,180,180,,,,PP,
6163,YA5124E,21-Jan-25,EVERGOOD(TRIAL),265,255.7,73.06,7066AL-7071AL,STD,5,20,380,40/40,170,170,170,170,170,170,160,160,160,150,150,,,LDPE HMI,
6164,YA5993E,21-Jan-25,EVERGOOD,750,750,75,7089AL-7103AL,STD,5,12,400,40/40,170,170,170,170,160,160,160,160,160,150,150,,,LDPE HMI,PRODUCTION CUT
6165,GA8074E,21-Jan-25,GLOBAL KONTEINER(CORR.),549.41,544,82.63,7173AL-7183AL,STD,5,9,350,40/40,170,170,170,170,160,160,160,160,160,150,150,,,LDPE HMI,
6166,GA17119E,22-Jan-25,METRO CONTAINER,100,96.5,14.48,7043AL-7044AL,STD,1,65,400,40/40,120,140,150,150,150,150,150,150,140,140,,,,LDPE HMI,CHANGE SETTING FROM Z-1 FROM 120-160/F.RATE
6167,GA3933E,22-Jan-25,MOLDEX,125,121.4,66.22,7064AL-7050AL,STD,5,15,300,40/40,180,200,180,180,180,180,180,180,180,180,180,,,PP,
6168,GA6607E,22-Jan-25,ZELLER,50,49.5,22,7058AL-7059AL,STD,1,80,400,40/40,180,200,180,180,180,180,180,180,180,180,,,,PP,
6169,G4440E,22-Jan-25,ZELLER(TRIAL),25,25,21.43,7141AL,STD,1,80,400,40/40,180,200,180,180,180,180,180,180,180,180,,,,PP,
6170,GA6607E,22-Jan-25,ZELLER(CORR),10.03,9.54,26.02,7060AL,STD,1,80,400,40/40,180,200,180,180,180,180,180,180,180,180,,,,PP,
6171,GA3933E,22-Jan-25,MOLDEX(corr),505,502,65.48,7072AL-7080AL/7081AL-7088AL,STD,5,15,300,40/40,180,200,180,180,180,180,180,180,180,180,180,,,PP,
6172,WA15123E,22-Jan-25,GILVAN,"3,000.00",2974.5,69.63,6952AL-6981AL,STD,3,12,32,60/60,150,130,130,140,140,150,150,,,,,,,LDPE HMI,CHANGE SCREEN 6000-0615
6173,GA16778E,22-Jan-25,PHILTOP,310,305.4,70.48,7120AL-7126AL,STD,5,15,400,40/40,170,170,170,170,170,160,160,160,160,150,150,,,LDPE HMI,
6174,GA4440E,22-Jan-25,ZELLER(CORR),106.48,105.11,22.13,7145AL-7148AL,STD,1,80,400,40/40,180,200,180,180,180,180,180,180,180,180,,,,PP,
6175,BA9159E,23-Jan-25,EVEREST(TUMB),424.35,423.51,27.77,6948AL-6949AL,STD,1,80,400,40/40,120,140,150,150,150,150,150,150,140,140,,,,LDPE HMI,
6176,GA1225E,23-Jan-25,SMYPC(TUMB),50,52.16,82.36,7045AL,STD,5,180,400,40/40,170,170,170,170,170,160,160,160,160,150,150,,,LDPE HMI,
6177,BA16776E,23-Jan-25,PHIL-TOP,310,303.82,70.11,7127AL-7133AL,STD,5,13,360,40/40,170,170,170,170,160,160,160,160,160,150,150,,,LDPE HMI,
6178,IA15764E,23-Jan-25,ITUNG(CORR.),105.56,103.35,24.8,7138AL-7139AL,STD,1,80,400,40/40,120,140,150,150,150,150,150,150,140,140,,,,LDPE HMI,
6179,GA16415E,23-Jan-25,METRO CONTAINER,750,436.16,69.48,7149AL-7163AL,STD,5,13,400,40/40,170,170,170,170,160,160,160,160,150,150,,,,LDPE HMI,
6180,BA9094E,23-Jan-25,ZELLER(CORR),158.64,156.87,24.45,7164AL-7169AL,STD,1,80,400,40/40,180,200,180,180,180,180,180,180,180,180,,,,PP,
6181,RA11649E,23-Jan-25,MILLERS,58,56.6,7.55,7171AL-7172AL,STD,1,80,380,60/60,175,195,175,175,175,175,175,175,175,175,,,,PP,VACUUM ON/ RE-EXTRUDE/OVERFLOW ON F.DER
6182,OA17117E,23-Jan-25,METRO CONTAINER,100,98.84,20.45,7184AL-7187AL,STD,1,80,400,40/40,180,200,180,180,180,180,180,180,180,180,,,,PP,
6183,IA17363E,23-Jan-25,URC,166,165.98,55.33,7351AL,STD,5,15,300,60/60,180,200,180,180,180,180,180,180,180,180,,,,PP,
6184,WA15123E,24-Jan-25,GILVAN(trial),100,98,69.18,6951AL,STD,3,12,32,60/60,150,130,130,140,140,150,150,,,,,,,LDPE HMI,
6185,VA5993E,24-Jan-25,EVERGOOD(CONT.),775,758.37,74.59,7104AL-7119AL,STD,5,300,380,40/40,170,170,170,170,170,170,160,160,160,160,150,,,LDPE HMI,
6186,KA17488E,24-Jan-25,PHIL-TOP,100,69.2,76.96,7134AL-7135AL,STD,5,9,280,40/40,160,160,160,150,150,150,140,140,140,150,150,,,LDPE HMI,VACUUM ON
6187,BA4701E,24-Jan-25,EVERGOOD,50,49.15,25.64,7136AL-7137AL,STD,1,80,250,40/40,180,200,180,180,180,180,180,180,180,180,,,,PP,
6188,WA11295E,24-Jan-25,BEVPACK,12,10.58,42.32,7144AL,STD,3,8.2,20,40/40,150,130,130,150,150,150,150,150,140,140,,,,LDPE HMI,
6189,WA15190E,24-Jan-25,NMH,"6,300.00",3447,77.9,7188AL-7250AL,STD,3,8.6,36,60/60,180,200,180,180,180,180,200,,,,,,,PP,52-62PPG/56-59PPG
6190,YA5124E,24-Jan-25,EVERGOOD,515,507,77.01,7352AL-7362AL,STD,5,12,420,40/40,170,170,170,170,170,160,160,160,160,150,150,,,LDPE HMI,
6191,OA14302E,25-Jan-25,INCON,205,202.6,24.31,7343AL-7346AL,STD,1,90,400,40/40,120,140,150,150,150,150,150,150,140,140,,,,LDPE HMI,
6192,MA4737E,25-Jan-25,GENSTAR,25,20.3,6.77,7347AL,STD,1,20,400,40/40,180,180,150,150,150,150,150,150,150,150,,,,LDPE HMI,CHANGE F.RATE/RPM/ OVERFLOW ON F.DER PORT
6193,MA4737E,25-Jan-25,GENSTAR,82,83.3,30.29,7348AL-7350AL,STD,5,5.2,420,40/40,160,160,160,160,160,160,160,150,150,150,150,,,LDPE HMI,VACUUM ON
6194,OA17117E,25-Jan-25,METRO CONTAINER,160,156.3,22.07,7437AL-7442AL,STD,1,80,400,40/40,120,140,150,150,150,150,150,150,140,140,,,,LDPE HMI,
6195,GA17119E,25-Jan-25,METRO CONTAINER(trial),250,243,39.95,7395AL-7399AL,STD,5,20,380,40/40,170,170,170,170,170,160,160,160,160,160,150,,,LDPE HMI,OVERFLOW F-DER/CHANGE F-RATE/RPM KUMUKULAY SA TUBIG
6196,IA5758E,25-Jan-25,EVEREST(trial),653,644,74.31,7382AL-7394AL,STD,5,10,420,60/60,170,170,170,170,170,160,160,160,150,150,150,,,LDPE HMI,
6197,BA13023E,27-Jan-25,GENSTAR,258,251.05,54.77,7309AL-7314AL,STD,5,15,420,40/40,170,170,170,170,160,160,160,150,150,150,150,,,LDPE HMI,OVERFLOW F-DER/CHANGE F-RATE/RPM KUMUKULAY SA TUBIG/VACUUM ON
6198,VA4086E,27-Jan-25,IN HOUSE,200,202.25,21.79,7034AL-7041AL,STD,1,80,360,40/40,120,140,150,150,150,150,150,150,150,140,140,,,LDPE HMI,VACUUM ON-NAGTRIP ANG FEEDER AYAW UMIKOT 1625-1650
6199,BA12615E,27-Jan-25,PLEXCO,315,309.14,59.83,7315AL-7320AL,STD,5,6,400,40/40,200,200,150,140,160,160,160,150,150,150,150,,,LDPE HMI,OVERFLOW ON FEEDER PORT/RPM/FFEEDRATE-HINDI BUMABAGSAK
6200,BA14304E,27-Jan-25,PHIL-TOP,415,398.6,64.64,7322AL-7330AL,STD,5,70,200,40/40,170,170,170,170,160,160,160,160,140,140,150,,,LDPE HMI,VACUUM ON/OVERFLOW ON VACUUM PORT/CHANGE RPM/F-RATE
6201,RA9825E,27-Jan-25,SMYPC( TUMB),51.96,51,24.48,7377AL,STD,3,80,400,40/40,150,150,150,150,150,130,130,,,,,,,LDPE HMI,
6202,RA2508E,27-Jan-25,EVERGOOD(TUMB),49.13,48,24,7381AL,STD,1,80,400,60/60,120,140,150,150,150,150,150,150,140,140,,,,LDPE HMI,
6203,SA11780E,27-Jan-25,SMYPC,523,517.8,24.46,7400AL-7410AL,STD,1,80,380,40/40,150,110,110,140,140,150,150,150,150,150,150,,,LDPE HMI,VACUUM ON
6204,BA9159E,28-Jan-25,EVEREST,"1,775.00",1759.22,73.05,7251AL-7286AL,STD,5,200,380,40/40,170,170,170,170,170,170,160,160,160,150,150,,,LDPE HMI,
6205,UA8910E,28-Jan-25,STARKSON,25,20,24,7448AL,STD,3,6.5,200,60/60,170,170,170,170,170,170,160,160,160,150,150,,,RUBBER,
6206,WA6947E,28-Jan-25,ATLANTA,515,511.8,47.24,7411AL-7415AL,STD,3,8.2,26,40/40,180,200,180,180,180,180,180,,,,,,,PP,TUMBLER RE-EXTRUDE(200KGS )
6207,GA14271E,29-Jan-25,PHIL-TOP,411.59,405.66,81.13,7331AL-7339AL,STD,1,9,400,40/40,170,170,170,160,160,160,160,160,150,150,150,,,LDPE HMI,
6208,WA13000E,29-Jan-25,PREMIER CREATIVE,"1,024.52",1002.6,51.42,7363AL-7372AL,STD,3,7.5,8,40/40,150,140,140,130,130,150,150,,,,,,,LDPE HMI,OVERFLOW ON VENT PORT&VACUUM PORT/ VACUUM ON
6209,GA17119E,29-Jan-25,METRO CONTAINER,97.4,94.5,56.7,7526AL-7527AL,STD,5,10,350,40/40,170,170,170,1070,160,160,160,160,170,170,170,,,LDPE HMI,VACUUM ON
6210,GA4440E,29-Jan-25,ZELLER,80,79.34,21.64,7523AL-7525AL,STD,1,80,400,40/40,180,200,180,180,180,180,180,180,180,180,180,,,PP,VACUUM ON
6211,GA2595E,29-Jan-25,IN HOUSE,125,121.4,16.19,7459AL-7460AL/7471AL-7473AL,STD,1,80,240,40/40,220,220,220,220,220,220,220,220,220,220,,,,LDPE HMI,VACUUM ON
6212,KA17488E,29-Jan-25,PHIL-TOP,215,209.9,59.97,7449AL-7453AL,STD,5,10,380,40/40,180,180,170,170,170,160,160,160,160,180,180,,,LDPE HMI,VACUUM ON
6213,WA16245E,29-Jan-25,INCON,210.35,194.5,55.47,7444AL-7443AL,STD,3,8,25,40/40,170,170,170,170,170,160,160,160,160,150,150,,,LDPE HMI,
6214,GA6246E,29-Jan-25,PLASTIMER(TRIAL),100,98,25.02,7433AL-7436AL,STD,1,100,280,40/40,180,200,180,180,180,180,180,180,180,180,,,,PP,KUMUKULAY SA TUBIG
6215,GA4352E,29-Jan-25,ZELLER,315.82,31.75,65.42,7421AL-7432AL,STD,5,9,250,40/40,180,200,180,180,180,180,180,180,180,200,200,,,PP,
6216,GA6246E,29-Jan-25,PLASTIMER(CORR),33,33,26.4,7380AL,STD,1,80,400,40/40,180,200,180,180,180,180,180,180,180,180,180,,,pp,
6217,RA4665E,30-Jan-25,EVEREST,"1,023.99",1011.55,72.25,7287AL-7307AL,STD,5,10,350,40/40,180,180,170,170,160,160,160,160,160,180,180,,,LDPE HMI,VACUUM ON: FEEDER OVERFLOW
6218,WA3827E,30-Jan-25,IN HOUSE,"1,850.70",1873,53.51,7373AL-7375AL/7416AL-7420AL/7446AL-7447AL/7528AL-7531AL/7564AL-7568AL,STD,3,7.5,16,40/40,180,200,180,160,160,180,180,,,,,,,HDPE HMI,VACUUM OVERFLOW/CHANGE RPM/F.RATE/VACUUM OFF/CHANGE SETTING
6219,BA13023E,30-Jan-25,GENSTAR,55,54.17,11.61,7569AL,STD,1,40,400,40/40,170,200,200,170,170,160,160,150,150,150,,,,LDPE HMI,OVERFLOW FEEDER PORT/RPM -400/FEEDRATE 80-40
6220,GA1225E,30-Jan-25,SMYPC(CORR.),52.28,51.7,25.85,7542AL,STD,1,100,300,40/40,120,140,150,150,150,150,150,150,150,150,,,,LDPE HMI,
6221,BA4701E,30-Jan-25,EVERGOOD( CORR),52.57,52.24,25.08,7540AL-7541AL,STD,1,90,240,40/40,180,200,180,18,180,180,180,180,180,180,,,,PP,VACUUM ON
6222,OA16199E,30-Jan-25,INCON,190,186.74,70.03,7454AL-7457AL,STD,5,10,300,40/40,180,180,180,170,170,170,170,160,160,160,160,,,LDPE HMI,VACUUM ON
6223,GA17119E,31-Jan-25,METRO CONTAINER(corr),247.08,247.85,63.28,7758AL-7762AL,STD,5,10,400,40/40,170,170,170,170,160,160,160,160,160,150,150,,,LDPE HMI,VACUUM ON/ OVERFLOW ON VACUUM & VENT PORT LMI W/ DIESEL
6224,GA17119E,31-Jan-25,METRO CONTAINER(trial),200,195,42.55,7754AL-7757AL,STD,5,8,380,40/40,170,170,170,170,170,170,160,160,160,160,150,,,LDPE HMI,VACUUM ON/ RPM-400/F.RATE-100-80/ FEEDER OVERFLOW
6225,GA4352E,31-Jan-25,ZELLER,915,905.92,53.55,7486AL-7522AL,STD,8,9,250,40/40,180,200,1180,180,180,180,180,180,180,180,180,180,,PP,VACUUM ON/ 0600- HEAT UP
6226,BA16776E,31-Jan-25,PHIL-TOP(corr),337.57,333.36,70.18,7543AL-7549AL,STD,5,10,380,40/40,170,170,170,170,170,170,160,160,160,150,150,,,LDPE HMI,VACUUM ON
6227,VA4086E,31-Jan-25,ALPHA TECH,210,205.22,55.46,7532AL-7539AL,STD,5,8,200,40/40,160,160,160,160,160,160,160,160,160,160,160,,,LDPE HMI,VACUUM ON
6228,WA15190E,31-Jan-25,NHM(CONTINUATION),"2,800.00",2716.6,74.94,7223AL-7250AL,STD,3,8.6,22,60/60,200,200,180,180,180,170,200,,,,,,,PP,52-62 PPG/ VACUUM ON
6229,BA9094E,1-Feb-25,ZELLER,310,303.18,53.5,7474AL-7485AL,STD,1,20,300,40/40,180,200,180,180,180,180,180,180,180,180,180,180,,PP,VACUUM ON/MAHABA ANG TEMP. NG 210/190 SETTING 153 READING
6230,GA4352E,1-Feb-25,ZELLER(TRIAL),50,45,60,7570AL-7571AL,STD,8,9,250,40/40,180,200,180,180,180,180,180,180,180,180,180,180,,PP,VACUUM ON
6231,GA4921E,1-Feb-25,EVEREST,515,507.85,81.26,7553AL-7563AL,STD,5,12,400,40/40,170,170,170,170,160,160,160,160,160,150,150,,,LDPE HMI,VACUUM ON
6232,GA6246E,1-Feb-25,PLASTIMER(TRIAL),130,130,54.93,7847AL-7851AL,STD,5,15,300,40/40,180,200,180,180,180,180,180,180,180,180,180,,,PP,VACUUM ON
6233,GA6246E,1-Feb-25,PLASTIMER (CORR),115.3,113.5,51.59,7842AL-7846AL,STD,5,15,300,40/40,180,200,180,180,180,180,180,180,180,180,180,,,PP,VACUUM ON
6234,WA3827E,1-Feb-25,INCON,10,8.17,24.51,7772AL,STD,8,10,350,40/40,170,170,160,160,160,160,150,150,150,150,150,150,,LDPE HMI,VACUUM ON
6235,OA14302E,1-Feb-25,INCON(CORR),50.1,50,42.86,7766AL,STD,8,8,250,40/40,170,170,160,160,160,160,160,150,150,150,150,150,,LDPE HMI,VACUUM ON
6236,BA9550E,1-Feb-25,IN HOUSE(TRIAL),50,50,54.55,7789AL-7790AL,STD,8,9,250,40/40,180,200,200,180,180,180,180,180,180,180,180,180,,PP,VACUUM ON
6237,BA9550E,1-Feb-25,IN HOUSE,81,78.8,59.1,7791AL-7793AL,STD,8,20,380,40/40,180,200,180,180,180,180,180,180,180,180,180,,,PP,VACUUM ON
6238,OA8984E,1-Feb-25,EVEREST,130,128.81,77.28,7550AL-7752AL,STD,8,20,380,40/40,170,170,170,170,170,160,160,160,160,160,,,,LDPE HMI,VACUUM ON
6239,RA12739E,1-Feb-25,SMYPC,"3,000.00",2966.33,73.09,7572AL-7631AL,STD,5,80,400,40/40,170,170,170,170,170,170,160,160,160,160,160,,,LDPE HMI,VACUUM ON/OVERFLOW ON FEED RATE /CHANGE RPM/F-RATE
6240,GA17465E,2-Feb-25,SMYPC,"3,050.00",3022.38,77.5,7632AL-7692AL,STD,8,10,380,40/40,170,170,170,170,170,170,170,160,160,160,150,,,LDPE HMI,VACUUM ON
6241,WA6947E,3-Feb-25,ATLANTA,515,509.82,65.08,7767AL-7771AL,STD,3,8.6,20,40/40,180,200,180,180,180,180,200,,,,,,,PP,VACUUM ON
6242,WA15135E,3-Feb-25,HERITAGE,108.87,107.7,64.62,7863AL,STD,3,7.5,14,60/60,150,140,110,120,120,130,130,,,,,,,LDPE HMI,VACUUM ON/VACUUM &VENT OVERFLOW 
6243,GA14271E,4-Feb-25,PHIL-TOP,406.06,403.91,86.55,7871AL-7878AL,STD,8,10,300,40/40,170,170,170,170,170,170,170,160,160,160,160,,,LDPE HMI,VACUUM ON
6244,GA17279,4-Feb-25,EVERRGOOD,56.94,54.37,19.77,7864AL-7865AL,STD,1,30,40,40/40,180,200,180,180,180,180,180,,,,,,,PP,VACUUM ON
6245,BA7861E,4-Feb-25,SMYPC,550,550,70.21,7693AL-7753AL,STD,5,10,380,40/40,170,170,170,170,170,170,160,160,160,150,150,,,LDPE HMI,VACUUM ON/CHANGE SETTING AT OVERFLOW DI BUMABAGSAK/  RPM./ F.RATE/PROD.CUT
6246,GA17119E,4-Feb-25,METRO CONTAINER,60,58.54,10.81,7867AL-7868AL,STD,1,80,400,40/40,120,140,150,150,150,150,150,150,150,140,140,,,LDPE HMI,VACUUM ON
6247,WA3827E,4-Feb-25,IN HOUSE,"1,625.00",1600,48.44,7773AL-7788AL,STD,3,7.5,16,40/40,200,180,180,180,160,160,170,,,,,,,HDPE HMI,VACUUM ON/VACUUM &VENT OVERFLOW/CHANGE SCREEN
6248,VA4869E,5-Feb-25,EVEREST,260.03,258.03,75.52,7857AL-7862AL,STD,8,9,350,40/40,170,170,170,170,160,160,160,160,160,180,180,,,LDPE HMI,VACUUM ON
6249,BA9159E,5-Feb-25,EVEREST,"2,250.00",2259.83,69.48,7795AL-7839AL,STD,5,8,380,40/40,180,180,180,110,110,170,170,150,150,160,160,,,LDPE HMI,VACUUM ON/OVERFLOW SA FEEDER PORT KAHIT MABAGAL FEED RATE NAGPUPUTOL PUTOL ANG STRAND
6250,BA7861E,5-Feb-25,SMYPC,"2,501.00",2450.8,63.41,7693AL-7753AL,STD,8,11,400,40/40,200,200,200,200,200,170,170,160,160,160,150,150,,LDPE HMI,OVERFLOW ON F-DER/ F-RATE/RPM/ VACUUM OFF/ HINDI BUMABAGSAK /LMI WITH DIESEL
6251,WA13183E,5-Feb-25,STAR PLASTIC,161.65,154.33,40.61,8009AL-8010AL,STD,3,7.5,13,40/40,150,140,140,130,130,140,150,,,,,,,LDPE HMI,MC#3 PROD.STOP UNDER MAINTENACE/ VACUUM OVERFLOW/CHANGE F.RATE/CHANGE RPM
6252,GA14433E,6-Feb-25,TERUMO,420.19,415.1,24.63,7960AL-7976AL,STD,1,80,250,40/40,180,200,180,180,180,180,180,180,180,180,,,,PP,3mmX3mm/ VACUUM ON
6253,BA9159E,6-Feb-25,EVEREST(CORR),50.1,48,57.6,7841AL,STD,5,8,380,40/40,170,170,170,160,160,160,150,150,150,160,160,,,LDPE HMI,VACUUM ON
6254,WA6947E,6-Feb-25,ATLANTA(RE-EXT),154.78,149.73,54.45,8013AL,STD,3,7.5,22,40/40,180,200,180,180,180,180,180,,,,,,,PP,VACUUM ON
6255,UA8910E,6-Feb-25,STARKSON,200,191.45,48.88,8011AL-8012AL,STD,3,10.2,22,40/40,120,130,130,140,140,130,130,,,,,,,LDPE HMI,
6256,WA15123E,7-Feb-25,GILVAN,"3,000.00",2970.33,69.62,7977AL-8006AL,STD,3,12,34,60/60,150,150,140,140,130,130,150,,,,,,,LDPE HMI,VACUUM ON/ CHANGE SCREEN 
6257,YA16164E,7-Feb-25,EVEREST,250,247.3,52.99,8037AL-80414AL,STD,5,20,380,40/40,170,170,170,170,170,160,160,160,150,150,150,,,LDPE HMI,VACUUM ON
6258,BA9094E,7-Feb-25,ZELLER(CORR),303.18,299.2,52.03,8016AL-8027AL,STD,1,9,280,40/40,180,200,180,180,180,180,180,180,180,180,180,180,,PP,VACUUM ON
6259,RA12739E,7-Feb-25,SMYPC,"2,000.00",1975,66.76,7879AL-7918AL,STD,8,12,460,40/40,200,200,200,200,170,170,170,170,170,170,160,160,,LDPE HMI,VACUUM ON/CHANGE SETTING/OVERFLOW ON F-DER/RPM 
6260,OA14302E,7-Feb-25,INCON(CORR),61.04,57.69,34.61,8029AL-8036AL,STD,5,20,380,40/40,170,170,170,170,170,170,160,160,160,150,150,,,LDPE HMI,VACUUM ON
6261,MA4088E,7-Feb-25,ARCANE,30.94,30,40,7866AL,STD,5,7,380,40/40,180,170,170,170,170,160,160,160,160,150,150,,,LDPE HMI,VACUUM ON
6262,MA4737E,7-Feb-25,EVEREST,"1,025.00",1005.36,26.69,8047AL-8087AL,STD,5,40,420,40/40,200,200,180,180,180,170,170,170,160,160,160,,,LDPE HMI,FEEDER OVERFLOW/CHANGE RPM/F.RATE/VACUUM ON
6263,BA14432E,7-Feb-25,TERUMO,"1,026.63",,,,,,,,,,,,,,,,,,,,,,,
6264,GA14271E,8-Feb-25,PHIL-TOP,425.16,419.78,83.96,8495AL-8503AL,STD,8,9,350,40/40,170,170,170,160,160,160,160,150,150,150,150,150,,LDPE HMI,VACUUM ON
6265,GA4921E,8-Feb-25,EVERGOOD,155,153.37,76.69,8042AL-8044AL,STD,8,15,400,40/40,170,170,170,170,170,170,160,160,160,160,,,,LDPE HMI,VACUUM ON
6266,WA16299E,8-Feb-25,SANICON,111.63,107.36,53.68,8014AL,STD,3,6.5,20,40/40,150,150,140,140,140,150,150,,,,,,,LDPE HMI,VACUUM OVERFLOW/CHANGE RPM /CHANGE FEED RATE/ VACUUM ON
6267,GA1225E,9-Feb-25,SMYPC,"8,100.00",8000,87.72,8093AL-8254AL,STD,8,9,380,40/40,190,190,180,180,170,170,170,160,160,160,160,160,,LDPE HMI,CHANGE SETTING- LUMALAKI LUMILIIT ANG STRAND/ VACUUM ON
6268,WA16245E,9-Feb-25,INCON,108.5,104.84,48.76,8277AL,STD,3,6.5,18,40/40,150,140,130,130,140,140,150,,,,,,,LDPE HMI,VACUUM OFF/VACUUM OVERFLOW/CHANGE RPM/CHANGE F.RATE
6269,YA5971E,10-Feb-25,EVERGOOD,211.85,210,66.32,8088AL-8092AL,STD,5,7.5,70,40/40,180,180,170,170,170,170,170,160,160,160,160,,,LDPE HMI,FEEDER OVERFLOW/CHANGE RPM/F.RATE/VACUUM ON
6270,BA12068E,10-Feb-25,EVEREST,132.34,129.3,10.34,8255AL-8257AL,STD,1,30,380,40/40,120,140,150,150,150,150,150,150,150,,,,,LDPE HMI,VACUUM ON/CHANGE SETTING/OVERFLOW ON F-DER/RPM 
6271,YA16164E,10-Feb-25,EVEREST,"2,040.48",2022.5,65.24,8442AL-8492AL,STD,5,80,380,40/40,170,170,170,170,170,160,160,160,160,160,150,150,,LDPE HMI,VACUUM ON
6272,KA4607E,11-Feb-25,EVERGOOD,55.16,56.46,25.09,8493AL-8494AL,STD,1,80,230,40/40,180,200,180,180,180,180,180,180,180,180,180,,,PP,
6273,VA4869E,11-Feb-25,EVEREST(CORR),267.15,264.7,25.41,8477AL-8482AL,STD,1,80,400,40/40,120,140,150,150,150,150,150,150,140,140,,,,LDPE HMI,VACUUM OFF/WATER LEAK
6274,BA0830E,11-Feb-25,UNA INTERNATIONALE,335.49,328.52,63.58,8264AL-8276AL,STD,8,20,400,40/40,170,170,170,170,170,170,160,160,160,160,150,150,,LDPE HMI,VACUUM ON
6275,GA17119E,11-Feb-25,METRO CONTAINER,765.05,754.07,63.72,8327AL-8562AL,STD,8,26,420,40/40,170,170,170,170,160,160,160,160,160,160,150,150,,LDPE HMI,VACUUM ON/KUMUKULAY SA TUBIG 
6276,GA2595E,11-Feb-25,IN HOUSE(CORR),24.44,22.95,22.95,8483AL,STD,8,7,200,40/40,220,220,210,210,210,210,210,210,210,210,220,220,,PET,90-100 PPG LESS 10°C
6277,GA2595E,11-Feb-25,IN HOUSE,25,22.52,22.52,8561AL,STD,8,8,200,40/40,220,220,210,210,210,210,210,210,210,210,210,210,,PET,90-100 PPG LESS 10°C
6278,CA5402E,12-Feb-25,SMYPC,"2,000.00",2000,50.1,8287AL-8362AL,STD,8,5,120,40/40,125,125,110,110,110,110,110,110,110,110,120,120,,LDPE HMI,CHANGE PELLETIZER#9-11
6279,GA5402E,12-Feb-25,SMYPC (TRIAL),200,180.64,46.12,8283AL-8286AL,STD,8,5,120,40/40,130,130,130,130,130,115,115,115,115,115,125,125,,LDPE HMI,VACUUM ON/HUMINTO ASNG FEEDER PROD'N 
6280,MA4088E,12-Feb-25,ARCANE(CORR),31.51,31,24.8,8577AL,STD,1,80,400,40/40,120,150,150,150,150,150,150,150,150,140,140,,,LDPE HMI,
6281,GA4440E,12-Feb-25,ZELLER(CORR),79.42,78.29,25.39,8505AL-8507AL,STD,1,80,400,40/40,180,200,180,180,180,180,180,180,180,180,180,,,PP,
6282,OA14302E,12-Feb-25,INCON(CORR),58.27,57.56,26.57,8575AL-8576AL,STD,1,90,400,40/40,120,140,150,150,150,150,150,150,140,140,,,,LDPE HMI,
6283,YA7822E,12-Feb-25,EASTERN,310.95,306.7,69.44,8523AL-8529AL,STD,5,10,380,40/40,170,170,170,170,170,170,160,160,160,150,150,,,LDPE HMI,VACUUM ON
6284,WA11278E,12-Feb-25,FORTUNE DARUMA,500,489.57,21.5,8517AL-8521AL,STD,3,4,10,40/40,180,170,160,160,150,150,150,,,,,,,RUBBER,CHANGE RPM/F.RATE NO VACUUM
6285,WA13183E,12-Feb-25,STAR PLASTIC,30,25,37.5,8504AL,STD,3,5,18,40/40,150,150,150,130,130,140,140,,,,,,,LDPE HMI,CHANGE PELLETIZER/PELLETIZER#10 TO PELLETIZER#1
6286,KA15913E,12-Feb-25,EVEREST,259.62,255.5,24.73,8417AL-8426AL,STD,1,80,390,40/40,180,200,180,180,180,180,180,180,180,180,,,,PP,VACUUM ON
6287,DA15568E,12-Feb-25,PHIL-TOP,750,739.6,70.44,8427AL-8441AL,STD,5,80,380,40/40,170,170,170,160,160,160,160,160,150,150,150,,,LDPE HMI,VACUUM ON
6288,GA1225E,12-Feb-25,SMYPC,"7,880.00",3845,75,8093AL-8591AL,STD,5,60,410,40/40,150,150,160,160,170,170,170,200,200,200,200,,,LDPE HMI,PROD.CUT/VACUUM ON/ CHANGE SETTING OF FEED RATE/OVERFLOW ON FEEDER/BAG#11 NAG IBA ANG KULAY
6289,WA15135E,13-Feb-25,TOPRITE,25,20.38,48.91,8485AL,STD,3,5.6,35,60/60,150,130,130,140,140,150,150,,,,,,,LDPE HMI,CHANGE F.RATE/RPM/ OVERFLOW ON FEEDER VACUUM
6290,VA16737E,13-Feb-25,EVEREST,260.08,257.25,25.49,8258AL-8263AL,STD,1,80,400,40/40,120,140,150,150,150,150,150,150,150,150,150,,,LDPE HMI,VACUUM OFF
6291,BA4701E,13-Feb-25,INCON,305,302.28,21.85,8563AL-8574AL,STD,1,100,250,40/40,180,200,180,180,180,180,180,180,180,180,,,,PP,VACUUM ON
6292,WA15190E,13-Feb-25,NMH,"6,500.00",6404.06,74.04,8398AL-8416AL,STD,3,8.3,38,60/60,180,200,180,180,180,180,180,,,,,,,PP,CHANGE PELLETIZER1 TO 10/VACUUM ON/CHANGE SCREEN/52-62 PPG
6293,BA2091E,14-Feb-25,GREEN PACK,"1,524.85",1507.08,,,STD,,,,,,,,,,,,,,,,,,,
6294,CA13043E,14-Feb-25,FORTUNE DARUMA,263.13,256.43,26.3,8511AL-8516AL,STD,8,3.8,150,40/40,170,170,160,160,160,160,150,150,150,150,150,150,,RUBBER,OVERFLOW ON FEEDERPORT/ RPM/FEED RATE/ LMI WITH DIESEL/CHANGE PELL.11-9
6295,VA4086E,14-Feb-25,ALPHATECH,50,48.9,22.57,8687AL-8688AL,STD,1,90,380,40/40,120,140,150,150,150,150,150,150,140,140,,,,LDPE HMI,VACUUM ON
6296,BA9159E,14-Feb-25,EVEREST(CORR),50,49.17,24.17,8510AL,STD,1,80,400,40/40,120,140,150,150,150,150,150,150,140,140,,,,LDPE HMI,
6297,DA9936E,14-Feb-25,TRADESPHERE,31.05,30,18,8586AL,STD,1,80,400,40/40,120,140,150,150,150,150,150,150,150,150,150,,,LDPE HMI,
6298,RA15449E,14-Feb-25,GILVAN,56.46,55.2,27.1,8629AL-8630AL,STD,1,100,250,40/40,120,140,150,150,150,150,150,150,140,140,,,,LDPE HMI,
6299,OA7922E,14-Feb-25,GILVAN,56.43,54.2,44.33,8633AL-8634AL,STD,1,100,320,40/40,160,180,180,180,180,180,180,180,160,160,,,,LDPE HMI,VACUUM ON/MALUTONG ANG STRAND/NAGPUTOL-PUTOL/HINDI MA RUN MAAYOS/NAPALIIT LANG ANG COMPOUNDED
6300,CA5402E,15-Feb-25,SMYPC,"2,850.00",2750,49.11,8952AL-8628AL/8657AL-8676AL,STD,8,4,120,40,130,130,110,110,110,110,110,110,110,110,120,120,,LDPE HMI,VACUUM ON
6301,MA7758E,15-Feb-25,CYBERMANN,315.46,309.6,51.74,8578AL-8585AL/8705AL-8709AL,STD,5,5.5,300,40/40,180,180,180,180,180,180,180,180,180,180,180,,,PP,
6302,MA11346E,15-Feb-25,GILVAN,57.82,56.5,52.15,8631AL-8632AL,STD,5,45,350,40/40,170,170,170,170,170,170,160,160,160,150,150,,,LDPE HMI,
6303,GA4921E,15-Feb-25,EVERGOOD,155.84,154,26.03,8648AL-8650AL,STD,1,80,380,40/40,120,140,150,150,150,150,150,150,140,140,,,,LDPE HMI,
6304,TA15557E,15-Feb-25,I TUNG,261.64,258.8,27.24,8642AL-8647AL,STD,1,80,400,40/40,120,140,150,150,150,150,150,150,150,150,150,,,LDPE HMI,
6305,RA7886E,15-Feb-25,EASTERN,150,145.27,18.74,8695AL-8697AL,STD,1,15,300,40/40,150,150,140,140,140,130,130,130,130,130,130,,,LDPE HMI,CHANGE FEED RATE/ OVERFLOW ON FEEDER
6306,MA4737E,15-Feb-25,EVEREST(TUMB),"1,005.36",1000.4,40.06,8651AL-8656AL,STD,5,45,400,40/40,160,160,160,160,160,150,150,150,150,160,160,,,LDPE HMI,VACUUM ON
6307,RA2508E,17-Feb-25,EVERGOOD,500,493.81,30.7,8677AL-8686AL,STD,1,65,400,60/60,120,140,150,150,150,150,150,150,150,140,140,,,LDPE HMI,NAG OVERFLOW SA FEEDER PORT NAG ADJUST NG FEED RATE/ KUMUKULAY SA TUBIG
6308,YA15776E,17-Feb-25,SANICON,56.02,54.5,65.4,8045AL-8046AL,STD,5,20,380,40/40,170,170,170,160,160,160,160,160,160,150,150,,,LDPE HMI,VACUUM ON
6309,GA1225E,18-Feb-25,SMYPC,"2,105.00",2007.24,73.66,8213AL-8254AL,STD,5,60,410,40/40,150,150,160,160,170,170,170,200,200,200,200,,,LDPE HMI,
6310,WA3827E,18-Feb-25,IN HOUSE,600,587.4,51.08,86635AL-8640AL,STD,3,6.7,28,40/40,180,180,180,170,170,180,180,,,,,,,HDPE HMI,
6311,WA11678E,18-Feb-25,INCON,200,195.26,71.18,8922AL-8923AL,STD,3,9.6,22,40/40,150,130,130,140,140,150,150,,,,,,,LDPE HMI,
6312,WA5860E,18-Feb-25,EVERBRIGHT,159.97,151.46,49.12,8710AL-8711AL,STD,3,6.3,19,60/60,150,130,130,140,140,130,130,,,,,,,LDPE HMI,CHANGE FEED RATE/ OVERFLOW ON VENT VACUUM PORT/MALUTONG ANG STRAND/UNDER MAINTENANCE-MAY LEAK SA DIE HEAD
6313,RA5277E,18-Feb-25,EVEREST,516.35,498.27,20.47,8712AL-8722AL,STD,1,80,400,40/40,120,140,150,150,150,150,150,150,140,140,,,,LDPE HMI,KAKAUNTI LANG ANG BUMABAGSAK NA COMPOUNDED SA FEEDER PORT
6314,KA4607E,19-Feb-25,EVERGOOD,56.44,55.9,24.84,8993AL-8994AL,STD,1,90,250,40/40,180,200,180,180,180,180,180,180,180,180,,,,PP,
6315,IA9154E,19-Feb-25,UNA INTERNATIONALE,"1,026.28",982.13,49.73,8723AL-8763AL,STD,5,20,380,60/60,170,170,170,160,160,160,160,160,160,150,150,,,LDPE HMI,VACUUM ON
6316,WA12282E,19-Feb-25,PACKAGE WORLD,"5,000.00",4912,99.57,8342AL-8351AL,STD,9,25,380,60/60,160,160,160,0,150,150,150,150,150,150,160,160,,RUBBER,
6317,RA4866E,19-Feb-25,EVEREST,57.32,55,15.71,8990AL-8991AL,STD,1,80,400,40/40,120,140,150,150,150,150,150,150,150,140,140,,,LDPE HMI,OVERFLOW ON FEEDER/CHANGE FEED RATE/RPM
6318,GA4254E,19-Feb-25,INCON,200,197.48,24.69,8811AL-8818AL,STD,1,80,400,40/40,180,200,180,180,180,180,180,180,180,180,,,,PP,
6319,BA9159E,19-Feb-25,EVEREST,55,54.37,26.1,8995AL,STD,1,80,400,40/40,120,120,150,150,150,150,150,150,150,140,140,,,LDPE HMI,
6320,BA9550E,19-Feb-25,H&E,57.87,53.26,24.58,8997AL-8998AL,STD,1,80,400,40/40,180,200,180,180,180,180,180,180,180,180,180,,,PP,
6321,OA2860E,19-Feb-25,UNA INTERNATIONALE,800,790.03,49.64,8764AL-8779AL,STD,8,20,420,60/60,170,170,170,170,160,160,160,160,150,150,160,160,,LDPE HMI,
6322,GA1225E,20-Feb-25,SMYPC,"5,100.00",5064.54,87.82,8819AL-8920AL,STD,8,9,380,40/40,170,170,170,170,170,160,160,160,160,150,150,150,,LDPE HMI,VACUUM ON/FLAT ANG PELLET/CHANGE SCREEN/LUMALAKI-LUMILIIT ANG STRAND
6323,BA9910E,20-Feb-25,EVEREST,250.42,249,71.14,8589AL-8704AL,STD,5,750,400,40/40,170,170,170,170,160,160,160,160,160,150,150,,,LDPE HMI,OVERFLOW ON FEEDER/CHANGE FEED RATE/CHANGE RPM/
6324,BA0830E,20-Feb-25,UNA INTERNATIONALE,685,673.05,49.86,8780AL-8806AL,STD,5,12.5,40,60/60,170,170,170,170,170,160,160,160,160,150,150,,,LDPE HMI,VACUUM ON/CHANGE  FEED RATE/RPM /OVERFLOW ON FEEDER VACUUM FORT
6325,GA1225E,20-Feb-25,SMYPC( TUMBLER),775,770,89.71,8810AL-8989AL,STD,8,9,280,40/40,180,180,180,180,180,180,170,170,170,170,180,180,,LDPE HMI,LUMALAKI LUMILIIT ANG STRAND /CHANGE RPM/SETTING
6326,YA7822E,20-Feb-25,EASTERN,56,49,22.62,9018AL-9019AL,STD,1,100,400,40/40,120,140,150,150,150,150,150,150,150,150,,,,LDPE HMI,
6327,VA4086E,21-Feb-25,IN HOUSE,400,387.83,52.06,9029AL-9044AL,STD,5,20,380,40/40,170,170,170,170,170,160,160,160,160,150,150,,,LDPE HMI,
6328,RA16830E,21-Feb-25,GILVAN,45.76,44.13,48.14,8999AL,STD,5,80,350,40/40,180,180,180,170,170,170,170,160,160,160,160,,,LDPE HMI,@0000 MC#5 SHUT OFF PROCEED TO MC#3
6329,WA15229E,22-Feb-25,DYNAMICCAPS,"2,550.00",2473,96.98,8278AL-8282AL,STD,9,22,330,40/40,,160,160,160,160,160,150,150,150,150,180,180,,RUBBER,RUN LDPE 10KG FOR BLACK SPOT 2400-2430
6330,WA15190E,22-Feb-25,NMH,"6,000.00",3000,75,8924AL-7986AL,STD,3,8.6,38,60/60,180,200,180,180,180,180,180,,,,,,,PP,52-62 PPG/PRODUCTION CUT/HEAT UP MC#3-SWHUT OFF MC#5 PROCEED TO MC#3
6331,BA12556E,22-Feb-25,PACKAGEWORLD,"4,000.00",3919,99.85,9020AL-9027AL,STD,9,25,380,60/60,160,160,160,160,150,150,150,150,150,150,160,160,,RUBBER,0600-0700 HEAT UP/0700-0730 BAGSAK NG LDPE 5KG/ PROD.CUT WAITING FOR COMPOUNDED/0600-0730 START
6332,GA15221E,24-Feb-25,PHIL-TOP,258.6,256.05,78.78,9153AL-9158AL,STD,8,12,3650,40/40,170,170,170,170,170,170,160,160,160,160,150,150,,LDPE HMI,
6333,GA5520E,24-Feb-25,H & E,80,78.5,49.58,9166AL-9167AL,STD,8,9,270,40/40,170,170,170,170,160,160,160,160,160,150,150,150,,LDPE HMI,VACUUM ON FALT ANG PELLET/MABAHO AT MASAKIT SA MATA
6334,GA16778E,24-Feb-25,PHIL-TOP,310.1,306.95,78.37,9050AL-9056AL,STD,8,20,380,40/40,170,170,170,170,170,170,170,170,160,160,150,150,,LDPE HMI,
6335,BA16776E,25-Feb-25,PHIL-TOP,280,277.47,79.28,9057AL-9062AL,STD,8,12,350,40/40,170,170,170,170,170,170,160,160,160,160,150,150,,LDPE HMI,
6336,BA7489E,2025-2-255,EVEREST,56.86,50.71,,,,,,,,,,,,,,,,,,,,,,
6337,BA9550E,25-Feb-25,H&E,53.45,53.2,46.81,90151AL-9152AL,STD,8,8,300,40/40,180,200,180,180,180,180,180,180,180,180,180,180,,PP,NO OVERSIZE
6338,DA16760E,25-Feb-25,PHIL-TOP,255.66,251.7,86.3,9045AL-9049AL,STD,8,10,350,40/40,170,170,170,170,170,170,160,160,160,160,150,150,,LDPE HMI,
6339,TA16972E,25-Feb-25,PHIL-TOP,155.81,153.28,68.12,9065AL-9067AL,STD,8,10,380,40/40,170,170,170,160,160,160,160,160,150,150,150,150,,LDPE HMI,
6340,GA6607E,25-Feb-25,ZELLER,56.54,54.55,44.44,9149AL-9150AL,STD,8,9,300,40/40,180,200,180,180,180,180,180,180,180,180,180,180,,PP,
6341,RA7886E,25-Feb-25,EASTERN,35,34.18,51.27,9148AL,STD,5,60,280,40/40,170,170,170,170,170,170,170,160,160,150,150,,,LDPE HMI,
6342,IA9154E,25-Feb-25,UNA INTERNATIONALE,25,21.84,43.68,9159AL,STD,5,10,380,40/40,170,170,170,170,170,170,170,160,160,150,150,,,LDPE HMI,VACUUM ON
6343,WA16973E,25-Feb-25,PHIL-TOP,170,163.82,54.61,9063AL-9064AL,STD,3,7.5,25,40/40,150,130,130,140,140,150,150,,,,,,,LDPE HMI,CHANGE FEED RATE/RPM/OV ERFLOW ON VACUUM FORT
6344,IA1770E,25-Feb-25,EVERBRIGHT,820,774.4,44.16,9284AL-9318AL,STD,5,12,300,60/60,170,170,170,170,170,170,170,160,160,150,150,,,LDPE HMI,VACUUM ON/CHANGE PELLETIZER AND SIEVER/1145-1230 WAITING FOR COMPOUNDED
6345,BA7489E,25-Feb-25,EVEREST,56.86,50.71,46.81,9151AL-9152AL,STD,8,8,300,40/40,180,200,180,180,180,180,180,180,180,180,180,180,,PP,NO OVERSIZE
6346,WA15123E,25-Feb-25,GILVAN,"3,100.00",3072.1,68.52,9117AL-9147AL,STD,3,12.5,38,60/60,150,150,140,130,130,150,150,,,,,,,LDPE HMI,
6347,WA14429E,25-Feb-25,TERUMO,59.56,52.2,52.2,8996AL,STD,3,6.5,22,40/40,180,200,180,180,180,180,180,180,180,180,180,,,PP,3mmX3mm
6348,BA4756E,26-Feb-25,EVERGOOD,262.26,255.17,72.91,9160AL-9165AL,STD,5,20,380,40/40,170,170,170,170,170,170,160,160,160,150,150,,,LDPE HMI,
6349,BA15671E,26-Feb-25,PREMIER CREATIVE,108.81,103.2,61.92,9114AL-9116AL,STD,5,16,380,40/40,170,170,170,170,170,160,160,160,160,150,150,,,LDPE HMI,CHANGE PELLETIZER 1620-2010
6350,BA9159E,26-Feb-25,EVEREST,"2,275.00",2254.12,84.53,9068AL-9113AL,STD,8,8.5,380,40/40,170,170,170,170,160,160,160,150,150,150,160,160,,LDPE HMI,0620-0840 -WAITING FOR COMPOUNDED /NO OVERSIZE
6351,BA4140E,27-Feb-25,EVERBRIGHT,724.22,712.1,70.04,9267AL-9283AL,STD,5,16,380,40/40,170,170,170,170,170,170,170,160,160,160,150,150,,LDPE HMI,VACUUM ON/ VACUUM OFF
6352,BA13023E,27-Feb-25,GENSTAR,522.12,509.63,51.83,9321AL-9331AL,STD,5,8,380,40/40,170,170,170,170,170,170,160,160,160,150,150,,,LDPE HMI,1340-1400 WAITING FOR COMPOUNDED/ UMAAPAW SA FEEDER PORT NAGPUPUTOL PUTOL ANG STRAND
6353,WA2127E,27-Feb-25,CEBU HI Q,158.7,153.25,70.73,9170AL-9171AL,STD,3,8.3,28,40/40,150,150,150,130,130,140,140,,,,,,,LDPE HMI,
6354,YA1444E,27-Feb-25,BEVPACK,870,870,66.67,9183AL-9439AL/9424AL-9439AL,STD,8,9.5,420,40/40,180,200,180,180,180,180,180,180,180,180,180,180,,PP,KUMUKULAY SA TUBIG /OVERFLOW ON FEEDER FORT/RPM 350-420/FEED RATE 10-9.5
6355,WA15190E,27-Feb-25,NMH(CONT.),"3,250.00",3164.95,73.89,8954AL-8986AL,STD,3,8.3,38,60/60,180,200,180,180,180,180,180,,,,,,,PP,52-62 PPG
6356,GA15181E,28-Feb-25,MCBRIDE,56.85,54.63,54.63,9319AL-9320AL,STD,5,80,380,40/40,170,170,170,170,170,160,160,160,160,150,150,,,LDPE HMI,
6357,GA17516E,28-Feb-25,JALBY,501.9,510,65.47,9399AL-9409AL,STD,5,18,390,40/40,180,180,180,170,170,170,160,160,160,150,150,,,LDPE HMI,WAITING FOR COMPOUNDED 0730-0900/ CHANGE SETTING: NAGPUPUTOL-PUTOL ANG STRAND
6358,SA11780E,28-Feb-25,SMYPC,101.11,98.65,78.92,9207AL-9208AL,STD,5,20,380,40/40,170,170,170,170,170,170,160,160,160,150,150,,,LDPE HMI,
6359,GA8074E,28-Feb-25,GLOBAL KONTEINER,157.2,149.34,56,9416AL-9419AL,STD,5,20,380,40/40,170,170,170,170,170,170,160,160,160,160,,,,LDPE HMI,
6360,YA1444E,28-Feb-25,BEVPACK(TRIAL),265,253.19,66.92,9172AL-9182AL,STD,8,9.5,420,40/40,220,210,200,180,180,180,180,180,180,180,180,180,,PP,
6361,YA4584E,28-Feb-25,MGQ,"1,024.53",1015.6,,9450AL-9470AL,STD,8,14,400,60/60,170,170,170,170,170,160,160,160,150,150,150,150,,LDPE HMI,
6362,YA14414E,28-Feb-25,BEVPACK(CORR),132.74,131.4,71.67,9202AL-9206AL,STD,8,9,300,40/40,180,200,180,180,180,180,180,180,180,180,180,180,,PP,
6363,RA12739E,28-Feb-25,SMYPC,500,494.83,83.63,9490AL-9499AL,STD,8,12,400,40/40,200,200,200,200,200,200,190,190,190,190,170,170,,LDPE HMI,LUMILLIT LUMALAKI ANG STRAND / CHANGE SETTING
6364,GA15221E,1-Mar-25,PHIL-TOP (CORR),100.33,98.46,84.39,9209AL-9210AL,STD,5,20,380,40/40,170,170,170,170,170,160,160,160,160,150,150,,,LDPE HMI,
6365,RA9825E,1-Mar-25,SMYPC,"2,493.00",2000,84.81,9554AL-9603AL,STD,8,12,360,40/40,170,170,170,170,170,170,160,160,160,160,150,150,,LDPE HMI,CHANGE SETTINGS/ LUMALAKI LUMILIIT ANG STRAND/ PROD. CUT 2000
6366,DA16760E,1-Mar-25,PHIL-TOP,310,305.2,79.62,9334AL-9340AL,STD,5,10,380,40/40,170,170,170,170,170,170,160,160,160,150,150,,,LDPE HMI,VACUUM ON
6367,WA5835E,1-Mar-25,CEBU JUNTRADE,"1,015.00",990.42,60.95,9440AL-9449AL,STD,3,7.5,18,60/60,150,150,150,140,140,130,130,,,,,,,LDPE HMI,VACUUM VENT OVERFLOW/CHANGE RPM/FEED RATE
6368,IA16887E,1-Mar-25,PHIL-TOP,105,98,65.33,9341AL-9342AL,STD,5,14,380,40/40,180,170,170,170,170,170,170,160,160,150,150,,, LDPE HMI,
6369,GA16778E,1-Mar-25,PHIL-TOP(corr),306.97,305.8,81.55,9410AL,STD,5,20,380,40/40,170,170,170,170,170,170,160,160,160,150,150,,,LDPE HMI,VACUUM ON
6370,KA9045E,2-Mar-25,EVEREST(TRIAL),250,250,75,9351AL-9355AL,STD,5,100,380,40/40,170,170,170,170,160,160,160,160,160,150,150,,,LDPE HMI,
6371,RA12739E,2-Mar-25,SMYPC,"2,000.00",2000,85.11,9534AL-9553AL/9605AL-9624AL,STD,8,11,360,40/40,190,190,180,180,180,170,170,170,160,160,160,160,,LDPE HMI,
6372,KA3144E,2-Mar-25,H&E,55.01,54.7,27.35,9422AL-9423AL,STD,1,80,400,40/40,180,200,180,180,180,180,180,180,180,180,,,,PP,
6373,KA9045E,2-Mar-25,EVEREST,"2,015.52",1995.02,81.16,9356AL-9396AL,STD,5,100,380,40/40,170,170,170,170,160,160,160,160,160,150,150,,,LDPE HMI,
6374,BA4521E,2-Mar-25,H&E,58.78,58.2,24.94,9332AL-9333AL,STD,1,80,400,40/40,180,200,180,180,180,180,180,180,180,180,,,,PP,
6375,BA4549E,2-Mar-25,H&E,55.86,55.3,26.54,9420AL-9421AL,STD,1,80,400,40/40,180,200,180,180,180,180,180,180,180,180,,,,PP,
6376,SA11780E,2-Mar-25,SMYPC,600,589.04,74.4,9522AL-9533AL,STD,5,20,380,40/40,170,170,170,170,170,170,160,160,160,150,150,,,LDPE HMI,
6377,KA5796E,3-Mar-25,INCON,118.09,112.45,49.25,7461AL-7464AL,STD,5,80,250,40/40,180,200,180,180,180,180,180,180,180,180,180,,,PP,
6378,KA7129E,3-Mar-25,H&E,56.62,56.02,25.94,9397AL-9398AL,STD,1,80,400,40/40,180,200,180,180,180,180,180,180,180,180,,,,PP,
6379,RA9825E,4-Mar-25,SMYPC,"1,050.00",1012.41,85.56,9500AL-9521AL,STD,8,12,360,40/40,200,200,180,180,180,180,180,180,180,180,170,170,,LDPE HMI,
6380,RA12739E,4-Mar-25,SMYPC,"4,700.00",3000,63.54,9713AL-9806AL,STD,8,12,380,40/40,200,200,200,200,200,200,200,180,180,180,170,170,,LDPE HMI,PRODUCTION CUT-3000
6381,MA13810E,4-Mar-25,INCON,106.99,95.96,50.07,9641AL-9644AL,STD,5,6,250,40/40,180,200,180,180,180,180,180,180,180,180,180,,,PP,4 KGS WAREHOUSE KULANG
6382,KA8595E,4-Mar-25,INCON,159,155.39,50.4,9646AL-9651AL,STD,5,8,250,40/40,180,200,180,180,180,180,180,180,180,180,,,,PP,
6383,BA9159E,4-Mar-25,EVEREST(TUMB),150,149.5,29.41,9680AL,STD,1,80,400,40/40,120,140,150,150,150,150,150150,150,150,140,140,,,LDPE HMI,
6384,RA12372E,4-Mar-25,SPI,510,501.65,64.73,9471AL-9481AL,STD,5,85,420,40/40,200,200,180,170,170,170,170,160,160,150,150,,,LDPE HMI,FEEDER OVERFLOW/ CHANGE RPM/CHANGE SETTING@2000-2100 / NO OVERSIZE
6385,GA17516E,4-Mar-25,JALBY,5,4.2,16.8,9679AL,STD,1,80,380,40/40,120,140,150,150,150,150,150,150,150,150,,,,LDPE HMI,
6386,KA8595E,4-Mar-25,INCON (TUMB),50,49.69,49.69,9635AL,STD,5,8.9,350,40/40,180,200,180,180,180,180,180,180,180,180,180,,,PP,
6387,GA6607E,4-Mar-25,H&E,53,51,23.54,9488AL-9489AL,STD,1,80,400,40/40,180,180,180,180,180,180,180,180,180,180,180,,,PP,BREAKTIME 0500
6388,RA9825E,4-Mar-25,SMYPC,493,490,85.22,9594AL,STD,8,12,360,40/40,170,170,170,170,170,160,160,160,160,150,150,,,LDPE HMI,
6389,WA5835E,5-Mar-25,IN HOUSE,215,208.27,17,9929AL-9930AL,STD,3,5.7,13,60/60,170,170,160,160,160,160,160,,,,,,,LDPE HMI,3-6-25 CHANGE F.RATE/RPM/INAYOS ANG SETTING/ CRASH OVERSIZE#8-9/UMAAPAW SA VACUUM/ CHANGE SCREEN/PROD. STOP.
6390,BA9159E,5-Mar-25,EVEREST (CORR),869.16,865.92,28.55,9695AL-9712AL,STD,1,85,400,40/40,120,140,150,150,150,150,150,150,150,140,140,,,LDPE HMI,
6391,BA9550E,5-Mar-25,H&E (CORR),53.46,52.5,52.27,9211AL,STD,1,8.5,260,40/40,180,200,180,180,180,180,180,180,180,180,180,,,PP,
6392,BA9550E,5-Mar-25,ZELLER,85,82.58,55.05,9638AL-9640AL,STD,5,8.5,260,60/60,180,200,180,180,180,180,180,180,180,180,180,,,PP,
6393,BA12068E,5-Mar-25,EVEREST,257,248.65,59.68,9482AL-9487AL,STD,5,7,380,40/40,170,170,170,170,170,160,160,160,160,150,150,,,LDPE HMI,
6394,BA15671E,5-Mar-25,PREMIER CREATIVE( CORR ),103.77,103,53.74,9636AL-9637AL,STD,5,85,280,40/40,170,170,170,160,160,160,160,150,150,150,150,,,LDPE HMI,VACUUM ON/ CHANGE RPM- LAGI NAGPUTOL PUTOL PAG MABILIS ANG SPEED FEEDRATE 85
6395,BA4756E,5-Mar-25,EVERGOOD (GOOD),255.9,254.87,63.72,9690AL-9694AL,STD,5,20,380,40/40,170,170,170,170,170,160,160,160,160,150,150,,,LDPE HMI,
6396,KA3144E,6-Mar-25,H&E (CORR),54.7,54.4,25.11,9975AL,STD,1,80,380,40/40,180,200,180,180,180,180,180,180,180,180,,,,PP,
6397,YA14414E,6-Mar-25,BEVPACK (CORR),"1,308.93",1300.08,64,9950AL-9974AL,STD,5,900,320,40/40,180,200,180,180,180,180,180,180,180,180,,,,PP,PANGIT AN G PUTOL PAG MABILIS/ VACUUM ON NAGPUPUTOL PUTOL ANG STRAND/ RPM CHANGE / KUMUKULAY SA TUBIG
6398,RA9825E,6-Mar-25,SMYPC,"3,721.00",2040,88.7,9807AL-9881AL,STD,8,12,360,40/40,200,200,180,180,180,180,180,180,180,170,170,,,LDPE HMI,PRODUCTION CUT-2040
6399,IA1770E,6-Mar-25,EVERBRIGHT,30,29.7,25.46,9654AL,STD,1,85,380,60/60,120,140,150,150,150,150,150,150,150,150,,,,LDPE HMI,VACUUM ON
6400,WA11678E,6-Mar-25,INCON,525,513.46,66.97,9931AL-9935AL,STD,3,8.5,20,40/40,150,150,110,110,140,150,150,,,,,,,LDPE HMI,MC#3 PRODUCTION STOP BIGLANG TUMIGIL ANG PELLETIZER
6401,IA16887E,6-Mar-25,PHIL-TOP (CORR),98.28,97.5,79.27,9981AL-9986AL,STD,5,800,380,40/40,170,170,170,170,170,160,160,160,150,150,,,,LDPE HMI,
6402,GA16778E,6-Mar-25,PHIL-TOP (CORR),311.2,308.8,32.5,9976AL-9977AL,STD,1,85,380,40/40,120,140,150,150,150,150,150,150,140,140,,,,LDPE HMI,
6403,RA5277E,6-Mar-25,EVEREST,515,507.78,79.13,9668AL-9678AL,STD,8,15,380,40/40,180,180,180,180,170,170,170,160,160,160,160,,,LDPE HMI,
6404,RA12739E,7-Mar-25,SMYPC,"4,700.00",1633.6,84.13,9793AL-9806AL,STD,8,12,380,40/40,200,200,200,200,200,200,200,180,180,180,170,170,,LDPE HMI,
6405,WA13000E,7-Mar-25,PREMIER CREATIVE,"1,025.00",1014.17,52.68,9937AL-9946AL,STD,3,8.5,1.4,40/40,170,170,150,160,160,160,160,,,,,,,LDPE HMI,MC#3 SHUT OFF PROCEED TO MC#9/   CHANGE F.RATE/RPM- OVERFLOW VACUUM / HINDI MABILISAN UMAAPAW SA MAY VACUUM
6406,BA9550E,7-Mar-25,H&E (CORR),53.18,52.4,26.87,9949AL,STD,1,80,400,40/40,180,200,180,180,180,180,180,180,180,180,180,,,PP,
6407,BA9550E,7-Mar-25,ZELLER (CORR),83.6,83.41,25.66,0223AM,STD,1,70,250,40/40,180,200,180,180,180,180,180,180,180,180,180,,,PP,
6408,WA16299E,7-Mar-25,SANICON,57.36,52,52,9936AL,STD,3,8.3,18,40/40,150,150,150,120,120,130,150,,,,,,,LDPE HMI,VACUUM OVERFLOW/ CHANGE RPM /CHANGE FEED RATE
6409,GA1225E,7-Mar-25,SMYPC,"2,000.00",1973.29,75.32,9882AL-9922AL,STD,5,550,380,40/40,170,170,170,170,170,170,160,160,160,150,150,,,LDPE HMI,FEEDER OVERFLOW/ CHANGE FEED RATE CHANGE RPM
6410,YA15776E,7-Mar-25,SANICON,105,103.8,24.42,9947AL-9980AL,STD,1,100,380,40/40,120,140,150,150,150,150,150,150,140,140,,,,LDPE HMI,
6411,BA4549E,7-Mar-25,H&E,55.3,54.8,26.3,9966AL,STD,1,85,380,40/40,180,200,180,180,180,180,180,180,180,180,,,,PP,
6412,RA9825E,8-Mar-25,SMYPC,"1,671.00",1647.34,84.48,9848AL-9881AL,STD,8,12,360,40/40,200,200,180,180,180,180,180,180,180,170,170,,,LDPE HMI,0550 HEAT UP
6413,BA14432E,8-Mar-25,TERUMO,"1,031.80",487,,,STD,,,,,,,,,,,,,,,,,,,
6414,BA12556E,8-Mar-25,PACKAGE WORLD,"4,000.00",3908,99.94,9681AL-9688AL,STD,9,25,380,60/60,160,160,160,160,160,150,150,150,150,150,160,160,,RUBBER,SHUT OFF 2040
6415,BA7924E,8-Mar-25,AMAZON,600,586.5,57.64,0211AM-0222AM,STD,5,8.6,60,40/40,180,200,180,180,180,180,180,180,180,180,180,,,HDPE HMI,HINDI BUMABAGSAK ANG COMPOUNDED/ OVERFLOW SA FEEDER/FLAT ANG STRAND PAG MABILIS ANG SPEED/CHANGE RPM/ VACUUM ON
6416,BA7861E,10-Mar-25,SMYPC,"1,219.71",1204.92,62.32,9625AL-9667AL,STD,5,100,400,40/40,200,200,200,180,170,170,170,170,160,160,160,,,LDPE HMI,OVERFLOW ON FEEDER/CHANGE RPM /CHANGE FEEDRATE/ CHANGE SETTING
6417,CA5402E,11-Mar-25,SMYPC,"3,059.00",3050,49.94,0061AM-0122AM,STD,8,5.2,120,40,130,130,110,110,110,110,110,110,110,110,1250,120,,LDPE HMI,HEAT UP 2040/PURGE 2140-2240/HINDI NAUMPISAHAN AGAD DAHIL MAGASPANG ANG STRAND NAG PUPUTOL/ CHANGE SCREEN
6418,BA14432E,11-Mar-25,TERUMO,"1,031.80",1010.96,,,STD,,,,,,,,,,,,,,,,,,,
6419,IA16887E,11-Mar-25,PHIL-TOP,460,451.1,65.22,0324AM-0333AM,STD,5,8.5,40,40/40,170,170,170,170,170,160,160,160,160,150,150,,,LDPE HMI,CHANGE F.RATE /RPM/ OVERFLOW ON FEEDER FORT
6420,VA4086E,11-Mar-25,IN HOUSE ,600,587.66,61.86,0256AM-0267AM,STD,5,10,300,40/40,170,170,170,170,170,160,160,160,160,150,150,,,LDPE HMI,VACUUM ON
6421,WA15123E,12-Mar-25,GILVAN,"3,200.00",3160.34,68.25,0268AM-0299AM,STD,3,12.6,35,40/40,150,130,130,150,150,150,150,,,,,,,LDPE HMI,
6422,YA14414E,12-Mar-25,BEVPACK (TUMB),600.8,597.42,24.53,0229AM-0232AM,STD,1,90,280,40/40,180,200,180,180,180,180,180,180,180,180,,,,PP,KUMUKULAY SA TUBIG/ MC#1 STOP/ UNDER MAINTENANCE/PRODUCTION RESUME
6423,WA16973E,12-Mar-25,PHIL-TOOP,210,196.89,56.25,0301AM-0302AM,STD,3,8.3,15,40/40,150,150,150,120,110,140,150,,,,,,,LDPE HMI,VACUUM OVERFLOW/ CHANGE RPM/CHANGE FEED RATE
6424,WA16973E,12-Mar-25,PHIL-TOP,210,196.89,64.75,0233AM-0236AM,STD,5,8.5,380,40/40,170,170,170,170,170,160,160,160,160,160,160,,,LDPE HMI,
6425,WA3827E,12-Mar-25,IN HOUSE,300,291.35,66,0253AM-0255AM,STD,5,12,380,40/40,170,170,170,170,170,160,160,160,160,150,150,,,LDPE HMI,
6426,RA13616E,12-Mar-25,STAR PLASTIC,185,178.07,64.75,0233AM-0236AM,STD,5,8.5,380,40/40,170,170,170,170,170,160,160,160,160,160,160,,,LDPE HMI,
6427,DA16760E,12-Mar-25,PHIL-TOP ( CORR),312.01,308,66,0344AM-0349AM ,STD,5,12,380,40/40,170,170,170,170,170,160,160,160,160,150,150,,,LDPE HMI,
6428,RA7310E,12-Mar-25,PHIL-TOP,260.8,258.1,51.62,0199AM-0208AM,STD,5,12,300,40/40,170,170,170,170,170,160,160,160,160,150,150,,,LDPE HMI,NAGPUPUTOL ANG STRAND PAG MABILIS ANG SPEED / CHANGE RPM 380-320
6429,KA14303E,12-Mar-25,PHIL-TOP,259.3,253.2,72.34,999AAL-9999AL,STD,5,12,380,40/40,170,170,170,170,170,160,160,160,160,150,150,,,LDPE HMI,
6430,TA16761E,13-Mar-25,PHIL-TOP,460,452,64.57,0334AM-0343AM,STD,5,10,380,40/40,170,170,170,170,170,170,160,160,160,150,150,,,LDPE HMI,
6431,GA1225E,13-Mar-25,SMYPC,"3,200.00",3161.6,84.19,0123AM-0186AM,STD,8,8,380,40/40,200,200,200,190,190,200,200,190,190,190,190,,,LDPE HMI,VACUUM ON/ LUMALAKI LUMILIIT ANG STRAND / OVERFLOW ON FEED RATE/ RPM /FEEDRATE
6432,GA14271E,13-Mar-25,PHIL-TOP,264.78,263.11,78.93,0187AM-0192AM,STD,8,10,350,40/40,170,170,170,170,170,170,160,160,160,160,150,150,,LDPE HMI,
6433,BA14304E,13-Mar-25,PHIL-TOP,260.08,256.9,22.42,0193AM-0198AM,STD,1,80,400,40/40,120,140,150,150,150,150,150,150,150,140,140,,,LDPE HMI,
6434,GA17489E,13-Mar-25,ROYU,30,28.83,23.06,0506AM,STD,1,80,400,40/40,120,140,150,150,150,150,150,150,150,150,150,,,LDPE HMI,
6435,DA16760E,13-Mar-25,PHIL-TOP,460,453,75,0314AM-0323AM,STD,5,12,380,40/40,170,170,170,170,170,160,160,160,160,150,150,,,LDPE HMI,
6436,VA17583E,13-Mar-25,EVEREST,133,130.5,71.18,0306AM-0308AM,STD,5,10,380,40/40,170,170,170,170,170,170,160,160,160,150,150,,,LDPE HMI,
6437,GA6050E,13-Mar-25,GLOBAL KONTEINER,57.89,54.82,21.22,0209AM-0210AM,STD,1,100,400,40/40,180,200,180,180,180,180,180,180,180,180,,,,PP,AYAW GUMANA NG SIEVER
6438,VA17581E,13-Mar-25,EVEREST,133,131.85,68.2,0303AM-0305AM,STD,5,10,380,40/40,170,170,170,170,1700,170,160,160,160,150,150,,,LDPE HMI,
6439,TA16972E,13-Mar-25,PHIL-TOP,260,205.09,65.02,0309AM-0313AM,STD,5,10,380,40/40,170,170,170,170,170,170,160,160,160,150,150,,,LDPE HMI,PROD. CUT UNDER MAINTENANCE 1940-2000 MAY GROUND ANG SIEVER AT PELLETIZER
6440,WA15071E,14-Mar-25,PACKAGE WORLD,600,592.32,29.97,0237AM-0242AM,STD,3,6.7,30,40/40,150,150,150,150,150,150,150,,,,,,,RUBBER,1845- SHUT OFF
6441,RA9825E,14-Mar-25,SMYPC,"2,680.00",2961.41,80.03,0001AM-0060AM,STD,5,10,380,40/40,170,170,170,170,170,170,16,160,160,150,150,,,LDPE HMI,
6442,RA17528E,14-Mar-25,JALBY,200,248,21.88,0350AM-0353AM,STD,1,80,400,40/40,120,140,150,150,150,150,150,150,150,140,140,,,LDPE HMI,
6443,RA16016E,14-Mar-25,ITUNG,105,104.6,22.82,0503AM-0504AM,STD,1,85,385,40/40,120,140,150,150,150,150,150,150,150,150,,,,LDPE HMI,
6444,GA5520E,15-Mar-25,H&E,20,19.7,26.27,0570AM,STD,1,85,380,40/40,120,140,150,150,150,150,150,150,140,140,,,,LDPE HMI,
6445,GA12411E,15-Mar-25,GENSTAR,760,751.68,55,0507AM-0536AM,STD,8,8,430,40/40,200,200,200,200,180,180,180,180,180,180,180,180,,PP,OVERFLOW ON F-DER/F-RATE/RPM/ HINDI BUMABAGSAK/ KUMUKULAY SA TUBIG/ LMI WITH DIESEL]
6446,TA15557E,15-Mar-25,I TUNG,458.8,455.63,22.41,0564AM-0633AM,STD,1,85,380,40/40,120,140,150,150,150,150,150,150,140,140,,,,LDPE HMI,
6447,RA12739E,15-Mar-25,SMYPC,"5,000.00",4933.57,72.28,0403AM-0502AM,STD,5,8.5,400,40/40,170,170,170,170,170,160,160,160,160,160,160,,,LDPE HMI,
6448,BA9159E,15-Mar-25,EVEREST,"2,350.00",1000,57.42,0356AM-0402AM,STD,1,80,400,40/40,120,140,150,150,150,150,150,150,150,150,140,140,,LDPE HMI,PRODUCTION CUT 1000
6449,RA17528E,15-Mar-25,JALBY ( PROD.ERROR),100,49,22.62,0354AM-0355AM,STD,1,85,380,40/40,120,140,150,150,150,150,150,150,140,140,,,,LDPE HMI,2ND FORM PROD'N ERROR 50 KGS.
6450,KA2871E,16-Mar-25,EVEREST,"1,265.00",1256.16,89.73,0537AM-0562AM,STD,8,12,360,40/40,170,170,160,160,160,160,160,150,150,150,160,160,,LDPE HMI,
6451,RA17528E,17-Mar-25,JALBY,300,296.84,84.81,0664AM-0669AM,STD,8,10,360,40/40,170,170,170,170,170,170,160,160,160,160,150,150,,LDPE HMI,
6452,CA5402E,17-Mar-25,SMYPC,"2,102.00",2100,49.94,0576AM-06016AM,STD,8,5.2,120,40/40,130,130,120,120,120,110,110,110,110,110,120,120,,LDPE HMI,VACUUM ON
6453,GA13854E,18-Mar-25,REIMAGINE,107.7,98.5,21.89,0636AM-0638AM,STD,1,90,400,40/40,120,140,150,150,150,150,150,150,150,150,,,,LDPE HMI,VACUUM ON KUMUKULAY SA TUBIG ANG STRAND
6454,BA16765E,18-Mar-25,EVEREST,82.41,80.9,21.57,0876AM-0877AM,STD,1,80,380,40/40,120,140,150,155,150,150,150,150,140,140,,,,LDPE HMI,
6455,BA4549E,18-Mar-25,H&E (CORR),54.9,54.66,27.33,0639AM,STD,1,80,400,40/40,180,200,180,180,180,180,180,180,180,180,,,,PP,
6456,CA8905E,19-Mar-25,SMYPC,"3,000.00",2970.5,50.09,0681AM-0740AM,STD,8,5.2,120,40,130,130,120,120,120,120,120,120,120,120,120,120,,LDPE HMI,VACUUM ON / RELIEVER MC#P
6457,RA17528E,19-Mar-25,JALBY,675,667,70.83,0741AM-0754AM,STD,5,8.5,400,40/40,170,170,170,170,170,160,160,160,160,150,150,,,LDPE HMI,
6458,OA11689E,19-Mar-25,EVEREST,125,123.77,13.48,0248AM-0252AM,STD,1,100,400,40/40,180,200,180,180,180,180,180,180,180,180,180,,,PP,BIGLANG NAMATAY MAIN MOTOR NG MC#1
6459,RA17528E,19-Mar-25,JALBY (CORR),298.37,290.7,74.22,0755AM-0760AM,STD,5,8.5,350,40/40,170,170,170,170,170,160,160,160,160,150,150,,,LDPE HMI,NO OVERSIZE
6460,WA12282E,19-Mar-25,PACKAGE WORLD,"5,000.00",4391,99.79,0243AM-0653AM,STD,9,25,380,60/60,160,160,160,160,150,150,150,150,150,150,150,150,,RUBBER,UNDER MAINTENANCE Z7 MATAAS READING 15 KGS RUN FOR BLACK SPOT
6461,OA11689E,19-Mar-25,EVEREST(TRIAL),24.65,22.99,22.99,0635AM,STD,1,80,400,40/40,180,200,180,180,180,180,180,180,180,180,180,,,PP,
6462,TA16761E,20-Mar-25,PHIL-TOP(corr),454.84,453.7,25.21,0640AM-0648AM,STD,1,85,380,40/40,120,140,150,150,150,150,150,150,150,140,140,,,LDPE HMI,
6463,DA5176E,20-Mar-25,EVERGOOD,260.01,257.9,29.47,0883AM-0888AM,STD,1,80,380,40/40,120,140,150,150,150,150,150,150,150,140,140,,,LDPE HMI,DSTOP PROD. PUMUTOK TUBO NG TUBIG SA MOTOR NG COOLING TOWER 07:40-08:10
6464,BA2688E,20-Mar-25,EVEREST,258.78,248.62,69.21,0624AM-0629AM,STD,5,8.5,400,40/40,170,170,170,170,170,160,160,160,160,150,150,,,LDPE HMI,NO OVERSIZE  FEEDER OVERFLOW @ 0400 CHANGE SETTING
6465,BA5327E,20-Mar-25,EVEREST,335.95,327.11,71.37,0617AM-0623AM,STD,5,7.5,400,40/40,170,170,170,170,160,160,160,160,160,150,150,,,LDPE HMI,
6466,BA9159E,20-Mar-25,EVEREST(CONT.),"1,350.00",1322.17,68.09,0376AM-0402AM,STD,5,7.5,380,40/40,220,210,170,170,170,160,160,160,160,150,150,,,LDPE HMI,FEEDER OVERFLOW/VACUUM ON/ LOT#0386-95AM/2ND PALLET LAGI NAG OVERFLOW/CHANGE SETTING NAGPUPUTOL
6467,YA13837E,21-Mar-25,GENSTAR,258.74,254.31,61.05,0670AM-0675AM,STD,5,18,400,40/40,170,170,170,170,170,160,160,160,160,150,150,,,LDPE HMI,KUMUKULAYSA TUBIG
6468,GA12411E,21-Mar-25,GENSTAR,779.49,773.82,54.62,0931AM-0945AM,STD,5,8,300,40/40,180,200,180,180,180,180,180,180,180,180,180,,,PP,KUMUKULAYSA TUBIG
6469,BA16119E,21-Mar-25,GLOBE PACK,56.89,55.13,10.02,0873AM-0874AM,STD,1,40,380,40/40,170,170,170,170,160,160,160,160,150,150,150,,,LDPE HMI,OVERFLOW ON FEEDER /FEED RATE / RPM
6470,BA9159E,21-Mar-25,IN HOUSE,150,149.07,68.8,0880AM-0882AM,STD,5,8.5,400,40/40,170,170,170,170,170,160,160,160,160,150,150,,,LDPE HMI,
6471,RA7487E,22-Mar-25,GENSTAR,206.66,205.6,77.1,0676AM-0680AM,STD,8,10,380,40/40,170,170,170,170,160,160,160,160,160,150,150,,,LDPE HMI,UNDER MAINTENACE COLING TOWER
6472,WA15190E,22-Mar-25,NMH,"6,299.00",6215.29,73.26,0950AM-1012AM,STD,3,8.5,38,40/40,185,200,180,180,180,180,180,,,,,,,PP,0900 MC#3 SHUT OFF-0500-0600 BREAKTIME
6473,RA4665E,22-Mar-25,EVEREST,261.55,254,60.96,1067AM-1072AM,STD,8,13,250,40/40,170,170,160,160,160,160,160,150,150,150,150,150,,LDPE HMI,OVERFLOW ON FEEDER PORT
6474,WA15135E,22-Mar-25,TOPRITE,132.31,128.62,51.45,0772AM,STD,3,7,12,40/40,150,140,130,130,140,140,150,,,,,,,LDPE HMI,OVERFLOW ON VENT & VACUUM PORT/ CHANGE RPM 30-20-15-12/F.RATE 12-10-7/ HINDI BUMABAGSAK/ SHUT OFF 03-22-2025
6475,GA8074E,22-Mar-25,ALPHATECH,82,81.41,22.51,1013AM-1014AM,STD,1,80,380,40/40,120,140,150,150,150,150,150,150,150,140,140,,,LDPE HMI,
6476,IA1770E,22-Mar-25,EVERBRIGHT,814.7,794.32,50.91,1017AM-1049AM,STD,5,16,430,40/40,180,180,170,170,160,160,160,140,140,150,150,,,LDPE HMI,"VACUUM ON/ OVERFLOW ON FEEDER, VENT & VACUUM PORT/RPM 400-430/ FEEDRATE 18-16"
6477,RA12739E,24-Mar-25,SMYPC,"5,000.00",4955.91,85,0773AM-0872AM,STD,8,12,360,40/40,190,190,180,180,180,180,180,180,180,180,170,170,,LDPE HMI,
6478,GA13925E,24-Mar-25,GREENPACK,513.18,505,67.33,0761AM-0771AM,STD,5,90,400,40/40,200,200,180,170,170,160,160,160,160,150,150,,,LDPE HMI,1400 CHANGE SETTING /FEEDER OVERFLOW
6479,BA2688E,24-Mar-25,EVEREST,5,4.8,11.52,1083AM,STD,1,80,400,40/40,120,140,150,150,150,150,150,150,140,140,,,,LDPE HMI,
6480,BA4701E,24-Mar-25,EVEREST,85,83.3,21.27,0947AM-0949AM,STD,1,100,280,40/40,180,200,180,180,180,180,180,180,180,180,,,,PP,
6481,UA8910E,24-Mar-25,STARKSON,15,13.02,26.02,7340AL,STD,3,60,250,60/60,170,170,170,170,170,160,160,160,160,150,150,,,RUBBER,
6482,GA12628E,24-Mar-25,PLEXCO,258.35,253.29,54.28,1050AM-1055AM,STD,5,20,380,40/40,170,170,170,1470,170,160,160,160,160,150,150,,,LDPE HMI,OVERFLOW ON FEEDER/RPM 400/ FEED RATE 40
6483,GA4952E,25-Mar-25,EVEREST,225.24,223.3,78.81,1073AM-1101AM,STD,5,12,380,40/40,170,170,170,170,170,170,160,160,160,150,150,,,LDPE HMI,
6484,GA5520E,25-Mar-25,H&E,57,55.8,22.09,1084AM-1085AM,STD,1,90,380,40/40,120,140,150,150,150,150,150,150,140,140,,,,LDPE HMI,
6485,GA3538E,25-Mar-25,ZELLER (TUMB. EXTRUDE ),15.6,15.5,22.58,1099AM,STD,1,90,380,40/40,180,200,180,180,180,185,180,180,180,180,,,,PP,
6486,GA3538E,25-Mar-25,ZELLER,65.68,63.6,23.85,1097AM-1098AM,STD,1,90,380,40/40,180,200,180,180,180,180,180,185,180,180,,,,PP,
6487,TA15569E,25-Mar-25,PHIL-TOP (TRIAL),65,64,76.8,1111AM-1112AM,STD,5,20,380,40/40,170,170,170,170,170,170,160,160,160,160,150,,,LDPE HMI,PPG 70-80 (NEW REMARKS)
6488,TA15569E,25-Mar-25,PHIL-TOP,450,285.23,70.3,1102AM-1110AM,STD,5,80,380,40/40,170,170,170,170,170,160,160,160,160,160,150,,,LDPE HMI,PPG 70-80 (NEW REMARKS)
6489,GA16706E,25-Mar-25,EVEREST,386.32,383.03,74.62,1056AM-1063AM,STD,5,80,380,40/40,170,170,170,170,170,170,160,160,160,150,150,,,LDPE HMI,
6490,BA17468E,25-Mar-25,EVERSAFE,85,83.9,24.56,1117AM-1118AM,STD,1,80,400,40/40,120,140,150,150,150,155,150,150,140,140,,,,LDPE HMI,
6491,TA15569E,25-Mar-25,PHIL-TOP(PROD.ERROR),50,50,200,1088AM,STD,5,20,380,40/40,170,170,170,170,170,160,160,160,150,150,,,,LDPE HMI,
6492,CA8905E,26-Mar-25,SMYPC,"2,050.00",2041.56,57.91,0890AM-0930AM,STD,5,3.8,9,40,150,150,150,140,116,125,130,110,110,120,120,,,LDPE HMI,BIGLA NALANG NAMATAY UNG SIEVER #1- SIEVER#5 1850 - 1920
6493,RA9825E,27-Mar-25,SMYPC,"5,000.00",4958.81,85.2,1209AM-1308AM,STD,8,12,360,40/40,170,170,170,170,160,160,160,160,160,160,160,160,,LDPE HMI,
6494,WA8512E,27-Mar-25,AMAZON,"4,100.74",4065.83,75.3,1168AM-1208AM,STD,3,10,32,40/40,150,150,130,120,110,150,150,,,,,,,LDPE HMI,CHANGE FEED RATE/RPM UMAAPAW SA MAY VACUUM FORT/2 HRS STANDBY FOR BREAKTIME-RELIEVER TO MC#9
6495,RA15449E,27-Mar-25,GILVAN,55.2,54.75,73,1409AM,STD,8,10,250,40/40,170,170,170,170,160,160,160,160,150,150,150,150,,LDPE HMI,VACUUM ON NAG PUPUTOL
6496,RA17532E,27-Mar-25,EVERSAFE,85,183,81.33,1113AM-1116AM,STD,8,12,380,40/40,170,170,170,170,170,170,160,160,160,160,150,150,,LDPE HMI,
6497,IA6500E,27-Mar-25,SMYPC,774.48,764,74.66,1411AM-1426AM,STD,5,20,380,40/40,170,170,170,170,170,170,160,160,160,160,150,150,,LDPE HMI,
6498,IA16761E,28-Mar-25,PHIL-TOP,384.57,374.73,76.22,9343AL-9350AL,STD,5,20,380,40/40,170,170,170,170,170,160,160,160,160,150,150,,,LDPE HMI,
6499,BA4140E,28-Mar-25,EVERBRIGHT,700,698.09,61.15,"1119A,-1146AM",STD,5,80,350,40/40,170,170,170,160,160,160,160,130,120,150,150,,,LDPE HMI,VACUUM OVERFLOWCHANGE SETTING 1400
6500,WA12282E,28-Mar-25,PACKAGE WORLD,"7,500.00",4791,,,,,,,,,,,,,,,,,,,,,,
6501,GA1225E,29-Mar-25,SMYPC,"2,000.00",1974.43,87.75,1309AM-1348AM,STD,8,10,400,40/40,190,190,190,180,180,160,160,160,160,160,160,160,,LDPE HMI,NO OVERSIZE
6502,BA13023E,29-Mar-25,GENSTAR,"1,024.63",1010.96,43.33,1147AM-1167AM,STD,5,100,450,40/40,220,210,200,170,170,170,170,160,160,150,150,,,LDPE HMI,FEEDER OVERFLOW/CHANGE FEED RATE /RPM/ CHANGE SETTING & RPM /FEED RATE/ FEEDER OVERFLOW
6503,,30-Mar-25,INCON,214.74,204.58,74.44,1613AM-1617AM,STD,5,10,38,40/40,170,170,170,170,170,160,160,160,160,150,150,,,LDPE HMI,
6504,WA16245E,31-Mar-25,INCON,314.84,308,71.08,1429AM-1431AM,STD,3,8.6,28,40/40,150,140,140,140,140,150,150,,,,,,,LDPE HMI,
6505,BA12615E,31-Mar-25,PLEXCO,260.04,248.77,47.69,1360AM-1365AM,STD,5,5,450,40/40,220,210,150,150,150,150,140,140,140,150,150,,,LDPE HMI,HINDI MA RUN NG MAAYOS OVERFLOW SA FEEDER/ MASYADO MALUTONG ANG STRAND/ 0000 CHANGE FEED RATE /CHANGE RPM
6506,GA3538E,31-Mar-25,ZELLER(CORR),65.73,64.2,55.03,1535AM-1536AM,STD,5,12,380,40/40,200,200,180,180,180,180,180,180,180,180,180,,,PP,
6507,KA6414E,  ,H&E,56.52,55.9,51.6,1539AM-1540AM,STD,5,20,380,40/40,180,200,180,180,180,180,180,180,180,180,180,,,PP,
6508,KA9077E,31-Mar-25,H&E,50.35,53.8,53.8,1537AM-1538AM,STD,5,15,380,40/40,180,200,180,180,180,180,180,180,180,180,180,,,PP,
6509,GA16415E,1-Apr-25,METRO CONTAINER,760,754.33,83.78,1624AM-1639AM,STD,8,10,400,40/40,170,170,170,160,160,160,160,160,160,160,150,150,,LDPE HMI, 
6510,YA12128E,1-Apr-25,21ST,"1,024.72",974,38.72,1349AM-1377AM,STD,8,3.5,120,40/40,120,120,110,110,110,110,110,110,110,110,120,120,,LDPE HMI,VACUUM ON / OVERFLOW ON FEEDER /RPM/F.RATE/MAHINA ANG VACUUM KAYA NAG PUPUTOL
6511,RA9825E,1-Apr-25,SMYPC,"5,000.00",4902.1,79.06,1434AM-1533AM,STD,5,90,380,40/40,170,170,170,170,170,160,160,160,160,150,150,,,LDPE HMI,CHANGE RPM/CHANGE F.RATE/OVERISIZE PR/HR=55/ DI MA RUN PAG MABILIS ANG SPEED/PROD. STOP NAGPALIT NG FUSE HOLDER.
6512,RA9825E,1-Apr-25,SMYP(TRIAL0,100,98,78.4,1366AM-1367AM,STD,5,90,380,40/40,170,170,170,170,170,160,160,160,160,150,150,,,LDPE HMI,
6513,VA4086E,1-Apr-25,IN HOUSE,600,588.02,56,1383AM-1406AM,STD,5,12,350,40/40,170,170,170,170,170,170,160,160,160,160,160,,,LDPE HMI,VACUUM ON 
6514,WA3827E,2-Apr-25,IN HOUSE,"1,100.00",1084,54.2,1378AM-1645AM,STD,3,7.8,25,40/40,200,180,180,180,150,160,180,,,,,,,HDPE HMI,CHANGE SCREEN/PRDO. STOP-SHUT OFF PROCEED TO MC#5/CHANGE F.RATE/RPM OVERFLOW ON VACUUM VENT FORT
6515,GA5330E,2-Apr-25,EASTERN,57.7,55.68,66.82,7142AL-7143AL,STD,8,10,400,40/40,170,170,170,170,160,160,160,160,160,150,150,,,LDPE HMI,
6516,MA4737E,2-Apr-25,GENSTAR,158.4,146.89,29.38,1618AM-1623AM,STD,8,4.1,430,40/40,200,200,180,180,170,170,160,160,160,160,150,150,,LDPE HMI,OVERFLOW ON FEEDER/ CHANGE FEED RATE / RPM
6517,GA1225E,3-Apr-25,SMYPC,"3,600.00",3577.6,88.44,1541AM-1612AM,STD,8,8.5,400,40/40,170,170,170,170,170,170,160,160,160,160,160,160,,LDPE HMI,0600-0800 CLEANING TIME
6518,OA8984E,4-Apr-25,SMYPC,60,58.8,21.38,1407AM-1408AM,STD,1,80,380,40/40,120,140,150,150,150,150,150,150,140,140,,,,LDPE HMI,
6519,TA11781E,4-Apr-25,SMYPC,210.55,205.8,23.3,1789AM-1793AM,STD,1,80,400,40/40,170,170,160,160,160,160,160,170,170,170,,,,LDPE HMI,
6520,GA4921E,4-Apr-25,EVEREST,285.22,283.22,83.65,1901AM-1906AM,STD,8,10,380,40/40,180,180,180,180,170,170,160,160,160,160,160,160,,LDPE HMI,LMI WITH DIESEL
6521,GA3538E,4-Apr-25,ZELLER,50,49.32,21.14,1646AM-1647AM,STD,1,80,400,40/40,180,200,180,180,180,180,180,180,180,180,,,,PP,
6522,RA11649E,5-Apr-25,MILLERS,58.6,55.3,44.24,7466AL-7467AL,STD,5,7.5,200,60/60,175,195,175,175,175,175,175,175,175,175,175,,,PP,VACUUM ON LESS 5ºC/ RE-EXTRUDE
6523,BA16119E,5-Apr-25,GLOBE PACK,53,51.5,14.37,1077AM,STD,1,45,380,40/40,180,180,150,150,150,150,150,150,140,140,,,,LDPE HMI,DI PO MAITAKBO NG MAAYOS UMAAPAW PO SA FEEDER POPRT CHANGE RPM/F.RATE ZONE 1-180 ZONE 2-180
6524,RA12739E,5-Apr-25,SMYPC,"4,938.87",4560,79.21,1648AM-1747AM,STD,5,20,380,40/40,170,170,170,170,170,160,160,160,160,160,160,,,LDPE HMI,
6525,SA11780E,5-Apr-25,SMYPC,314.85,308.7,22.59,1794AM-1800AM,STD,1,80,380,40/40,120,110,110,140,140,150,150,150,150,150,150,,,LDPE HMI,
6526,YA16164E,5-Apr-25,EVEREST,"1,050.00",1032,69.81,1907AM-1927AM,STD,8,9,300,40/40,170,170,170,170,160,160,160,160,160,160,150,150,,LDPE HMI,VACUUM ON NAGPUPUTOL PAG MABILIS F.RATE /RPM
6527,YA6053E,6-Apr-25,EVEREST,"1,000.00",993.45,77.92,1933AM-1952AM,STD,8,11,400,40/40,170,170,170,170,170,170,160,160,160,160,150,150,,LDPE HMI,
6528,GA8074E,7-Apr-25,GLOBAL KONTEINER,105,103.8,22.24,2046AM-2047AM,STD,1,80,380,40/40,120,140,150,150,150,150,150,150,140,140,,,,LDPE HMI,
6529,YA12128E,7-Apr-25,21ST,85,83.81,45.71,2049AM-2050AM,STD,8,4.5,125,40/40,120,120,120,120,110,110,110,110,110,110,120,120,,LDPE HMI,
6530,DA16760E,7-Apr-25,PHIL-TOP,255,252.66,84.22,1953AM-1957AM,STD,8,10,300,40/40,170,170,170,170,160,160,160,160,150,150,150,150,,LDPE HMI,
6531,WA3827E,7-Apr-25,IN HOUSE (RE-EXT),100,100,75,2048AM,STD,3,8.5,28,40/40,180,170,170,170,170,160,160,160,180,,,,,HDPE HMI,
6532,DA15568E,8-Apr-25,PHIL-TOP,"1,015.00",1005.61,84.39,2258AM-2278AM,STD,8,10,300,40/40,170,170,170,170,160,160,160,150,150,150,150,150,,LDPE HMI,
6533,GA4254E,8-Apr-25,INCON,210.62,208,25.21,2038AM-2045AM,STD,1,80,380,40/40,180,200,180,185,180,180,185,180,180,180,,,,PP,
6534,KA6414E,8-Apr-25,H&E (CORR),58.23,57.85,22.39,2057AM-2058AM,STD,1,80,400,40/40,180,200,180,180,180,180,175,180,180,180,180,,,PP,
6535,OA14302E,8-Apr-25,INCON (CORR),54.58,53.37,25.62,2051AM,STD,1,90,400,40/40,120,140,150,150,150,150,150,150,150,140,140,,,LDPE HMI,
6536,OA8984E,8-Apr-25,EVEREST (CORR),27.57,27.42,23.5,2209AM,STD,1,80,400,40/40,120,140,150,150,150,150,150,150,150,140,140,,,LDPE HMI,
6537,GA1225E,8-Apr-25,SMYPC,"5,000.00",4950,88,1801AM-1900AM,STD,8,8.5,390,40/40,180,180,170,170,170,160,160,160,160,160,170,170,,LDPE HMI,
6538,VA4869E,9-Apr-25,EVEREST,250.04,246.45,65.72,1928AM-1932AM,STD,5,8.5,350,40/40,150,150,150,150,150,150,150,150,140,140,140,,,LDPE HMI,
6539,BA13652E,9-Apr-25,PRESTIGE,80.76,78.9,24.28,2210AM-2212AM,STD,1,80,380,40/40,180,200,180,180,180,180,180,180,180,180,,,,PP,
6540,BA7861E,9-Apr-25,SMYPC,"2,030.00",1998.2,64.45,1748AM-1788AM,STD,5,100,380,40/40,200,200,180,180,180,170,170,170,160,160,160,,,LDPE HMI,0800- CHANGE SETTING/RPM 410 F.RATE-80-100 FEEDER OVERFLOW
6541,VA13514E,9-Apr-25,PRESTIGE,80.76,78.14,21.81,2228AM-2230AM,STD,1,80,400,40/40,180,200,180,180,180,180,180,180,180,180,180,,,PP,
6542,OA16199E,9-Apr-25,INCON,209.78,207,22.18,2052AM-2056AM,STD,1,80,400,40/40,120,140,150,150,150,150,150,150,150,140,140,,,LDPE HMI,UMAAPAW PO SA FEEDER  PORT LUMALAKI LUMILIIT ANG STRAND VACUUM ON
6543,IA13614E,10-Apr-25,PRESTIGE,80.75,78.35,24.11,2205AM-2207AM,STD,1,80,400,40/40,180,200,180,180,180,180,180,180,180,180,180,,,PP,
6544,WA3827E,10-Apr-25,IN HOUSE,"1,250.00",1240.3,53.73,2187AM-2199AM,STD,3,7.5,24,40/40,200,200,200,180,170,160,180,,,,,,,HDPE HMI,1235 CHANGE SETTING/ VACUUM & VENT OVEERFLOW/RPM/F.RATE/0700 MC#3 SHUT OFF PROCEED TO MC#5
6545,BA14304E,10-Apr-25,PHIL-TOP,255,252.8,75.84,1958AM-1962AM,STD,5,70,320,40/40,170,170,170,170,160,160,160,150,150,150,150,,,LDPE HMI,
6546,KA14303E,10-Apr-25,PHIL-TOP,255,249.77,68.12,1968AM-1972AM,STD,5,30,380,40/40,170,170,170,170,170,170,170,160,160,150,150,,,LDPE HMI,CHANGE FEED RATE/ OVERFLOW ON FEEDER PORT/ RPM
6547,RA7886E,10-Apr-25,EASTERN,56,55.1,22.04,2185AM-2186AM,STD,1,80,400,40/40,120,140,150,150,150,150,150,150,1440,140,,,,LDPE HMI,
6548,RA9825E,11-Apr-25,SMYPC,"5,045.00",4983,79.09,2084AM-2184AM,STD,5,10,380,40/40,180,170,170,170,170,170,160,160,160,150,150,,,LDPE HMI,1100 PROD STOP WAITING FOR Q.C. RESPONSE / 1200 PROD RESUME
6549,GA3538E,11-Apr-25,ZELLER(CORR),51.6,51,51,2296AM-2297AM,STD,8,11,220,40/40,180,200,180,180,180,180,180,180,180,180,180,180,,PP,
6550,GA6607E,11-Apr-25,H&E,55.55,54.84,50.62,2294AM-2295AM,STD,8,9,280,40/40,180,200,180,180,180,180,180,180,180,180,180,180,,PP,
6551,WA2677E,11-Apr-25,ALLIED,100,92.28,33.55,7469AL,STD,3,6.5,18,60/60,220,220,220,220,220,220,220,,,,,,,PET,VACUUM ON
6552,GA3933E,11-Apr-25,MOLDEX,336.38,331.6,51.02,2528AM-2540AM,STD,8,85,320,40/40,180,200,180,180,180,180,180,180,180,180,180,180,,PP,VACUUM ON
6553,GA6246E,11-Apr-25,PLASTIMER,200,197.4,49.35,2486AM-2493AM,STD,8,9,250,40/40,180,200,180,180,180,180,180,180,180,180,180,180,,PP,VACUUM ON/ NAKULAY SA TUBIG / LMI WITH DIESEL
6554,YA13953E,12-Apr-25,IN HOUSE ( CORR),56.71,56.48,67.78,2216AM-2217AM,STD,8,9,360,40/40,170,170,170,170,170,170,160,160,160,160,160,160,,LDPE HMI,KUMUKULAY SA TUBIG
6555,WA16245E,12-Apr-25,ALLIED,425,411.38,72.6,2201AM-2204AM,STD,3,10.5,35,40/40,120,140,150,150,150,150,150,,,,,,,,
6556,WA16245E,12-Apr-25,ALLIED ( TRIAL),100,100,60,2200AM,STD,3,10.5,35,40/40,150,140,140,150,150,150,150,,,,,,,LDPE HMI,
6557,GA6246E,12-Apr-25,PLASTIMER(CORR),198.28,196.72,50.23,2499AM-2506AM,STD,8,9,250,40/40,180,200,180,180,180,180,180,180,180,180,180,1480,,PP,LMI WITH DIESEL
6558,YA5124E,12-Apr-25,EVERGOOD,500,496.28,74.44,2242AM-2251AM,STD,8,12.8,420,40/40,170,170,170,170,170,160,160,160,160,160,160,,,LDPE HMI,LMI WITH DIESEL
6559,YA16164E,12-Apr-25,EVEREST,"1,225.00",1216.8,71.93,2059AM-2083AM,STD,8,10,300,40/40,170,170,170,170,160,160,160,160,150,150,150,150,,LDPE HMI,
6560,YA13953E,12-Apr-25,IN HOUSE,154,152,65.14,2213AM-2215AM,STD,8,12,300,40/40,170,170,170,170,160,160,160,150,150,150,150,150,,LDPE HMI,NA KULAY SA TUBIG
6561,YA4584E,12-Apr-25,MGQ ( RE-EXTRUDE),100,99.35,85.16,2548AM,STD,8,10,300,60/60,160,160,160,150,150,150,150,150,150,150,150,150,,LDPE HMI,
6562,KA15913E,12-Apr-25,EVEREST,260.5,257.7,25.77,2218AM-2227AM,STD,1,80,350,40/40,180,200,180,180,180,180,180,180,180,180,,,,PP,
6563,RA2508E,14-Apr-25,EVERGOOD,505,497.86,64.94,2231AM-2241AM,STD,5,16,380,40/40,180,180,180,180,170,170,160,160,160,170,170,,,LDPE HMI,
6564,IA13614E,14-Apr-25,PRESTIGE (CORR),80.45,78.9,24.28,2497AM-2498AM,STD,1,100,400,40/40,180,200,180,180,180,180,180,180,180,180,,,,PP,2200 SHUT OFF/ SHIFT TO EXTRUDER #8
6565,WA3827E,14-Apr-25,IN HOUSE,"1,300.00",1272.47,42.06,2281AM-2293AM,STD,3,6.5,24,40/40,200,200,180,160,160,180,180,,,,,,,HDPE HMI,"OVERFLOW ON VENT VACUUM PORT/ F,RATE/RPM"
6566,KA6414E,14-Apr-25,H&E (CORR),62.32,61.88,24.75,2495AM-2496AM,STD,1,80,40,40/40,180,200,180,180,180,180,180,180,180,180,,,,PP,
6567,DA16760E,14-Apr-25,PHIL-TOP,56.7,56.3,67.56,2546AM-2547AM,STD,8,10,350,40/40,170,170,170,170,160,160,160,160,150,150,150,150,,LDPE HMI,
6568,WA15190E,15-Apr-25,NMH,"6,500.00",6371.36,73.1,1973AM-2037AM,STD,3,9,38,60/60,180,200,180,180,180,180,180,,,,,,,PP,4-14-25 PROD. CUT
6569,TA16761E,15-Apr-25,PHIL-TOP,134.43,133.23,22.21,2525AM-2527AM,STD,1,80,400,40/40,150,150,150,150,150,150,150,150,150,150,,,,LDPE HMI,2000 SHUT OFF/SHIFT TO EXT.#8/ 
6570,RA12739E,15-Apr-25,SMYPC,"4,000.00",3939.88,68.98,2406AM-2485AM,STD,5,10,380,40/40,180,180,170,170,170,170,170,170,170,170,170,,,LDPE HMI,PROD.CUT TO  RA12739E TRIAL /NO PURGING/2406AM-(1-20)NO ENDORSE
6571,GA1225E,15-Apr-25,SMYPC,"5,200.00",5155.13,88.34,2298AM-2401AM,STD,8,8.5,380,40/40,180,180,170,170,170,160,160,160,160,170,170,,,LDPE HMI,
6572,VA15501E,15-Apr-25,PLEXCO,259.1,199.8,68.5,2541AM-2545AM,STD,5,14,380,40/40,180,170,170,170,170,170,160,160,160,150,150,,,LDPE HMI,
6573,VA16737E,15-Apr-25,EVEREST,262.25,255.29,66.6,2252AM-2257AM,STD,5,90,380,40/40,180,180,180,170,170,170,170,170,160,160,160,,,LDPE HMI,
6574,VA4869E,16-Apr-25,EVEREST,254.16,251.1,70.07,2624AM-2628AM,STD,5,20,380,40/40,170,170,170,170,160,160,160,160,160,150,150,,,LDPE HMI,
6575,IA9912E,16-Apr-25,EVERGOOD,261.84,258.77,77.63,2552AM-2557AM,STD,5,6.5,400,40/40,170,170,170,170,170,160,160,160,160,150,150,,,LDPE HMI,
6576,IA16887E,16-Apr-25,PHIL-TOP,635,627.23,64.33,2512AM-2524AM,STD,5,20,380,40/40,170,170,170,170,170,170,160,160,160,150,150,,,LDPE HMI,
6577,GA6246E,17-Apr-25,PLASTIMER (CORR),350,347.5,59.57,2818AM-2819AM,STD,8,10,300,40/40,180,200,180,180,180,180,180,180,180,180,180,180,,PP,KUMUKULAY SA TUBIG
6578,KA2871E,18-Apr-25,EVEREST,"2,260.00",2232.65,91.12,2572AM-2617AM,STD,8,12,400,40/40,170,170,170,170,160,160,160,160,150,150,150,150,,LDPE HMI,HEAT UP 0900 SHUT OFF/ SHIFT TO EXT#5
6579,UA8910E,18-Apr-25,STARKSON,125,120.15,60.08,2508AM,STD,3,7.5,16,60/60,150,150,140,130,130,140,150,,,,,,,LDPE HMI,VACUUM ON/ F.RATE/ RPM / SHUT OFF PROCEED TO MC#5
6580,GA6246E,21-Apr-25,PLASTIMER,50,48.15,24.08,2826AM,STD,1,100,400,40/40,180,200,180,180,180,180,180,180,180,180,,,,PP,1700 SHUT OFF
6581,IA5758E,21-Apr-25,EVEREST,885,864.31,70.58,2670AM-2687AM,STD,5,40,380,60/60,170,170,170,170,170,170,160,160,160,150,150,,,LDPE HMI,
6582,VA4086E,21-Apr-25,EASTERN,225,218.93,63.52,2563AM-2571AM,STD,5,10,380,40/40,170,170,170,170,170,170,170,160,160,150,150,,,LDPE HMI,
6583,RA12739E,21-Apr-25,SMYPC (TRIAL),200,198,76.65,2402AM-2405AM,STD,5,10,380,40/40,170,170,170,170,170,170,160,160,160,150,150,,,LDPE HMI,
6584,WA11678E,21-Apr-25,INCON,719.89,710.46,74.13,2635AM-2641AM,STD,3,9,25,40/40,150,140,140,130,130,130,150,,,,,,,LDPE HMI,1600 CHANGE SETTING/VACUUM OVERFLOW/CHANGE F.RATE/CHANGE RPM
6585,WA16245E,21-Apr-25,INCON,510,502.65,97.25,2665AM-2669AM,STD,3,12.5,32,40/40,170,170,170,170,170,160,160,160,160,160,,,,LDPE HMI,CHANGE SETTING  MALUTONG ANG STRAND/ VACUUM OVERFLOW DI MABILISANG PANGET PAG MABILIS ANG SPEED/ CHANGE RPM/ CHANGE F.RATE HINDI BUMABAGSAK ANG COMPOUND
6586,YA5124E,21-Apr-25,EVERGOOD,750,743,74.3,2648AM-2662AM,STD,8,12,420,40/40,170,170,170,160,160,160,150,150,150,160,160,,,LDPE HMI,LMI WITH DIESEL
6587,KA6414E,21-Apr-25,H&E,56,55.42,23.75,2663AM-2664AM,STD,1,100,300,40/40,180,200,180,180,180,180,180,180,180,1080,,,,PP,
6588,YA16164E,22-Apr-25,EVEREST,"2,275.00",2264,75.46,2688AM-2733AM,STD,8,10,260,40/40,170,170,170,160,160,160,160,150,150,150,150,150,,LDPE HMI,VACUUM ON
6589,WA3827E,22-Apr-25,IN HOUSE,500,490.2,52.52,2558AM-2562AM,STD,3,8,25,40/40,180,200,180,180,180,180,200,,,,,,,HDPE HMI,CHANGE F.RATE/RPM/ OVERFLOW ON VACUUM VENT FORT
6590,WA6365E,22-Apr-25,ARCANE,440.45,425,60,2642AM-2645AM,STD,3,8.5,20,60/60,150,140,140,130,130,150,150,,,,,,,LDPE HMI,VACUUM OVERFLOW/VENT OVER FLOW/ADJUSTING SETTING MALUTONG ANG STRAND
6591,WA15135E,22-Apr-25,ARCANE,593.62,576.87,67.87,2629AM-2634AM,STD,3,9.3,35,60/60,150,120,120,130,130,150,150,,,,,,,LDPE HMI,
6592,BA14456E,22-Apr-25,INCON,310,304.51,71.65,2807AM-2813AM,STD,5,20,380,40/40,170,170,170,170,170,170,160,160,160,150,150,,,LDPE HMI,
6593,BA9910E,22-Apr-25,EVEREST(TRIAL),35.5,35,70,2511AM,STD,5,70,300,40/40,170,170,170,170,170,160,160,160,160,150,150,,,LDPE HMI,
6594,BA9910E,22-Apr-25,EVEREST,225,222.17,68.54,2618AM-2622AM,STD,5,10,30,40/40,170,170,170,170,170,170,160,160,160,150,150,,,LDPE HMI,
6595,BA4756E,22-Apr-25,EVERGOOD,57.87,250,78.95,2797AM-2802AM,STD,5,80,380,40/40,170,170,170,170,170,170,170,160,160,150,150,,,LDPE HMI,
6596,OA7922E,22-Apr-25,GILVAN,56.2,54.91,50.69,2646AM-2647AM,STD,8,9,350,40/40,180,180,180,180,180,180,180,180,180,180,160,160,,HDPE HMI,LUMALAKI LUMILIIT ANG STRAND
6597,MA11346E,22-Apr-25,GILVAN,56.5,55.51,47.58,2509AM-2510AM,STD,8,10,400,40/40,170,170,170,160,160,160,160,160,150,150,150,150,,LDPE HMI,
6598,MA7758E,23-Apr-25,CYBERMANN,100,99.39,47.71,2868AM-2871AM,STD,8,9,300,40/40,200,\,180,180,180,180,180,180,180,180,180,180,,PP,SHUT OFF AND B-TIME
6599,YA12705E,23-Apr-25,PLEXCO,50.61,50,66.67,2867AM,STD,8,10,380,40/40,170,170,170,170,160,160,160,160,160,160,150,150,,LDPE HMI,
6600,WA15190E,23-Apr-25,NMH,"6,250.00",3325,73.56,2734AM-2796AM,STD,3,8.6,38,60/60,180,200,180,180,180,180,180,,,,,,,PP,10:10 WA15190E PROD CUT PROCEED TO WA16299E/ 2 HRS STANDBYE RELIEVER FOR B-TIME MC#9
6601,IA1770E,23-Apr-25,EVERBRIGHT,824.32,806.65,47.45,2834AM-2866AM,STD,5,10,340,60/60,160,160,160,160,160,160,160,160,160,150,160,,,LDPE HMI,VACUUM ON/ VACUUM OVERFLOW/ FEEDER OVERFLOW
6602,VA4869E,23-Apr-25,EVEREST (CORR),251.8,247.09,68.96,2898AM-2902AM,STD,5,80,380,40/40,170,170,170,170,170,170,160,160,160,150,150,,,LDPE HMI,0830-0910 WAITING FOR COMPOUNDED
6603,CA17279E,23-Apr-25,EVERGOOD,107.37,103.4,51.7,2803AM-2806AM,STD,5,15,300,40/40,180,200,180,180,180,180,180,180,180,180,180,,,PP,
6604,RA17528E,24-Apr-25,JALBY PLASTIC,"1,274.32",1257.9,76.24,2872AM-2897AM,STD,5,10,380,40/40,170,170,170,170,170,170,160,160,160,150,150,,,LDPE HMI,
6605,WA15229E,24-Apr-25,DYNAMICCAPS,"2,900.00",2850,100.7,2820AM-2825AM,STD,9,25,380,40/40,,160,160,160,160,160,150,150,150,150,150,150,,RUBBER,HEAT UP 2140&B-TIME / START FOR PURGE 2240-0040 RUN 20 KGS LDPE FOR BLACK SPOT
6606,RA12706E,24-Apr-25,PLEXCO,259.71,256.65,70,2828AM-2833AM,STD,5,80,380,40/40,170,170,170,170,170,170,160,160,160,150,150,,,LDPE HMI,FEEDER OVERFLOW/  CHANGE FEEDRATE 150-180
6607,IA5758E,25-Apr-25,EVEREST,615,610.33,73.68,2921AM-2933AM,STD,5,100,380,60/60,170,170,170,170,160,160,160,160,150,150,150,,,LDPE HMI,
6608,WA15192E,25-Apr-25,STARKSON,"1,250.00",1224.16,74.57,2939AM-2951AM,STD,3,8.5,38,40/40,180,200,180,180,180,180,180,,,,,,,PP,2 HRS STANDBY RELIEVER FOR BREAKTIME MC#9
6609,WA16299E,25-Apr-25,SANICON,112,108.95,70.29,2903AM,STD,3,7,18,40/40,150,140,140,120,130,130,150,,,,,,,LDPE HMI,VACUUM & VENT OVERFLOW/ FEED RATE CHANGE 8.5 -7/ RPM CHANGE 30-18
6610,BA12556E,25-Apr-25,PACKAGE WORLD,"5,300.00",5171.5,98.5,2904AM-2914AM,STD,9,25,380,60/60,160,160,160,160,150,150,150,150,150,150,150,150,,LDPE HMI,15 KGS LDPE RUN FOR BLACK SPOT
6611,IA5758E,25-Apr-25,EVEREST(TUMB),250,245,73.5,2920AM,STD,5,80,380,60/60,170,170,170,170,170,170,160,160,160,150,150,,,LDPE HMI,
6612,WA17031E,26-Apr-25,METRO CONTAINER,515.6,507.22,84.54,2934AM-2938AM,STD,3,80,380,40/40,180,200,180,180,180,180,180,,,,,,,PP,
6613,WA15190E,26-Apr-25,NMH(CONT.),"2,950.00",6132.65,75.07,2767AM-2796AM,STD,3,8.6,38,60/60,180,200,180,180,180,180,180,,,,,,,PP,1ST FORM 3325-PROD.CUT
6614,BA9550E,28-Apr-25,H&E (TRIAL),55.81,51.41,51.41,2956AM-2957AM,STD,1,80,380,40/40,180,200,180,180,180,180,180,180,180,180,180,,,PP,
6615,GA5520E,28-Apr-25,H&E,59.3,57.17,57.17,2917AM-2918AM,STD,1,80,380,40/40,150,150,150,150,150,150,150,150,140,140,,,,LDPE HMI,
6616,CA8383E,28-Apr-25,GLOBAL COMPAK,161.83,159.24,59.72,2952AM-2955AM,STD,5,20,380,40/40,170,170,170,170,170,170,160,160,160,150,150,,,LDPE HMI,
6617,TA15557E,28-Apr-25,21ST CENTURY,55.66,50,50,2919AM,STD,5,80,380,40/40,170,170,170,170,170,170,160,160,160,150,150,,,LDPE HMI,
6618,BA9550E,28-Apr-25,ZELLER,50,50,50,2958AM-2959AM,STD,1,80,380,40/40,180,200,180,180,180,180,180,180,180,180,180,,,PP,
6619,YA4584E,29-Apr-25,MGQ ( RE-EXTRUDE),790.04,786.6,30.08,3010AM-3013AM,STD,1,80,380,40/40,120,140,150,150,150,150,150,150,150,150,150,,,LDPE HMI,HEAT UP 0800
6620,WA3827E,29-Apr-25,IN HOUSE,500,480.4,50.57,2960AM-2964AM,STD,3,6.5,16,40/40,200,200,180,180,180,180,180,,,,,,,HDPE HMI,
6621,GA4352E,29-Apr-25,ZELLER,436,425.62,51.07,2966AM-2982AM,STD,5,15,300,40/40,180,200,180,180,180,180,180,180,180,180,180,,,PP,
6622,RA12739E,29-Apr-25,SMYPC (TRIAL),250,244.73,77.28,3005AM-3009AM,STD,5,80,380,40/40,170,170,170,170,170,170,160,160,160,150,150,,,LDPE HMI,
6623,RA15449E,30-Apr-25,GILVAN,57.75,55.9,74.53,2992AM-2993AM,STD,5,20,380,40/40,170,170,170,170,170,170,160,160,160,150,150,,,LDPE HMI,
6624,RA12739E,30-Apr-25,SMYPC,"1,050.00",1036,74.89,3021AM-3041AM,STD,5,20,380,40/40,180,180,170,160,160,160,160,170,170,170,170,,,LDPE HMI,ZONE 1 PROBLEM READING 180-64/ UMAAPAW FEEDER PORT
6625,RA2508E,30-Apr-25,EVERGOOD,520,514.15,61.7,2994AM-3003AM,STD,5,20,380,40/40,170,170,170,170,170,170,160,160,160,150,150,,,LDPE HMI,
6626,DA5176E,2-May-25,EVERGOOD,262.9,260.11,24.97,2986AM-2991AM,STD,1,100,300,40/40,120,140,150,150,150,150,150,150,150,150,,,,LDPE HMI,VACUUM ON HEAT UP
6627,WA3827E,5-May-25,IN HOUSE,500,491.47,55.12,3055AM-3059AM,STD,3,6.5,25,40/40,180,200,180,180,170,180,180,,,,,,,HDPE HMI,VACUUM OVER FLOW/ CHANGE RPM 20-25 / FROM CMA16360 TO WA3627 0640-0810 LDPE HMI 8
6628,WA13000E,5-May-25,PREMIER CREATIVE,521.77,509.76,54.62,3068AM-3072AM,STD,3,8.6,28,40/40,180,130,130,140,140,180,180,,,,,,,LDPE HMI,VENT & VACUUM OVERFLOW
6629,RA15449E,5-May-25,GILVAN PACKAGING,55.9,48.9,22.23,3067AM,STD,5,10,280,40/40,170,180,170,170,170,170,160,160,160,160,160,,,LDPE HMI,DI PO MAITAKBO NG MAAYOS NAG PUPUTOL PUTOL PO ANG STRAND/ RE: SIEVER MARAMI PO ANG MAHAHABANG PUTOL (PELLETS)
6630,BA12372E,5-May-25,SPI,517.72,509,68.63,3044AM-3054AM,STD,5,10,380,40/40,170,170,170,170,160,160,160,160,160,160,,,,LDPE HMI,
6631,VA14336E,5-May-25,AG CANPRINT,133.01,129.44,12.04,3014AM-3018AM,STD,1,50,400,40/40,200,200,180,180,180,180,180,180,180,180,,,,PP,OVERFLOW ON FEEDER/ RPM/ FEED RATE
6632,KA2871E,5-May-25,EVEREST,5,5,19.8,2983AM,STD,1,80,250,40/40,120,140,150,150,150,150,150,150,150,150,,,,LDPE HMI,
6633,KA14303E,6-May-25,PHIL-TOP,258.2,251,68.45,3085AM-3090AM,STD,5,20,380,40/40,170,170,170,170,170,170,160,160,1160,150,150,,,LDPE HMI,
6634,RA7886E,6-May-25,EASTERN,200,197.03,76.72,3060AM-3063AM,STD,5,75,380,40/40,180,180,170,170,170,170,170,160,160,160,160,,,LDPE HMI,OVERFLOW IN FEEDER PORT/ CHANGE SETTING ZONE 1-170-180
6635,BA4520E,6-May-25,H&E,57,55.23,22.85,3019AM-3020AM,STD,1,100,300,40/40,180,200,180,180,180,180,180,180,180,180,,,,PP,
6636,GA8074E,6-May-25,GLOBAL KONTEINER,55,54.4,23.31,3066AM,STD,1,100,400,40/40,120,140,150,150,150,150,150,150,150,150,,,,LDPE HMI,HEAT UP 0550
6637,KA4607E,6-May-25,EVERGOOD,53,51.82,47.11,3077AM-3078AM,STD,5,15,300,40/40,180,200,180,180,180,180,180,180,180,180,180,,,PP,
6638,WA3827E,6-May-25,IN HOUSE,500,491.88,43.35,3103AM-3007AM,STD,3,7.2,18,40/40,180,200,180,180,180,180,200,,,,,,,HDPE HMI,HEAT UP 2225/ CHANGE F.RATE /RPM- OVERFLOW ON VENT /VACUUM FORT
6639,BA4701E,6-May-25,EVERGOOD,108.93,108,22.34,3073AM-3076AM,STD,1,80,400,40/40,180,200,180,180,180,180,180,180,180,180,,,,PP,
6640,GA4352E,6-May-25,ZELLER,6,5.95,23.8,3043AM,STD,1,70,300,40/40,180,200,180,180,180,180,180,180,180,180,,,,PP,
6641,KA15486E,7-May-25,PHIL-TOP,260.2,254.4,71,3147AM-3152AM,STD,5,10,380,40/40,170,170,170,170,170,170,160,160,160,160,160,,,LDPE HMI,
6642,BA14304E,7-May-25,PHIL-TOP,416,409.6,74.47,3094AM-3102AM,STD,5,70,200,40/40,170,170,170,170,160,160,160,160,160,140,140,,,LDPE HMI,
6643,BA12618E,7-May-25,PHIL-TOP ( TRIAL ),100,97.25,72.94,3064AM-3065AM,STD,5,20,380,40/40,170,170,170,170,170,170,160,160,160,150,150,,,LDPE HMI,
6644,GA14271E,7-May-25,PHIL-TOP,113.11,112.21,24.05,3091AM-3093AM,STD,1,100,400,40/40,120,140,150,150,150,150,150,150,150,150,150,,,LDPE HMI,
6645,YA12705E,7-May-25,PLEXCO,207,204.8,21.75,3183AM-3187AM,STD,1,80,400,40/40,Q,180,150,150,150,150,150,150,150,150,,,,LDPE HMI,HEAT UP/ CHANGE SETTING OVERFLOW ON FEEDER PORT
6646,GA4952E,7-May-25,EVEREST,511.15,255,65.11,3153AM-3163AM,STD,8,10,350,40/40,180,180,170,170,170,160,160,160,160,160,,,,LDPE HMI,11:00 PROD. STOP UNDER MAINTENANCE/ 16:20 PROD. RESUME
6647,GA4921E,7-May-25,EVEREST,385,368.71,81.94,3108AM-3115AM,STD,8,10,300,40/40,170,170,170,170,170,170,160,160,160,150,150,,,LDPE HMI,F.RATE -110/ RPM 300
6648,RA7886E,8-May-25,EASTERN,105,103.2,68.8,3277AM-3278AM,STD,5,75,360,40/40,170,170,170,170,170,160,160,160,160,160,160,,,LDPE HMI,WAITING FOR COMPOUNDED - 15:40-16:10
6649,BA9910E,8-May-25,EVEREST,260,256.1,71.47,3124AM-3129AM,STD,5,85,380,40/40,170,170,170,170,170,160,160,150,150,160,160,,,LDPE HMI,
6650,BA3018E,8-May-25,EVERGOOD (TRIAL),50,48.5,58.2,3146AM,STD,5,10,380,40/40,170,170,170,170,170,170,170,160,160,160,160,,,LDPE HMI,
6651,RA17532E,8-May-25,EVERSAFE,133,125,68.18,3267AM-3269AM,STD,5,20,380,40/40,170,170,170,170,170,160,160,160,160,150,150,,,LDPE HMI,
6652,VA14336E,8-May-25,AG CANPRINT,133.42,132.6,37.89,3270AM-3274AM,STD,5,15,300,40/40,180,200,180,180,180,180,180,180,180,180,180,,,PP,
6653,YA13953E,8-May-25,AG CANPRINT,130,128.58,12.75,3165AM-3167AM,STD,1,100,400,40/40,120,120,150,150,150,150,150,150,150,150,,,,LDPE HMI,KAKAUNTI LANG BUMABAGSAK/ KUMUKUALAY SA TUBIG
6654,RA12739E,9-May-25,SMYPC,"2,025.00",1978.84,84.81,3226AM-3266AM,STD,8,12,400,40/40,160,170,160,160,160,160,160,160,160,150,150,,,LDPE HMI,5-9-25  PROD. STOP/ 8:00 MARAMINMG MALIIT NA PELLETS/ 11:15 PROD. RESUME
6655,WA1815E,9-May-25,NPPET,109.75,103.94,69.29,3276AM,STD,3,8,30,60/60,160,155,150,150,150,150,,,,,,,,LDPE HMI,
6656,UA8910E,9-May-25,STARKSON,245,2257.94,64.51,2814AM-3280AM,STD,3,8,18,60/60,150,150,150,150,150,150,,,,,,,,LDPE HMI,6:25 PROD.CUT
6657,OA8984E,9-May-25,EVEREST,385,377.3,52.65,3166AM-3123AM,STD,5,13,380,40/40,170,170,170,170,170,160,160,160,160,150,150,,,LDPE HMI,OVERFLOW CHANGE FEED RATE-70/ FEEDER /RPM 420
6658,WA15123E,9-May-25,GILVAN,"3,000.00",2958.48,70.23,3195AM-3224AM,STD,3,12,38,60/60,160,160,150,150,150,150,150,,,,,,,LDPE HMI,
6659,KA15913E,9-May-25,EVEREST,260,259.5,54.63,3130AM-3139AM,STD,5,80,380,40/40,180,200,180,180,180,180,180,180,180,180,180,,,PP,
6660,VA16737E,9-May-25,EVEREST,260,252.27,79.66,3140AM-3144AM,STD,5,80,380,40/40,170,170,170,170,170,170,160,160,160,150,150,,,LDPE HMI,
6661,VA4869E,9-May-25,EVERGOOD,55,55,82.5,3164AM,STD,5,70,350,40/40,170,170,170,170,170,160,160,160,160,150,150,,,LDPE HMI,
6662,BA12618E,10-May-25,PHIL-TOP,155,150,75,3316AM-3318AM,STD,5,10,380,40/40,170,170,170,170,170,170,170,170,160,160,160,,,LDPE HMI,
6663,BA1832E,10-May-25,POLYWELL,56.9,53.85,71.8,3314AM-3315AM,STD,5,20,380,40/40,170,170,170,170,170,170,170,170,160,160,160,,,LDPE HMI,
6664,KA4595E,10-May-25,EVERGOOD,157.58,155.15,21.65,3281AM-3284AM,STD,1,80,280,40/40,120,140,150,150,150,150,150,150,150,150,150,,,LDPE HMI,VACUUM ON
6665,RA15449E,10-May-25,GILVAN,5,4.84,11.62,3275AM,STD,1,100,200,40/40,120,140,150,150,150,150,150,150,140,140,,,,LDPE HMI,
6666,KA2871E,10-May-25,EVEREST,5,4.94,14,3225AM,STD,1,70,250,40/40,120,140,150,150,150,150,150,150,140,140,,,,LDPE HMI,
6667,IA5758E,10-May-25,EVEREST,7,6.9,27.6,3042AM,STD,1,80,280,60/60,120,140,150,150,150,150,150,150,140,140,,,,LDPE HMI,
6668,RA4665E,10-May-25,EVEREST,514,498.11,74.72,2815AM/3420AM-3429AM,STD,8,10,410,80/80,200,200,200,180,180,180,170,170,170,160,160,,,LDPE HMI, FEEDER OVERFLOW/CHANGE RPM 350-410/CHANGE SETTING/ KUMUKULAY SA TUBIG ANG PROD.
6669,BA16765E,10-May-25,EVEREST,82.9,71,47.87,2816AM-2817AM,STD,5,20,380,40/40,170,170,170,170,170,170,170,160,160,160,160,,,LDPE HMI,NO OVERSIZE
6670,GA15496E,10-May-25,PHIL-TOP,257.49,253.67,67.65,3168AM-3173AM,STD,5,20,380,40/40,170,170,170,170,170,170,160,160,160,150,150,,,LDPE HMI,
6671,GA17628E,10-May-25,ZHONG FU,80,77.24,84.26,3319AM-3320AM,STD,5,,,,,,,,,,,,,,,,,,
6672,RA12739E,10-May-25,SMYPC,"1,025.75",1012.17,84.7,3328AM-3348AM,STD,8,12,380,40/40,170,170,160,160,160,160,160,160,160,150,150,,,LDPE HMI,
6673,GA14271E,11-May-25,PHIL-TOP,310,303.27,69.99,3188AM-3194AM,STD,5,20,380,40/40,170,170,170,170,170,170,160,160,160,150,150,,,LDPE HMI,
6674,GA15221E,13-May-25,PHIL-TOP,259.3,255.57,73.02,3079AM-3084AM,STD,5,20,380,40/40,170,170,170,170,170,170,160,160,160,150,150,,,LDPE HMI,
6675,MA4737E,13-May-25,CYBERMANN,200,195.77,52.21,3174AM-3181AM,STD,5,80,300,40/40,200,200,180,180,180,180,180,180,180,180,180,,,PP,
6676,OA14302E,13-May-25,INCON,208.91,207,22.18,3285AM-3287AM,STD,1,90,400,40/40,120,140,150,150,150,150,150,150,150,150,,,,LDPE HMI,
6677,SA11780E,13-May-25,SMYPC,313.7,304.42,41.99,3321AM-3327AM,STD,5,40,400,40/40,170,170,160,160,160,160,160,160,160,150,150,,,LDPE HMI,
6678,BA16765E,13-May-25,EVEREST( CONT.),82.9,7.5,18,2816AM-2817AM,STD,1,80,380,40/40,,,,,,,,,,,,,,,
6679,WA15192E,13-May-25,STARKSON,600,595,74.38,3303AM-3308AM,STD,3,,,,,,,,,,,,,,,,,,
6680,VA4869E,13-May-25,EVERGOOD (CORR),55,54.5,26.16,3559AM,STD,1,80,380,40/40,120,140,150,150,150,150,150,150,150,140,140,,,LDPE HMI,
6681,GA4952E,14-May-25,EVEREST (REEXT),309.99,278.4,68.18,3349AM-3354AM,STD,5,20,380,40/40,170,170,170,160,160,160,160,160,160,150,150,,,LDPE HMI,
6682,RA16826E,14-May-25,SMYPC,"2,100.00",2075,85.21,3561AM-3602AM,STD,8,20,400,40/40,170,170,170,170,170,160,160,160,160,160,150,150,,LDPE HMI,CHANGE PELL. 7-1/ UNDER MAINTENANCE AYAW TUMAAS READING DIE HEAD
6683,GA4921E,14-May-25,EVEREST (REEXT),26.71,26,26,3560AM,STD,1,100,250,40/40,120,140,150,150,150,150,150,150,140,140,,,,LDPE HMI,
6684,MA4737E,14-May-25,EVEREST,500,487.35,29.84,3435AM-3454AM,STD,5,40,400,40/40,160,160,160,160,160,160,150,150,150,160,160,,,LDPE HMI,
6685,YA17695E,14-May-25,EVEREST,210,204.06,65.13,3430AM-3434AM,STD,5,80,380,40/40,170,170,170,170,170,170,160,160,16+0,150,150,,,LDPE HMI,
6686,WA15192E,14-May-25,STARKSON (CORR),"1,364.00",1336.6,74.6,3605AM-3615AM,STD,3,12,40,40/40,180,200,180,180,180,180,200,,,,,,,PP,
6687,GA14157E,15-May-25,MANCO SYNTHETICS,175.06,172.22,71.26,3486AM-3489AM,STD,5,20,380,40/40,170,170,170,170,170,170,160,160,160,150,150,,,LDPE HMI,
6688,RA12739E,15-May-25,SMYPC,"3,000.00",3000,85.34,3491AM-3550AM,STD,8,20,400,40/40,190,190,180,180,170,170,170,160,160,160,160,160,,LDPE HMI,
6689,VA14161E,15-May-25,MANCO SYNTHETICS,50,47.62,40.82,3476AM,STD,5,80,380,40/40,170,170,170,170,170,170,160,160,160,150,150,,,LDPE HMI,
6690,WA16245E,15-May-25,ALLIED,"1,000.00",985.66,69.58,3618AM-3627AM,STD,3,12,18,60/60,150,150,140,120,120,130,150,,,,,,,LDPE HMI,VACUUM&VENT PORT OVEFLOW CHANGE F.RATE/ CHANGE RPM/ CHANGE SETTING
6691,SA11780E,15-May-25,SMYPC,360,355.28,64.6,3551AM-3558AM,STD,5,80,380,40/40,170,170,170,170,170,170,170,160,160,150,150,,,LDPE HMI,
6692,OA14153E,15-May-25,MANCO SYNTHETICS,100,129.17,70.46,3482AM-3483AM,STD,5,10,380,40/40,170,170,170,170,170,160,160,160,160,150,150,,,LDPE HMI,
6693,WA3827E,15-May-25,IN HOUSE,700,685.65,50.79,3309AM-3604AM,STD,3,7.5,22,40/40,180,200,180,180,180,180,180,,,,,,,HDPE HMI,
6694,WA15190E,16-May-25,NMH,"6,500.00",6393.22,73.99,3355AM-3419AM,STD,3,8.6,40,60/60,180,200,180,180,180,180,200,,,,,,,PP,
6695,MA4737E,16-May-25,CYBERMANN,310,302.24,49.01,3843AM-3854AM,STD,5,80,380,40/40,200,200,180,180,180,180,180,180,180,180,180,,,PP,FEEDER OVERFLOW/ CHANGE RPM
6696,MA4737E,16-May-25,EVEREST (CONT),525.85,518.39,29.21,3456AM-3475AM,STD,5,40,380,40/40,200,200,180,180,180,180,170,170,170,160,160,,,LDPE HMI,
6697,CA14153E,17-May-25,MANCO SYNTHETICS,130.72,129.17,70.46,4012AM-4014AM,STD,5,20,380,60/60,170,170,170,170,170,160,160,160,160,150,150,,,LDPE HMI,MATAGAL YUNG LINIS MAKAPIT ANG KULAY NG OA14153E
6698,RA12739E,17-May-25,SMYPC,"2,000.00",1946.7,85.26,3744AM-3783AM,STD,8,20,400,40/40,170,170,170,170,170,170,160,160,160,160,160,160,,LDPE HMI,1700-1800 BREAKTIME
6699,TA16900E,17-May-25,INCON,83.9,79.5,45.43,3633AM-3635AM,STD,5,80,380,40/40,180,200,180,180,180,180,180,180,180,180,180,,,PP,
6700,OA14302E,17-May-25,INCON (CORR),207.65,206.36,70.75,3784AM-3787AM,STD,5,20,380,40/40,170,170,170,170,170,170,160,160,160,150,150,,,LDPE HMI,
6701,IA7845E,17-May-25,TOPRITE,310.55,305.45,56.92,3737AM-3743AM,STD,5,10,380,40/40,170,170,170,170,170,160,160,160,160,150,150,,,LDPE HMI,
6702,RA7478E,18-May-25,GENSTAR,210.19,205.66,64.95,3628AM-3632AM,STD,5,10,380,40/40,170,170,170,170,170,170,160,160,160,150,150,,,LDPE HMI,
6703,BA2103E,19-May-25,MOLDEX,157.19,153.76,68.34,3997AM-4002AM,STD,5,20,380,40/40,180,180,180,180,180,180,180,180,180,160,160,,,HDPE HMI,
6704,RA16826E1,19-May-25,SMYPC,"5,400.00",5355.8,84.94,3825AM-3989AM,STD,8,25,380,40/40,170,170,170,170,170,160,160,160,160,150,150,150,,LDPE HMI,PROD. STOP- WAITING FOR COMPOUNDED / PROD RESUME/ HINDI BUMABAGSAK
6705,KA2871E,19-May-25,EVEREST,25,28.77,23.02,3617AM,STD,1,80,400,40/40,120,140,150,150,150,150,150,150,150,150,,,,LDPE HMI,SHUT OFF FOR B-TIME 1700
6706,VA4869E,19-May-25,EVERGOOD,36,35.66,21.4,3855AM,STD,1,80,400,40/40,120,140,150,150,150,150,150,150,150,150,,,,LDPE HMI,
6707,IA5758E,19-May-25,EVEREST,25,24.65,21.13,3636AM,STD,1,80,350,60/60,120,140,150,150,150,150,150,150,150,150,,,,LDPE HMI,
6708,VA14161E,19-May-25,MANCO SYNTHETICS,160,156,72.56,4008AM-4011AM,STD,5,20,380,40/40,170,170,170,170,170,160,160,160,160,150,150,,,LDPE HMI,
6709,BA2103E,19-May-25,MOLDEX (TRIAL),50,50,75,3995AM-3996AM,STD,5,20,380,40/40,180,180,180,180,180,180,180,180,180,160,160,,,HDPE HMI,
6710,BA4756E,19-May-25,EVERGOOD,260,251.28,62.82,3810AM-3815AM,STD,5,70,380,40/40,170,170,170,170,170,170,170,160,160,160,150,,,LDPE HMI,3815AM-26.28KG
6711,GA1225E,20-May-25,SMYPC,"3,000.00",3000,78.2,3637AM-3796AM,STD,5,80,380,40/40,180,180,170,170,170,170,170,160,160,160,150,,,LDPE HMI,0700-CHANGE RATE (100-80) OVERFLOW FEEDER/ 1000 CHANGE SETTINGS
6712,GA13854E,20-May-25,REIMAGINE,105.18,103.22,20.64,3788AM-3789AM,STD,1,100,400,40/40,120,140,150,150,150,150,150,150,150,150,,,,LDPE HMI,
6713,GA4136E,20-May-25,H&E,55,54.4,20.4,4003AM-4004AM,STD,1,80,400,40/40,180,200,180,180,180,180,180,180,180,180,,,,PP,
6714,GA6607E,20-May-25,H&E,57.84,57.01,12.67,3823AM-3824AM,STD,1,40,400,40/40,180,200,180,180,180,180,180,180,180,180,,,,PP,OVERFLOW ON FEEDER / F-RATE 80-60 / RPM 350-400
6715,YA5124E,21-May-25,EVERGOOD,752.17,744.77,64.3,3795AM-3809AM,STD,5,20,380,40/40,170,170,170,170,170,170,160,160,160,150,150,,,LDPE HMI,
6716,WA11278E,21-May-25,FORTUNE DARUMA,500,492.32,30.77,3790AM-3794AM,STD,3,3.5,10,40/40,180,170,160,160,150,150,150,,,,,,,RUBBER,CHANGE RPM 10.0-8.0/ CHANGE F.RATE 3.8
6717,GA15496E,21-May-25,PHIL-TOP( CORR),55.03,54.54,21.82,3816AM,STD,1,80,350,40/40,120,140,150,150,150,150,150,150,150,150,,,,LDPE HMI,
6718,GA4952E,21-May-25,EVERST,28,27.64,18.43,3822AM,STD,1,70,400,40/40,120,140,150,150,150,150,150,150,150,150,,,,LDPE HMI,OVERFLOW ON F-DER/ F-RATE 80-70/ RPM 380-400
6719,IA15764E,22-May-25,CLIOTECH,108.35,105.87,66.87,4005AM-4007AM,STD,5,20,380,40/40,170,170,170,170,170,170,160,160,160,150,150,,,LDPE HMI,
6720,TA15557E,22-May-25,CLIOTECH,210,206.45,65.19,3990AM-3994AM,STD,5,80,380,40/40,170,170,170,170,170,170,160,160,160,150,150,,,LDPE HMI,
6721,WA6947E,22-May-25,ATLANTA,350.42,344.4,63.58,3817AM-3821AM,STD,3,7.5,28,40/40,180,200,180,180,180,180,180,,,,,,,PP,CHANGE PELLETIZER#1 TO PELLETIZER#10
6722,WA3827E,22-May-25,IN HOUSE,500,491.16,50.64,4015AM-4019AM,STD,3,7.8,20,40/40,180,200,180,180,180,180,200,,,,,,,HDPE HMI,
6723,RA12739E,22-May-25,SMYPC,"2,200.00",2173.9,85.75,3856AM-3899AM,STD,8,12,400,40/40,200,200,180,180,170,170,170,160,160,160,160,160,,LDPE HMI,LMI W/ DIESEL
6724,RA4665E,22-May-25,EVEREST,5,4.38,17.52,4145AM,STD,1,80,380,40/40,120,140,150,150,150,150,150,150,150,150,,,,LDPE HMI,
6725,BA3431E,22-May-25,ZELLER ZP4087,56.49,55.22,23.67,4147AM-4148AM,STD,1,80,300,40/40,180,200,180,180,180,180,180,180,180,180,,,,PP,
6726,YA13953E,22-May-25,AG CANPRINT,133.7,132.76,17.32,4149AM-4151AM,STD,1,100,400,40/40,120,140,150,150,150,150,150,150,150,150,,,,LDPE HMI,SAGAD NA ANG F.RATE/ KUNTI LANG ANG BUMABAGSAK/ MAKULAY SA TUBIG
6727,WA17031E,23-May-25,METRO CONTAINER,522.22,516.38,68.85,4161AM-4165AM,STD,3,10,38,40/40,180,200,180,180,180,180,180,,,,,,,PP,
6728,GA1225E,23-May-25,SMYPC (CONT.),"2,000.00",2000,82.98,3697AM-3736AM,STD,5,10.2,400,40/40,180,180,170,170,170,160,160,160,160,160,160,,,LDPE HMI,
6729,BA4140E,23-May-25,EVERBRIGHT,600,586.63,58.66,4020AM-4043AM,STD,5,16,380,40/40,170,170,170,170,170,170,160,160,160,150,150,,,LDPE HMI,
6730,BA4140E,23-May-25,EVERBRIGHT,110,106.23,15.18,3477AM-3480AM,STD,5,16,380,40/40,170,170,170,170,170,170,160,160,160,150,150,,,LDPE HMI,
6731,GA16415E,23-May-25,METRO CONTAINER,500,494.11,72.31,4168AM-4177AM,STD,5,80,380,40/40,170,170,170,170,160,160,160,160,160,150,150,,,LDPE HMI,
6732,YA14431E,23-May-25,TERUMO,225.14,220.35,24.95,4152AM-4160AM,STD,1,85,250,40/40,180,180,180,180,180,180,180,180,180,180,,,,PP,
6733,WA16245E,23-May-25,INCON,510,500,69.77,4181AM-4185AM,STD,3,10.5,22,40/40,150,130,130,140,140,140,150,,,,,,,LDPE HMI,
6734,OA2469E,23-May-25,H&E,257.7,253.36,64.69,4186AM-4191AM,STD,8,12,380,40/40,170,170,170,170,160,160,160,160,160,150,150,150,,LDPE HMI,
6735,GA1225E,24-May-25,SMYPC,"5,000.00",5000,89.2,4045AM-4144AM,STD,8,10,380,40/40,180,180,180,180,180,180,170,170,160,160,170,170,,LDPE HMI,
6736,OA8634E,24-May-25,EASTERN,58.03,56.72,26.18,4179AM-4180AM,STD,1,80,400,40/40,120,140,150,150,150,150,150,150,150,140,140,,,LDPE HMI,
6737,WA3827E,24-May-25,IN HOUSE,"1,000.00",981.91,49.93,4223AM-4232AM,STD,3,7,17,40/40,200,200,180,180,160,160,170,,,,,,,HDPE HMI,
6738,KA16485E,24-May-25,H&E,50,48.72,24.36,4178AM,STD,1,80,400,40/40,120,140,150,150,150,150,150,150,150,140,140,,,LDPE HMI,
6739,GA1225E,25-May-25,SMYPC,"2,125.00",2043.4,40.06,4493AM-4547AM,STD,5,10,400,40/40,180,180,170,170,170,170,170,170,170,160,160,,,LDPE HMI,UMAAPAW SA FEEDER PORT  PAG MABILIS FEED RATE/ NALAKI NALIIT SNG STRAND / CHANGE FEED RATE NAAPAW FROM 10-8
6740,GA5520E,25-May-25,H&E,57.17,53.67,46,4352AM-4353AM,STD,5,75,400,40/40,170,170,170,170,170,170,160,160,160,150,150,,,LDPE HMI,
6741,WA15123E,26-May-25,GILVAN,"3,005.06",2962.69,70.28,4192AM-4221AM,STD,3,12.5,38,60/60,140,150,150,140,140,150,150,,,,,,,LDPE HMI,
6742,RA5277E,26-May-25,EVEREST,512.78,504,64.34,4354AM-4364AM,STD,5,180,230,40/40,170,160,160,140,140,130,130,130,130,150,150,,,LDPE HMI,DI PO MAITAKBO NG MAAYOS NAG PUPUTOL PUTOL PO ANG STRAND/ CHANGE FROM 380 TO 220 / CHANGE FEED RATE 150 TO 180
6743,MA4737E,26-May-25,EVEREST,15,14.75,11.06,4233AM,STD,1,40,400,40/40,180,180,150,150,150,150,150,150,150,150,150,,,LDPE HMI,OVERFLOW 0F F.RATE 60-40 / RPM 400
6744,GA15496E,26-May-25,PHIL-TOP,55,55,30,4410AM,STD,1,80,400,40/40,120,140,150,150,150,150,150,150,140,140,,,,LDPE HMI,
6745,GA15496E,26-May-25,PHIL-TOP (CORR),56.91,55,30,4365AM-4366AM,STD,1,80,400,40/40,120,140,150,150,150,150,150,150,140,140,,,,LDPE HMI,
6746,UA8910E,26-May-25,STARKSON,234.4,225,60,4350AM-4351AM,STD,3,8.6,22,60/60,150,150,150,150,150,150,150,,,,,,,RUBBER,
6747,YA5124E,26-May-25,EVERGOOD ( CORR ),748.34,744,72.59,4334AM-4348AM,STD,5,20,380,40/40,170,170,170,170,170,170,160,160,160,150,150,,,LDPE HMI,
6748,YA14431E,27-May-25,TERUMO,806,797.45,25.27,4368AM-4399AM,STD,1,80,250,40/40,180,180,180,180,180,180,180,180,180,180,180,,,PP,
6749,GA1225E,27-May-25,SMYPC,"5,000.00",4813.5,77.2,4234AM-4333AM,STD,5,180,400,40/40,170,170,170,170,170,170,160,160,160,150,150,,,LDPE HMI,STOP PROD. NILINIS KO PELL. 1430/ PELL. 1530 / 650 KGS ENDORSE TO W/H /1-26 CONTAMINATED
6750,GA17168E,28-May-25,CDC,284.64,281.48,73.43,4413AM-4418AM,STD,8,100,300,40/40,170,170,170,170,160,160,160,160,160,160,150,150,,LDPE HMI,HEAT UP- 0600-5-28-25
6751,RA13616E,28-May-25, STAR PLASTIC,183,180.7,67.76,4428AM-4431AM,STD,8,10,380,40/40,170,170,170,170,170,170,160,160,160,160,150,150,,LDPE HMI,
6752,GA8074E,28-May-25,GLOBAL KONTEINER,59.08,58.1,22.49,4419AM-4420AM,STD,1,70,400,40/40,170,170,150,150,150,150,150,150,150,150,,,,LDPE HMI,
6753,BA3431E,28-May-25,ZELLER(CORR),57.08,56.6,21.91,4411AM-4412AM,STD,1,90,400,40/40,180,200,180,180,180,180,180,180,180,180,,,,PP,
6754,WA12282E,28-May-25,PACKAGE WORLD,"5,000.00",4868,100.26,4400AM-4409AM,STD,9,25,380,60/60,170,170,160,150,150,150,150,150,150,160,160,160,,RUBBER,PURGING-RESIN-LMI-10KGS/ LDPE 15KGS RUN FOR BLOCK SPOT/ 1130 PROD STOP CONTAMINATED/1300 PROD. RESUME]
6755,GA17628E,29-May-25,INCON,32.24,31.8,23.85,4677AM,STD,1,80,400,40/40,120,140,150,150,150,150,150,150,150,140,140,,,LDPE HMI,
6756,GA1225E,29-May-25,SMYPC ( RE-EXTRUDE ),650,648.5,76.29,4432AM,STD,5,90,350,40/40,170,170,170,170,160,160,160,160,160,150,150,150,,LDPE HMI,
6757,DA5176E,29-May-25,EVEREST,890.11,879.6,93.91,4597AM-4614AM,STD,8,10,350,40/40,170,170,170,170,160,160,160,160,150,150,150,150,,LDPE HMI,
6758,YA6053E,29-May-25,EVEREST,"1,027.90",1023.52,76.29,4615AM-4635AM,STD,8,14,400,40/40,170,170,170,170,160,160,160,160,160,1060,150,150,,LDPE HMI,
6759,OA8634E,29-May-25,EASTERN (CORR),57.65,50.9,38.18,4422AM-4424AM,STD,8,100,380,40/40,170,170,170,170,170,170,160,160,160,160,150,150,,LDPE HMI,MATAGAL TUMAAS ANG DIE HEAD TEMP.
6760,GA15496E,29-May-25,PHIL-TOP (CORR),110.23,110,25.88,4550AM-4552AM,STD,1,80,400,40/40,120,140,150,150,150,150,150,150,150,140,140,,,LDPE HMI,
6761,GA16415E,29-May-25,METRO CONTAINER (CORR),45.06,44,76.29,4432AM,STD,5,100,400,40/40,120,140,150,150,150,150,150,150,150,140,140,,,LDPE HMI,
6762,MA4737E,30-May-25,EVEREST,"1,025.16",1011.46,31.36,4636AM-4676AM,STD,8,5.5,420,40/40,,180,160,160,160,1460,160,160,150,150,150,150,,LDPE HMI,OIVERFLOW ON FEEDER PORT & VENT PORT/ RPM / FEED RATE
6763,BA2688E,30-May-25,EVEREST,"1,153.47",1137.15,70.34,4553AM-4575AM,STD,5,10,400,40/40,170,170,170,170,170,160,160,160,160,150,150,,,LDPE HMI,
6764,GA17168E,30-May-25,CDC(CORR),284.29,281.75,70.44,4758AM-4763AM,STD,5,90,320,40/40,170,170,170,170,160,160,160,160,150,150,150,,,LDPE HMI,
6765,WA15123E,5-May-25,GILVAN (RE-EX),450,450,69.23,4423AM,STD,9,32,12.5,60/60,150,150,150,140,140,150,150,,,,,,,LDPE HMI,CMA-0610 TP 0650 OUTPUT 50
6766,BA12615E,30-May-25,PLEXCO,260.17,251.4,48.66,4678AM-4683AM,STD,5,6,430,40/40,170,170,170,170,160,160,160,160,160,160,150,,,LDPE HMI,
6767,RA16826E,31-May-25,SMYPC,77,75,75,4548AM-4549AM,STD,5,10,380,40/40,170,170,170,160,160,160,160,160,160,150,150,,,LDPE HMI,
6768,WA16245E,31-May-25,ALLIED,"1,025.00",1008.05,70.17,4747AM-4756AM,STD,3,11.2,28,40/40,150,130,130,140,140,150,150,,,,,,,LDPE HMI,
6769,RA4665E,31-May-25,EVEREST,"1,025.00",1009.7,70.44,45769AM-4596AM,STD,5,10,380,40/40,180,180,170,170,160,160,160,160,160,160,160,,,LDPE HMI,2200-KUMUKULAY PO ANG STRAND SA TUBIG/ UMAAPAW PO SA FEEDER PORT
6770,BA5176E,1-Jun-25,EVEREST,881.84,877.33,85.59,4816AM-4833AM,STD,8,10,350,40/40,160,160,160,160,160,150,150,150,150,150,150,150,,LDPE HMI,
6771,WA8512E,1-Jun-25,AMAZON,"4,114.36",3080,80.06,4704AM-4745AM,STD,3,9,20,40,150,140,130,130,130,150,150,,,,,,,LDPE HMI,VACUUM&VENT PORT OVEFLOW CHANGE F.RATE/ CHANGE RPM/ CHANGE SETTING/ PURGE LDPE HMI
6772,MA11346E,1-Jun-25,GILVAN,55.51,54.48,50.29,4840AM-4841AM,STD,8,7,380,40/40,170,170,160,160,150,150,150,150,150,150,160,160,,LDPE HMI,
6773,RA2508E,2-Jun-25,EVERGOOD,515.4,509,68.63,4764AM-4774AM,STD,5,14,380,60/60,180,180,170,170,160,160,160,160,160,150,150,,,LDPE HMI,
6774,TA17732E,2-Jun-25,EVERSAFE,207,202.36,69.38,4809AM-4813AM,STD,5,20,380,40/40,170,1780,170,170,170,160,160,160,160,150,150,,,LDPE HMI,
6775,VA6053E,2-Jun-25,EVEREST ( CORR),"1,023.52",1014.37,79.56,4843AM-04862AM,STD,8,10,380,40/40,175,175,165,165,165,155,155,155,155,155,145,145,,LDPE HMI,LESS 5º ACROSS SA TEMPERSTURE
6776,OA7922E,3-Jun-25,GILVAN,54.91,52.9,22.67,4807AM,STD,1,100,400,40/40,170,180,180,180,180,180,180,180,170,170,,,,HDPE HMI,
6777,GA16415E,3-Jun-25,METRO CONTAINER ( CORR),44.77,44.25,26.55,4814AM-4815AM,STD,1,85,380,40/40,120,140,150,150,150,150,150,150,140,140,,,,LDPE HMI,
6778,GA17628E,3-Jun-25,ZHONG FU,55,53.5,22.14,4746AM,STD,1,80,400,40/40,120,140,150,150,150,150,150,150,140,140,,,,LDPE HMI,
6779,BA14456E,3-Jun-25,INCON,"1,529.51",1510,69.69,4776AM-4806AM,STD,5,10,380,40/40,170,170,170,1470,170,170,160,160,160,150,150,,,LDPE HMI,
6780,GA1225E,3-Jun-25,SMYPC,"5,700.00",3600,87.48,4433AM-4546AM,STD,8,9,420,40/40,180,180,180,180,170,170,170,170,170,170,170,,,LDPE HMI,PROD.CUT 3.6 MT
6781,RA15449E,4-Jun-25,GILVAN,58.02,50.05,40.39,4872AM-4873AM,STD,5,20,380,40/40,170,170,170,170,170,170,160,160,160,150,150,,,LDPE HMI,
6782,VA4086E,4-Jun-25,IN HOUSE,502.25,495,55.51,4684AM-4703AM,STD,5,10,250,40/40,170,170,170,170,160,160,160,160,150,150,150,,,LDPE HMI,VACUUM ON -FLAt YUNG STRAND
6783,BA4701E,4-Jun-25,INCON,313,302.84,49.78,4886AM-4897AM,STD,5,15,300,40/40,180,200,180,180,180,180,180,180,180,180,180,,,PP,
6784,UA8910E,4-Jun-25,STARKSON,551.4,544.39,24.75,4834AM-4839AM,STD,3,8.6,22,60/60,150,140,140,150,150,150,150,,,,,,,PP,
6785,WA5840E,5-Jun-25,FOSOVO DAWNTRAIL,111.35,103.99,89.13,4842AM,STD,3,30,40,60/60,150,150,150,150,150,130,130,,,,,,,LDPE HMI,VACUUM ON
6786,WA16299E,5-Jun-25,SANICON,108.95,106.05,66.98,4948AM,STD,8,20,380,40/40,170,170,170,170,170,160,160,160,160,160,150,150,,LDPE HMI,
6787,WA3827E,5-Jun-25,IN HOUSE ( RE-EXTRUDE ),41.4,40.05,60.05,4898AM,STD,8,9,300,40/40,200,200,200,180,180,180,180,180,180,180,180,180,,HDPE HMI,SHUT OFF FOR B-TIME 2100-2200
6788,YA13953E,7-Jun-25,AG CANPRINT,257.94,253.64,49.9,4874AM-4879AM,STD,3,8,22,40/40,150,130,130,140,140,130,130,,,,,,,LDPE HMI,KUMUKULAY SA TUBIG YA13953E/ CHANGE F.RATE/RPM/ OVERFLOW ON VACUUM HINDI MABILISAN MAGASPANG ANG STRAND BASA ANG PELLETS
6789,GA5520E,7-Jun-25,H&E,55.33,52.91,48.84,4899AM-4900AM,STD,5,10,300,40/40,170,170,170,170,170,170,160,160,160,150,150,,,LDPE HMI,
6790,GA4440E,7-Jun-25,ZELLER ZP5124,54.72,54,43.2,4976AM-4977AM,STD,5,9,300,40/40,180,200,180,180,180,180,180,180,180,180,180,,,LDPE HMI,HINDI TUMAAS YUNG ZONE 4 READING 120- ZONE 5 SETTING 180 / SHUT OFF UNDER MAINTENANCE
6791,MA12627E,7-Jun-25,PLEXCO,212.28,208.55,49.65,4864AM-4871AM,STD,3,7.5,36,40/40,170,150,130,130,130,140,150,,,,,,,LDPE HMI,
6792,GA4352E,7-Jun-25,ZELLER ZP123,108.58,104.17,48.08,4944AM-4947AM,STD,5,9,250,40/40,180,200,180,180,180,180,180,180,180,180,180,,,PP,
6793,YA15776E,7-Jun-25,SANICON,55.35,51.69,77.54,4942AM-4943AM,STD,3,8.6,28,40/40,150,130,130,150,150,150,150,,,,,,,LDPE HMI,
6794,WA15192E,9-Jun-25,STARKSON,"1,700.00",1677.5,79.57,4950AM-4966AM,STD,8,12,400,60/60,200,200,190,190,180,180,180,180,180,180,190,190,,PP,HINDI BUMABAGSAK/ VACUUM ON 1620 SHUT OFF
6795,WA17529E,9-Jun-25,SMYPC,57,54.49,72.65,4993AM,STD,8,12,400,40/40,170,170,170,170,160,160,160,160,150,150,150,150,,LDPE HMI,HEAT UP 0600
6796,BA15002E,9-Jun-25,MCBRIDE,35,30.4,24.32,4949am,STD,5,6,200,40/40,230,230,230,230,230,230,230,230,230,230,230,,,PET,
6797,BA17039E,9-Jun-25,ROWELL,50,48.9,48.9,4996AM-4997AM,STD,5,10,320,40/40,170,170,170,170,170,170,160,160,160,150,150,,,RUBBER,
6798,TA17732E,9-Jun-25,EVERSAFE (CORR.),102.3,100,66.67,4901AM-4902AM,STD,5,12,380,40/40,170,170,170,170,170,170,170,160,160,150,150,,,LDPE HMI,
6799,GA8613E,9-Jun-25,ZELLER,57.83,56,48,4978AM-4979AM,STD,5,15,380,40/40,180,200,180,180,180,180,180,180,180,180,180,,,PP,
6800,YA5124E,9-Jun-25,EVEREST,900,887.5,61.92,4903AM-4920AM,STD,3,8.3,24,40/40,160,160,160,150,150,150,160,,,,,,,LDPE HMI,CHANGE F.RATE/ RPM/ OVERFLOW ON VENT FEEDER FORT
6801,DA15568E,10-Jun-25,PHIL-TOP,513.87,504.19,67.98,4980AM-4990AM,STD,3,8.3,25,40/40,100,150,150,120,110,120,150,,,,,,,LDPE HMI,CHANGE RPM/F.RATE/VACUUM & VENT OVERFLOW/ CHANGE SETTING
6802,YA1110E,10-Jun-25,EVEREST,78,78.67,59,4967AM-4968AM,STD,3,8.6,28,40/40,150,140,150,150,150,150,150,,,,,,,LDPE HMI,
6803,YA13837E,10-Jun-25,GENSTAR,259.31,251.58,56.96,4880AM-4885AM,STD,3,25,38,40/40,150,130,130,140,140,150,150,,,,,,,LDPE HMI,HINDI BUMABAGSAK ANG COMPOUNDED/ KUNTI LANG ANG NILALABAS NA POWDER SA FEEDER
6804,BA9159E,10-Jun-25,EVEREST,975,964,70.54,4922AM-4941AM,STD,5,8,380,40/40,170,170,170,160,160,160,160,150,150,160,160,,,LDPE HMI,
6805,BA17042E,11-Jun-25,ROWELL,700,677,99.07,4994AM-4995AM,STD,9,24,380,60/60,,160,160,160,160,160,150,150,150,150,160,160,,RUBBER,HEAT UP 0600/ RUN 15 KG LDPE FOR BLACK SPOT/ PURGE 0700-0900
6806,BA17468E,11-Jun-25,EVERSAFE,108.9,106.72,67.4,5002AM-5004AM,STD,5,20,380,40/40,170,170,170,170,170,160,160,160,150,150,,,,LDPE HMI,
6807,BA17039E,11-Jun-25,ROWELL,125,123.3,41.1,5010AM-5014AM,STD,5,10,300,60/60,170,170,170,170,160,160,160,160,150,150,150,,,RUBBER,
6808,RA7886E,11-Jun-25,EASTERN,310.89,302.7,59.55,4969AM-4975AM,STD,5,80,380,40/40,170,170,170,170,170,170,160,160,160,150,150,,,LDPE HMI,
6809,SA11780E,11-Jun-25,SMYPC,699.71,689.41,58.67,5021AM-5034AM,STD,3,6,40,40/40,180,170,150,120,110,130,150,,,,,,,LDPE HMI,CHANGE F.RATE/ RPM/ OVERFLOW ON VENT FEEDER PORT/ UNDER MAINTENANCE 10:30 PROD START
6810,GA4440E,11-Jun-25,ZELLER (CORR),54,52.11,48.1,5015AM,STD,3,7.3,20,40/40,180,200,180,180,180,180,200,,,,,,,PP,
6811,RA7310E,12-Jun-25,PHILTOP,133.1,128.52,38.56,4998AM-4991AM,STD,5,12,380,40/40,170,170,170,170,170,160,160,160,160,150,150,,,LDPE HMI,VACUUM ON
6812,RA12739E,12-Jun-25,SMYPC,"2,000.00",1973.5,75.32,5051AM-5090AM,STD,5,20,400,40/40,170,170,170,170,160,160,160,160,160,160,160,,,LDPE HMI,
6813,TA11781E,12-Jun-25,SMYPC,210.8,205.9,53.71,5016AM-5020AM,STD,3,7,24,40/40,180,170,160,140,120,130,150,,,,,,,LDPE HMI,VACUUM ON & VENT OVERFLOW/ FLAT ANG PELLET AT BASA PAG MABILIS ANG SPEED NG EXTRUDER 1600-1800 CHANGE SETTING
6814,DA15568E,13-Jun-25,PHILTOP,765.61,757.18,73.87,5035AM-5050AM,STD,3,10,30,40/40,150,140,140,150,150,150,150,,,,,,,LDPE HMI,
6815,GA8613E,13-Jun-25,ZELLER (CORR),56,54.42,50.23,5212AM-5213AM,STD,3,7.6,22,40/40,180,200,180,180,180,180,180,,,,,,,PP,SHOT DOWN - UNDER MAINTENACE /11:10 PROD. START
6816,BA4140E,14-Jun-25,EVERBRIGHT,727.97,719.35,59.95,5112AM-5140AM,STD,5,12,280,40/40,170,170,170,170,170,150,150,150,150,160,160,,,LDPE HMI,UMAAPAW SA VACUUM PORT
6817,BA15965E,14-Jun-25,SMYPC,"1,526.31",1509.7,70.22,5141AM-5171AM,STD,5,10,400,40/40,170,170,170,170,160,160,160,160,160,150,150,,,LDPE HMI,
6818,YA5124E,14-Jun-25,EVEREST ( CORR),892.71,888.74,69.71,5279AM-5296AM,STD,3,9,28,40/40,150,150,150,140,120,130,150,,,,,,,LDPE HMI,VACUUM & VENT OVERFLOW/ CHANGE RPM/
6819,GA1225E,14-Jun-25,SMYPC,"2,000.00",2000,89.89,5172AM-5211AM,STD,3,8,28,40/40,220,200,200,120,110,130,150,,,,,,,LDPE HMI,OVERFLOW ON F-DER/ VENT /VACUUM PORT/ CHANGE F-RATE / RPM /CHANGE SETTING /RPM F.RATE
6820,DA15568E,16-Jun-25,PHILTOP ( CORR ),493.33,491,30.69,5529AM-5538AM,STD,1,100,280,40/40,120,140,150,150,150,150,150,150,150,150,,,,LDPE HMI,
6821,BA15197E,16-Jun-25,MAXEY,"1,026.59",1013,78.94,5091AM-5111AM,STD,5,12,320,60/60,170,170,170,170,170,170,160,160,160,150,150,,,LDPE HMI,OVERFLOW SA VACUUM PORT/ CHANGE SCREEN NA 
6822,GA6246E,16-Jun-25,PLASTIMER ( CORR),78.6,77.43,24.45,5526AM-5528AM,STD,1,100,300,40/40,180,200,180,180,180,180,180,180,180,180,,,,PP,
6823,BA3925E,16-Jun-25,EVERGOOD,261.69,255.76,69.75,5445AM-5450AM,STD,5,20,380,40/40,170,170,170,170,170,160,160,160,160,150,150,,,LDPE HMI,
6824,GA2595E,17-Jun-25,IN HOUSE,225,208,24.62,5427AM-5435AM,STD,3,7.5,12,40/40,230,230,230,220,220,230,230,,,,,,,PET,COIL SCREW/ VACUUM ON/ CHANGE RPM/ CHANGE F.RATE/ VACUUM ON
6825,GA8074E,17-Jun-25,IN HOUSE,180,177.53,59.18,5454AM-5457AM,STD,3,8.5,28,40/40,150,150,150,120,120,130,150,,,,,,,LDPE HMI,
6826,WA15135E,17-Jun-25,HERITAGE,111.87,107.36,80.52,5549AM,STD,8,12,400,60/60,170,170,170,160,160,160,160,150,150,150,150,,,LDPE HMI,
6827,WA2127E,17-Jun-25,CEBU HI Q,260.25,253.5,33.9,5458AM-5460AM,STD,8,15,400,60/60,170,170,170,170,170,160,160,160,160,160,150,150,,LDPE HMI,
6828,WA15123E,17-Jun-25,GILVAN,"3,000.00",2967.95,85.35,5461AM-5490AM,STD,8,20,300,40/40,170,170,170,170,170,170,160,160,160,160,150,150,,LDPE HMI,0645 SHIFT TO EXTRUDER#5
6829,GA8613E,17-Jun-25,ZELLER (CORR),65.29,63.12,50.5,5544AM-5545AM,STD,3,7,22,40/40,180,200,180,180,180,180,180,,,,,,,PP,
6830,GA8613E,17-Jun-25,ZELLER (TRIAL),50,48.35,50.02,5436AM-5437AM,STD,3,30,40,40/40,180,200,180,180,180,180,180,,,,,,,PP,MALAKAS ANG USOK SA MAY FEEDER FORT.
6831,BA9159E,17-Jun-25,EVERGOOD,150,145,38.67,5546AM-5548AM,STD,5,12,380,40/40,170,170,170,170,170,160,160,160,160,150,150,,,LDPE HMI,WAITING FOR COMPOUNDED
6832,BA9159E,17-Jun-25,EVEREST ( TUMB ),200,198.6,79.44,5425AM,STD,5,8,380,40/40,170,170,170,170,160,160,160,150,150,160,160,,,LDPE HMI,
6833,BA9159E,17-Jun-25,EVEREST,"1,525.00",1510.3,75.83,5491AM-5521AM,STD,5,8,400,40/40,170,170,170,170,160,160,160,150,150,150,150,,,LDPE HMI,
6834,BA4756E,18-Jun-25,EVERGOOD,261.28,247.38,69.04,5550AM-5555AM,STD,5,20,380,40/40,170,170,170,170,160,160,160,160,160,150,,,,LDPE HMI,
6835,YA1110E,18-Jun-25,EVEREST ( CORR),79.11,75,64.29,5652AM-5653AM,STD,3,8.5,32,40/40,150,150,150,150,150,130,130,,,,,,,LDPE HMI,
6836,TA15557E,18-Jun-25,CLIO TECH,111.45,107.82,68.1,5451AM-5453AM,STD,3,8.5,32,40/40,150,150,150,140,130,130,150,,,,,,,LDPE HMI,
6837,RA7886E,18-Jun-25,EASTERN,310,301.68,54.85,5438AM-5444AM,STD,3,9.6,40,40/40,150,140,140,140,150,150,150,,,,,,,LDPE HMI,CHANGE  F.RATE / RPM/ OVERFLOW ON FEEDER
6838,GA1225E,18-Jun-25,SMYPC,"3,200.00",3130.55,70.58,5361AM-5424AM,STD,3,8.7,28,40/40,150,150,150,150,150,150,160,,,,,,,LDPE HMI,0600-0630 RE BAGGING OF GA2595E FOR F.GOODS/0145- PROD STOP BIGLA NALANG TUMIGIL NAG TRIP NANAMAN ANG BREAKER NG OIL PUMP
6839,BA12013E,18-Jun-25,CEBU HI Q,159.68,158.3,75.98,5522AM-5524AM,STD,5,20,380,40/40,170,170,170,170,170,160,160,160,160,150,150,,,LDPE HMI,
6840,GA8074E,18-Jun-25,GLOBAL KONTEINER,80,77.77,54.9,5587AM-558AM,STD,3,8.6,28,40/40,150,130,130,140,140,150,150,,,,,,,LDPE HMI,
6841,GA6050E,18-Jun-25,H&E,57.82,55.35,47.44,5650AM-5651AM,STD,3,8.5,28,40/40,180,200,180,180,180,180,180,,,,,,,PP,
6842,DA5176E,19-Jun-25,EVEREST,424.48,370.21,25.68,5564AM-5572AM,STD,1,100,240,40/40,120,140,150,150,150,150,150,150,140,140,,,,LDPE HMI,
6843,GA8613E,19-Jun-25,ZELLER ( TUMB ),111.47,110.36,33.83,5539AM-5543AM,STD,5,20,380,40/40,170,170,170,170,170,170,160,160,160,150,150,,,LDPE HMI,
6844,BA17039E,19-Jun-25,ROWELL ( CORR ),123.3,121.22,,,STD,,,,,,,,,,,,,,,,,,,
6845,CA1578E,19-Jun-25,EVEREST,270,265.16,56.02,5558AM-5563AM,STD,5,80,380,40/40,170,170,170,170,170,170,170,160,160,150,150,,,LDPE HMI,
6846,RA5277E,19-Jun-25,EVEREST,515.31,502.79,71.83,5573AM-5583AM,STD,5,100,380,40/40,170,170,170,170,170,170,160,160,160,150,150,,,LDPE HMI,
6847,RA17532E,19-Jun-25,EVERSAFE,107,104.34,69.56,5798AM-5800AM,STD,5,20,380,40/40,170,170,170,170,170,170,160,160,160,150,150,,,LDPE HMI,
6848,WA15190E,19-Jun-25,NMH,"6,300.00",6236.6,90.18,5215AM-5278AM,STD,8,10,400,40/40,200,200,200,190,190,180,180,180,180,180,1900,190,,PP,
6849,RA12739E,20-Jun-25,SMYPC,"3,200.00",3200,73.98,5297AM-5365AM,STD,5,100,380,40/40,170,170,170,170,170,170,170,160,160,160,150,150,,LDPE HMI,
6850,RA2508E,20-Jun-25,EVERGOOD,510,499.62,62.45,5804AM-5814AM,STD,5,100,380,40/40,170,170,170,170,170,170,160,160,160,150,150,,,LDPE HMI,NO OVERSIZE/ FEEDER OVERFLOW/ KUMUKULAY SA TUBIG
6851,BA15197E,20-Jun-25,MAXEY ( CORR ),"1,012.44",1006.54,79.46,5904AM-5942AM,STD,5,17,280,60/60,170,170,170,170,170,170,160,160,160,160,150,,,LDPE HMI,NO OVERSIZE
6852,OA16199E,21-Jun-25,INCON ( TRIAL ),205.12,200.8,22.95,5882AM-5886AM,STD,1,80,400,40/40,120,140,150,150,150,150,150,150,140,140,,,,LDPE HMI,KUMUKULAY PO SA TUBIG
6853,YA1110E,21-Jun-25,EVEREST ( CORR ),50.16,49.98,24.99,5874AM,STD,1,80,400,40/40,120,150,150,150,150,150,150,150,150,140,,,,LDPE HMI,
6854,IA1770E,21-Jun-25,EVERBRIGHT,821.65,806.39,55.3,5654AM-5686AM,STD,3,12,38,60/60,150,140,140,150,150,150,160,,,,,,,PP,UNDER MAIN. AYAW UMANDAR  ANG OIL PUMP
6855,BA9159E,21-Jun-25,EVEREST ( CORR ),549.45,545.34,83.9,5888AM-5898AM,STD,5,100,380,40/40,170,170,170,160,160,150,150,150,150,150,150,,,LDPE HMI,NO OVERSIZE
6856,GA8613E,21-Jun-25,ZELLER,55,53.77,58.66,5969AM-5969AM,STD,5,15,300,40/40,180,200,180,180,180,180,180,180,180,180,180,,,PP,
6857,BA17468E,21-Jun-25,EVERSAFE,133,129.38,55.45,5801AM-5803AM,STD,5,20,380,40/40,170,170,170,170,170,160,160,160,160,150,150,,,LDPE HMI,
6858,GA8613E,22-Jun-25,ZELLER PLASTIK,28,27.5,5.29,6036AM,STD,6,30,400,40/40,180,190,180,180,180,180,180,,,,,,,PP,
6859,BA15050E,22-Jun-25,PACKAGE WORLD,400,387.45,49.99,5785AM-5792AM,STD,5,110,380,40/40,160,160,160,160,160,160,150,150,150,150,150,,,LDPE HMI,
6860,GA16127E,23-Jun-25,PHIL-TOP,207.93,204.7,23.17,5863AM-5867AM,STD,1,80,400,40/40,120,140,150,150,150,150,150,150,140,140,,,,LDPE HMI,
6861,OA17710E,23-Jun-25,INCON,55,54.7,26.26,5902AM-5903AM,STD,1,80,400,40/40,180,200,180,180,180,180,180,180,180,180,,,,PP,
6862,WA13000E,23-Jun-25,PREMIER,"1,024.76",1009.4,92.46,5821AM-5830AM,STD,8,20,400,40/40,170,170,170,170,160,160,160,160,160,160,1500,150,,LDPE HMI,
6863,IA8813E,23-Jun-25,EVERGOOD,158.3,153.17,59.29,5815AM-5818AM,STD,3,8.6,28,40/40,150,120,120,150,150,150,150,,,,,,,LDPE HMI,
6864,RA17532E,23-Jun-25,EVERSAFE(CORR),104.44,102.22,64.56,5989AM-5990AM,STD,3,8,32,40/40,150,150,150,150,140,150,150,,,,,,,LDPE HMI,
6865,RA5277E,23-Jun-25,EVEREST ( CORR ),35,34.3,57.17,5970AM,STD,3,8,32,40/40,150,150,150,140,140,130,150,,,,,,,LDPE HMI,
6866,BA15197E,23-Jun-25,MAXEY (CORR ),"1,014.98",1011.62,80.39,5996AM-6035AM,STD,5,12,280,60/60,170,170,170,170,160,160,160,160,150,150,150,,,LDPE HMI,
6867,KA14303E,24-Jun-25,PHIL-TOP,258,254.68,61.12,5868AM-5873AM,STD,3,9,22,40/40,150,150,110,110,120,120,150,,,,,,,LDPE HMI,MALUTONG ANG STRAND/ LAGI NAGPUPUTOL PAG MABILIS ANG SPEED/ VACUUM ON / CHANGE SETTING / UNDER MAINTENANCE OIL PUMP MALFUNCTION
6868,GA5520E,24-Jun-25,H&E  ,207,203,22.77,5991AM-5995AM,STD,1,80,400,40/40,120,150,150,150,150,150,150,150,140,140,,,,LDPE HMI,VACUUM ON
6869,DA5173E,24-Jun-25,EVEREST ( TUMB ),370.21,367.7,71.17,5971AM-5974AM,STD,3,9.5,45,40/40,150,150,130,120,110,120,140,,,,,,,LDPE HMI,CHANGE RPM//FEED RATE/ NAGPUPUTOL PUTOL PAG MABILIS ANG SPEED NG RPM/ 2000 T0 2200 CHANGE SETTING / VACUUM ON
6870,BA12556E,24-Jun-25,PACKAGE WORLD,"2,500.00",1857,100.38,5793AM-5797AM,STD,9,25,380,60/60,160,160,160,160,150,150,150,150,150,150,150,150,,LDPE HMI,RUN 15KGS LDPE FOR BLOCK SPOT/PROD. STOP TO PURGE 0800- PROD. CUT
6871,BA17042E,25-Jun-25,ROWELL,"1,500.00",1480.2,99.79,5899AM-5901AM,STD,9,24,380,60/60,,160,160,160,160,160,160,150,150,150,160,160,,RUBBER,20KG LDPE RUN FOR BLACK SPOT
6872,GA8613E,25-Jun-25,ZELLER,30,29.48,9.88,6150AM,STD,6,30,400,-,180,190,180,180,180,180,180,,,,,,,PP,
6873,MA7758E,25-Jun-25,CYBERMANN,360.2,350,48.28,5975AM-5988AM,STD,3,6.5,42,40/40,230,200,200,180,180,180,180,,,,,,,PP,FEEDER OVERFLOW/ CHANGE RPM/ VACUUM ON /CHANGE SETTING 2200-0000
6874,YA16192E,25-Jun-25,ARC,"1,250.24",1237.85,71.76,5943AM-5967AM,STD,3,8.3,25,40/40,170,160,150,150,140,150,160,,,,,,,LDPE HMI,VENT&VACUUM OVERFLOW RPM CHANGE 35-25/ F.RATE CHANGE 9.5-8.3/ 0200 -0400 ADJUSTING OF SETTING/ CHANGER SCREEN : MABILIS UMAAPAW SA VACUUM PORT
6875,BA12556E,26-Jun-25,PACKAGE WORLD,500,500,100,5793AM-5797AM,STD,9,25,370,60/60,160,160,160,160,150,150,150,150,150,150,,,,RUBBER,RUN 20KGS LDPE FOR BLACK SPOT
6876,BA12556E,26-Jun-25,PACKAGE WORLD,"7,500.00",7500,100,6124AM-6138AM,STD,9,25,370,60/60,160,160,160,160,150,150,150,150,150,150,150,150,,RUBBER,NABAGSAK NANG LDPE NA 7KG. FOR BLACK SPOT
6877,TA,,,,,,,,,,,,,,,,,,,,,,,,,,
6878,TA15557E,26-Jun-25,21ST CENTURY,130,128.6,23.38,6037AM-6039AM,STD,1,80,380,40/40,120,140,150,150,150,150,150,150,140,140,,,,LDPE HMI,
6879,GA16609E,26-Jun-25,CDC,57.58,56.7,28.35,6147AM-6148AM,STD,1,82,400,40/40,120,140,150,150,150,150,150,150,140,140,,,,LDPE HMI,1430-1550 WAITING FOR COMPOUNDED
6880,RA12739E,26-Jun-25,SMYPC,"3,000.00",3000,75,5687AM-5746AM,STD,5,100,380,40/40,170,170,170,170,170,170,170,160,160,160,160,,,LDPE HMI,
6881,RA12739E,26-Jun-25,SMYPC,212.92,212.92,53.23,6263AM,STD,5,100,380,40/40,170,170,170,170,170,170,170,160,160,160,160,,,LDPE HMI,OVERSIZE
6882,GA3933E,26-Jun-25,MOLDEX,520.4,511.36,49.49,6040AM-6060AM,STD,3,7.6,20,40/40,180,200,180,180,180,180,200,,,,,,,PP,NO OVERSIZE
6883,BA16130E,26-Jun-25,PHIL-TOP,258.42,253.34,68.13,5876AM-5881AM,STD,3,8.6,22,40/40,150,110,110,150,150,150,160,,,,,,,LDPE HMI,
6884,GA1225E,27-Jun-25,SMYPC,"3,000.00",3000,70.58,5589AM-5648AM,STD,3,8.5,34,40/40,220,210,200,150,150,140,150,,,,,,,LDPE HMI,OVERFLOW ON FEEDER & VENT PORT/ RPM CHANGE TO 34/ 0300-0400 CHANGE SETTING
6885,IA0760E,27-Jun-25,PLACEL,56,55.4,22.16,6169AM-6170AM,STD,1,80,380,40/40,120,140,150,150,150,150,150,150,140,140,,,,LDPE HMI,0720-0800 WAITING FOR COMPOUNDED
6886,IA8813E,27-Jun-25,EVERGOOD,160.14,158.3,24.29,6164AM-6167AM,STD,1,80,380,40/40,120,140,150,150,150,150,150,150,140,140,,,,LDPE HMI,
6887,IA16969E,27-Jun-25,PLACEL,56.65,55.8,22.32,6171AM-6172AM,STD,1,80,380,40/40,120,140,150,150,150,150,150,150,140,140,,,,LDPE HMI,
6888,WA5835E,27-Jun-25,CEBU JUNTRADE,817,805.02,91.13,6139AM-6146AM,STD,8,12.2,380,60/60,170,170,170,170,150,150,150,150,150,150,150,150,,LDPE HMI,
6889,WA15192E,28-Jun-25,STARKSON,"2,063.21",2021,90.16,6173AM-6193AM,STD,8,10,400,40/40,200,200,180,180,180,180,180,180,180,180,200,200,,PP,
6890,GA6607E,28-Jun-25,ZELLER,57.01,54.45,12.33,6230AM-6231M,STD,1,32,350,40/40,180,200,180,180,180,180,180,180,180,180,,,,PP,
6891,YA17695E,28-Jun-25,EVEREST,30.06,29.8,27.51,6194AM,STD,1,85,380,40/40,120,140,150,150,150,150,150,150,140,140,,,,LDPE HMI,
6892,BA7883E,28-Jun-25,EASTERN,282.07,265.31,64.97,6195AM-6200AM,STD,5,80,380,40/40,180,180,180,180,180,180,180,180,160,160,140,,,HDPE HMI,
6893,BA7924E,28-Jun-25,AMAZON,614.86,599.91,66.9,6151AM-6163AM,STD,5,80,380,40/40,180,180,180,180,180,180,180,180,160,160,140,,,HDPE HMI,1020-ALARM/1027-PROD. RESUME/1135-ALARM/1141-PROD. RESUME/ BUMABA ANG READING TEMPERATURE SETTING-180 READING-105-110
6894,GA1225E,29-Jun-25,SMYPC ( TRIAL),100,100,66.67,5831AM-5832AM,STD,3,8.5,34,40/40,220,210,200,150,150,140,150,,,,,,,LDPE HMI,
6895,WA15190E,30-Jun-25,NMH,"6,329.50",6234.75,91.39,6061AM-6123AM,STD,8,10,400,60/60,180,200,180,180,180,180,180,180,180,180,180,180,,PP,PPG 54-58
6896,VA4086E,30-Jun-25,IN HOUSE,200,194.27,51.81,6232AM-6239AM,STD,5,80,380,40/40,170,170,170,170,170,170,170,160,160,150,150,,,LDPE HMI,
6897,BA2103E,30-Jun-25,MOLDEX,209.95,204.55,50.09,6222AM-6229AM,STD,5,80,350,40/40,180,180,180,180,180,180,180,180,160,160,140,,,HDPE HMI,HINDI MABILISAN PAPANGIT ANG PUTOL NG PELLET MARAQMI MAHAHABANG PUTOL / RPM 380/FEEDRATE 100 TO 80
6898,KA4595E,30-Jun-25,EVERGOOD,260.7,253.48,60.84,6250AM-6255AM,STD,3,30,40,40/40,150,150,150,150,150,130,130,,,,,,,LDPE HMI,
6899,MA7758E,30-Jun-25,CYBERMANN,420,415.18,53.57,6205AM-6221AM,STD,3,8,28,40/40,180,200,180,180,180,180,180,,,,,,,PP,
6900,WA12282E,1-Jul-25,PACKAGE WORLD,"5,000.00",4943.2,100.36,6240AM-6249AM,STD,9,25,380,60/60,160,160,160,160,160,150,150,150,150,150,150,150,,RUBBER,RUN LDPE 10KG FOR BLACK SPOT/CHANGE SCREEN RUN LDPE 8KG.
6901,BA12556E,1-Jul-25,PACKAGE WORLD( CORR ),200.4,199.18,99.59,6262AM,STD,9,25,380,60/60,160,160,160,160,160,150,150,150,150,150,150,150,,RUBBBER,
6902,RA12739E,1-Jul-25,SMYPC (CONT.),"1,900.00",1798.4,74.85,5747AM-5784AM,STD,5,80,350,40/40,170,170,170,170,170,170,150,150,150,150,150,,,LDPE HMI,VACUUM ON NAGPUPUTOLCHANGE RPM 380-350
6903,GA4952E,1-Jul-25,EVERGOOD,259.43,254.62,57.65,6256AM-6261AM,STD,3,6.5,45,40/40,220,210,200,150,150,130,150,,,,,,,LDPE HMI,CHANGE RPM TO 42/CHANGE FEEDRATE 8.5-6.0/FEEDER OVERFLOW/CHANGE SETTING
6904,GA1225E,1-Jul-25,SMYPC,"1,450.00",1426.6,54.86,5833AM-5861AM,STD,3,6.7,35,40/40,180,170,160,140,150,150,160,,,,,,,LDPE HMI,FIRST PALLET 5833-40 OVER FLOW ON FEEDER/CHANGE F.RATE 7.3 TO 6.0/1500-1700 CHANGE SETTING / VENT OVERFLOW/HINDI MABILISAN LAGING UMAAPAW SA FEEDER VENT FORT/FEED RATE-6.3/RPM 40/ 1000-1100 CHANGE SETTING
6905,GA1956E,2-Jul-25,AMAZON,"2,025.65",1991.75,59.81,6363AM-6403AM,STD,3,7.4,20,40/40,150,140,130,110,130,140,150,,,,,,,LDPE HMI,CHANGE F.RATE-8.6/7.4/RPM 25-40 HINDI MABILISAN MAGASPANG ANG STRASND ATSAKA PLAT/ VACUUM ON 1:30 NA NALAGYAN NG VACUUM KASI KINALAS KUPA ANG MANGA TUBO KASI MAHINA NG HIGOP BARADO NA NG PLASTIK.
6906,GA14271E,2-Jul-25,PHIL-TOP,264.67,255.68,68.18,6271AM-6276AM,STD,3,10.6,28,40/40,150,130,130,150,150,150,150,,,,,,,LDPE HMI,
6907,BA12556E,3-Jul-25,PACKAGE WORLD ( CORR ),658.31,644.7,95.51,6344AM-6345AM,STD,9,25,380,60/60,160,160,160,160,160,150,150,150,150,150,150,150,,RUBBER,1945 SHUT OFF
6908,CA17279E,3-Jul-25,EVERGOOD,108.4,107,47.56,6404AM-6407AM,STD,5,70,300,40/40,180,200,180,180,180,180,180,180,180,180,180,,,PP,
6909,TA17732E,3-Jul-25,EVERSAFE,210,206.25,58.63,6266AM-6270AM,STD,5,80,380,40/40,170,170,170,170,170,170,170,170,160,160,150,150,,LDPE HMI,
6910,BA17468E,3-Jul-25,EVERSAFE,55,53.46,22.12,6265AM,STD,1,80,400,40/40,120,140,150,150,150,150,150,150,150,140,140,,,LDPE HMI,
6911,TA16972E,3-Jul-25,PHIL-TOP,519.18,513.47,75.14,6288AM-6298AM,STD,5,80,380,40/40,170,170,170,170,170,170,160,160,160,150,150,,,LDPE HMI,
6912,BA3925E,4-Jul-25,EVERGOOD,157.76,155.4,27.03,6303AM-6306AM,STD,1,85,400,40/40,120,140,150,150,150,150,150,150,140,140,,,,LDPE HMI,
6913,MA7758E,4-Jul-25,CYBERMANN  ( CORR ),376.32,371.47,55.31,6476AM-6490AM,STD,3,8.5,28,40/40,180,200,180,180,180,180,180,,,,,,,PP,
6914,BA14304E,4-Jul-25,PHIL-TOP,517.4,511.9,67.65,6277AM-6287AM,STD,3,8.6,28,40/40,150,130,130,130,150,150,150,,,,,,,LDPE HMI,
6915,TA15557E,4-Jul-25,CLIO TECH,210.82,207.88,73.37,63.7AM-6311AM,STD,5,90,400,40/40,170,170,170,170,170,160,160,160,160,150,150,,,LDPE HMI,
6916,WA15192E,4-Jul-25,STARKSON,25,22.75,68.25,6343AM,STD,8,8,350,40/40,200,200,200,180,180,180,180,180,180,180,180,180,,PP,
6917,UA8910E,4-Jul-25,STARKSON,510,505.88,79.88,6346AM-6350AM,STD,8,15,370,40/40,170,170,170,170,170,170,160,160,160,160,150,150,,LDPE HMI,10KL LDPE RUN FOR BLACK SPOT
6918,OA2860E,4-Jul-25,UNA INTERNATIONALE,776.31,757.56,36.51,6491AM-6521AM,STD,5,90,280,40/40,170,170,170,170,170,170,160,160,160,150,150,,,LDPE HMI,"FEEDER OVERFLOE  CHANGE FEEDRATE ,CHANGE SETTING/ ZONE 2 HINDI TUMATAAS 200 SETTING READING 144"
6919,BA4756E,4-Jul-25,EVERGOOD,165,162.1,32.4,6299AM-6302AM,STD,1,80,380,40/40,120,140,150,150,150,150,150,150,140,140,,,,LDPE HMI,
6920,WA15190E,4-Jul-25,NMH,"6,300.00",2326.17,89.79,6412AM-6474AM,STD,8,10,400,40/40,200,200,180,180,180,180,180,180,180,180,190,190,,PP,CHANGE SCREEN 07-05-25/CHANGE SCREEN 07-08-2025
6921,BA0830E,5-Jul-25,UNA INTERNATIONALE,106.53,104.5,50.16,6359AM-6362AM,STD,3,8,40,40/40,180,170,160,150,140,140,150,,,,,,,LDPE HMI,VACUUM ON/FEEDER OVERFLOW/ CHANGE RPM 36-40/CHANGE FEED RATE 7.50-8.0
6922,BA7883E,5-Jul-25,EASTERN,20,17.02,56.73,6475AM,STD,3,,,,,,,,,,,,,,,,,,
6923,BA7883E,5-Jul-25,EASTERN ( REEXT),200,195.35,60.11,6408AM-6411AM,STD,3,8.6,28,40/40,180,170,160,150,150,160,160,,,,,,,HDPE HMI,VACUUM &VENT OVERFLOW/CHANGE RPM 28-26
6924,RA17422E,5-Jul-25,PREMIER CREATIVE ,107.27,105.38,50.58,6617AM-6619AM,STD,5,20,380,40/40,170,170,170,170,170,170,160,160,160,150,150,,,LDPE HMI,
6925,BA9159E,5-Jul-25,EVEREST,"1,547.66",1526.54,70.19,6558AM-6588AM,STD,3,8.9,32,40/40,150,130,130,140,140,150,150,,,,,,,LDPE HMI,
6926,IA9194E,5-Jul-25,UNA INTERNATIONALE,773.9,758.4,60.03,6312AM-6342AM,STD,5,20,400,40/40,200,200,180,170,170,170,170,170,160,160,160,,,LDPE HMI,VACUUM ON /CHANGE BLOWER.
6927,RA5277E,6-Jul-25,EVEREST,500,493.38,51.04,6589AM-6598AM,STD,5,20,380,40/40,170,170,170,170,170,170,160,160,160,150,150,,,LDPE HMI,
6928,KA9045E,7-Jul-25,EVEREST,"1,788.61",1762,64.89,6522AM-6557AM,STD,5,12,380,40/40,170,170,170,170,160,160,160,160,160,150,150,,,LDPE HMI,
6929,TA17732E,7-Jul-25,EVERSAFE (TUMB ),181.12,179.44,69.46,6643AM-6644AM,STD,5,20,380,40/40,170,170,170,170,170,170,160,160,160,150,150,,,LDPE HMI,
6930,YA5124E,7-Jul-25,EVERGOOD,525.47,515.98,68.04,6606AM-6616AM,STD,3,8.5,38,40/40,180,170,160,140,140,1360,150,,,,,,,LDPE HMI,OVERFLOW ON/ VENT & VACUUM /RPM CHANGE 30-38/ FEED RATE 7.5-8.5 ADJUST SETTING
6931,GA16415E,8-Jul-25,METRO CONTAINER (TRIAL),100,98.1,69.25,6662AM-6663AM,STD,3,8.6,28,40/40,150,130,130,140,140,150,150,,,,,,,LDPE HMI,
6932,GA16415E,8-Jul-25,METRO CONTAINER (TRIAL ),10,9.5,71.25,6664AM,STD,3,8.6,28,40/40,150,130,130,140,140,150,150,,,,,,,LDPE HMI,
6933,VA4537E,8-Jul-25,H&E,58,51.5,50.66,6678AM-6679AM,STD,3,8.3,28,40/40,180,200,180,180,180,180,180,,,,,,,PP,
6934,GA4952E,8-Jul-25,IN HOUSE( TUMBLER ),400.24,386.55,69.03,6657AM-6660AM,STD,3,8.6,35,40/40,180,160,160,160,160,160,180,,,,,,,LDPE HMI,NO OVESIZE
6935,GA4921E,8-Jul-25,EVEREST,387.27,381.87,62.77,6351AM-6358AM,STD,3,7.5,25,40/40,150,150,130,140,140,150,150,,,,,,,LDPE HMI,NAGPUPUTOL PAG MABILI ANG SPEED CHANGE SETTING
6936,GA8074E,9-Jul-25,EASTERN,263.4,257.3,88.22,6798AM-6803AM,STD,5,7.5,400,40/40,180,180,170,170,160,160,160,160,160,150,150,,,LDPE HMI,OVERFLOW IN  FEEDER PORT /CHANGE RPM/ CHANGE FREED RATE
6937,VA4537E,9-Jul-25,H&E ( PROD. ERROR ),57.81,56.4,48.34,6645AM-6646AM,STD,3,8.3,28,40/40,180,200,180,180,180,180,180,,,,,,,PP,
6938,VA16737E,9-Jul-25,EVEREST,260.86,254.2,42.37,6600AM-6605AM,STD,3,6.3,14,40/40,170,170,160,160,160,160,180,,,,,,,LDPE HMI,VACUUM &VENT FLOW/ HINDI MA RUN NG MAAYOS FLAT ANG STRAND AT BASA / ADJUSTING SETTING / FEED RATE CHANGE /CHANGE RPM
6939,OA2860E,9-Jul-25,UNA INTERNATIONALE ( TUMB ),757.56,753.1,59.85,6756AM-6761AM,STD,3,8.6,25,40/40,150,120,120,140,140,150,150,,,,,,,LDPE HMI,
6940,YA5188E,9-Jul-25,EVEREST,470.7,460,29.52,6647AM-6656AM,STD,5,60,480,40/40,170,170,170,170,170,170,160,160,160,150,150,,,LDPE HMI,CHANGE OVERFLOW /RPM ON FEEDER PORT/ FEED RATE
6941,DA16760E,9-Jul-25,PHIL-TOP,619.62,612,83.45,6630AM-6642AM,STD,5,12,380,40/40,170,170,170,170,170,170,170,160,16+0,150,150,,,LDPE HMI,
6942,WA17031E,9-Jul-25,METRO CONTAINER,100,99.22,85.05,6665AM,STD,8,10,300,40/40,180,200,180,180,180,180,180,180,180,180,180,180,,PP,
6943,WA17031E,9-Jul-25,METRO CONTAINER,10,9.83,29.49,6677AM,STD,8,6,300,40/40,170,170,170,170,160,160,160,160,150,150,150,150,,LDPE HMI,HINDI MABILISAN ANG PUPUTOL
6944,WA11678E,9-Jul-25,INCON,"1,020.46",994.14,89.7,6620AM-6629AM,STD,8,15,400,40/40,170,170,170,170,170,170,160,160,160,150,150,150,,LDPE HMI,
6945,KA2871E,10-Jul-25,EVEREST,"1,298.90",1285.76,84.78,6804AM-6829AM,STD,5,20,380,40/40,170,170,170,160,160,160,160,160,160,150,150,,,LDPE HMI,
6946,MA4737E,10-Jul-25,GENSTAR,160.05,153.6,24.25,6891AM-6896AM,STD,5,40,400,40/40,180,180,170,170,170,160,160,160,160,150,150,,,LDPE HMI,UMAAPAW SA FEEDER PORT/ VACUUM ON FLAT ANG STRAND FEED RATE-UMAAPAW PA RIN 
6947,MA11346E,10-Jul-25,GILVAN,59.48,55.6,55.6,6860AM-6861AM,STD,5,10,400,40/40,180,180,170,170,160,16+0,160,160,160,150,150,,,LDPE HMI,
6948,RA2508E,10-Jul-25,EVERGOOD,518.65,502.42,51.53,6666AM-6676AM,STD,3,8.3,25,40/40,150,120,120,140,140,150,160,,,,,,,LDPE HMI,CHANGE FEED RATE /RPM/ MALAKAS AMH APAW SA VENT FORT
6949,IA9154E,10-Jul-25,UNA ( TUMB ),383.4,378.94,55.45,6763AM-6766AM,STD,3,8.3,28,40/40,150,180,140,140,130,130,150,,,,,,,LDPE HMI,VACUUM OVERFLOW/CHANGE RPM /CHANGE FEED RATE
6950,WA15190E,10-Jul-25,NMH,"2,000.00",1378.8,89.44,6681AM-6700AM,STD,8,10,400,40/40,200,200,200,1890,180,180,180,180,180,180,190,190,,PP,1400 PROD'N CUT 
6951,WA15123E,10-Jul-25,GILVAN,"2,000.00",2000,89.55,6767AM-6786AM,STD,8,20,400,40/40,170,170,170,170,170,170,160,160,160,160,150,150,,LDPE HMI,MC8 WA15123E/ PROD.CUT TO 2000 PROCEED TO WA17031E
6952,VA4086E,11-Jul-25,IN HOUSE,300,294.08,48.68,6744AM-6755AM,STD,3,8.3,24,40/40,150,150,150,150,150,130,130,,,,,,,LDPE HMI,0330-0400 NO OUTPUT  1ST BAG RE-EX FLAT  AT BASA/ 06:00 VACUUM ON
6953,BA4140E,11-Jul-25,EVERBRIGHT,705,693.89,64.25,6830AM-6857AM,STD,3,15,28,40/40,120,120,120,120,150,150,160,,,,,,,LDPE HMI,W/DIESEL MATAGAL MATANGGAL ANG KULAY NG  BA4140E 12KGS SCRTAP BA12556E BAGSAK
6954,BA4140E,11-Jul-25,METRO CONTAINER,410,403.88,80.78,6898AM-6906AM,STD,5,20,380,40/40,170,170,170,170,170,170,160,160,160,150,150,,,LDPE HMI,
6955,GA16415E,11-Jul-25,GILVAN,56.9,56,56,6862AM-6863AM,STD,5,20,380,40/40,180,165,180,180,180,180,160,160,160,160,160,,,HDPE HMI,
6956,RA15449E,11-Jul-25,GILVAN,56.49,54.75,36.5,6864AM-6865AM,STD,3,7,18,40/40,150,140,130,130,120,120,140,,,,,,,LDPE HMI,CHANGE F.REATE/ CHANGE RPM / NAGPUPUTOL PAG MABILIS Ang SPEED/ VACUUM ON/ CHANGE SETTING
6957,GA1956E,11-Jul-25,AMAZON,11,10.27,41.08,6680AM,STD,5,20,380,40/40,170,170,170,170,170,170,170,160,160,150,150,,,LDPE HMI,
6958,WA17031E,11-Jul-25,METRO CONTAINER,410,403.1,87.95,6914AM-6917AM,STD,8,10,400,40/40,200,200,200,180,180,180,180,180,180,180,190,190,,PP,
6959,WA15192E,11-Jul-25,STARKSON,"2,122.68",2084.75,89.67,6866AM-6886AM,STD,8,10,400,40/40,200,200,200,180,180,180,180,180,180,180,190,190,,PP,
6960,GA16415E,11-Jul-25,METRO CONTAINER,9.53,9,54,6911AM,STD,5,20,380,40/40,170,170,170,170,170,170,170,160,160,160,150,150,,LDPE HMI,
6961,BA9159E,12-Jul-25,EVEREST ( TUMB ),376.54,369.71,72.73,6887AM-6890AM,STD,3,8.3,25,40/40,150,120,120,150,150,150,160,,,,,,,LDPE HMI,
6962,TA17732E,12-Jul-25,EVERSAFE,192.49,187.75,69.54,6907AM-6910AM,STD,3,8,30,40/40,150,150,140,140,140,150,150,,,,,,,LDPE HMI,
6963,RA16826E,12-Jul-25,SMYPC,"3,038.00",2997.12,70.52,7045AM-7106AM,STD,3,10,36,40/40,150,150,130,130,150,150,150,,,,,,,LDPE HMI,1800 PROD CUT/ VACUUM &VENT OVER FLOWE /CHANGE SETTING/
6964,GA1225E,12-Jul-25,SMYPC,"3,000.00",2975,72.12,6924AM-6983AM,STD,5,70,400,40/40,180,180,170,170,170,160,160,160,160,160,150,150,,LDPE HMI,OVERFLOW SA FEEDER PORT
6965,WA15123E,14-Jul-25, GILVAN,"1,059.89",956.19,89.64,6787AM-6797AM,STD,8,20,400,40/40,170,170,170,170,160,160,160,160,160,160,150,150,,LDPE HMI,NO OVERSIZE
6966,WA15190E,14-Jul-25,NMH,"4,400.00",3660,90.37,6700AM-6743AM,STD,8,10,400,40/40,200,200,200,180,180,180,180,180,180,180,190,190,,PP,PROD. STOP 2200/HEAT UP 2240/PROD. RESUME 2340/HINDI BUMABAGSAK PPG 55-58/ CHANGE SCREEN
6967,GA1225E,15-Jul-25,SMYPC,109.47,95.7,71.78,6921AM-6923AM,STD,5,7.2,400,40/40,180,180,170,170,160,160,160,160,160,150,150,,,LDPE HMI,
6968,GA17465E,15-Jul-25,SMYPC,"2,074.77",2064,70.34,7003AM-7044AM,STD,5,20,400,40/40,170,170,170,170,170,160,160,160,160,150,150,,,LDPE HMI,
6969,GA16706E,16-Jul-25,EVEREST,393.03,387,63.62,7259AM-7266AM,STD,5,10,380,40/40,180,170,170,170,170,170,160,160,160,150,150,,,LDPE HMI,
6970,RA17805E,16-Jul-25,EVEREST,135,134,51.21,7193AM-7195AM,STD,3,7,45,40/40,200,180,150,140,140,130,150,,,,,,,LDPE HMI,OVERFLOW ON FEEDER / CHANGE SETTING /RPM CHANGE/FEED RATE
6971,RA12739E,16-Jul-25,SMYPC (TRIAL),100,100,73.17,7107AM-7108AM,STD,3,10,35,40/40,150,150,1140,140,130,130,150,,,,,,,LDPE HMI,
6972,RA12739E,16-Jul-25,SMYPC,"2,700.00",2667.6,73.48,7109AM-7162AM,STD,3,10,32,40/40,150,150,140,140,130,130,150,,,,,,,LDPE HMI,
6973,BA17042E,17-Jul-25,ROWELL,"1,500.00",1486.57,99.1,7196AM-7198AM,STD,9,24,360,40/40,160,160,160,160,160,150,150,150,150,150,160,160,,RUBBER,20KG LDPE RUN FOR BLACK SPOT/ PURGE &CLEANING EXTRUDER AREA/RELIEVER 2 HRS MC#3-5 SHUT OFF MC#9
6974,GA3383E,17-Jul-25,EVEREST ( RE EXT ),450,442.39,59.65,7200AM,STD,5,60,220,80/80,160,165,160,160,150,155,150,145,150,145,145,,,LDPE HMI,VACUUM ON/ HINDI MABILISAN GUMAGASPANG ANG STRAND AT TUMATAAS ANG PERAHE. SCREEN SIZE-80x80/ CHANGE FELLITIZER MC#2 RE PURGING /TIME: 1350-1530 AS PER LABORATORY.
6975,WA15190E,17-Jul-25,NMH,500,494.4,89.89,6695AM-6699AM,STD,8,10,400,40/40,200,200,200,180,180,180,180,180,180,180,190,190,,PP,0820 SHUT OFF SHIFT6 TO MC#9
6976,DA10063E,18-Jul-25,EVERGOOD,258.62,255.14,26.39,7267AM-7272AM,STD,1,100,400,40/40,120,140,150,150,150,150,150,150,150,150,,,,LDPE HMI,
6977,DA5176E,18-Jul-25,EVERGOOD,262.38,255.3,26.41,7253AM-72588AM,STD,1,90,380,40/40,120,140,150,150,150,150,150,150,150,150,,,,LDPE HMI,
6978,YA6164E,18-Jul-25,EVEREST,"2,282.50",2260.41,51.96,7207AM-7252AM,STD,5,20,380,40/40,170,170,170,170,170,170,160,160,160,150,150,,,LDPE HMI,
6979,YA5124E,18-Jul-25,EVEREST,900,885.97,64.05,6984AM-7001AM,STD,5,85,420,40/40,170,170,170,170,160,160,160,160,160,150,150,,,LDPE HMI,UMAAPAW PO SA FEEDER PORT/ CHANGE RPM 380-400-420
6980,GA16415E,18-Jul-25,METRO (CORR),100.29,99.77,79.82,7353AM-7354AM,STD,5,20,380,380,170,170,170,170,170,170,160,160,160,150,150,,,LDPE HMI,
6981,GA6607E,18-Jul-25,H&E,56,53.82,25.83,7201AM-7202AM,STD,5,15,380,40/40,180,200,180,180,180,180,180,180,180,180,180,,,PP,
6982,BA9159E,18-Jul-25,EVEREST,"1,500.00",1478.61,64.29,7163AM-7192AM,STD,3,8.7,30,40/40,150,150,140,120,120,130,150,,,,,,,LDPE HMI,VACUUM & VENT OVERFLOW /CHANGE SETTING /CHANGE RPM/ CHANGE FEED RATE
6983,CA5402E,19-Jul-25,SMYPC,"1,462.00",1438.41,68.88,7303AM-7332AM,STD,3,3.5,8.1,40,140,130,130,110,110,120,14,,,,,,,LDPE HMI,VACUUM ON/ BROWN OUT:1840/START:1910-PALAGING NAGPUPUTOL ANG STRAND MAHIRAP ITAKBO ANG OVERSIZE NAGPUPUTOL
6984,BA9910E,19-Jul-25,EVEREST,263.28,260.12,21.98,7333AM-7338AM,STD,1,100,350,40/40,160,160,150,150,150,150,150,150,140,140,,,,LDPE HMI,
6985,TA16761E,19-Jul-25,PHIL-TOP,133.23,130,22.29,7361AM-7363AM,STD,1,100,400,40/40,160,160,150,150,150,150,150,150,140,140,,,,LDPE HMI,
6986,BA4756E,20-Jul-25,EVERGOOD,260,257.94,21.65,7355AM-7360AM,STD,1,80,400,40/40,160,150,150,150,150,150,150,140,140,,,,,LDPE HMI,
6987,BA9159E,21-Jul-25,EVEREST ( RE EXT),50,48.5,29.1,7620AM,STD,1,100,400,40/40,120,140,150,150,150,150,150,150,140,140,,,,LDPE HMI,
6988,GA9050E,21-Jul-25,ALPHATECH,75.53,74.6,21.83,7540AM-7541AM,STD,1,100,380,40/40,120,140,150,150,150,150,150,150,140,140,,,,LDPE HMI,
6989,YA7418E,21-Jul-25,EVEREST,700,692.4,72.88,7339AM-7352AM,STD,5,20,380,40/40,170,170,1470,170,170,160,160,160,160,150,150,,,LDPE HMI,CHANGE POWER NAWALA ANG POWDER ( BROWN OUT )
6990,YA5993E,21-Jul-25,EVERGOOD,500,490.4,75.45,7485AM-7494AM,STD,5,10,400,40/40,180,180,170,170,160,160,160,160,160,170,170,,,LDPE HMI,UMAAPAW SA FEEDERPORT/ RPM 400/ CHANGE SETTING Z1-180 Z2-180
6991,YA5124E,22-Jul-25,EVERGOOD,510,504.13,74.69,7521AM-7531AM,STD,5,20,380,40/40,170,170,170,170,170,170,160,160,160,150,150,,,LDPE HMI,
6992,WA6947E,22-Jul-25,ATLANTA,320.97,318,88.74,7484AM-7483AM,STD,8,10,300,40/40,200,200,200,180,180,180,180,180,180,180,190,190,,PP,
6993,WA16245E,22-Jul-25,ALLIED,"1,015.79",1003.38,89.19,7622AM-7631AM,STD,8,20,380,40/40,170,170,170,170,170,170,160,160,160,150,150,,,LDPE HMI,
6994,RA16826E,22-Jul-25,SMYPC,5,4.78,9.56,7539AM,STD,1,60,200,40/40,160,150,150,150,150,150,150,150,140,140,,,,LDPE HMI,
6995,RA12739E,22-Jul-25,SMYPC( REEXT),26.49,26,24,7636AM,STD,1,100,400,40/40,120,140,150,150,150,150,150,150,140,140,,,,LDPE HMI,
6996,RA12739E,22-Jul-25,SMYPC,80,78.8,21.99,7562AM-7563AM,STD,1,90,400,40/40,120,120,150,150,150,150,150,150,140,140,,,,LDPE HMI,
6997,CA8905E,22-Jul-25,SMYPC,"1,500.00",1484.44,78.61,7273AM-7302AM,STD,3,3.4,8,40/40,140,130,130,110,110,120,120,,,,,,,LDPE HMI,HINDI MABILISAN TUMATAAS ANG AMPARAHE /
6998,CA8905E,22-Jul-25,SMYPC,50,47.3,45.77,7199AM,STD,3,3.4,8,40/40,110,130,130,110,110,120,130,,,,,,,LDPE HMI,CHANGE SCREEN
6999,RA17528E,22-Jul-25,JALBY,257.9,255.09,22.02,7377AM-7481AM,STD,1,100,400,40/40,180,180,150,150,150,150,150,150,150,150,,,,LDPE HMI,
7000,GA5999E,22-Jul-25,ZELLER,100,96.5,49.07,7614AM-7617AM,STD,5,10,320,40/40,180,200,180,180,180,180,180,180,180,180,180,,,PP,
7001,GA16415E,22-Jul-25,METRO (CORR),101.01,100,89.55,7618AM-7619AM,STD,5,12,380,40/40,170,170,170,170,160,160,160,160,160,150,150,,,LDPE HMI,
7002,YA16164E,22-Jul-25,EVEREST,"1,212.18",1203.82,89.55,7637AM-7661AM,STD,5,10,380,40/40,170,170,170,170,170,160,160,160,160,150,150,,,LDPE HMI,
7003,WA151358E,23-Jul-25,TOPRITE,257.36,241.22,87.72,7597AM-7706AM,STD,8,12,300,40/40,170,170,170,170,160,160,160,160,150,150,150,150,,LDPE HMI,
7004,WA15135E,23-Jul-25,TOPRITE( PROD.ERROR),200,195,90,7595AM-7596AM,STD,8,10,380,40/40,170,170,170,170,170,170,160,160,160,160,150,150,,LDPE HMI,
7005,WA15123E,23-Jul-25,GILVAN,"3,000.00",2970.1,85.22,7565AM-7594AM,STD,8,12,300,40/40,170,170,170,170,170,160,160,160,160,150,150,150,,LDPE HMI,NAG BROWN OUT NAMATAY ANG MAKINA
7006,TA16761E,23-Jul-25,PHIL-TOP(TUMB),130,129.19,32.25,7633AM,STD,1,100,400,40/40,120,140,150,150,150,150,150,150,140,140,140,,,LDPE HMI,
7007,KA4607E,23-Jul-25,EVEREST,55.72,55.15,22.06,7634AM-7635AM,STD,1,100,400,40/40,180,200,180,180,180,180,180,180,180,180,,,,LDPE HMI,
7008,IA16887E,23-Jul-25,PHILTOP,263.47,260.5,21.71,7515AM-7520AM,STD,1,100,350,40/40,120,140,150,150,150,150,150,150,140,140,,,,LDPE HMI,CHANGE PELL 5-8
7009,BA13023E,23-Jul-25,GENSTAR,100,100,66.67,7598AM-7599AM,STD,5,12,420,40/40,170,170,170,170,170,160,160,160,160,150,150,,,LDPE HMI,
7010,BA13023E,23-Jul-25,GENSTAR,671.1,654.43,65.44,7600AM-7613AM,STD,5,12,420,40/40,170,170,170,170,170,160,160,160,160,150,150,,,LDPE HMI,OVERFLOW ON FEEDER
7011,BA5327E,24-Jul-25,EVEREST,337.11,330.28,40.03,7532AM-7538AM,STD,5,20,440,40/40,170,170,170,170,170,170,160,160,160,150,150,,,LDPE HMI,CHANGE OVERFLOW ON FEEDER/ F.RATE 80-70-60-50-40/ RPM 440
7012,DA16760E,24-Jul-25,PHIL-TOP,462,454.13,25.95,7364AM-7373AM,STD,1,100,300,40/40,120,140,150,150,150,150,150,150,140,140,,,,LDPE HMI,HEAT UP 0930/START FOR PURGE 1020 /BROWN OUT 1950-2010 2055-2120
7013,BA9159E,24-Jul-25,EVEREST (CORR-ERROR),"1,079.91",1078.52,85.15,7717AM-7738AM,STD,5,12,380,40/40,170,170,170,170,170,160,160,160,160,150,150,,,LDPE HMI,
7014,BA9159E,24-Jul-25,EVEREST ( CORR),400,395.7,70.87,7709AM-7716AM,STD,5,12,380,40/40,170,170,170,170,170,160,160,160,160,150,150,,,LDPE HMI,BROWN OUT: 2055 PRODUCTION CUT/ 2200 PROD. RESUME
7015,GA17395E,24-Jul-25,INCON,55,53,23.56,7632AM,STD,1,100,400,40/40,120,140,150,150,150,150,150,150,140,140,,,,LDPE HMI,
7016,GA1225E,24-Jul-25,SMYPC,"1,940.00",1915.03,70.01,7441AM-7479AM,STD,3,10.2,40,40/40,170,180,150,150,150,150,150,,,,,,,LDPE HMI,VACCUM ON / BROWN OUT PROD.CUT 2055/ 2200 PROD RESUME
7017,YA5993E,24-Jul-25,EVERGOOD,2,1.87,0.69,7750AM,STD,6,16,400,,160,170,160,160,160,160,160,,,,,,,LDPE HMI,
7018,WA16299E,WA16299E,SANICON,108.05,105.02,70.01,7755AM,STD,8,12,300,40/40,170,170,170,170,170,170,160,160,160,160,150,150,,LDPE HMI,
7019,GA17465E,25-Jul-25,SMYPC,"2,625.00",2618.58,74.81,7388AM-7440AM,STD,5,20,380,40/40,170,170,170,170,170,170,160,160,160,150,150,,,LDPE HMI,
7020,CA5402E,25-Jul-25,SMYPC,"2,000.00",2000,35.03,7495AM-7701AM,STD,3,3.4,8,40/40,140,150,120,115,110,115,120,,,,,,,LDPE HMI,
7021,GA17423E,25-Jul-25,PREMIER CREATIVE ,108.3,104.3,21.96,7745AM-7747AM,STD,1,100,400,40/40,160,160,150,150,150,150,150,150,140,140,,,,LDPE HMI,
7022,GA4921E,25-Jul-25,EVERGOOD,158.87,157.66,22.52,7702AM-7705AM,STD,1,100,400,40/40,160,160,150,150,150,150,150,150,140,140,,,,LDPE HMI,1800-1850 FROM EXTRUDER #8
7023,GA17628E,25-Jul-25,INCON,57.1,56.45,22.58,7748AM-7749AM,STD,1,80,400,40/40,120,140,150,150,150,150,150,150,140,140,,,,LDPE HMI,
7024,GA17465E,25-Jul-25,SMYPC(TRIAL),408.4,400,75,7379AM-7387AM,STD,5,20,380,40/40,170,170,170,170,170,170,160,160,160,150,150,,,LDPE HMI,VACCUUM ON
7025,YA15776E,26-Jul-25,SANICON,56.69,55,20.63,7752AM-7753AM,STD,1,100,400,40/40,120,140,150,150,150,150,150,150,140,140,,,,LDPE HMI,
7026,GA6607E,26-Jul-25,ZELLER,55,52.73,11.72,7767AM-7768AM,STD,1,40,400,40/40,200,200,180,180,180,180,180,180,180,180,,,,PP,OVERFLOW ON FEDER NPORT RPM/FEEDRATE\
7027,QA0851E,26-Jul-25,COFTA,55.57,54.42,21.77,7754AM,STD,1,100,400,40/40,120,140,150,150,150,150,150,150,140,140,,,,LDPE HMI,
7028,BA9094E,26-Jul-25,ZELLER,205,200,22.64,7769AM-7845AM,STD,1,80,400,40/40,180,200,180,180,180,180,180,180,180,180,,,,PP,
7029,GA5899E,28-Jul-25,ZELLER,107,103.18,19.65,7846AM-7849AM,STD,1,70,400,40/40,180,200,180,180,180,180,180,180,180,180,,,,PP,FEEDER OVERFLOW CHANGHE F.RATE 80-65
7030,IA16887E,28-Jul-25,PHILTOP (CORR),110.65,108.84,100.47,7851AM-7853AM,STD,5,20,380,40/40,170,170,170,170,170,160,160,160,160,150,150,,,LDPE HMI,
7031,OA2469E,28-Jul-25,H&E,513.36,505.5,74.89,7756AM-7766AM,STD,5,10,380,40/40,170,170,170,170,170,160,160,160,160,150,150,,,LDPE HMI,
7032,YA5993E,28-Jul-25,EVERGOOD,1.89,1.25,1.7,7854AM,STD,6,45,400,,160,170,160,160,160,,160,,,,,,,LDPE HMI,
7033,DA16760E,28-Jul-25,PHIL-TOP,210,207.58,29.65,7837AM-7841AM,STD,1,100,350,40/40,120,140,150,150,150,150,150,150,150,140,140,,,LDPE HMI,
7034,CA8905E,29-Jul-25,SMYPC,"3,450.00",3356.02,35.25,7542AM-7802AM,STD,3,3.5,3.8,40/40,150,150,140,130,130,120,120,,,,,,,LDPE HMI,
7035,GA17794E,29-Jul-25,INCON,105,102.94,22.06,7873AM-7874AM,STD,1,85,400,40/40,160,200,200,150,150,150,150,150,140,140,,,,LDPE HMI,1500 SHUT OFF
7036,BA6822E,29-Jul-25,CEBU HI Q,259,251.5,68.59,7855AM-7860AM,STD,5,80,380,40/40,170,170,170,170,170,170,160,160,160,140,140,,,LDPE HMI,0600-0950 WAITING FOR COMPOUNDED OF BA6822E 0255 TO 0500 NO COMPOUND
7037,BA9159E,29-Jul-25,EVERST(CORR),"2,091.98",2075.7,79.83,7875AM-7917AM,STD,5,10,380,40/40,170,170,170,170,170,170,160,160,150,150,150,,,LDPE HMI,HINDI TUMATAAS ANG TEMP.170-97 ZONE 2
7038,WA15856E,30-Jul-25,CLIO TECH,107.82,103.84,86.53,7861AM,STD,8,10,350,40/40,180,180,180,170,170,170,160,160,160,160,150,150,,LDPE HMI,
7039,WA16245E,30-Jul-25,ALLIED,10,8.62,25.86,7751AM,STD,8,10,320,40/40,170,170,170,170,170,170,160,160,160,160,150,150,,LDPE HMI,
7040,GA0850E,30-Jul-25,COFTA,56.08,55.27,23.69,7923AM-7924AM,STD,1,100,400,40/40,170,170,150,150,150,150,150,150,140,140,,,,LDPE HMI,
7041,GA6607E,30-Jul-25,ZELLER(CORR),52.87,52.6,26.3,7948AM,STD,1,90,300,40/40,180,200,180,180,180,180,180,180,180,180,,,,PP,
7042,GA1739E,30-Jul-25,INCON (CORR),63.56,62,27.56,7871AM-7872AM,STD,1,100,350,40/40,120,140,150,150,150,150,150,150,140,140,,,,LDPE HMI,
7043,SA11780E,30-Jul-25,SMYPC,414.36,406.76,73.96,7862AM-7870AM,STD,5,10,350,40/40,170,170,170,170,170,160,160,160,160,150,150,,,LDPE HMI,VACUUM ON NAGPUPUTOLPUTOL ANG STRAND/ DI MABILISAN ANG TAKBO NAGPUPUTOL AT NAAPAW SA VENT PORT
7044,GA17465E,31-Jul-25,SMYPC,215.27,211.73,27.32,7951AM-7954AM,STD,1,80,280,40/40,120,140,160,160,160,160,150,150,150,160,,,,LDPE HMI,1500 SHUT OFF
7045,IA1770E,31-Jul-25,EVERBRIGHT,826.39,810.8,40.2,8022AM-8054AM,STD,5,12,320,40/40,170,170,170,170,170,170,160,160,160,150,150,,,LDPE HMI,MATAGAL UNG LINIS KASI MAKAPIT RA12372E/0245 TO 0500
7046,RA5277E,31-Jul-25,EVEREST,520,512,69.03,7925AM-7935AM,STD,5,10,380,40/40,170,170,170,170,170,170,160,160,160,150,150,,,LDPE HMI,VACUUM ON
7047,RA2508E,31-Jul-25,EVERGOOD,522.42,514,67.05,7936AM-7946AM,STD,5,20,380,40/40,170,170,170,170,170,160,160,160,160,150,150,,,LDPE HMI,
7048,RA12372E,1-Aug-25,SPI,512.27,501.68,74.32,8055AM-8065AM,STD,5,12,380,40/40,170,170,170,170,170,160,160,160,160,150,150,,,LDPE HMI,
7049,GA17465E,2-Aug-25,SMYPC(CORR),"1,500.00",1500,77.92,8091AM-8120AM,STD,5,10,380,40/40,170,170,170,170,170,170,160,160,160,150,150,,,LDPE HMI,
7050,GA17423E,2-Aug-25,PREMIER  (CORR),106.38,105.14,70.09,80697AM-8068AM,STD,5,10,380,40/40,170,170,170,170,170,170,160,160,160,150,150,,,LDPE HMI,
7051,RA16016E,2-Aug-25,CLIO TECH,55.47,54.59,24.22,8087AM,STD,1,90,400,40/40,170,170,170,1650,160,150,150,150,140,140,,,,LDPE HMI,
7052,IA15764E,2-Aug-25,CLIO TECH,107.87,105,24.71,8088AM-8090AM,STD,1,90,380,40/40,170,170,170,160,160,150,150,150,140,140,,,,LDPE HMI,1500 SHUT OFF
7053,GA4952E,2-Aug-25,EVEREST(CORR),250,242.94,60.74,8151AM-8155AM,STD,3,9.2,28,40/40,150,140,140,150,150,130,130,,,,,,,LDPE HMI,
7054,14157EGA,2-Aug-25,MANCO SYNTHETICS,206,202.08,67.36,8072AM-8076AM,STD,3,13,25,40/40,150,140,140,140,140,150,150,,,,,,,LDPE HMI,
7055,OA14153E,2-Aug-25,MANCO SYNTHETICS,209.17,204.65,66.37,8173AM-8081AM,STD,3,13,25,40/40,150,140,140,140,140,150,150,,,,,,,LDPE HMI,
7056,TA15557E,2-Aug-25,CLIO TECH,207.88,203.73,66.07,8082AM-8086AM,STD,3,8.5,33,40/40,150,150,150,1360,130,140,140,,,,,,,LDPE HMI,
7057,WA16245E,4-Aug-25,ALLIED(RE-EXT),8.62,6,36,8157AM,STD,5,70,220,40/40,170,170,170,170,170,150,160,160,160,150,150,,,LDPE HMI,
7058,WA15071E,4-Aug-25,PACKAGEWORLD,700,691.98,49.37,8158AM-8164AM,STD,5,12,320,40/40,170,170,170,170,170,160,160,160,160,150,150,,,LDPE HMI,
7059,GA17465E,4-Aug-25,SMYPC (CORR),"1,503.00",1480.62,74.97,8121AM-8150AM,STD,3,8.6,35,40/40,150,150,150,150,150,160,150,,,,,,,LDPE HMI,
7060,GA3383E,4-Aug-25,EVEREST(CORR),50,48.13,64.17,8071AM,STD,3,8.6,28,40/40,150,140,140,150,150,150,130,,,,,,,LDPE HMI,
7061,WA15190E,5-Aug-25,NMH,"6,700.00",6589.6,78.93,7955AM-8021AM,STD,5,12,400,40/40,180,200,180,180,180,180,180,180,180,180,180,,,PP,
7062,KA2871E,5-Aug-25,EVEREST,"1,275.00",1264.35,64.84,8179AM-8204AM,STD,3,8.6,28,40/40,150,150,150,130,130,140,140,,,,,,,LDPE HMI,
7063,OA8984E,5-Aug-25,EVERGOOD,267.33,260.05,60.71,8205AM-8210AM,STD,3,8,25,40/40,160,150,150,150,150,150,150,,,,,,,LDPE HMI,
7064,BA9094E,5-Aug-25,ZELLER (CORR),199.9,197.1,50.32,8165AM-8172AM,STD,3,8.2,22,40/40,180,200,180,180,180,180,180,,,,,,,PP,
7065,GA5999E,5-Aug-25,ZELLER( CORR ),103.1,101.07,50.54,8251AM-8251AM,STD,3,8.2,20,40/40,180,200,180,180,180,180,180,,,,,,,PP,
7066,WA8512E,6-Aug-25,AMAZON,"4,000.00",3959.89,89.59,8211AM-8250AM,STD,8,9,300,40/40,170,170,170,170,160,160,160,160,150,150,150,150,,LDPE HMI,0800 START FOR PURGE/ 080725 CHANGE SCREEN
7067,KA8595E,6-Aug-25,INCON,107.39,102.2,50.26,8293AM-8296AM,STD,3,8.5,24,40/40,180,200,180,180,180,180,180,,,,,,,PP,
7068,CA5402E,7-Aug-25,SMYPC,"1,723.00",1727.3,34.55,7803AM-7836AM/8431AM,STD,3,3.2,8.3,40/40,140,140,110,110,120,120,120,,,,,,,LDPE HMI,
7069,YA16597E,7-Aug-25,STARKSON,58.54,56.25,56.25,8330AM-8331AM,STD,3,8.6,2.6,40/40,150,150,130,130,150,150,150,,,,,,,LDPE HMI,
7070,SA16982E,7-Aug-25,ULTRAPLAS,83.86,81.72,53.88,8332AM-8333AM,STD,3,8,26,40/40,150,150,140,120,130,140,150,,,,,,,LDPE HMI,VACUUM OVERFLOW CHANGE RPM 32 TO 26 CHANGE RPM 32 TO 26. F.RATE 8.0
7071,IA15764E,8-Aug-25,CLIO TECH,105.84,105.48,22.21,8297AM-8298AM,STD,1,80,350,40/40,120,150,150,150,150,150,150,150,150,140,140,,,LDPE HMI,
7072,GA3383E,8-Aug-25,EVEREST,380,378.87,60.62,8299AM-8306AM,STD,8,20,400,40/40,170,170,170,170,170,170,160,160,160,160,150,150,,LDPE HMI,
7073,GA9050E,8-Aug-25,ALPHATECH,109.74,108.25,54.13,8345AM-8347AM,STD,8,12,300,40/40,170,170,170,160,160,160,160,150,150,150,150,150,,LDPE HMI,
7074,GA6607E,8-Aug-25,H&E,55,55,47.14,8328AM-8329AM,STD,8,10,300,40/40,180,200,180,180,180,180,180,180,180,180,180,180,,PP,
7075,GA6607E,8-Aug-25,ZELLER (CORR),57.96,56.47,48.4,8369AM-8370AM,STD,8,10,300,40/40,180,200,180,180,180,180,180,180,180,180,180,180,,PP,
7076,GA14157E,8-Aug-25,MANCO(CORR),203.45,202.64,67.55,8341AM-8344AM,STD,8,10,300,40/40,170,170,170,170,160,160,160,160,150,150,150,150,,LDPE HMI,
7077,WA12282E,9-Aug-25,PACKAGEWORLD,"5,249.00",5164,100.46,8348AM-8358AM,STD,9,25,380,60/60,,160,160,160,160,160,150,150,150,150,160,160,,LDPE HMI,1115 PROD. STOP NATANGGAL ANG HOSE NG COOLING SYSTEM IN./1145 PROD. RESUME /1530 PROD STOP NATANGGAL ULIT ANG HOSE NG COOLING ./ 1610 PROD. RESUME/ RUN LDPE FOR BLACK SPOT 20 KGS.
7078,MA7758E,9-Aug-25,CYBERMANN,100.67,99.1,49.55,8283AM-8287AM,STD,8,8,380,40/40,180,200,180,180,180,180,180,180,180,180,180,180,,PP,
7079,GA15221E,9-Aug-25,PHILTOP,260.57,256.35,54.93,8380AM-8385AM,STD,8,9,280,40/40,170,170,170,170,170,170,170,160,160,160,150,150,,LDPE HMI,PPG 50-60
7080,GA15496E,9-Aug-25,PHILTOP,135.67,133.84,70,8255AM-8257AM,STD,8,20,380,40/40,170,170,170,170,170,170,160,160,160,150,150,,,LDPE HMI,PPG 50-60
7081,GA3383E,9-Aug-25,EVEREST ( CORR),50.61,50,85.71,8079AM,STD,8,10,300,40/40,170,170,170,170,160,160,160,160,160,160,150,150,,LDPE HMI,
7082,BA5327E,9-Aug-25,EVEREST,340,234.02,69.51,8336AM-8340AM,STD,3,8.5,32,40/40,150,150,140,140,140,130,130,,,,,,,LDPE HMI,VACUUM OVERFLOW/ CHANGE RPM 40-32/CHANGE F.RATE  10.5 - 8.5
7083,BA5327E,9-Aug-25,EVEREST ( TRIAL),100,100,68.97,8334AM-8335AM,STD,3,8.5,32,40/40,150,150,150,140,140,160,160,,,,,,,LDPE HMI,VACUUM OVERFLOW/CHANGE F.RATE 10.5-8.5/CHANGE RPM 40-32
7084,GA4952E,9-Aug-25,EVEREST (CORR),278.55,277,70.72,8267AM-8272AM,STD,8,20,380,40/40,170,170,170,170,170,160,160,160,160,150,150,,,LDPE HMI,
7085,CA8905E,9-Aug-25,SMYPC,100,98.6,34.8,8077AM-8078AM,STD,3,3.7,8.2,40/40,140,140,110,110,120,120,120,,,,,,,LDPE HMI,
7086,GA17628E,10-Aug-25,ZHONG FU,80,77.24,84.26,3319AM-3320AM,STD,5,20,380,40/40,170,170,170,170,170,160,160,160,160,150,150,,,LDPE HMI,
7087,RA4665E,10-Aug-25,EVEREST,"1,027.16",1015.25,69.62,8307AM-8327AM,STD,3,10,36,40/40,150,150,150,140,140,130,130,,,,,,,LDPE HMI,
7088,BA14304E,10-Aug-25,PHILTOP,261.9,257.1,79.11,8374AM-8379AM,STD,8,11,320,40/40,170,170,170,170,170,170,160,160,160,160,150,150,,LDPE HMI,
7089,WA6947E,11-Aug-25,ATLANTA,250,248.52,67.78,8371AM-8373AM,STD,5,15,300,40/40,180,200,180,180,180,180,180,180,180,180,180,180,,PP,
7090,OA8984E,11-Aug-25,EVEREST (CORR),310.97,308.4,28.04,8277AM-8282AM,STD,1,80,350,40/40,120,140,150,150,150,150,150,150,140,140,,,,LDPE HMI,KUMUKULAY PO SA TUBIG ANG STRAND
7091,DA5176E,11-Aug-25,EVEREST,895.3,889.81,88.98,8438AM-8455AM,STD,8,12,300,40/40,170,170,170,170,70,1701,160,160,160,160,150,150,,LDPE HMI,VACUUM ON NAGPUPUTOL PUTOL ANG STRAND PAG MABILIS /F.RATE 12 RPM 380-300
7092,RA7310E,11-Aug-25,PHILTOP,259.52,251.42,51.14,8359AM-8368AM,STD,3,9.6,25,40/40,150,120,120,150,150,140,140,,,,,,,LDPE HMI,PPG 50-60/PPG 75-78
7093,BA12618E,11-Aug-25,PHILTOP,259.42,255,76.5,8258AM-8263AM,STD,8,10,300,40/40,170,170,170,170,160,160,160,160,160,150,150,150,,LDPE HMI,PPG 76
7094,BA15494E,11-Aug-25,PHILTOP,261.75,258.4,81.6,8288AM-8430AM,STD,8,11,350,40/40,170,170,170,170,160,160,160,160,160,160,150,150,,LDPE HMI,PPG 74
7095,GA3383E,12-Aug-25,EVEREST,377.37,379.23,83.86,8528AM-8535AM,STD,8,12,380,40/40,170,170,170,170,160,160,160,160,150,150,150,150,,LDPE HMI,
7096,BA9550E,12-Aug-25,ZELLER,57.41,57.3,22.18,8536AM-8537AM,STD,1,80,380,40/40,180,200,180,180,180,180,180,180,180,180,,,,PP,
7097,OA8984E,12-Aug-25,EVEREST,75,74.8,21.37,8291AM-8292AM,STD,1,80,400,40/40,120,140,150,150,150,150,150,150,140,140,,,,LDPE HMI,
7098,GA16014E,12-Aug-25,CANLINE,200,197,78.8,8510AM-8513AM,STD,8,8,400,40/40,190,190,180,170,170,170,160,160,160,160,150,150,,LDPE HMI,OVERFLOW ON FEEDER/RPM 380-400/F.RATE 10-8
7099,GA14157E,12-Aug-25,MANCO (CORR),253.3,251.24,68.52,8520AM-8524AM,STD,8,9,350,40/40,170,170,170,170,170,170,160,160,160,160,150,150,,LDPE HMI,LMI WITH DIESEL
7100,GA5572E,12-Aug-25,ARCANE,58.75,57.52,,,STD,,,,,,,,,,,,,,,,,,,
7101,IA12399E,12-Aug-25,SUMMIT,237.25,230.72,,,STD,,,,,,,,,,,,,,,,,,,
7102,KA15486E,12-Aug-25,PHIL-TOP,134.4,130.05,,,STD,,,,,,,,,,,,,,,,,,,
7103,KA14303E,12-Aug-25,PHIL-TOP,134.68,132.55,,,STD,,,,,,,,,,,,,,,,,,,
7104,KA16132E,12-Aug-25,PHIL-TOP,132.4,129.48,,,STD,,,,,,,,,,,,,,,,,,,
7105,KA8595E,12-Aug-25,INCON (TUMB),102.2,100,,,STD,,,,,,,,,,,,,,,,,,,
7106,BA17468E,13-Aug-25,EVERSAFE,82.84,81.6,,,STD,,,,,,,,,,,,,,,,,,,
7107,BA3925E,13-Aug-25,EVERGOOD,265.4,261.11,,,STD,,,,,,,,,,,,,,,,,,,
7108,GA4921E,13-Aug-25,EVEREST,400,395.75,,,STD,,,,,,,,,,,,,,,,,,,
7109,WA15191E,13-Aug-25,PHIL-TOP,133.84,132.62,,,STD,,,,,,,,,,,,,,,,,,,
7110,GA12888E,13-Aug-25,AG CANPRINT,133,129.24,,,STD,,,,,,,,,,,,,,,,,,,
7111,GA16014E,13-Aug-25,CANLINE (CORR),305.72,248.87,,,STD,,,,,,,,,,,,,,,,,,,
7112,GA6050E,13-Aug-25,GLOBAL,55.35,54.36,,,STD,,,,,,,,,,,,,,,,,,,
7113,TA17732E,13-Aug-25,EVERSAFE,137.75,136.54,,,STD,,,,,,,,,,,,,,,,,,,
7114,BA4140E,13-Aug-25,EVERBRIGHT,725,705.91,,,STD,,,,,,,,,,,,,,,,,,,
7115,WA15190E,14-Aug-25,NMH,"3,800.00",3743.43,,,STD,,,,,,,,,,,,,,,,,,,
7116,GA15221E,14-Aug-25,PHIL-TOP(TUMB),206.35,206,,,STD,,,,,,,,,,,,,,,,,,,
7117,GA15221E,14-Aug-25,PHIL-TOP ( CORR),52.51,50,,,STD,,,,,,,,,,,,,,,,,,,
7118,UA8910E,14-Aug-25,STARKSON,300,296.8,,,STD,,,,,,,,,,,,,,,,,,,
7119,WA17734E,14-Aug-25,SYNTHETIC WORLD,110,106,,,STD,,,,,,,,,,,,,,,,,,,
7120,BA9159E,14-Aug-25,EVEREST,"1,375.70",1358.27,,,STD,,,,,,,,,,,,,,,,,,,
7121,YA16164E,14-Aug-25,EVEREST,"2,278.82",2260.8,,,STD,,,,,,,,,,,,,,,,,,,
7122,BA9159E,14-Aug-25,EVEREST ( TRIAL),100,95.39,,,STD,,,,,,,,,,,,,,,,,,,
7123,BA12861E,15-Aug-25,AG CANPRINT,150,145.82,,,STD,,,,,,,,,,,,,,,,,,,
7124,BA15494E,15-Aug-25,PHIL-TOP (CORR),287.1,281.98,,,STD,,,,,,,,,,,,,,,,,,,
7125,BA12618E,15-Aug-25,PHIL-TOP  ( TUMB ),255,251.86,,,STD,,,,,,,,,,,,,,,,,,,
7126,BA14304E,15-Aug-25,PHIL-TOP ( TUMB),257.1,255,,,STD,,,,,,,,,,,,,,,,,,,
7127,YA5124E,15-Aug-25,EVERGOOD,750,743.87,,,STD,,,,,,,,,,,,,,,,,,,
7128,VA16737E,16-Aug-25,EVEREST,210.2,206.16,,,STD,,,,,,,,,,,,,,,,,,,
7129,GA17816E,16-Aug-25,PHIL-TOP,55,54.2,,,STD,,,,,,,,,,,,,,,,,,,
7130,GA9050E,16-Aug-25,ALPHATECH (CORR0,108.51,107.2,,,STD,,,,,,,,,,,,,,,,,,,
7131,GA9050E,15-Aug-25,ALPHATECH,50,49.2,,,STD,,,,,,,,,,,,,,,,,,,
7132,MA4737E,16-Aug-25,EVEREST,"1,028.57",1018,,,STD,,,,,,,,,,,,,,,,,,,
7133,MA4088E,16-Aug-25,STARKSON,212.21,209.5,,,STD,,,,,,,,,,,,,,,,,,,
7134,KA15913E,16-Aug-25,EVEREST,262.2,251.29,,,STD,,,,,,,,,,,,,,,,,,,
7135,BA14456E,16-Aug-25,BA12861E,109.78,105.07,,,STD,,,,,,,,,,,,,,,,,,,
7136,TA17732E,17-Aug-25,EVERSAFE (TUMB),136.54,135.78,,,STD,,,,,,,,,,,,,,,,,,,
7137,GA2595E,18-Aug-25,ALLIED,100,98.19,,,STD,,,,,,,,,,,,,,,,,,,
7138,OA7922E,18-Aug-25,GILVAN,56,52.8,,,STD,,,,,,,,,,,,,,,,,,,
7139,OA8984E,18-Aug-25,EVERGOOD ( CORR ),59.79,59.37,,,STD,,,,,,,,,,,,,,,,,,,
7140,MA7758E,18-Aug-25,CYBERMANN ( CORR ),103.91,103.29,,,STD,,,,,,,,,,,,,,,,,,,
7141,IA9912E,18-Aug-25,EVERGOOD,158.77,155.42,,,STD,,,,,,,,,,,,,,,,,,,
7142,IA12399E,18-Aug-25,SUMMIT (PPG),242.25,236.19,,,STD,,,,,,,,,,,,,,,,,,,
7143,BA9550E,19-Aug-25,ZELLER (CORR),60.16,58.5,,,STD,,,,,,,,,,,,,,,,,,,
7144,YA3050E,19-Aug-25,SMYPC (TRIAL),200,200,,,STD,,,,,,,,,,,,,,,,,,,
7145,YA3050E,19-Aug-25,SMYPC,330.6,325.65,,,STD,,,,,,,,,,,,,,,,,,,
7146,KA15486E,19-Aug-25,PHIL-TOP(CORR),136.55,133.77,,,STD,,,,,,,,,,,,,,,,,,,
7147,KA8595E,19-Aug-25,INCON,104.97,103.86,,,STD,,,,,,,,,,,,,,,,,,,
7148,GA15221E,19-Aug-25,PHIL-TOP (TUMB),256,253.09,,,STD,,,,,,,,,,,,,,,,,,,
7149,BA16119E,19-Aug-25,GLOBE PACK,83,75.81,,,STD,,,,,,,,,,,,,,,,,,,
7150,GA15496E,19-Aug-25,PHIL-TOP (CORR),133.42,132.44,,,STD,,,,,,,,,,,,,,,,,,,
7151,GA12888E,19-Aug-25,AG CANPRINT (CORR),129.82,128.57,,,STD,,,,,,,,,,,,,,,,,,,
7152,YA16164E,19-Aug-25,EVEREST( CORR),55,53.98,,,STD,,,,,,,,,,,,,,,,,,,
7153,BA9159E,19-Aug-25,EVEREST(CORR),597.58,592.15,,,STD,,,,,,,,,,,,,,,,,,,
7154,BA7861E,19-Aug-25,SMYPC,"1,028.03",1014.08,,,STD,,,,,,,,,,,,,,,,,,,
7155,WA15190E,20-Aug-25,NMH,"6,568.96",4350,,,STD,,,,,,,,,,,,,,,,,,,
7156,GA1225E,20-Aug-25,SMYPC,"8,000.00",7911.1,,,STD,,,,,,,,,,,,,,,,,,,
7157,TA17732E,20-Aug-25,EVERSAFE(CORR),135.98,135.38,,,STD,,,,,,,,,,,,,,,,,,,
7158,WA8217E,20-Aug-25,TRADESPHERE,30,28,,,STD,,,,,,,,,,,,,,,,,,,
7159,GA17816E,20-Aug-25,PHIL-TOP (CORR),54.33,52.9,,,STD,,,,,,,,,,,,,,,,,,,
7160,WA17031E,20-Aug-25,METRO CONTAINER,268.68,265.4,,,STD,,,,,,,,,,,,,,,,,,,
7161,CA89005E,20-Aug-25,SMYPC,"3,000.00",2978.2,,,STD,,,,,,,,,,,,,,,,,,,
7162,CA8905E,20-Aug-25,SMYPC(TRIAL),250,245.51,,,STD,,,,,,,,,,,,,,,,,,,
7163,GA16014E,20-Aug-25,CANLINE (CORR),475.84,471.34,,,STD,,,,,,,,,,,,,,,,,,,
7164,GA9050E,22-Aug-25,ALPHATECH (CORR),110.38,110,,,STD,,,,,,,,,,,,,,,,,,,
7165,KA8595E,22-Aug-25,INCON,105,102.4,,,STD,,,,,,,,,,,,,,,,,,,
7166,WA8217E,22-Aug-25,TRADESPHERE,55,50,,,STD,,,,,,,,,,,,,,,,,,,
7167,WA15190E,23-Aug-25,NMH,"2,100.00",2067.84,,,STD,,,,,,,,,,,,,,,,,,,
7168,YA1616E,23-Aug-25,EVEREST (CORR),59.47,57.87,,,STD,,,,,,,,,,,,,,,,,,,
7169,MA7758E,23-Aug-25,CYBERMANN ( CORR ),103.31,102.61,,,STD,,,,,,,,,,,,,,,,,,,
7170,WA13000E,23-Aug-25,PREMIER CREATIVE ,"1,524.40",1505,,,STD,,,,,,,,,,,,,,,,,,,
7171,GA3383E,25-Aug-25,EVEREST,400,397.79,,,STD,,,,,,,,,,,,,,,,,,,
7172,VA4086E,25-Aug-25,EASTERN,300,295.18,,,STD,,,,,,,,,,,,,,,,,,,
7173,TA15557E,25-Aug-25,CLIO TECH,208.73,205.79,,,STD,,,,,,,,,,,,,,,,,,,
7174,WA2677E,25-Aug-25,ALLIED,108.51,101.4,,,STD,,,,,,,,,,,,,,,,,,,
7175,GA1225E,26-Aug-25,SMYPC,300,296.37,,,STD,,,,,,,,,,,,,,,,,,,
7176,GA3933E,26-Aug-25,MOLDEX,411.36,409.04,,,STD,,,,,,,,,,,,,,,,,,,
7177,BA9080E,26-Aug-25,H&E,56.46,55.5,,,STD,,,,,,,,,,,,,,,,,,,
7178,GA13854E,26-Aug-25,REIMAGINE,58.22,57.2,,,STD,,,,,,,,,,,,,,,,,,,
7179,VA16737E,26-Aug-25,EVEREST,50,49.5,,,STD,,,,,,,,,,,,,,,,,,,
7180,WA15123E,27-Aug-25,GILVAN,"3,100.00",2980,,,STD,,,,,,,,,,,,,,,,,,,
7181,GA2595E,27-Aug-25,ALCOS GLOBAL,125,121.5,,,STD,,,,,,,,,,,,,,,,,,,
7182,KA9045E,27-Aug-25,EVEREST,"1,793.16",1769.62,,,STD,,,,,,,,,,,,,,,,,,,
7183,YA599E,27-Aug-25,EVERGOOD,510,506.13,,,STD,,,,,,,,,,,,,,,,,,,
7184,WA2127E,27-Aug-25,CEBU HI-Q,309.5,305.48,,,STD,,,,,,,,,,,,,,,,,,,
7185,SA7726E,27-Aug-25,EASTERN,56.08,54.72,,,STD,,,,,,,,,,,,,,,,,,,
7186,SA16982E,27-Aug-25,ULTRAPLAS,106.72,105.9,,,STD,,,,,,,,,,,,,,,,,,,
7187,CA8905E,28-Aug-25,SMYPC,"3,000.00",2978.23,,,STD,,,,,,,,,,,,,,,,,,,
7188,BA2103E,28-Aug-25,MOLDEX,209.55,206.31,,,STD,,,,,,,,,,,,,,,,,,,
7189,MA7758E,28-Aug-25,CYBERMANN,105.43,103.3,,,STD,,,,,,,,,,,,,,,,,,,
7190,WA3383E,29-Aug-25,EVEREST (CORR),414.11,408.66,,,STD,,,,,,,,,,,,,,,,,,,
7191,YA7418E,29-Aug-25,EVEREST(RE-EXT),175,172.4,,,STD,,,,,,,,,,,,,,,,,,,
7192,YA16164E,29-Aug-25,EVEREST (CORR),72.81,71.55,,,STD,,,,,,,,,,,,,,,,,,,
7193,MA7758E,30-Aug-25,CYBERMANN,100,98,,,STD,,,,,,,,,,,,,,,,,,,
7194,WA3827E,30-Aug-25,IN HOUSE,200,200,,,STD,,,,,,,,,,,,,,,,,,,
7195,WA13183E,30-Aug-25,STARPLASTIC,180,174.75,,,STD,,,,,,,,,,,,,,,,,,,
